solid hollow_shell
  facet normal 0 0 0
    outer loop
      vertex 4 0 -18
      vertex 3.9231411216129217 0.780361288064513 -18
      vertex 5.971431810197069 1.1877916380124955 -16.5
    endloop
  endfacet
  facet normal 0 0 0
    outer loop
      vertex 4 0 -18
      vertex 5.971431810197069 1.1877916380124955 -16.5
      vertex 6.088419075520825 0 -16.5
    endloop
  endfacet
  facet normal 0 0 0
    outer loop
      vertex 3.9231411216129217 0.780361288064513 -18
      vertex 3.695518130045147 1.5307337294603591 -18
      vertex 5.62496576922498 2.329937109497396 -16.5
    endloop
  endfacet
  facet normal 0 0 0
    outer loop
      vertex 3.9231411216129217 0.780361288064513 -18
      vertex 5.62496576922498 2.329937109497396 -16.5
      vertex 5.971431810197069 1.1877916380124955 -16.5
    endloop
  endfacet
  facet normal 0 0 0
    outer loop
      vertex 3.695518130045147 1.5307337294603591 -18
      vertex 3.325878449210181 2.2222809320784087 -18
      vertex 5.062335448258722 3.3825444045080957 -16.5
    endloop
  endfacet
  facet normal 0 0 0
    outer loop
      vertex 3.695518130045147 1.5307337294603591 -18
      vertex 5.062335448258722 3.3825444045080957 -16.5
      vertex 5.62496576922498 2.329937109497396 -16.5
    endloop
  endfacet
  facet normal 0 0 0
    outer loop
      vertex 3.325878449210181 2.2222809320784087 -18
      vertex 2.8284271247461903 2.82842712474619 -18
      vertex 4.305162415006307 4.305162415006306 -16.5
    endloop
  endfacet
  facet normal 0 0 0
    outer loop
      vertex 3.325878449210181 2.2222809320784087 -18
      vertex 4.305162415006307 4.305162415006306 -16.5
      vertex 5.062335448258722 3.3825444045080957 -16.5
    endloop
  endfacet
  facet normal 0 0 0
    outer loop
      vertex 2.8284271247461903 2.82842712474619 -18
      vertex 2.222280932078409 3.325878449210181 -18
      vertex 3.3825444045080966 5.062335448258722 -16.5
    endloop
  endfacet
  facet normal 0 0 0
    outer loop
      vertex 2.8284271247461903 2.82842712474619 -18
      vertex 3.3825444045080966 5.062335448258722 -16.5
      vertex 4.305162415006307 4.305162415006306 -16.5
    endloop
  endfacet
  facet normal 0 0 0
    outer loop
      vertex 2.222280932078409 3.325878449210181 -18
      vertex 1.5307337294603593 3.695518130045147 -18
      vertex 2.3299371094973966 5.62496576922498 -16.5
    endloop
  endfacet
  facet normal 0 0 0
    outer loop
      vertex 2.222280932078409 3.325878449210181 -18
      vertex 2.3299371094973966 5.62496576922498 -16.5
      vertex 3.3825444045080966 5.062335448258722 -16.5
    endloop
  endfacet
  facet normal 0 0 0
    outer loop
      vertex 1.5307337294603593 3.695518130045147 -18
      vertex 0.7803612880645133 3.9231411216129217 -18
      vertex 1.1877916380124962 5.971431810197069 -16.5
    endloop
  endfacet
  facet normal 0 0 0
    outer loop
      vertex 1.5307337294603593 3.695518130045147 -18
      vertex 1.1877916380124962 5.971431810197069 -16.5
      vertex 2.3299371094973966 5.62496576922498 -16.5
    endloop
  endfacet
  facet normal 0 0 0
    outer loop
      vertex 0.7803612880645133 3.9231411216129217 -18
      vertex 2.4492935982947064e-16 4 -18
      vertex 3.728081466352133e-16 6.088419075520825 -16.5
    endloop
  endfacet
  facet normal 0 0 0
    outer loop
      vertex 0.7803612880645133 3.9231411216129217 -18
      vertex 3.728081466352133e-16 6.088419075520825 -16.5
      vertex 1.1877916380124962 5.971431810197069 -16.5
    endloop
  endfacet
  facet normal 0 0 0
    outer loop
      vertex 2.4492935982947064e-16 4 -18
      vertex -0.7803612880645128 3.9231411216129217 -18
      vertex -1.1877916380124953 5.971431810197069 -16.5
    endloop
  endfacet
  facet normal 0 0 0
    outer loop
      vertex 2.4492935982947064e-16 4 -18
      vertex -1.1877916380124953 5.971431810197069 -16.5
      vertex 3.728081466352133e-16 6.088419075520825 -16.5
    endloop
  endfacet
  facet normal 0 0 0
    outer loop
      vertex -0.7803612880645128 3.9231411216129217 -18
      vertex -1.530733729460359 3.695518130045147 -18
      vertex -2.3299371094973957 5.62496576922498 -16.5
    endloop
  endfacet
  facet normal 0 0 0
    outer loop
      vertex -0.7803612880645128 3.9231411216129217 -18
      vertex -2.3299371094973957 5.62496576922498 -16.5
      vertex -1.1877916380124953 5.971431810197069 -16.5
    endloop
  endfacet
  facet normal 0 0 0
    outer loop
      vertex -1.530733729460359 3.695518130045147 -18
      vertex -2.222280932078408 3.3258784492101814 -18
      vertex -3.3825444045080943 5.062335448258722 -16.5
    endloop
  endfacet
  facet normal 0 0 0
    outer loop
      vertex -1.530733729460359 3.695518130045147 -18
      vertex -3.3825444045080943 5.062335448258722 -16.5
      vertex -2.3299371094973957 5.62496576922498 -16.5
    endloop
  endfacet
  facet normal 0 0 0
    outer loop
      vertex -2.222280932078408 3.3258784492101814 -18
      vertex -2.82842712474619 2.8284271247461903 -18
      vertex -4.305162415006306 4.305162415006307 -16.5
    endloop
  endfacet
  facet normal 0 0 0
    outer loop
      vertex -2.222280932078408 3.3258784492101814 -18
      vertex -4.305162415006306 4.305162415006307 -16.5
      vertex -3.3825444045080943 5.062335448258722 -16.5
    endloop
  endfacet
  facet normal 0 0 0
    outer loop
      vertex -2.82842712474619 2.8284271247461903 -18
      vertex -3.3258784492101814 2.2222809320784087 -18
      vertex -5.062335448258722 3.3825444045080957 -16.5
    endloop
  endfacet
  facet normal 0 0 0
    outer loop
      vertex -2.82842712474619 2.8284271247461903 -18
      vertex -5.062335448258722 3.3825444045080957 -16.5
      vertex -4.305162415006306 4.305162415006307 -16.5
    endloop
  endfacet
  facet normal 0 0 0
    outer loop
      vertex -3.3258784492101814 2.2222809320784087 -18
      vertex -3.695518130045147 1.5307337294603596 -18
      vertex -5.62496576922498 2.3299371094973966 -16.5
    endloop
  endfacet
  facet normal 0 0 0
    outer loop
      vertex -3.3258784492101814 2.2222809320784087 -18
      vertex -5.62496576922498 2.3299371094973966 -16.5
      vertex -5.062335448258722 3.3825444045080957 -16.5
    endloop
  endfacet
  facet normal 0 0 0
    outer loop
      vertex -3.695518130045147 1.5307337294603596 -18
      vertex -3.9231411216129217 0.7803612880645144 -18
      vertex -5.971431810197069 1.1877916380124978 -16.5
    endloop
  endfacet
  facet normal 0 0 0
    outer loop
      vertex -3.695518130045147 1.5307337294603596 -18
      vertex -5.971431810197069 1.1877916380124978 -16.5
      vertex -5.62496576922498 2.3299371094973966 -16.5
    endloop
  endfacet
  facet normal 0 0 0
    outer loop
      vertex -3.9231411216129217 0.7803612880645144 -18
      vertex -4 4.898587196589413e-16 -18
      vertex -6.088419075520825 7.456162932704266e-16 -16.5
    endloop
  endfacet
  facet normal 0 0 0
    outer loop
      vertex -3.9231411216129217 0.7803612880645144 -18
      vertex -6.088419075520825 7.456162932704266e-16 -16.5
      vertex -5.971431810197069 1.1877916380124978 -16.5
    endloop
  endfacet
  facet normal 0 0 0
    outer loop
      vertex -4 4.898587196589413e-16 -18
      vertex -3.9231411216129217 -0.7803612880645134 -18
      vertex -5.971431810197069 -1.1877916380124962 -16.5
    endloop
  endfacet
  facet normal 0 0 0
    outer loop
      vertex -4 4.898587196589413e-16 -18
      vertex -5.971431810197069 -1.1877916380124962 -16.5
      vertex -6.088419075520825 7.456162932704266e-16 -16.5
    endloop
  endfacet
  facet normal 0 0 0
    outer loop
      vertex -3.9231411216129217 -0.7803612880645134 -18
      vertex -3.6955181300451474 -1.5307337294603585 -18
      vertex -5.624965769224981 -2.3299371094973953 -16.5
    endloop
  endfacet
  facet normal 0 0 0
    outer loop
      vertex -3.9231411216129217 -0.7803612880645134 -18
      vertex -5.624965769224981 -2.3299371094973953 -16.5
      vertex -5.971431810197069 -1.1877916380124962 -16.5
    endloop
  endfacet
  facet normal 0 0 0
    outer loop
      vertex -3.6955181300451474 -1.5307337294603585 -18
      vertex -3.325878449210182 -2.222280932078408 -18
      vertex -5.062335448258723 -3.3825444045080943 -16.5
    endloop
  endfacet
  facet normal 0 0 0
    outer loop
      vertex -3.6955181300451474 -1.5307337294603585 -18
      vertex -5.062335448258723 -3.3825444045080943 -16.5
      vertex -5.624965769224981 -2.3299371094973953 -16.5
    endloop
  endfacet
  facet normal 0 0 0
    outer loop
      vertex -3.325878449210182 -2.222280932078408 -18
      vertex -2.8284271247461907 -2.82842712474619 -18
      vertex -4.305162415006307 -4.305162415006306 -16.5
    endloop
  endfacet
  facet normal 0 0 0
    outer loop
      vertex -3.325878449210182 -2.222280932078408 -18
      vertex -4.305162415006307 -4.305162415006306 -16.5
      vertex -5.062335448258723 -3.3825444045080943 -16.5
    endloop
  endfacet
  facet normal 0 0 0
    outer loop
      vertex -2.8284271247461907 -2.82842712474619 -18
      vertex -2.2222809320784087 -3.325878449210181 -18
      vertex -3.3825444045080957 -5.062335448258722 -16.5
    endloop
  endfacet
  facet normal 0 0 0
    outer loop
      vertex -2.8284271247461907 -2.82842712474619 -18
      vertex -3.3825444045080957 -5.062335448258722 -16.5
      vertex -4.305162415006307 -4.305162415006306 -16.5
    endloop
  endfacet
  facet normal 0 0 0
    outer loop
      vertex -2.2222809320784087 -3.325878449210181 -18
      vertex -1.5307337294603613 -3.695518130045146 -18
      vertex -2.3299371094973997 -5.624965769224979 -16.5
    endloop
  endfacet
  facet normal 0 0 0
    outer loop
      vertex -2.2222809320784087 -3.325878449210181 -18
      vertex -2.3299371094973997 -5.624965769224979 -16.5
      vertex -3.3825444045080957 -5.062335448258722 -16.5
    endloop
  endfacet
  facet normal 0 0 0
    outer loop
      vertex -1.5307337294603613 -3.695518130045146 -18
      vertex -0.7803612880645147 -3.9231411216129213 -18
      vertex -1.1877916380124982 -5.9714318101970685 -16.5
    endloop
  endfacet
  facet normal 0 0 0
    outer loop
      vertex -1.5307337294603613 -3.695518130045146 -18
      vertex -1.1877916380124982 -5.9714318101970685 -16.5
      vertex -2.3299371094973997 -5.624965769224979 -16.5
    endloop
  endfacet
  facet normal 0 0 0
    outer loop
      vertex -0.7803612880645147 -3.9231411216129213 -18
      vertex -7.347880794884119e-16 -4 -18
      vertex -1.1184244399056397e-15 -6.088419075520825 -16.5
    endloop
  endfacet
  facet normal 0 0 0
    outer loop
      vertex -0.7803612880645147 -3.9231411216129213 -18
      vertex -1.1184244399056397e-15 -6.088419075520825 -16.5
      vertex -1.1877916380124982 -5.9714318101970685 -16.5
    endloop
  endfacet
  facet normal 0 0 0
    outer loop
      vertex -7.347880794884119e-16 -4 -18
      vertex 0.7803612880645132 -3.9231411216129217 -18
      vertex 1.187791638012496 -5.971431810197069 -16.5
    endloop
  endfacet
  facet normal 0 0 0
    outer loop
      vertex -7.347880794884119e-16 -4 -18
      vertex 1.187791638012496 -5.971431810197069 -16.5
      vertex -1.1184244399056397e-15 -6.088419075520825 -16.5
    endloop
  endfacet
  facet normal 0 0 0
    outer loop
      vertex 0.7803612880645132 -3.9231411216129217 -18
      vertex 1.53073372946036 -3.6955181300451465 -18
      vertex 2.3299371094973975 -5.62496576922498 -16.5
    endloop
  endfacet
  facet normal 0 0 0
    outer loop
      vertex 0.7803612880645132 -3.9231411216129217 -18
      vertex 2.3299371094973975 -5.62496576922498 -16.5
      vertex 1.187791638012496 -5.971431810197069 -16.5
    endloop
  endfacet
  facet normal 0 0 0
    outer loop
      vertex 1.53073372946036 -3.6955181300451465 -18
      vertex 2.2222809320784074 -3.325878449210182 -18
      vertex 3.382544404508094 -5.062335448258723 -16.5
    endloop
  endfacet
  facet normal 0 0 0
    outer loop
      vertex 1.53073372946036 -3.6955181300451465 -18
      vertex 3.382544404508094 -5.062335448258723 -16.5
      vertex 2.3299371094973975 -5.62496576922498 -16.5
    endloop
  endfacet
  facet normal 0 0 0
    outer loop
      vertex 2.2222809320784074 -3.325878449210182 -18
      vertex 2.8284271247461894 -2.8284271247461907 -18
      vertex 4.305162415006305 -4.305162415006307 -16.5
    endloop
  endfacet
  facet normal 0 0 0
    outer loop
      vertex 2.2222809320784074 -3.325878449210182 -18
      vertex 4.305162415006305 -4.305162415006307 -16.5
      vertex 3.382544404508094 -5.062335448258723 -16.5
    endloop
  endfacet
  facet normal 0 0 0
    outer loop
      vertex 2.8284271247461894 -2.8284271247461907 -18
      vertex 3.325878449210181 -2.2222809320784087 -18
      vertex 5.062335448258722 -3.3825444045080957 -16.5
    endloop
  endfacet
  facet normal 0 0 0
    outer loop
      vertex 2.8284271247461894 -2.8284271247461907 -18
      vertex 5.062335448258722 -3.3825444045080957 -16.5
      vertex 4.305162415006305 -4.305162415006307 -16.5
    endloop
  endfacet
  facet normal 0 0 0
    outer loop
      vertex 3.325878449210181 -2.2222809320784087 -18
      vertex 3.695518130045146 -1.5307337294603616 -18
      vertex 5.624965769224979 -2.3299371094973997 -16.5
    endloop
  endfacet
  facet normal 0 0 0
    outer loop
      vertex 3.325878449210181 -2.2222809320784087 -18
      vertex 5.624965769224979 -2.3299371094973997 -16.5
      vertex 5.062335448258722 -3.3825444045080957 -16.5
    endloop
  endfacet
  facet normal 0 0 0
    outer loop
      vertex 3.695518130045146 -1.5307337294603616 -18
      vertex 3.9231411216129213 -0.7803612880645149 -18
      vertex 5.9714318101970685 -1.1877916380124984 -16.5
    endloop
  endfacet
  facet normal 0 0 0
    outer loop
      vertex 3.695518130045146 -1.5307337294603616 -18
      vertex 5.9714318101970685 -1.1877916380124984 -16.5
      vertex 5.624965769224979 -2.3299371094973997 -16.5
    endloop
  endfacet
  facet normal 0 0 0
    outer loop
      vertex 3.9231411216129213 -0.7803612880645149 -18
      vertex 4 0 -18
      vertex 6.088419075520825 0 -16.5
    endloop
  endfacet
  facet normal 0 0 0
    outer loop
      vertex 3.9231411216129213 -0.7803612880645149 -18
      vertex 6.088419075520825 0 -16.5
      vertex 5.9714318101970685 -1.1877916380124984 -16.5
    endloop
  endfacet
  facet normal 0 0 0
    outer loop
      vertex 6.088419075520825 0 -16.5
      vertex 5.971431810197069 1.1877916380124955 -16.5
      vertex 7.984675677206076 1.5882507417118346 -15
    endloop
  endfacet
  facet normal 0 0 0
    outer loop
      vertex 6.088419075520825 0 -16.5
      vertex 7.984675677206076 1.5882507417118346 -15
      vertex 8.141104721640332 0 -15
    endloop
  endfacet
  facet normal 0 0 0
    outer loop
      vertex 5.971431810197069 1.1877916380124955 -16.5
      vertex 5.62496576922498 2.329937109497396 -16.5
      vertex 7.521400024354499 3.115465898120961 -15
    endloop
  endfacet
  facet normal 0 0 0
    outer loop
      vertex 5.971431810197069 1.1877916380124955 -16.5
      vertex 7.521400024354499 3.115465898120961 -15
      vertex 7.984675677206076 1.5882507417118346 -15
    endloop
  endfacet
  facet normal 0 0 0
    outer loop
      vertex 5.62496576922498 2.329937109497396 -16.5
      vertex 5.062335448258722 3.3825444045080957 -16.5
      vertex 6.769081186616707 4.522955447238703 -15
    endloop
  endfacet
  facet normal 0 0 0
    outer loop
      vertex 5.62496576922498 2.329937109497396 -16.5
      vertex 6.769081186616707 4.522955447238703 -15
      vertex 7.521400024354499 3.115465898120961 -15
    endloop
  endfacet
  facet normal 0 0 0
    outer loop
      vertex 5.062335448258722 3.3825444045080957 -16.5
      vertex 4.305162415006307 4.305162415006306 -16.5
      vertex 5.7566303550216995 5.756630355021699 -15
    endloop
  endfacet
  facet normal 0 0 0
    outer loop
      vertex 5.062335448258722 3.3825444045080957 -16.5
      vertex 5.7566303550216995 5.756630355021699 -15
      vertex 6.769081186616707 4.522955447238703 -15
    endloop
  endfacet
  facet normal 0 0 0
    outer loop
      vertex 4.305162415006307 4.305162415006306 -16.5
      vertex 3.3825444045080966 5.062335448258722 -16.5
      vertex 4.5229554472387035 6.769081186616707 -15
    endloop
  endfacet
  facet normal 0 0 0
    outer loop
      vertex 4.305162415006307 4.305162415006306 -16.5
      vertex 4.5229554472387035 6.769081186616707 -15
      vertex 5.7566303550216995 5.756630355021699 -15
    endloop
  endfacet
  facet normal 0 0 0
    outer loop
      vertex 3.3825444045080966 5.062335448258722 -16.5
      vertex 2.3299371094973966 5.62496576922498 -16.5
      vertex 3.1154658981209615 7.521400024354499 -15
    endloop
  endfacet
  facet normal 0 0 0
    outer loop
      vertex 3.3825444045080966 5.062335448258722 -16.5
      vertex 3.1154658981209615 7.521400024354499 -15
      vertex 4.5229554472387035 6.769081186616707 -15
    endloop
  endfacet
  facet normal 0 0 0
    outer loop
      vertex 2.3299371094973966 5.62496576922498 -16.5
      vertex 1.1877916380124962 5.971431810197069 -16.5
      vertex 1.5882507417118352 7.984675677206076 -15
    endloop
  endfacet
  facet normal 0 0 0
    outer loop
      vertex 2.3299371094973966 5.62496576922498 -16.5
      vertex 1.5882507417118352 7.984675677206076 -15
      vertex 3.1154658981209615 7.521400024354499 -15
    endloop
  endfacet
  facet normal 0 0 0
    outer loop
      vertex 1.1877916380124962 5.971431810197069 -16.5
      vertex 3.728081466352133e-16 6.088419075520825 -16.5
      vertex 4.984988919440118e-16 8.141104721640332 -15
    endloop
  endfacet
  facet normal 0 0 0
    outer loop
      vertex 1.1877916380124962 5.971431810197069 -16.5
      vertex 4.984988919440118e-16 8.141104721640332 -15
      vertex 1.5882507417118352 7.984675677206076 -15
    endloop
  endfacet
  facet normal 0 0 0
    outer loop
      vertex 3.728081466352133e-16 6.088419075520825 -16.5
      vertex -1.1877916380124953 5.971431810197069 -16.5
      vertex -1.5882507417118341 7.984675677206076 -15
    endloop
  endfacet
  facet normal 0 0 0
    outer loop
      vertex 3.728081466352133e-16 6.088419075520825 -16.5
      vertex -1.5882507417118341 7.984675677206076 -15
      vertex 4.984988919440118e-16 8.141104721640332 -15
    endloop
  endfacet
  facet normal 0 0 0
    outer loop
      vertex -1.1877916380124953 5.971431810197069 -16.5
      vertex -2.3299371094973957 5.62496576922498 -16.5
      vertex -3.1154658981209606 7.521400024354499 -15
    endloop
  endfacet
  facet normal 0 0 0
    outer loop
      vertex -1.1877916380124953 5.971431810197069 -16.5
      vertex -3.1154658981209606 7.521400024354499 -15
      vertex -1.5882507417118341 7.984675677206076 -15
    endloop
  endfacet
  facet normal 0 0 0
    outer loop
      vertex -2.3299371094973957 5.62496576922498 -16.5
      vertex -3.3825444045080943 5.062335448258722 -16.5
      vertex -4.522955447238701 6.769081186616708 -15
    endloop
  endfacet
  facet normal 0 0 0
    outer loop
      vertex -2.3299371094973957 5.62496576922498 -16.5
      vertex -4.522955447238701 6.769081186616708 -15
      vertex -3.1154658981209606 7.521400024354499 -15
    endloop
  endfacet
  facet normal 0 0 0
    outer loop
      vertex -3.3825444045080943 5.062335448258722 -16.5
      vertex -4.305162415006306 4.305162415006307 -16.5
      vertex -5.756630355021699 5.7566303550216995 -15
    endloop
  endfacet
  facet normal 0 0 0
    outer loop
      vertex -3.3825444045080943 5.062335448258722 -16.5
      vertex -5.756630355021699 5.7566303550216995 -15
      vertex -4.522955447238701 6.769081186616708 -15
    endloop
  endfacet
  facet normal 0 0 0
    outer loop
      vertex -4.305162415006306 4.305162415006307 -16.5
      vertex -5.062335448258722 3.3825444045080957 -16.5
      vertex -6.769081186616708 4.522955447238703 -15
    endloop
  endfacet
  facet normal 0 0 0
    outer loop
      vertex -4.305162415006306 4.305162415006307 -16.5
      vertex -6.769081186616708 4.522955447238703 -15
      vertex -5.756630355021699 5.7566303550216995 -15
    endloop
  endfacet
  facet normal 0 0 0
    outer loop
      vertex -5.062335448258722 3.3825444045080957 -16.5
      vertex -5.62496576922498 2.3299371094973966 -16.5
      vertex -7.521400024354499 3.115465898120962 -15
    endloop
  endfacet
  facet normal 0 0 0
    outer loop
      vertex -5.062335448258722 3.3825444045080957 -16.5
      vertex -7.521400024354499 3.115465898120962 -15
      vertex -6.769081186616708 4.522955447238703 -15
    endloop
  endfacet
  facet normal 0 0 0
    outer loop
      vertex -5.62496576922498 2.3299371094973966 -16.5
      vertex -5.971431810197069 1.1877916380124978 -16.5
      vertex -7.984675677206076 1.5882507417118374 -15
    endloop
  endfacet
  facet normal 0 0 0
    outer loop
      vertex -5.62496576922498 2.3299371094973966 -16.5
      vertex -7.984675677206076 1.5882507417118374 -15
      vertex -7.521400024354499 3.115465898120962 -15
    endloop
  endfacet
  facet normal 0 0 0
    outer loop
      vertex -5.971431810197069 1.1877916380124978 -16.5
      vertex -6.088419075520825 7.456162932704266e-16 -16.5
      vertex -8.141104721640332 9.969977838880237e-16 -15
    endloop
  endfacet
  facet normal 0 0 0
    outer loop
      vertex -5.971431810197069 1.1877916380124978 -16.5
      vertex -8.141104721640332 9.969977838880237e-16 -15
      vertex -7.984675677206076 1.5882507417118374 -15
    endloop
  endfacet
  facet normal 0 0 0
    outer loop
      vertex -6.088419075520825 7.456162932704266e-16 -16.5
      vertex -5.971431810197069 -1.1877916380124962 -16.5
      vertex -7.984675677206076 -1.5882507417118354 -15
    endloop
  endfacet
  facet normal 0 0 0
    outer loop
      vertex -6.088419075520825 7.456162932704266e-16 -16.5
      vertex -7.984675677206076 -1.5882507417118354 -15
      vertex -8.141104721640332 9.969977838880237e-16 -15
    endloop
  endfacet
  facet normal 0 0 0
    outer loop
      vertex -5.971431810197069 -1.1877916380124962 -16.5
      vertex -5.624965769224981 -2.3299371094973953 -16.5
      vertex -7.5214000243545 -3.1154658981209598 -15
    endloop
  endfacet
  facet normal 0 0 0
    outer loop
      vertex -5.971431810197069 -1.1877916380124962 -16.5
      vertex -7.5214000243545 -3.1154658981209598 -15
      vertex -7.984675677206076 -1.5882507417118354 -15
    endloop
  endfacet
  facet normal 0 0 0
    outer loop
      vertex -5.624965769224981 -2.3299371094973953 -16.5
      vertex -5.062335448258723 -3.3825444045080943 -16.5
      vertex -6.769081186616709 -4.522955447238701 -15
    endloop
  endfacet
  facet normal 0 0 0
    outer loop
      vertex -5.624965769224981 -2.3299371094973953 -16.5
      vertex -6.769081186616709 -4.522955447238701 -15
      vertex -7.5214000243545 -3.1154658981209598 -15
    endloop
  endfacet
  facet normal 0 0 0
    outer loop
      vertex -5.062335448258723 -3.3825444045080943 -16.5
      vertex -4.305162415006307 -4.305162415006306 -16.5
      vertex -5.7566303550217 -5.756630355021699 -15
    endloop
  endfacet
  facet normal 0 0 0
    outer loop
      vertex -5.062335448258723 -3.3825444045080943 -16.5
      vertex -5.7566303550217 -5.756630355021699 -15
      vertex -6.769081186616709 -4.522955447238701 -15
    endloop
  endfacet
  facet normal 0 0 0
    outer loop
      vertex -4.305162415006307 -4.305162415006306 -16.5
      vertex -3.3825444045080957 -5.062335448258722 -16.5
      vertex -4.522955447238703 -6.769081186616707 -15
    endloop
  endfacet
  facet normal 0 0 0
    outer loop
      vertex -4.305162415006307 -4.305162415006306 -16.5
      vertex -4.522955447238703 -6.769081186616707 -15
      vertex -5.7566303550217 -5.756630355021699 -15
    endloop
  endfacet
  facet normal 0 0 0
    outer loop
      vertex -3.3825444045080957 -5.062335448258722 -16.5
      vertex -2.3299371094973997 -5.624965769224979 -16.5
      vertex -3.1154658981209655 -7.521400024354497 -15
    endloop
  endfacet
  facet normal 0 0 0
    outer loop
      vertex -3.3825444045080957 -5.062335448258722 -16.5
      vertex -3.1154658981209655 -7.521400024354497 -15
      vertex -4.522955447238703 -6.769081186616707 -15
    endloop
  endfacet
  facet normal 0 0 0
    outer loop
      vertex -2.3299371094973997 -5.624965769224979 -16.5
      vertex -1.1877916380124982 -5.9714318101970685 -16.5
      vertex -1.5882507417118379 -7.984675677206075 -15
    endloop
  endfacet
  facet normal 0 0 0
    outer loop
      vertex -2.3299371094973997 -5.624965769224979 -16.5
      vertex -1.5882507417118379 -7.984675677206075 -15
      vertex -3.1154658981209655 -7.521400024354497 -15
    endloop
  endfacet
  facet normal 0 0 0
    outer loop
      vertex -1.1877916380124982 -5.9714318101970685 -16.5
      vertex -1.1184244399056397e-15 -6.088419075520825 -16.5
      vertex -1.4954966758320354e-15 -8.141104721640332 -15
    endloop
  endfacet
  facet normal 0 0 0
    outer loop
      vertex -1.1877916380124982 -5.9714318101970685 -16.5
      vertex -1.4954966758320354e-15 -8.141104721640332 -15
      vertex -1.5882507417118379 -7.984675677206075 -15
    endloop
  endfacet
  facet normal 0 0 0
    outer loop
      vertex -1.1184244399056397e-15 -6.088419075520825 -16.5
      vertex 1.187791638012496 -5.971431810197069 -16.5
      vertex 1.588250741711835 -7.984675677206076 -15
    endloop
  endfacet
  facet normal 0 0 0
    outer loop
      vertex -1.1184244399056397e-15 -6.088419075520825 -16.5
      vertex 1.588250741711835 -7.984675677206076 -15
      vertex -1.4954966758320354e-15 -8.141104721640332 -15
    endloop
  endfacet
  facet normal 0 0 0
    outer loop
      vertex 1.187791638012496 -5.971431810197069 -16.5
      vertex 2.3299371094973975 -5.62496576922498 -16.5
      vertex 3.115465898120963 -7.521400024354498 -15
    endloop
  endfacet
  facet normal 0 0 0
    outer loop
      vertex 1.187791638012496 -5.971431810197069 -16.5
      vertex 3.115465898120963 -7.521400024354498 -15
      vertex 1.588250741711835 -7.984675677206076 -15
    endloop
  endfacet
  facet normal 0 0 0
    outer loop
      vertex 2.3299371094973975 -5.62496576922498 -16.5
      vertex 3.382544404508094 -5.062335448258723 -16.5
      vertex 4.5229554472387 -6.769081186616709 -15
    endloop
  endfacet
  facet normal 0 0 0
    outer loop
      vertex 2.3299371094973975 -5.62496576922498 -16.5
      vertex 4.5229554472387 -6.769081186616709 -15
      vertex 3.115465898120963 -7.521400024354498 -15
    endloop
  endfacet
  facet normal 0 0 0
    outer loop
      vertex 3.382544404508094 -5.062335448258723 -16.5
      vertex 4.305162415006305 -4.305162415006307 -16.5
      vertex 5.756630355021698 -5.7566303550217 -15
    endloop
  endfacet
  facet normal 0 0 0
    outer loop
      vertex 3.382544404508094 -5.062335448258723 -16.5
      vertex 5.756630355021698 -5.7566303550217 -15
      vertex 4.5229554472387 -6.769081186616709 -15
    endloop
  endfacet
  facet normal 0 0 0
    outer loop
      vertex 4.305162415006305 -4.305162415006307 -16.5
      vertex 5.062335448258722 -3.3825444045080957 -16.5
      vertex 6.769081186616707 -4.522955447238703 -15
    endloop
  endfacet
  facet normal 0 0 0
    outer loop
      vertex 4.305162415006305 -4.305162415006307 -16.5
      vertex 6.769081186616707 -4.522955447238703 -15
      vertex 5.756630355021698 -5.7566303550217 -15
    endloop
  endfacet
  facet normal 0 0 0
    outer loop
      vertex 5.062335448258722 -3.3825444045080957 -16.5
      vertex 5.624965769224979 -2.3299371094973997 -16.5
      vertex 7.521400024354497 -3.115465898120966 -15
    endloop
  endfacet
  facet normal 0 0 0
    outer loop
      vertex 5.062335448258722 -3.3825444045080957 -16.5
      vertex 7.521400024354497 -3.115465898120966 -15
      vertex 6.769081186616707 -4.522955447238703 -15
    endloop
  endfacet
  facet normal 0 0 0
    outer loop
      vertex 5.624965769224979 -2.3299371094973997 -16.5
      vertex 5.9714318101970685 -1.1877916380124984 -16.5
      vertex 7.984675677206075 -1.5882507417118383 -15
    endloop
  endfacet
  facet normal 0 0 0
    outer loop
      vertex 5.624965769224979 -2.3299371094973997 -16.5
      vertex 7.984675677206075 -1.5882507417118383 -15
      vertex 7.521400024354497 -3.115465898120966 -15
    endloop
  endfacet
  facet normal 0 0 0
    outer loop
      vertex 5.9714318101970685 -1.1877916380124984 -16.5
      vertex 6.088419075520825 0 -16.5
      vertex 8.141104721640332 0 -15
    endloop
  endfacet
  facet normal 0 0 0
    outer loop
      vertex 5.9714318101970685 -1.1877916380124984 -16.5
      vertex 8.141104721640332 0 -15
      vertex 7.984675677206075 -1.5882507417118383 -15
    endloop
  endfacet
  facet normal 0 0 0
    outer loop
      vertex 8.141104721640332 0 -15
      vertex 7.984675677206076 1.5882507417118346 -15
      vertex 9.928425561898766 1.9748866328699948 -13.5
    endloop
  endfacet
  facet normal 0 0 0
    outer loop
      vertex 8.141104721640332 0 -15
      vertex 9.928425561898766 1.9748866328699948 -13.5
      vertex 10.122934917841437 0 -13.5
    endloop
  endfacet
  facet normal 0 0 0
    outer loop
      vertex 7.984675677206076 1.5882507417118346 -15
      vertex 7.521400024354499 3.115465898120961 -15
      vertex 9.352372379537528 3.873879479967979 -13.5
    endloop
  endfacet
  facet normal 0 0 0
    outer loop
      vertex 7.984675677206076 1.5882507417118346 -15
      vertex 9.352372379537528 3.873879479967979 -13.5
      vertex 9.928425561898766 1.9748866328699948 -13.5
    endloop
  endfacet
  facet normal 0 0 0
    outer loop
      vertex 7.521400024354499 3.115465898120961 -15
      vertex 6.769081186616707 4.522955447238703 -15
      vertex 8.416912771501517 5.624001311147435 -13.5
    endloop
  endfacet
  facet normal 0 0 0
    outer loop
      vertex 7.521400024354499 3.115465898120961 -15
      vertex 8.416912771501517 5.624001311147435 -13.5
      vertex 9.352372379537528 3.873879479967979 -13.5
    endloop
  endfacet
  facet normal 0 0 0
    outer loop
      vertex 6.769081186616707 4.522955447238703 -15
      vertex 5.7566303550216995 5.756630355021699 -15
      vertex 7.157995925915767 7.157995925915766 -13.5
    endloop
  endfacet
  facet normal 0 0 0
    outer loop
      vertex 6.769081186616707 4.522955447238703 -15
      vertex 7.157995925915767 7.157995925915766 -13.5
      vertex 8.416912771501517 5.624001311147435 -13.5
    endloop
  endfacet
  facet normal 0 0 0
    outer loop
      vertex 5.7566303550216995 5.756630355021699 -15
      vertex 4.5229554472387035 6.769081186616707 -15
      vertex 5.624001311147436 8.416912771501517 -13.5
    endloop
  endfacet
  facet normal 0 0 0
    outer loop
      vertex 5.7566303550216995 5.756630355021699 -15
      vertex 5.624001311147436 8.416912771501517 -13.5
      vertex 7.157995925915767 7.157995925915766 -13.5
    endloop
  endfacet
  facet normal 0 0 0
    outer loop
      vertex 4.5229554472387035 6.769081186616707 -15
      vertex 3.1154658981209615 7.521400024354499 -15
      vertex 3.87387947996798 9.352372379537528 -13.5
    endloop
  endfacet
  facet normal 0 0 0
    outer loop
      vertex 4.5229554472387035 6.769081186616707 -15
      vertex 3.87387947996798 9.352372379537528 -13.5
      vertex 5.624001311147436 8.416912771501517 -13.5
    endloop
  endfacet
  facet normal 0 0 0
    outer loop
      vertex 3.1154658981209615 7.521400024354499 -15
      vertex 1.5882507417118352 7.984675677206076 -15
      vertex 1.9748866328699957 9.928425561898766 -13.5
    endloop
  endfacet
  facet normal 0 0 0
    outer loop
      vertex 3.1154658981209615 7.521400024354499 -15
      vertex 1.9748866328699957 9.928425561898766 -13.5
      vertex 3.87387947996798 9.352372379537528 -13.5
    endloop
  endfacet
  facet normal 0 0 0
    outer loop
      vertex 1.5882507417118352 7.984675677206076 -15
      vertex 4.984988919440118e-16 8.141104721640332 -15
      vertex 6.198509922555745e-16 10.122934917841437 -13.5
    endloop
  endfacet
  facet normal 0 0 0
    outer loop
      vertex 1.5882507417118352 7.984675677206076 -15
      vertex 6.198509922555745e-16 10.122934917841437 -13.5
      vertex 1.9748866328699957 9.928425561898766 -13.5
    endloop
  endfacet
  facet normal 0 0 0
    outer loop
      vertex 4.984988919440118e-16 8.141104721640332 -15
      vertex -1.5882507417118341 7.984675677206076 -15
      vertex -1.974886632869994 9.928425561898766 -13.5
    endloop
  endfacet
  facet normal 0 0 0
    outer loop
      vertex 4.984988919440118e-16 8.141104721640332 -15
      vertex -1.974886632869994 9.928425561898766 -13.5
      vertex 6.198509922555745e-16 10.122934917841437 -13.5
    endloop
  endfacet
  facet normal 0 0 0
    outer loop
      vertex -1.5882507417118341 7.984675677206076 -15
      vertex -3.1154658981209606 7.521400024354499 -15
      vertex -3.8738794799679788 9.352372379537528 -13.5
    endloop
  endfacet
  facet normal 0 0 0
    outer loop
      vertex -1.5882507417118341 7.984675677206076 -15
      vertex -3.8738794799679788 9.352372379537528 -13.5
      vertex -1.974886632869994 9.928425561898766 -13.5
    endloop
  endfacet
  facet normal 0 0 0
    outer loop
      vertex -3.1154658981209606 7.521400024354499 -15
      vertex -4.522955447238701 6.769081186616708 -15
      vertex -5.624001311147433 8.416912771501519 -13.5
    endloop
  endfacet
  facet normal 0 0 0
    outer loop
      vertex -3.1154658981209606 7.521400024354499 -15
      vertex -5.624001311147433 8.416912771501519 -13.5
      vertex -3.8738794799679788 9.352372379537528 -13.5
    endloop
  endfacet
  facet normal 0 0 0
    outer loop
      vertex -4.522955447238701 6.769081186616708 -15
      vertex -5.756630355021699 5.7566303550216995 -15
      vertex -7.157995925915766 7.157995925915767 -13.5
    endloop
  endfacet
  facet normal 0 0 0
    outer loop
      vertex -4.522955447238701 6.769081186616708 -15
      vertex -7.157995925915766 7.157995925915767 -13.5
      vertex -5.624001311147433 8.416912771501519 -13.5
    endloop
  endfacet
  facet normal 0 0 0
    outer loop
      vertex -5.756630355021699 5.7566303550216995 -15
      vertex -6.769081186616708 4.522955447238703 -15
      vertex -8.416912771501519 5.624001311147435 -13.5
    endloop
  endfacet
  facet normal 0 0 0
    outer loop
      vertex -5.756630355021699 5.7566303550216995 -15
      vertex -8.416912771501519 5.624001311147435 -13.5
      vertex -7.157995925915766 7.157995925915767 -13.5
    endloop
  endfacet
  facet normal 0 0 0
    outer loop
      vertex -6.769081186616708 4.522955447238703 -15
      vertex -7.521400024354499 3.115465898120962 -15
      vertex -9.352372379537528 3.8738794799679805 -13.5
    endloop
  endfacet
  facet normal 0 0 0
    outer loop
      vertex -6.769081186616708 4.522955447238703 -15
      vertex -9.352372379537528 3.8738794799679805 -13.5
      vertex -8.416912771501519 5.624001311147435 -13.5
    endloop
  endfacet
  facet normal 0 0 0
    outer loop
      vertex -7.521400024354499 3.115465898120962 -15
      vertex -7.984675677206076 1.5882507417118374 -15
      vertex -9.928425561898766 1.9748866328699983 -13.5
    endloop
  endfacet
  facet normal 0 0 0
    outer loop
      vertex -7.521400024354499 3.115465898120962 -15
      vertex -9.928425561898766 1.9748866328699983 -13.5
      vertex -9.352372379537528 3.8738794799679805 -13.5
    endloop
  endfacet
  facet normal 0 0 0
    outer loop
      vertex -7.984675677206076 1.5882507417118374 -15
      vertex -8.141104721640332 9.969977838880237e-16 -15
      vertex -10.122934917841437 1.239701984511149e-15 -13.5
    endloop
  endfacet
  facet normal 0 0 0
    outer loop
      vertex -7.984675677206076 1.5882507417118374 -15
      vertex -10.122934917841437 1.239701984511149e-15 -13.5
      vertex -9.928425561898766 1.9748866328699983 -13.5
    endloop
  endfacet
  facet normal 0 0 0
    outer loop
      vertex -8.141104721640332 9.969977838880237e-16 -15
      vertex -7.984675677206076 -1.5882507417118354 -15
      vertex -9.928425561898766 -1.9748866328699959 -13.5
    endloop
  endfacet
  facet normal 0 0 0
    outer loop
      vertex -8.141104721640332 9.969977838880237e-16 -15
      vertex -9.928425561898766 -1.9748866328699959 -13.5
      vertex -10.122934917841437 1.239701984511149e-15 -13.5
    endloop
  endfacet
  facet normal 0 0 0
    outer loop
      vertex -7.984675677206076 -1.5882507417118354 -15
      vertex -7.5214000243545 -3.1154658981209598 -15
      vertex -9.35237237953753 -3.873879479967978 -13.5
    endloop
  endfacet
  facet normal 0 0 0
    outer loop
      vertex -7.984675677206076 -1.5882507417118354 -15
      vertex -9.35237237953753 -3.873879479967978 -13.5
      vertex -9.928425561898766 -1.9748866328699959 -13.5
    endloop
  endfacet
  facet normal 0 0 0
    outer loop
      vertex -7.5214000243545 -3.1154658981209598 -15
      vertex -6.769081186616709 -4.522955447238701 -15
      vertex -8.41691277150152 -5.624001311147433 -13.5
    endloop
  endfacet
  facet normal 0 0 0
    outer loop
      vertex -7.5214000243545 -3.1154658981209598 -15
      vertex -8.41691277150152 -5.624001311147433 -13.5
      vertex -9.35237237953753 -3.873879479967978 -13.5
    endloop
  endfacet
  facet normal 0 0 0
    outer loop
      vertex -6.769081186616709 -4.522955447238701 -15
      vertex -5.7566303550217 -5.756630355021699 -15
      vertex -7.157995925915769 -7.157995925915766 -13.5
    endloop
  endfacet
  facet normal 0 0 0
    outer loop
      vertex -6.769081186616709 -4.522955447238701 -15
      vertex -7.157995925915769 -7.157995925915766 -13.5
      vertex -8.41691277150152 -5.624001311147433 -13.5
    endloop
  endfacet
  facet normal 0 0 0
    outer loop
      vertex -5.7566303550217 -5.756630355021699 -15
      vertex -4.522955447238703 -6.769081186616707 -15
      vertex -5.624001311147435 -8.416912771501517 -13.5
    endloop
  endfacet
  facet normal 0 0 0
    outer loop
      vertex -5.7566303550217 -5.756630355021699 -15
      vertex -5.624001311147435 -8.416912771501517 -13.5
      vertex -7.157995925915769 -7.157995925915766 -13.5
    endloop
  endfacet
  facet normal 0 0 0
    outer loop
      vertex -4.522955447238703 -6.769081186616707 -15
      vertex -3.1154658981209655 -7.521400024354497 -15
      vertex -3.873879479967985 -9.352372379537526 -13.5
    endloop
  endfacet
  facet normal 0 0 0
    outer loop
      vertex -4.522955447238703 -6.769081186616707 -15
      vertex -3.873879479967985 -9.352372379537526 -13.5
      vertex -5.624001311147435 -8.416912771501517 -13.5
    endloop
  endfacet
  facet normal 0 0 0
    outer loop
      vertex -3.1154658981209655 -7.521400024354497 -15
      vertex -1.5882507417118379 -7.984675677206075 -15
      vertex -1.974886632869999 -9.928425561898765 -13.5
    endloop
  endfacet
  facet normal 0 0 0
    outer loop
      vertex -3.1154658981209655 -7.521400024354497 -15
      vertex -1.974886632869999 -9.928425561898765 -13.5
      vertex -3.873879479967985 -9.352372379537526 -13.5
    endloop
  endfacet
  facet normal 0 0 0
    outer loop
      vertex -1.5882507417118379 -7.984675677206075 -15
      vertex -1.4954966758320354e-15 -8.141104721640332 -15
      vertex -1.8595529767667237e-15 -10.122934917841437 -13.5
    endloop
  endfacet
  facet normal 0 0 0
    outer loop
      vertex -1.5882507417118379 -7.984675677206075 -15
      vertex -1.8595529767667237e-15 -10.122934917841437 -13.5
      vertex -1.974886632869999 -9.928425561898765 -13.5
    endloop
  endfacet
  facet normal 0 0 0
    outer loop
      vertex -1.4954966758320354e-15 -8.141104721640332 -15
      vertex 1.588250741711835 -7.984675677206076 -15
      vertex 1.9748866328699954 -9.928425561898766 -13.5
    endloop
  endfacet
  facet normal 0 0 0
    outer loop
      vertex -1.4954966758320354e-15 -8.141104721640332 -15
      vertex 1.9748866328699954 -9.928425561898766 -13.5
      vertex -1.8595529767667237e-15 -10.122934917841437 -13.5
    endloop
  endfacet
  facet normal 0 0 0
    outer loop
      vertex 1.588250741711835 -7.984675677206076 -15
      vertex 3.115465898120963 -7.521400024354498 -15
      vertex 3.8738794799679814 -9.352372379537528 -13.5
    endloop
  endfacet
  facet normal 0 0 0
    outer loop
      vertex 1.588250741711835 -7.984675677206076 -15
      vertex 3.8738794799679814 -9.352372379537528 -13.5
      vertex 1.9748866328699954 -9.928425561898766 -13.5
    endloop
  endfacet
  facet normal 0 0 0
    outer loop
      vertex 3.115465898120963 -7.521400024354498 -15
      vertex 4.5229554472387 -6.769081186616709 -15
      vertex 5.624001311147431 -8.41691277150152 -13.5
    endloop
  endfacet
  facet normal 0 0 0
    outer loop
      vertex 3.115465898120963 -7.521400024354498 -15
      vertex 5.624001311147431 -8.41691277150152 -13.5
      vertex 3.8738794799679814 -9.352372379537528 -13.5
    endloop
  endfacet
  facet normal 0 0 0
    outer loop
      vertex 4.5229554472387 -6.769081186616709 -15
      vertex 5.756630355021698 -5.7566303550217 -15
      vertex 7.157995925915765 -7.157995925915769 -13.5
    endloop
  endfacet
  facet normal 0 0 0
    outer loop
      vertex 4.5229554472387 -6.769081186616709 -15
      vertex 7.157995925915765 -7.157995925915769 -13.5
      vertex 5.624001311147431 -8.41691277150152 -13.5
    endloop
  endfacet
  facet normal 0 0 0
    outer loop
      vertex 5.756630355021698 -5.7566303550217 -15
      vertex 6.769081186616707 -4.522955447238703 -15
      vertex 8.416912771501517 -5.624001311147435 -13.5
    endloop
  endfacet
  facet normal 0 0 0
    outer loop
      vertex 5.756630355021698 -5.7566303550217 -15
      vertex 8.416912771501517 -5.624001311147435 -13.5
      vertex 7.157995925915765 -7.157995925915769 -13.5
    endloop
  endfacet
  facet normal 0 0 0
    outer loop
      vertex 6.769081186616707 -4.522955447238703 -15
      vertex 7.521400024354497 -3.115465898120966 -15
      vertex 9.352372379537526 -3.8738794799679854 -13.5
    endloop
  endfacet
  facet normal 0 0 0
    outer loop
      vertex 6.769081186616707 -4.522955447238703 -15
      vertex 9.352372379537526 -3.8738794799679854 -13.5
      vertex 8.416912771501517 -5.624001311147435 -13.5
    endloop
  endfacet
  facet normal 0 0 0
    outer loop
      vertex 7.521400024354497 -3.115465898120966 -15
      vertex 7.984675677206075 -1.5882507417118383 -15
      vertex 9.928425561898765 -1.9748866328699997 -13.5
    endloop
  endfacet
  facet normal 0 0 0
    outer loop
      vertex 7.521400024354497 -3.115465898120966 -15
      vertex 9.928425561898765 -1.9748866328699997 -13.5
      vertex 9.352372379537526 -3.8738794799679854 -13.5
    endloop
  endfacet
  facet normal 0 0 0
    outer loop
      vertex 7.984675677206075 -1.5882507417118383 -15
      vertex 8.141104721640332 0 -15
      vertex 10.122934917841437 0 -13.5
    endloop
  endfacet
  facet normal 0 0 0
    outer loop
      vertex 7.984675677206075 -1.5882507417118383 -15
      vertex 10.122934917841437 0 -13.5
      vertex 9.928425561898765 -1.9748866328699997 -13.5
    endloop
  endfacet
  facet normal 0 0 0
    outer loop
      vertex 10.122934917841437 0 -13.5
      vertex 9.928425561898766 1.9748866328699948 -13.5
      vertex 11.769423364838765 2.341083864193539 -12.000000000000002
    endloop
  endfacet
  facet normal 0 0 0
    outer loop
      vertex 10.122934917841437 0 -13.5
      vertex 11.769423364838765 2.341083864193539 -12.000000000000002
      vertex 12 0 -12.000000000000002
    endloop
  endfacet
  facet normal 0 0 0
    outer loop
      vertex 9.928425561898766 1.9748866328699948 -13.5
      vertex 9.352372379537528 3.873879479967979 -13.5
      vertex 11.08655439013544 4.592201188381077 -12.000000000000002
    endloop
  endfacet
  facet normal 0 0 0
    outer loop
      vertex 9.928425561898766 1.9748866328699948 -13.5
      vertex 11.08655439013544 4.592201188381077 -12.000000000000002
      vertex 11.769423364838765 2.341083864193539 -12.000000000000002
    endloop
  endfacet
  facet normal 0 0 0
    outer loop
      vertex 9.352372379537528 3.873879479967979 -13.5
      vertex 8.416912771501517 5.624001311147435 -13.5
      vertex 9.977635347630542 6.666842796235226 -12.000000000000002
    endloop
  endfacet
  facet normal 0 0 0
    outer loop
      vertex 9.352372379537528 3.873879479967979 -13.5
      vertex 9.977635347630542 6.666842796235226 -12.000000000000002
      vertex 11.08655439013544 4.592201188381077 -12.000000000000002
    endloop
  endfacet
  facet normal 0 0 0
    outer loop
      vertex 8.416912771501517 5.624001311147435 -13.5
      vertex 7.157995925915767 7.157995925915766 -13.5
      vertex 8.485281374238571 8.48528137423857 -12.000000000000002
    endloop
  endfacet
  facet normal 0 0 0
    outer loop
      vertex 8.416912771501517 5.624001311147435 -13.5
      vertex 8.485281374238571 8.48528137423857 -12.000000000000002
      vertex 9.977635347630542 6.666842796235226 -12.000000000000002
    endloop
  endfacet
  facet normal 0 0 0
    outer loop
      vertex 7.157995925915767 7.157995925915766 -13.5
      vertex 5.624001311147436 8.416912771501517 -13.5
      vertex 6.666842796235228 9.977635347630542 -12.000000000000002
    endloop
  endfacet
  facet normal 0 0 0
    outer loop
      vertex 7.157995925915767 7.157995925915766 -13.5
      vertex 6.666842796235228 9.977635347630542 -12.000000000000002
      vertex 8.485281374238571 8.48528137423857 -12.000000000000002
    endloop
  endfacet
  facet normal 0 0 0
    outer loop
      vertex 5.624001311147436 8.416912771501517 -13.5
      vertex 3.87387947996798 9.352372379537528 -13.5
      vertex 4.592201188381078 11.08655439013544 -12.000000000000002
    endloop
  endfacet
  facet normal 0 0 0
    outer loop
      vertex 5.624001311147436 8.416912771501517 -13.5
      vertex 4.592201188381078 11.08655439013544 -12.000000000000002
      vertex 6.666842796235228 9.977635347630542 -12.000000000000002
    endloop
  endfacet
  facet normal 0 0 0
    outer loop
      vertex 3.87387947996798 9.352372379537528 -13.5
      vertex 1.9748866328699957 9.928425561898766 -13.5
      vertex 2.34108386419354 11.769423364838765 -12.000000000000002
    endloop
  endfacet
  facet normal 0 0 0
    outer loop
      vertex 3.87387947996798 9.352372379537528 -13.5
      vertex 2.34108386419354 11.769423364838765 -12.000000000000002
      vertex 4.592201188381078 11.08655439013544 -12.000000000000002
    endloop
  endfacet
  facet normal 0 0 0
    outer loop
      vertex 1.9748866328699957 9.928425561898766 -13.5
      vertex 6.198509922555745e-16 10.122934917841437 -13.5
      vertex 7.347880794884119e-16 12 -12.000000000000002
    endloop
  endfacet
  facet normal 0 0 0
    outer loop
      vertex 1.9748866328699957 9.928425561898766 -13.5
      vertex 7.347880794884119e-16 12 -12.000000000000002
      vertex 2.34108386419354 11.769423364838765 -12.000000000000002
    endloop
  endfacet
  facet normal 0 0 0
    outer loop
      vertex 6.198509922555745e-16 10.122934917841437 -13.5
      vertex -1.974886632869994 9.928425561898766 -13.5
      vertex -2.3410838641935383 11.769423364838765 -12.000000000000002
    endloop
  endfacet
  facet normal 0 0 0
    outer loop
      vertex 6.198509922555745e-16 10.122934917841437 -13.5
      vertex -2.3410838641935383 11.769423364838765 -12.000000000000002
      vertex 7.347880794884119e-16 12 -12.000000000000002
    endloop
  endfacet
  facet normal 0 0 0
    outer loop
      vertex -1.974886632869994 9.928425561898766 -13.5
      vertex -3.8738794799679788 9.352372379537528 -13.5
      vertex -4.592201188381077 11.08655439013544 -12.000000000000002
    endloop
  endfacet
  facet normal 0 0 0
    outer loop
      vertex -1.974886632869994 9.928425561898766 -13.5
      vertex -4.592201188381077 11.08655439013544 -12.000000000000002
      vertex -2.3410838641935383 11.769423364838765 -12.000000000000002
    endloop
  endfacet
  facet normal 0 0 0
    outer loop
      vertex -3.8738794799679788 9.352372379537528 -13.5
      vertex -5.624001311147433 8.416912771501519 -13.5
      vertex -6.6668427962352235 9.977635347630544 -12.000000000000002
    endloop
  endfacet
  facet normal 0 0 0
    outer loop
      vertex -3.8738794799679788 9.352372379537528 -13.5
      vertex -6.6668427962352235 9.977635347630544 -12.000000000000002
      vertex -4.592201188381077 11.08655439013544 -12.000000000000002
    endloop
  endfacet
  facet normal 0 0 0
    outer loop
      vertex -5.624001311147433 8.416912771501519 -13.5
      vertex -7.157995925915766 7.157995925915767 -13.5
      vertex -8.48528137423857 8.485281374238571 -12.000000000000002
    endloop
  endfacet
  facet normal 0 0 0
    outer loop
      vertex -5.624001311147433 8.416912771501519 -13.5
      vertex -8.48528137423857 8.485281374238571 -12.000000000000002
      vertex -6.6668427962352235 9.977635347630544 -12.000000000000002
    endloop
  endfacet
  facet normal 0 0 0
    outer loop
      vertex -7.157995925915766 7.157995925915767 -13.5
      vertex -8.416912771501519 5.624001311147435 -13.5
      vertex -9.977635347630544 6.666842796235226 -12.000000000000002
    endloop
  endfacet
  facet normal 0 0 0
    outer loop
      vertex -7.157995925915766 7.157995925915767 -13.5
      vertex -9.977635347630544 6.666842796235226 -12.000000000000002
      vertex -8.48528137423857 8.485281374238571 -12.000000000000002
    endloop
  endfacet
  facet normal 0 0 0
    outer loop
      vertex -8.416912771501519 5.624001311147435 -13.5
      vertex -9.352372379537528 3.8738794799679805 -13.5
      vertex -11.08655439013544 4.592201188381079 -12.000000000000002
    endloop
  endfacet
  facet normal 0 0 0
    outer loop
      vertex -8.416912771501519 5.624001311147435 -13.5
      vertex -11.08655439013544 4.592201188381079 -12.000000000000002
      vertex -9.977635347630544 6.666842796235226 -12.000000000000002
    endloop
  endfacet
  facet normal 0 0 0
    outer loop
      vertex -9.352372379537528 3.8738794799679805 -13.5
      vertex -9.928425561898766 1.9748866328699983 -13.5
      vertex -11.769423364838765 2.341083864193543 -12.000000000000002
    endloop
  endfacet
  facet normal 0 0 0
    outer loop
      vertex -9.352372379537528 3.8738794799679805 -13.5
      vertex -11.769423364838765 2.341083864193543 -12.000000000000002
      vertex -11.08655439013544 4.592201188381079 -12.000000000000002
    endloop
  endfacet
  facet normal 0 0 0
    outer loop
      vertex -9.928425561898766 1.9748866328699983 -13.5
      vertex -10.122934917841437 1.239701984511149e-15 -13.5
      vertex -12 1.4695761589768238e-15 -12.000000000000002
    endloop
  endfacet
  facet normal 0 0 0
    outer loop
      vertex -9.928425561898766 1.9748866328699983 -13.5
      vertex -12 1.4695761589768238e-15 -12.000000000000002
      vertex -11.769423364838765 2.341083864193543 -12.000000000000002
    endloop
  endfacet
  facet normal 0 0 0
    outer loop
      vertex -10.122934917841437 1.239701984511149e-15 -13.5
      vertex -9.928425561898766 -1.9748866328699959 -13.5
      vertex -11.769423364838765 -2.34108386419354 -12.000000000000002
    endloop
  endfacet
  facet normal 0 0 0
    outer loop
      vertex -10.122934917841437 1.239701984511149e-15 -13.5
      vertex -11.769423364838765 -2.34108386419354 -12.000000000000002
      vertex -12 1.4695761589768238e-15 -12.000000000000002
    endloop
  endfacet
  facet normal 0 0 0
    outer loop
      vertex -9.928425561898766 -1.9748866328699959 -13.5
      vertex -9.35237237953753 -3.873879479967978 -13.5
      vertex -11.086554390135442 -4.592201188381075 -12.000000000000002
    endloop
  endfacet
  facet normal 0 0 0
    outer loop
      vertex -9.928425561898766 -1.9748866328699959 -13.5
      vertex -11.086554390135442 -4.592201188381075 -12.000000000000002
      vertex -11.769423364838765 -2.34108386419354 -12.000000000000002
    endloop
  endfacet
  facet normal 0 0 0
    outer loop
      vertex -9.35237237953753 -3.873879479967978 -13.5
      vertex -8.41691277150152 -5.624001311147433 -13.5
      vertex -9.977635347630546 -6.6668427962352235 -12.000000000000002
    endloop
  endfacet
  facet normal 0 0 0
    outer loop
      vertex -9.35237237953753 -3.873879479967978 -13.5
      vertex -9.977635347630546 -6.6668427962352235 -12.000000000000002
      vertex -11.086554390135442 -4.592201188381075 -12.000000000000002
    endloop
  endfacet
  facet normal 0 0 0
    outer loop
      vertex -8.41691277150152 -5.624001311147433 -13.5
      vertex -7.157995925915769 -7.157995925915766 -13.5
      vertex -8.485281374238571 -8.48528137423857 -12.000000000000002
    endloop
  endfacet
  facet normal 0 0 0
    outer loop
      vertex -8.41691277150152 -5.624001311147433 -13.5
      vertex -8.485281374238571 -8.48528137423857 -12.000000000000002
      vertex -9.977635347630546 -6.6668427962352235 -12.000000000000002
    endloop
  endfacet
  facet normal 0 0 0
    outer loop
      vertex -7.157995925915769 -7.157995925915766 -13.5
      vertex -5.624001311147435 -8.416912771501517 -13.5
      vertex -6.666842796235226 -9.977635347630542 -12.000000000000002
    endloop
  endfacet
  facet normal 0 0 0
    outer loop
      vertex -7.157995925915769 -7.157995925915766 -13.5
      vertex -6.666842796235226 -9.977635347630542 -12.000000000000002
      vertex -8.485281374238571 -8.48528137423857 -12.000000000000002
    endloop
  endfacet
  facet normal 0 0 0
    outer loop
      vertex -5.624001311147435 -8.416912771501517 -13.5
      vertex -3.873879479967985 -9.352372379537526 -13.5
      vertex -4.592201188381084 -11.086554390135438 -12.000000000000002
    endloop
  endfacet
  facet normal 0 0 0
    outer loop
      vertex -5.624001311147435 -8.416912771501517 -13.5
      vertex -4.592201188381084 -11.086554390135438 -12.000000000000002
      vertex -6.666842796235226 -9.977635347630542 -12.000000000000002
    endloop
  endfacet
  facet normal 0 0 0
    outer loop
      vertex -3.873879479967985 -9.352372379537526 -13.5
      vertex -1.974886632869999 -9.928425561898765 -13.5
      vertex -2.341083864193544 -11.769423364838763 -12.000000000000002
    endloop
  endfacet
  facet normal 0 0 0
    outer loop
      vertex -3.873879479967985 -9.352372379537526 -13.5
      vertex -2.341083864193544 -11.769423364838763 -12.000000000000002
      vertex -4.592201188381084 -11.086554390135438 -12.000000000000002
    endloop
  endfacet
  facet normal 0 0 0
    outer loop
      vertex -1.974886632869999 -9.928425561898765 -13.5
      vertex -1.8595529767667237e-15 -10.122934917841437 -13.5
      vertex -2.204364238465236e-15 -12 -12.000000000000002
    endloop
  endfacet
  facet normal 0 0 0
    outer loop
      vertex -1.974886632869999 -9.928425561898765 -13.5
      vertex -2.204364238465236e-15 -12 -12.000000000000002
      vertex -2.341083864193544 -11.769423364838763 -12.000000000000002
    endloop
  endfacet
  facet normal 0 0 0
    outer loop
      vertex -1.8595529767667237e-15 -10.122934917841437 -13.5
      vertex 1.9748866328699954 -9.928425561898766 -13.5
      vertex 2.3410838641935396 -11.769423364838765 -12.000000000000002
    endloop
  endfacet
  facet normal 0 0 0
    outer loop
      vertex -1.8595529767667237e-15 -10.122934917841437 -13.5
      vertex 2.3410838641935396 -11.769423364838765 -12.000000000000002
      vertex -2.204364238465236e-15 -12 -12.000000000000002
    endloop
  endfacet
  facet normal 0 0 0
    outer loop
      vertex 1.9748866328699954 -9.928425561898766 -13.5
      vertex 3.8738794799679814 -9.352372379537528 -13.5
      vertex 4.59220118838108 -11.08655439013544 -12.000000000000002
    endloop
  endfacet
  facet normal 0 0 0
    outer loop
      vertex 1.9748866328699954 -9.928425561898766 -13.5
      vertex 4.59220118838108 -11.08655439013544 -12.000000000000002
      vertex 2.3410838641935396 -11.769423364838765 -12.000000000000002
    endloop
  endfacet
  facet normal 0 0 0
    outer loop
      vertex 3.8738794799679814 -9.352372379537528 -13.5
      vertex 5.624001311147431 -8.41691277150152 -13.5
      vertex 6.666842796235223 -9.977635347630546 -12.000000000000002
    endloop
  endfacet
  facet normal 0 0 0
    outer loop
      vertex 3.8738794799679814 -9.352372379537528 -13.5
      vertex 6.666842796235223 -9.977635347630546 -12.000000000000002
      vertex 4.59220118838108 -11.08655439013544 -12.000000000000002
    endloop
  endfacet
  facet normal 0 0 0
    outer loop
      vertex 5.624001311147431 -8.41691277150152 -13.5
      vertex 7.157995925915765 -7.157995925915769 -13.5
      vertex 8.485281374238568 -8.485281374238571 -12.000000000000002
    endloop
  endfacet
  facet normal 0 0 0
    outer loop
      vertex 5.624001311147431 -8.41691277150152 -13.5
      vertex 8.485281374238568 -8.485281374238571 -12.000000000000002
      vertex 6.666842796235223 -9.977635347630546 -12.000000000000002
    endloop
  endfacet
  facet normal 0 0 0
    outer loop
      vertex 7.157995925915765 -7.157995925915769 -13.5
      vertex 8.416912771501517 -5.624001311147435 -13.5
      vertex 9.977635347630542 -6.666842796235226 -12.000000000000002
    endloop
  endfacet
  facet normal 0 0 0
    outer loop
      vertex 7.157995925915765 -7.157995925915769 -13.5
      vertex 9.977635347630542 -6.666842796235226 -12.000000000000002
      vertex 8.485281374238568 -8.485281374238571 -12.000000000000002
    endloop
  endfacet
  facet normal 0 0 0
    outer loop
      vertex 8.416912771501517 -5.624001311147435 -13.5
      vertex 9.352372379537526 -3.8738794799679854 -13.5
      vertex 11.086554390135438 -4.592201188381084 -12.000000000000002
    endloop
  endfacet
  facet normal 0 0 0
    outer loop
      vertex 8.416912771501517 -5.624001311147435 -13.5
      vertex 11.086554390135438 -4.592201188381084 -12.000000000000002
      vertex 9.977635347630542 -6.666842796235226 -12.000000000000002
    endloop
  endfacet
  facet normal 0 0 0
    outer loop
      vertex 9.352372379537526 -3.8738794799679854 -13.5
      vertex 9.928425561898765 -1.9748866328699997 -13.5
      vertex 11.769423364838763 -2.3410838641935445 -12.000000000000002
    endloop
  endfacet
  facet normal 0 0 0
    outer loop
      vertex 9.352372379537526 -3.8738794799679854 -13.5
      vertex 11.769423364838763 -2.3410838641935445 -12.000000000000002
      vertex 11.086554390135438 -4.592201188381084 -12.000000000000002
    endloop
  endfacet
  facet normal 0 0 0
    outer loop
      vertex 9.928425561898765 -1.9748866328699997 -13.5
      vertex 10.122934917841437 0 -13.5
      vertex 12 0 -12.000000000000002
    endloop
  endfacet
  facet normal 0 0 0
    outer loop
      vertex 9.928425561898765 -1.9748866328699997 -13.5
      vertex 12 0 -12.000000000000002
      vertex 11.769423364838763 -2.3410838641935445 -12.000000000000002
    endloop
  endfacet
  facet normal 0 0 0
    outer loop
      vertex 12 0 -12.000000000000002
      vertex 11.769423364838765 2.341083864193539 -12.000000000000002
      vertex 13.476169103196751 2.6805766995254685 -10.499999999999998
    endloop
  endfacet
  facet normal 0 0 0
    outer loop
      vertex 12 0 -12.000000000000002
      vertex 13.476169103196751 2.6805766995254685 -10.499999999999998
      vertex 13.74018286413953 0 -10.499999999999998
    endloop
  endfacet
  facet normal 0 0 0
    outer loop
      vertex 11.769423364838765 2.341083864193539 -12.000000000000002
      vertex 11.08655439013544 4.592201188381077 -12.000000000000002
      vertex 12.694273721140823 5.258140339772906 -10.499999999999998
    endloop
  endfacet
  facet normal 0 0 0
    outer loop
      vertex 11.769423364838765 2.341083864193539 -12.000000000000002
      vertex 12.694273721140823 5.258140339772906 -10.499999999999998
      vertex 13.476169103196751 2.6805766995254685 -10.499999999999998
    endloop
  endfacet
  facet normal 0 0 0
    outer loop
      vertex 11.08655439013544 4.592201188381077 -12.000000000000002
      vertex 9.977635347630542 6.666842796235226 -12.000000000000002
      vertex 11.424544519012171 7.633636595561944 -10.499999999999998
    endloop
  endfacet
  facet normal 0 0 0
    outer loop
      vertex 11.08655439013544 4.592201188381077 -12.000000000000002
      vertex 11.424544519012171 7.633636595561944 -10.499999999999998
      vertex 12.694273721140823 5.258140339772906 -10.499999999999998
    endloop
  endfacet
  facet normal 0 0 0
    outer loop
      vertex 9.977635347630542 6.666842796235226 -12.000000000000002
      vertex 8.485281374238571 8.48528137423857 -12.000000000000002
      vertex 9.715776477976261 9.71577647797626 -10.499999999999998
    endloop
  endfacet
  facet normal 0 0 0
    outer loop
      vertex 9.977635347630542 6.666842796235226 -12.000000000000002
      vertex 9.715776477976261 9.71577647797626 -10.499999999999998
      vertex 11.424544519012171 7.633636595561944 -10.499999999999998
    endloop
  endfacet
  facet normal 0 0 0
    outer loop
      vertex 8.485281374238571 8.48528137423857 -12.000000000000002
      vertex 6.666842796235228 9.977635347630542 -12.000000000000002
      vertex 7.633636595561946 11.424544519012171 -10.499999999999998
    endloop
  endfacet
  facet normal 0 0 0
    outer loop
      vertex 8.485281374238571 8.48528137423857 -12.000000000000002
      vertex 7.633636595561946 11.424544519012171 -10.499999999999998
      vertex 9.715776477976261 9.71577647797626 -10.499999999999998
    endloop
  endfacet
  facet normal 0 0 0
    outer loop
      vertex 6.666842796235228 9.977635347630542 -12.000000000000002
      vertex 4.592201188381078 11.08655439013544 -12.000000000000002
      vertex 5.258140339772907 12.694273721140823 -10.499999999999998
    endloop
  endfacet
  facet normal 0 0 0
    outer loop
      vertex 6.666842796235228 9.977635347630542 -12.000000000000002
      vertex 5.258140339772907 12.694273721140823 -10.499999999999998
      vertex 7.633636595561946 11.424544519012171 -10.499999999999998
    endloop
  endfacet
  facet normal 0 0 0
    outer loop
      vertex 4.592201188381078 11.08655439013544 -12.000000000000002
      vertex 2.34108386419354 11.769423364838765 -12.000000000000002
      vertex 2.6805766995254694 13.476169103196751 -10.499999999999998
    endloop
  endfacet
  facet normal 0 0 0
    outer loop
      vertex 4.592201188381078 11.08655439013544 -12.000000000000002
      vertex 2.6805766995254694 13.476169103196751 -10.499999999999998
      vertex 5.258140339772907 12.694273721140823 -10.499999999999998
    endloop
  endfacet
  facet normal 0 0 0
    outer loop
      vertex 2.34108386419354 11.769423364838765 -12.000000000000002
      vertex 7.347880794884119e-16 12 -12.000000000000002
      vertex 8.413435482133894e-16 13.74018286413953 -10.499999999999998
    endloop
  endfacet
  facet normal 0 0 0
    outer loop
      vertex 2.34108386419354 11.769423364838765 -12.000000000000002
      vertex 8.413435482133894e-16 13.74018286413953 -10.499999999999998
      vertex 2.6805766995254694 13.476169103196751 -10.499999999999998
    endloop
  endfacet
  facet normal 0 0 0
    outer loop
      vertex 7.347880794884119e-16 12 -12.000000000000002
      vertex -2.3410838641935383 11.769423364838765 -12.000000000000002
      vertex -2.6805766995254676 13.476169103196751 -10.499999999999998
    endloop
  endfacet
  facet normal 0 0 0
    outer loop
      vertex 7.347880794884119e-16 12 -12.000000000000002
      vertex -2.6805766995254676 13.476169103196751 -10.499999999999998
      vertex 8.413435482133894e-16 13.74018286413953 -10.499999999999998
    endloop
  endfacet
  facet normal 0 0 0
    outer loop
      vertex -2.3410838641935383 11.769423364838765 -12.000000000000002
      vertex -4.592201188381077 11.08655439013544 -12.000000000000002
      vertex -5.258140339772905 12.694273721140823 -10.499999999999998
    endloop
  endfacet
  facet normal 0 0 0
    outer loop
      vertex -2.3410838641935383 11.769423364838765 -12.000000000000002
      vertex -5.258140339772905 12.694273721140823 -10.499999999999998
      vertex -2.6805766995254676 13.476169103196751 -10.499999999999998
    endloop
  endfacet
  facet normal 0 0 0
    outer loop
      vertex -4.592201188381077 11.08655439013544 -12.000000000000002
      vertex -6.6668427962352235 9.977635347630544 -12.000000000000002
      vertex -7.633636595561941 11.424544519012173 -10.499999999999998
    endloop
  endfacet
  facet normal 0 0 0
    outer loop
      vertex -4.592201188381077 11.08655439013544 -12.000000000000002
      vertex -7.633636595561941 11.424544519012173 -10.499999999999998
      vertex -5.258140339772905 12.694273721140823 -10.499999999999998
    endloop
  endfacet
  facet normal 0 0 0
    outer loop
      vertex -6.6668427962352235 9.977635347630544 -12.000000000000002
      vertex -8.48528137423857 8.485281374238571 -12.000000000000002
      vertex -9.71577647797626 9.715776477976261 -10.499999999999998
    endloop
  endfacet
  facet normal 0 0 0
    outer loop
      vertex -6.6668427962352235 9.977635347630544 -12.000000000000002
      vertex -9.71577647797626 9.715776477976261 -10.499999999999998
      vertex -7.633636595561941 11.424544519012173 -10.499999999999998
    endloop
  endfacet
  facet normal 0 0 0
    outer loop
      vertex -8.48528137423857 8.485281374238571 -12.000000000000002
      vertex -9.977635347630544 6.666842796235226 -12.000000000000002
      vertex -11.424544519012173 7.633636595561944 -10.499999999999998
    endloop
  endfacet
  facet normal 0 0 0
    outer loop
      vertex -8.48528137423857 8.485281374238571 -12.000000000000002
      vertex -11.424544519012173 7.633636595561944 -10.499999999999998
      vertex -9.71577647797626 9.715776477976261 -10.499999999999998
    endloop
  endfacet
  facet normal 0 0 0
    outer loop
      vertex -9.977635347630544 6.666842796235226 -12.000000000000002
      vertex -11.08655439013544 4.592201188381079 -12.000000000000002
      vertex -12.694273721140823 5.258140339772907 -10.499999999999998
    endloop
  endfacet
  facet normal 0 0 0
    outer loop
      vertex -9.977635347630544 6.666842796235226 -12.000000000000002
      vertex -12.694273721140823 5.258140339772907 -10.499999999999998
      vertex -11.424544519012173 7.633636595561944 -10.499999999999998
    endloop
  endfacet
  facet normal 0 0 0
    outer loop
      vertex -11.08655439013544 4.592201188381079 -12.000000000000002
      vertex -11.769423364838765 2.341083864193543 -12.000000000000002
      vertex -13.476169103196751 2.6805766995254734 -10.499999999999998
    endloop
  endfacet
  facet normal 0 0 0
    outer loop
      vertex -11.08655439013544 4.592201188381079 -12.000000000000002
      vertex -13.476169103196751 2.6805766995254734 -10.499999999999998
      vertex -12.694273721140823 5.258140339772907 -10.499999999999998
    endloop
  endfacet
  facet normal 0 0 0
    outer loop
      vertex -11.769423364838765 2.341083864193543 -12.000000000000002
      vertex -12 1.4695761589768238e-15 -12.000000000000002
      vertex -13.74018286413953 1.6826870964267789e-15 -10.499999999999998
    endloop
  endfacet
  facet normal 0 0 0
    outer loop
      vertex -11.769423364838765 2.341083864193543 -12.000000000000002
      vertex -13.74018286413953 1.6826870964267789e-15 -10.499999999999998
      vertex -13.476169103196751 2.6805766995254734 -10.499999999999998
    endloop
  endfacet
  facet normal 0 0 0
    outer loop
      vertex -12 1.4695761589768238e-15 -12.000000000000002
      vertex -11.769423364838765 -2.34108386419354 -12.000000000000002
      vertex -13.476169103196751 -2.68057669952547 -10.499999999999998
    endloop
  endfacet
  facet normal 0 0 0
    outer loop
      vertex -12 1.4695761589768238e-15 -12.000000000000002
      vertex -13.476169103196751 -2.68057669952547 -10.499999999999998
      vertex -13.74018286413953 1.6826870964267789e-15 -10.499999999999998
    endloop
  endfacet
  facet normal 0 0 0
    outer loop
      vertex -11.769423364838765 -2.34108386419354 -12.000000000000002
      vertex -11.086554390135442 -4.592201188381075 -12.000000000000002
      vertex -12.694273721140824 -5.258140339772903 -10.499999999999998
    endloop
  endfacet
  facet normal 0 0 0
    outer loop
      vertex -11.769423364838765 -2.34108386419354 -12.000000000000002
      vertex -12.694273721140824 -5.258140339772903 -10.499999999999998
      vertex -13.476169103196751 -2.68057669952547 -10.499999999999998
    endloop
  endfacet
  facet normal 0 0 0
    outer loop
      vertex -11.086554390135442 -4.592201188381075 -12.000000000000002
      vertex -9.977635347630546 -6.6668427962352235 -12.000000000000002
      vertex -11.424544519012175 -7.633636595561941 -10.499999999999998
    endloop
  endfacet
  facet normal 0 0 0
    outer loop
      vertex -11.086554390135442 -4.592201188381075 -12.000000000000002
      vertex -11.424544519012175 -7.633636595561941 -10.499999999999998
      vertex -12.694273721140824 -5.258140339772903 -10.499999999999998
    endloop
  endfacet
  facet normal 0 0 0
    outer loop
      vertex -9.977635347630546 -6.6668427962352235 -12.000000000000002
      vertex -8.485281374238571 -8.48528137423857 -12.000000000000002
      vertex -9.715776477976263 -9.71577647797626 -10.499999999999998
    endloop
  endfacet
  facet normal 0 0 0
    outer loop
      vertex -9.977635347630546 -6.6668427962352235 -12.000000000000002
      vertex -9.715776477976263 -9.71577647797626 -10.499999999999998
      vertex -11.424544519012175 -7.633636595561941 -10.499999999999998
    endloop
  endfacet
  facet normal 0 0 0
    outer loop
      vertex -8.485281374238571 -8.48528137423857 -12.000000000000002
      vertex -6.666842796235226 -9.977635347630542 -12.000000000000002
      vertex -7.633636595561944 -11.424544519012171 -10.499999999999998
    endloop
  endfacet
  facet normal 0 0 0
    outer loop
      vertex -8.485281374238571 -8.48528137423857 -12.000000000000002
      vertex -7.633636595561944 -11.424544519012171 -10.499999999999998
      vertex -9.715776477976263 -9.71577647797626 -10.499999999999998
    endloop
  endfacet
  facet normal 0 0 0
    outer loop
      vertex -6.666842796235226 -9.977635347630542 -12.000000000000002
      vertex -4.592201188381084 -11.086554390135438 -12.000000000000002
      vertex -5.258140339772913 -12.694273721140819 -10.499999999999998
    endloop
  endfacet
  facet normal 0 0 0
    outer loop
      vertex -6.666842796235226 -9.977635347630542 -12.000000000000002
      vertex -5.258140339772913 -12.694273721140819 -10.499999999999998
      vertex -7.633636595561944 -11.424544519012171 -10.499999999999998
    endloop
  endfacet
  facet normal 0 0 0
    outer loop
      vertex -4.592201188381084 -11.086554390135438 -12.000000000000002
      vertex -2.341083864193544 -11.769423364838763 -12.000000000000002
      vertex -2.680576699525474 -13.47616910319675 -10.499999999999998
    endloop
  endfacet
  facet normal 0 0 0
    outer loop
      vertex -4.592201188381084 -11.086554390135438 -12.000000000000002
      vertex -2.680576699525474 -13.47616910319675 -10.499999999999998
      vertex -5.258140339772913 -12.694273721140819 -10.499999999999998
    endloop
  endfacet
  facet normal 0 0 0
    outer loop
      vertex -2.341083864193544 -11.769423364838763 -12.000000000000002
      vertex -2.204364238465236e-15 -12 -12.000000000000002
      vertex -2.524030644640168e-15 -13.74018286413953 -10.499999999999998
    endloop
  endfacet
  facet normal 0 0 0
    outer loop
      vertex -2.341083864193544 -11.769423364838763 -12.000000000000002
      vertex -2.524030644640168e-15 -13.74018286413953 -10.499999999999998
      vertex -2.680576699525474 -13.47616910319675 -10.499999999999998
    endloop
  endfacet
  facet normal 0 0 0
    outer loop
      vertex -2.204364238465236e-15 -12 -12.000000000000002
      vertex 2.3410838641935396 -11.769423364838765 -12.000000000000002
      vertex 2.680576699525469 -13.476169103196751 -10.499999999999998
    endloop
  endfacet
  facet normal 0 0 0
    outer loop
      vertex -2.204364238465236e-15 -12 -12.000000000000002
      vertex 2.680576699525469 -13.476169103196751 -10.499999999999998
      vertex -2.524030644640168e-15 -13.74018286413953 -10.499999999999998
    endloop
  endfacet
  facet normal 0 0 0
    outer loop
      vertex 2.3410838641935396 -11.769423364838765 -12.000000000000002
      vertex 4.59220118838108 -11.08655439013544 -12.000000000000002
      vertex 5.2581403397729085 -12.69427372114082 -10.499999999999998
    endloop
  endfacet
  facet normal 0 0 0
    outer loop
      vertex 2.3410838641935396 -11.769423364838765 -12.000000000000002
      vertex 5.2581403397729085 -12.69427372114082 -10.499999999999998
      vertex 2.680576699525469 -13.476169103196751 -10.499999999999998
    endloop
  endfacet
  facet normal 0 0 0
    outer loop
      vertex 4.59220118838108 -11.08655439013544 -12.000000000000002
      vertex 6.666842796235223 -9.977635347630546 -12.000000000000002
      vertex 7.633636595561939 -11.424544519012175 -10.499999999999998
    endloop
  endfacet
  facet normal 0 0 0
    outer loop
      vertex 4.59220118838108 -11.08655439013544 -12.000000000000002
      vertex 7.633636595561939 -11.424544519012175 -10.499999999999998
      vertex 5.2581403397729085 -12.69427372114082 -10.499999999999998
    endloop
  endfacet
  facet normal 0 0 0
    outer loop
      vertex 6.666842796235223 -9.977635347630546 -12.000000000000002
      vertex 8.485281374238568 -8.485281374238571 -12.000000000000002
      vertex 9.715776477976258 -9.715776477976263 -10.499999999999998
    endloop
  endfacet
  facet normal 0 0 0
    outer loop
      vertex 6.666842796235223 -9.977635347630546 -12.000000000000002
      vertex 9.715776477976258 -9.715776477976263 -10.499999999999998
      vertex 7.633636595561939 -11.424544519012175 -10.499999999999998
    endloop
  endfacet
  facet normal 0 0 0
    outer loop
      vertex 8.485281374238568 -8.485281374238571 -12.000000000000002
      vertex 9.977635347630542 -6.666842796235226 -12.000000000000002
      vertex 11.424544519012171 -7.633636595561944 -10.499999999999998
    endloop
  endfacet
  facet normal 0 0 0
    outer loop
      vertex 8.485281374238568 -8.485281374238571 -12.000000000000002
      vertex 11.424544519012171 -7.633636595561944 -10.499999999999998
      vertex 9.715776477976258 -9.715776477976263 -10.499999999999998
    endloop
  endfacet
  facet normal 0 0 0
    outer loop
      vertex 9.977635347630542 -6.666842796235226 -12.000000000000002
      vertex 11.086554390135438 -4.592201188381084 -12.000000000000002
      vertex 12.694273721140819 -5.258140339772914 -10.499999999999998
    endloop
  endfacet
  facet normal 0 0 0
    outer loop
      vertex 9.977635347630542 -6.666842796235226 -12.000000000000002
      vertex 12.694273721140819 -5.258140339772914 -10.499999999999998
      vertex 11.424544519012171 -7.633636595561944 -10.499999999999998
    endloop
  endfacet
  facet normal 0 0 0
    outer loop
      vertex 11.086554390135438 -4.592201188381084 -12.000000000000002
      vertex 11.769423364838763 -2.3410838641935445 -12.000000000000002
      vertex 13.47616910319675 -2.6805766995254747 -10.499999999999998
    endloop
  endfacet
  facet normal 0 0 0
    outer loop
      vertex 11.086554390135438 -4.592201188381084 -12.000000000000002
      vertex 13.47616910319675 -2.6805766995254747 -10.499999999999998
      vertex 12.694273721140819 -5.258140339772914 -10.499999999999998
    endloop
  endfacet
  facet normal 0 0 0
    outer loop
      vertex 11.769423364838763 -2.3410838641935445 -12.000000000000002
      vertex 12 0 -12.000000000000002
      vertex 13.74018286413953 0 -10.499999999999998
    endloop
  endfacet
  facet normal 0 0 0
    outer loop
      vertex 11.769423364838763 -2.3410838641935445 -12.000000000000002
      vertex 13.74018286413953 0 -10.499999999999998
      vertex 13.47616910319675 -2.6805766995254747 -10.499999999999998
    endloop
  endfacet
  facet normal 0 0 0
    outer loop
      vertex 13.74018286413953 0 -10.499999999999998
      vertex 13.476169103196751 2.6805766995254685 -10.499999999999998
      vertex 15.0194598841901 2.987556322328057 -9
    endloop
  endfacet
  facet normal 0 0 0
    outer loop
      vertex 13.74018286413953 0 -10.499999999999998
      vertex 15.0194598841901 2.987556322328057 -9
      vertex 15.31370849898476 0 -9
    endloop
  endfacet
  facet normal 0 0 0
    outer loop
      vertex 13.476169103196751 2.6805766995254685 -10.499999999999998
      vertex 12.694273721140823 5.258140339772906 -10.499999999999998
      vertex 14.148021849056159 5.860302530629935 -9
    endloop
  endfacet
  facet normal 0 0 0
    outer loop
      vertex 13.476169103196751 2.6805766995254685 -10.499999999999998
      vertex 14.148021849056159 5.860302530629935 -9
      vertex 15.0194598841901 2.987556322328057 -9
    endloop
  endfacet
  facet normal 0 0 0
    outer loop
      vertex 12.694273721140823 5.258140339772906 -10.499999999999998
      vertex 11.424544519012171 7.633636595561944 -10.499999999999998
      vertex 12.73288326856505 8.507840599175225 -9
    endloop
  endfacet
  facet normal 0 0 0
    outer loop
      vertex 12.694273721140823 5.258140339772906 -10.499999999999998
      vertex 12.73288326856505 8.507840599175225 -9
      vertex 14.148021849056159 5.860302530629935 -9
    endloop
  endfacet
  facet normal 0 0 0
    outer loop
      vertex 11.424544519012171 7.633636595561944 -10.499999999999998
      vertex 9.715776477976261 9.71577647797626 -10.499999999999998
      vertex 10.82842712474619 10.828427124746188 -9
    endloop
  endfacet
  facet normal 0 0 0
    outer loop
      vertex 11.424544519012171 7.633636595561944 -10.499999999999998
      vertex 10.82842712474619 10.828427124746188 -9
      vertex 12.73288326856505 8.507840599175225 -9
    endloop
  endfacet
  facet normal 0 0 0
    outer loop
      vertex 9.715776477976261 9.71577647797626 -10.499999999999998
      vertex 7.633636595561946 11.424544519012171 -10.499999999999998
      vertex 8.507840599175227 12.73288326856505 -9
    endloop
  endfacet
  facet normal 0 0 0
    outer loop
      vertex 9.715776477976261 9.71577647797626 -10.499999999999998
      vertex 8.507840599175227 12.73288326856505 -9
      vertex 10.82842712474619 10.828427124746188 -9
    endloop
  endfacet
  facet normal 0 0 0
    outer loop
      vertex 7.633636595561946 11.424544519012171 -10.499999999999998
      vertex 5.258140339772907 12.694273721140823 -10.499999999999998
      vertex 5.8603025306299354 14.148021849056159 -9
    endloop
  endfacet
  facet normal 0 0 0
    outer loop
      vertex 7.633636595561946 11.424544519012171 -10.499999999999998
      vertex 5.8603025306299354 14.148021849056159 -9
      vertex 8.507840599175227 12.73288326856505 -9
    endloop
  endfacet
  facet normal 0 0 0
    outer loop
      vertex 5.258140339772907 12.694273721140823 -10.499999999999998
      vertex 2.6805766995254694 13.476169103196751 -10.499999999999998
      vertex 2.987556322328058 15.0194598841901 -9
    endloop
  endfacet
  facet normal 0 0 0
    outer loop
      vertex 5.258140339772907 12.694273721140823 -10.499999999999998
      vertex 2.987556322328058 15.0194598841901 -9
      vertex 5.8603025306299354 14.148021849056159 -9
    endloop
  endfacet
  facet normal 0 0 0
    outer loop
      vertex 2.6805766995254694 13.476169103196751 -10.499999999999998
      vertex 8.413435482133894e-16 13.74018286413953 -10.499999999999998
      vertex 9.376942048178651e-16 15.31370849898476 -9
    endloop
  endfacet
  facet normal 0 0 0
    outer loop
      vertex 2.6805766995254694 13.476169103196751 -10.499999999999998
      vertex 9.376942048178651e-16 15.31370849898476 -9
      vertex 2.987556322328058 15.0194598841901 -9
    endloop
  endfacet
  facet normal 0 0 0
    outer loop
      vertex 8.413435482133894e-16 13.74018286413953 -10.499999999999998
      vertex -2.6805766995254676 13.476169103196751 -10.499999999999998
      vertex -2.987556322328056 15.0194598841901 -9
    endloop
  endfacet
  facet normal 0 0 0
    outer loop
      vertex 8.413435482133894e-16 13.74018286413953 -10.499999999999998
      vertex -2.987556322328056 15.0194598841901 -9
      vertex 9.376942048178651e-16 15.31370849898476 -9
    endloop
  endfacet
  facet normal 0 0 0
    outer loop
      vertex -2.6805766995254676 13.476169103196751 -10.499999999999998
      vertex -5.258140339772905 12.694273721140823 -10.499999999999998
      vertex -5.860302530629934 14.148021849056159 -9
    endloop
  endfacet
  facet normal 0 0 0
    outer loop
      vertex -2.6805766995254676 13.476169103196751 -10.499999999999998
      vertex -5.860302530629934 14.148021849056159 -9
      vertex -2.987556322328056 15.0194598841901 -9
    endloop
  endfacet
  facet normal 0 0 0
    outer loop
      vertex -5.258140339772905 12.694273721140823 -10.499999999999998
      vertex -7.633636595561941 11.424544519012173 -10.499999999999998
      vertex -8.507840599175221 12.732883268565052 -9
    endloop
  endfacet
  facet normal 0 0 0
    outer loop
      vertex -5.258140339772905 12.694273721140823 -10.499999999999998
      vertex -8.507840599175221 12.732883268565052 -9
      vertex -5.860302530629934 14.148021849056159 -9
    endloop
  endfacet
  facet normal 0 0 0
    outer loop
      vertex -7.633636595561941 11.424544519012173 -10.499999999999998
      vertex -9.71577647797626 9.715776477976261 -10.499999999999998
      vertex -10.828427124746188 10.82842712474619 -9
    endloop
  endfacet
  facet normal 0 0 0
    outer loop
      vertex -7.633636595561941 11.424544519012173 -10.499999999999998
      vertex -10.828427124746188 10.82842712474619 -9
      vertex -8.507840599175221 12.732883268565052 -9
    endloop
  endfacet
  facet normal 0 0 0
    outer loop
      vertex -9.71577647797626 9.715776477976261 -10.499999999999998
      vertex -11.424544519012173 7.633636595561944 -10.499999999999998
      vertex -12.732883268565052 8.507840599175225 -9
    endloop
  endfacet
  facet normal 0 0 0
    outer loop
      vertex -9.71577647797626 9.715776477976261 -10.499999999999998
      vertex -12.732883268565052 8.507840599175225 -9
      vertex -10.828427124746188 10.82842712474619 -9
    endloop
  endfacet
  facet normal 0 0 0
    outer loop
      vertex -11.424544519012173 7.633636595561944 -10.499999999999998
      vertex -12.694273721140823 5.258140339772907 -10.499999999999998
      vertex -14.148021849056159 5.860302530629936 -9
    endloop
  endfacet
  facet normal 0 0 0
    outer loop
      vertex -11.424544519012173 7.633636595561944 -10.499999999999998
      vertex -14.148021849056159 5.860302530629936 -9
      vertex -12.732883268565052 8.507840599175225 -9
    endloop
  endfacet
  facet normal 0 0 0
    outer loop
      vertex -12.694273721140823 5.258140339772907 -10.499999999999998
      vertex -13.476169103196751 2.6805766995254734 -10.499999999999998
      vertex -15.0194598841901 2.987556322328062 -9
    endloop
  endfacet
  facet normal 0 0 0
    outer loop
      vertex -12.694273721140823 5.258140339772907 -10.499999999999998
      vertex -15.0194598841901 2.987556322328062 -9
      vertex -14.148021849056159 5.860302530629936 -9
    endloop
  endfacet
  facet normal 0 0 0
    outer loop
      vertex -13.476169103196751 2.6805766995254734 -10.499999999999998
      vertex -13.74018286413953 1.6826870964267789e-15 -10.499999999999998
      vertex -15.31370849898476 1.8753884096357302e-15 -9
    endloop
  endfacet
  facet normal 0 0 0
    outer loop
      vertex -13.476169103196751 2.6805766995254734 -10.499999999999998
      vertex -15.31370849898476 1.8753884096357302e-15 -9
      vertex -15.0194598841901 2.987556322328062 -9
    endloop
  endfacet
  facet normal 0 0 0
    outer loop
      vertex -13.74018286413953 1.6826870964267789e-15 -10.499999999999998
      vertex -13.476169103196751 -2.68057669952547 -10.499999999999998
      vertex -15.0194598841901 -2.9875563223280586 -9
    endloop
  endfacet
  facet normal 0 0 0
    outer loop
      vertex -13.74018286413953 1.6826870964267789e-15 -10.499999999999998
      vertex -15.0194598841901 -2.9875563223280586 -9
      vertex -15.31370849898476 1.8753884096357302e-15 -9
    endloop
  endfacet
  facet normal 0 0 0
    outer loop
      vertex -13.476169103196751 -2.68057669952547 -10.499999999999998
      vertex -12.694273721140824 -5.258140339772903 -10.499999999999998
      vertex -14.14802184905616 -5.860302530629932 -9
    endloop
  endfacet
  facet normal 0 0 0
    outer loop
      vertex -13.476169103196751 -2.68057669952547 -10.499999999999998
      vertex -14.14802184905616 -5.860302530629932 -9
      vertex -15.0194598841901 -2.9875563223280586 -9
    endloop
  endfacet
  facet normal 0 0 0
    outer loop
      vertex -12.694273721140824 -5.258140339772903 -10.499999999999998
      vertex -11.424544519012175 -7.633636595561941 -10.499999999999998
      vertex -12.732883268565054 -8.507840599175221 -9
    endloop
  endfacet
  facet normal 0 0 0
    outer loop
      vertex -12.694273721140824 -5.258140339772903 -10.499999999999998
      vertex -12.732883268565054 -8.507840599175221 -9
      vertex -14.14802184905616 -5.860302530629932 -9
    endloop
  endfacet
  facet normal 0 0 0
    outer loop
      vertex -11.424544519012175 -7.633636595561941 -10.499999999999998
      vertex -9.715776477976263 -9.71577647797626 -10.499999999999998
      vertex -10.828427124746192 -10.828427124746188 -9
    endloop
  endfacet
  facet normal 0 0 0
    outer loop
      vertex -11.424544519012175 -7.633636595561941 -10.499999999999998
      vertex -10.828427124746192 -10.828427124746188 -9
      vertex -12.732883268565054 -8.507840599175221 -9
    endloop
  endfacet
  facet normal 0 0 0
    outer loop
      vertex -9.715776477976263 -9.71577647797626 -10.499999999999998
      vertex -7.633636595561944 -11.424544519012171 -10.499999999999998
      vertex -8.507840599175225 -12.73288326856505 -9
    endloop
  endfacet
  facet normal 0 0 0
    outer loop
      vertex -9.715776477976263 -9.71577647797626 -10.499999999999998
      vertex -8.507840599175225 -12.73288326856505 -9
      vertex -10.828427124746192 -10.828427124746188 -9
    endloop
  endfacet
  facet normal 0 0 0
    outer loop
      vertex -7.633636595561944 -11.424544519012171 -10.499999999999998
      vertex -5.258140339772913 -12.694273721140819 -10.499999999999998
      vertex -5.860302530629943 -14.148021849056155 -9
    endloop
  endfacet
  facet normal 0 0 0
    outer loop
      vertex -7.633636595561944 -11.424544519012171 -10.499999999999998
      vertex -5.860302530629943 -14.148021849056155 -9
      vertex -8.507840599175225 -12.73288326856505 -9
    endloop
  endfacet
  facet normal 0 0 0
    outer loop
      vertex -5.258140339772913 -12.694273721140819 -10.499999999999998
      vertex -2.680576699525474 -13.47616910319675 -10.499999999999998
      vertex -2.987556322328063 -15.019459884190098 -9
    endloop
  endfacet
  facet normal 0 0 0
    outer loop
      vertex -5.258140339772913 -12.694273721140819 -10.499999999999998
      vertex -2.987556322328063 -15.019459884190098 -9
      vertex -5.860302530629943 -14.148021849056155 -9
    endloop
  endfacet
  facet normal 0 0 0
    outer loop
      vertex -2.680576699525474 -13.47616910319675 -10.499999999999998
      vertex -2.524030644640168e-15 -13.74018286413953 -10.499999999999998
      vertex -2.8130826144535954e-15 -15.31370849898476 -9
    endloop
  endfacet
  facet normal 0 0 0
    outer loop
      vertex -2.680576699525474 -13.47616910319675 -10.499999999999998
      vertex -2.8130826144535954e-15 -15.31370849898476 -9
      vertex -2.987556322328063 -15.019459884190098 -9
    endloop
  endfacet
  facet normal 0 0 0
    outer loop
      vertex -2.524030644640168e-15 -13.74018286413953 -10.499999999999998
      vertex 2.680576699525469 -13.476169103196751 -10.499999999999998
      vertex 2.9875563223280577 -15.0194598841901 -9
    endloop
  endfacet
  facet normal 0 0 0
    outer loop
      vertex -2.524030644640168e-15 -13.74018286413953 -10.499999999999998
      vertex 2.9875563223280577 -15.0194598841901 -9
      vertex -2.8130826144535954e-15 -15.31370849898476 -9
    endloop
  endfacet
  facet normal 0 0 0
    outer loop
      vertex 2.680576699525469 -13.476169103196751 -10.499999999999998
      vertex 5.2581403397729085 -12.69427372114082 -10.499999999999998
      vertex 5.860302530629938 -14.148021849056157 -9
    endloop
  endfacet
  facet normal 0 0 0
    outer loop
      vertex 2.680576699525469 -13.476169103196751 -10.499999999999998
      vertex 5.860302530629938 -14.148021849056157 -9
      vertex 2.9875563223280577 -15.0194598841901 -9
    endloop
  endfacet
  facet normal 0 0 0
    outer loop
      vertex 5.2581403397729085 -12.69427372114082 -10.499999999999998
      vertex 7.633636595561939 -11.424544519012175 -10.499999999999998
      vertex 8.50784059917522 -12.732883268565054 -9
    endloop
  endfacet
  facet normal 0 0 0
    outer loop
      vertex 5.2581403397729085 -12.69427372114082 -10.499999999999998
      vertex 8.50784059917522 -12.732883268565054 -9
      vertex 5.860302530629938 -14.148021849056157 -9
    endloop
  endfacet
  facet normal 0 0 0
    outer loop
      vertex 7.633636595561939 -11.424544519012175 -10.499999999999998
      vertex 9.715776477976258 -9.715776477976263 -10.499999999999998
      vertex 10.828427124746186 -10.828427124746192 -9
    endloop
  endfacet
  facet normal 0 0 0
    outer loop
      vertex 7.633636595561939 -11.424544519012175 -10.499999999999998
      vertex 10.828427124746186 -10.828427124746192 -9
      vertex 8.50784059917522 -12.732883268565054 -9
    endloop
  endfacet
  facet normal 0 0 0
    outer loop
      vertex 9.715776477976258 -9.715776477976263 -10.499999999999998
      vertex 11.424544519012171 -7.633636595561944 -10.499999999999998
      vertex 12.73288326856505 -8.507840599175225 -9
    endloop
  endfacet
  facet normal 0 0 0
    outer loop
      vertex 9.715776477976258 -9.715776477976263 -10.499999999999998
      vertex 12.73288326856505 -8.507840599175225 -9
      vertex 10.828427124746186 -10.828427124746192 -9
    endloop
  endfacet
  facet normal 0 0 0
    outer loop
      vertex 11.424544519012171 -7.633636595561944 -10.499999999999998
      vertex 12.694273721140819 -5.258140339772914 -10.499999999999998
      vertex 14.148021849056155 -5.860302530629944 -9
    endloop
  endfacet
  facet normal 0 0 0
    outer loop
      vertex 11.424544519012171 -7.633636595561944 -10.499999999999998
      vertex 14.148021849056155 -5.860302530629944 -9
      vertex 12.73288326856505 -8.507840599175225 -9
    endloop
  endfacet
  facet normal 0 0 0
    outer loop
      vertex 12.694273721140819 -5.258140339772914 -10.499999999999998
      vertex 13.47616910319675 -2.6805766995254747 -10.499999999999998
      vertex 15.019459884190098 -2.987556322328064 -9
    endloop
  endfacet
  facet normal 0 0 0
    outer loop
      vertex 12.694273721140819 -5.258140339772914 -10.499999999999998
      vertex 15.019459884190098 -2.987556322328064 -9
      vertex 14.148021849056155 -5.860302530629944 -9
    endloop
  endfacet
  facet normal 0 0 0
    outer loop
      vertex 13.47616910319675 -2.6805766995254747 -10.499999999999998
      vertex 13.74018286413953 0 -10.499999999999998
      vertex 15.31370849898476 0 -9
    endloop
  endfacet
  facet normal 0 0 0
    outer loop
      vertex 13.47616910319675 -2.6805766995254747 -10.499999999999998
      vertex 15.31370849898476 0 -9
      vertex 15.019459884190098 -2.987556322328064 -9
    endloop
  endfacet
  facet normal 0 0 0
    outer loop
      vertex 15.31370849898476 0 -9
      vertex 15.0194598841901 2.987556322328057 -9
      vertex 16.37288957467498 3.256770226144322 -7.499999999999999
    endloop
  endfacet
  facet normal 0 0 0
    outer loop
      vertex 15.31370849898476 0 -9
      vertex 16.37288957467498 3.256770226144322 -7.499999999999999
      vertex 16.693653444659763 0 -7.499999999999999
    endloop
  endfacet
  facet normal 0 0 0
    outer loop
      vertex 15.0194598841901 2.987556322328057 -9
      vertex 14.148021849056159 5.860302530629935 -9
      vertex 15.422924740357693 6.388384598915702 -7.499999999999999
    endloop
  endfacet
  facet normal 0 0 0
    outer loop
      vertex 15.0194598841901 2.987556322328057 -9
      vertex 15.422924740357693 6.388384598915702 -7.499999999999999
      vertex 16.37288957467498 3.256770226144322 -7.499999999999999
    endloop
  endfacet
  facet normal 0 0 0
    outer loop
      vertex 14.148021849056159 5.860302530629935 -9
      vertex 12.73288326856505 8.507840599175225 -9
      vertex 13.880265557544302 9.274496934198108 -7.499999999999999
    endloop
  endfacet
  facet normal 0 0 0
    outer loop
      vertex 14.148021849056159 5.860302530629935 -9
      vertex 13.880265557544302 9.274496934198108 -7.499999999999999
      vertex 15.422924740357693 6.388384598915702 -7.499999999999999
    endloop
  endfacet
  facet normal 0 0 0
    outer loop
      vertex 12.73288326856505 8.507840599175225 -9
      vertex 10.82842712474619 10.828427124746188 -9
      vertex 11.804195553497086 11.804195553497085 -7.499999999999999
    endloop
  endfacet
  facet normal 0 0 0
    outer loop
      vertex 12.73288326856505 8.507840599175225 -9
      vertex 11.804195553497086 11.804195553497085 -7.499999999999999
      vertex 13.880265557544302 9.274496934198108 -7.499999999999999
    endloop
  endfacet
  facet normal 0 0 0
    outer loop
      vertex 10.82842712474619 10.828427124746188 -9
      vertex 8.507840599175227 12.73288326856505 -9
      vertex 9.27449693419811 13.880265557544302 -7.499999999999999
    endloop
  endfacet
  facet normal 0 0 0
    outer loop
      vertex 10.82842712474619 10.828427124746188 -9
      vertex 9.27449693419811 13.880265557544302 -7.499999999999999
      vertex 11.804195553497086 11.804195553497085 -7.499999999999999
    endloop
  endfacet
  facet normal 0 0 0
    outer loop
      vertex 8.507840599175227 12.73288326856505 -9
      vertex 5.8603025306299354 14.148021849056159 -9
      vertex 6.388384598915703 15.422924740357693 -7.499999999999999
    endloop
  endfacet
  facet normal 0 0 0
    outer loop
      vertex 8.507840599175227 12.73288326856505 -9
      vertex 6.388384598915703 15.422924740357693 -7.499999999999999
      vertex 9.27449693419811 13.880265557544302 -7.499999999999999
    endloop
  endfacet
  facet normal 0 0 0
    outer loop
      vertex 5.8603025306299354 14.148021849056159 -9
      vertex 2.987556322328058 15.0194598841901 -9
      vertex 3.256770226144323 16.37288957467498 -7.499999999999999
    endloop
  endfacet
  facet normal 0 0 0
    outer loop
      vertex 5.8603025306299354 14.148021849056159 -9
      vertex 3.256770226144323 16.37288957467498 -7.499999999999999
      vertex 6.388384598915703 15.422924740357693 -7.499999999999999
    endloop
  endfacet
  facet normal 0 0 0
    outer loop
      vertex 2.987556322328058 15.0194598841901 -9
      vertex 9.376942048178651e-16 15.31370849898476 -9
      vertex 1.0221914628538882e-15 16.693653444659763 -7.499999999999999
    endloop
  endfacet
  facet normal 0 0 0
    outer loop
      vertex 2.987556322328058 15.0194598841901 -9
      vertex 1.0221914628538882e-15 16.693653444659763 -7.499999999999999
      vertex 3.256770226144323 16.37288957467498 -7.499999999999999
    endloop
  endfacet
  facet normal 0 0 0
    outer loop
      vertex 9.376942048178651e-16 15.31370849898476 -9
      vertex -2.987556322328056 15.0194598841901 -9
      vertex -3.2567702261443205 16.37288957467498 -7.499999999999999
    endloop
  endfacet
  facet normal 0 0 0
    outer loop
      vertex 9.376942048178651e-16 15.31370849898476 -9
      vertex -3.2567702261443205 16.37288957467498 -7.499999999999999
      vertex 1.0221914628538882e-15 16.693653444659763 -7.499999999999999
    endloop
  endfacet
  facet normal 0 0 0
    outer loop
      vertex -2.987556322328056 15.0194598841901 -9
      vertex -5.860302530629934 14.148021849056159 -9
      vertex -6.388384598915701 15.422924740357693 -7.499999999999999
    endloop
  endfacet
  facet normal 0 0 0
    outer loop
      vertex -2.987556322328056 15.0194598841901 -9
      vertex -6.388384598915701 15.422924740357693 -7.499999999999999
      vertex -3.2567702261443205 16.37288957467498 -7.499999999999999
    endloop
  endfacet
  facet normal 0 0 0
    outer loop
      vertex -5.860302530629934 14.148021849056159 -9
      vertex -8.507840599175221 12.732883268565052 -9
      vertex -9.274496934198105 13.880265557544304 -7.499999999999999
    endloop
  endfacet
  facet normal 0 0 0
    outer loop
      vertex -5.860302530629934 14.148021849056159 -9
      vertex -9.274496934198105 13.880265557544304 -7.499999999999999
      vertex -6.388384598915701 15.422924740357693 -7.499999999999999
    endloop
  endfacet
  facet normal 0 0 0
    outer loop
      vertex -8.507840599175221 12.732883268565052 -9
      vertex -10.828427124746188 10.82842712474619 -9
      vertex -11.804195553497085 11.804195553497086 -7.499999999999999
    endloop
  endfacet
  facet normal 0 0 0
    outer loop
      vertex -8.507840599175221 12.732883268565052 -9
      vertex -11.804195553497085 11.804195553497086 -7.499999999999999
      vertex -9.274496934198105 13.880265557544304 -7.499999999999999
    endloop
  endfacet
  facet normal 0 0 0
    outer loop
      vertex -10.828427124746188 10.82842712474619 -9
      vertex -12.732883268565052 8.507840599175225 -9
      vertex -13.880265557544304 9.274496934198108 -7.499999999999999
    endloop
  endfacet
  facet normal 0 0 0
    outer loop
      vertex -10.828427124746188 10.82842712474619 -9
      vertex -13.880265557544304 9.274496934198108 -7.499999999999999
      vertex -11.804195553497085 11.804195553497086 -7.499999999999999
    endloop
  endfacet
  facet normal 0 0 0
    outer loop
      vertex -12.732883268565052 8.507840599175225 -9
      vertex -14.148021849056159 5.860302530629936 -9
      vertex -15.422924740357693 6.388384598915704 -7.499999999999999
    endloop
  endfacet
  facet normal 0 0 0
    outer loop
      vertex -12.732883268565052 8.507840599175225 -9
      vertex -15.422924740357693 6.388384598915704 -7.499999999999999
      vertex -13.880265557544304 9.274496934198108 -7.499999999999999
    endloop
  endfacet
  facet normal 0 0 0
    outer loop
      vertex -14.148021849056159 5.860302530629936 -9
      vertex -15.0194598841901 2.987556322328062 -9
      vertex -16.37288957467498 3.2567702261443277 -7.499999999999999
    endloop
  endfacet
  facet normal 0 0 0
    outer loop
      vertex -14.148021849056159 5.860302530629936 -9
      vertex -16.37288957467498 3.2567702261443277 -7.499999999999999
      vertex -15.422924740357693 6.388384598915704 -7.499999999999999
    endloop
  endfacet
  facet normal 0 0 0
    outer loop
      vertex -15.0194598841901 2.987556322328062 -9
      vertex -15.31370849898476 1.8753884096357302e-15 -9
      vertex -16.693653444659763 2.0443829257077764e-15 -7.499999999999999
    endloop
  endfacet
  facet normal 0 0 0
    outer loop
      vertex -15.0194598841901 2.987556322328062 -9
      vertex -16.693653444659763 2.0443829257077764e-15 -7.499999999999999
      vertex -16.37288957467498 3.2567702261443277 -7.499999999999999
    endloop
  endfacet
  facet normal 0 0 0
    outer loop
      vertex -15.31370849898476 1.8753884096357302e-15 -9
      vertex -15.0194598841901 -2.9875563223280586 -9
      vertex -16.37288957467498 -3.2567702261443237 -7.499999999999999
    endloop
  endfacet
  facet normal 0 0 0
    outer loop
      vertex -15.31370849898476 1.8753884096357302e-15 -9
      vertex -16.37288957467498 -3.2567702261443237 -7.499999999999999
      vertex -16.693653444659763 2.0443829257077764e-15 -7.499999999999999
    endloop
  endfacet
  facet normal 0 0 0
    outer loop
      vertex -15.0194598841901 -2.9875563223280586 -9
      vertex -14.14802184905616 -5.860302530629932 -9
      vertex -15.422924740357695 -6.3883845989156995 -7.499999999999999
    endloop
  endfacet
  facet normal 0 0 0
    outer loop
      vertex -15.0194598841901 -2.9875563223280586 -9
      vertex -15.422924740357695 -6.3883845989156995 -7.499999999999999
      vertex -16.37288957467498 -3.2567702261443237 -7.499999999999999
    endloop
  endfacet
  facet normal 0 0 0
    outer loop
      vertex -14.14802184905616 -5.860302530629932 -9
      vertex -12.732883268565054 -8.507840599175221 -9
      vertex -13.880265557544305 -9.274496934198105 -7.499999999999999
    endloop
  endfacet
  facet normal 0 0 0
    outer loop
      vertex -14.14802184905616 -5.860302530629932 -9
      vertex -13.880265557544305 -9.274496934198105 -7.499999999999999
      vertex -15.422924740357695 -6.3883845989156995 -7.499999999999999
    endloop
  endfacet
  facet normal 0 0 0
    outer loop
      vertex -12.732883268565054 -8.507840599175221 -9
      vertex -10.828427124746192 -10.828427124746188 -9
      vertex -11.804195553497088 -11.804195553497085 -7.499999999999999
    endloop
  endfacet
  facet normal 0 0 0
    outer loop
      vertex -12.732883268565054 -8.507840599175221 -9
      vertex -11.804195553497088 -11.804195553497085 -7.499999999999999
      vertex -13.880265557544305 -9.274496934198105 -7.499999999999999
    endloop
  endfacet
  facet normal 0 0 0
    outer loop
      vertex -10.828427124746192 -10.828427124746188 -9
      vertex -8.507840599175225 -12.73288326856505 -9
      vertex -9.274496934198108 -13.880265557544302 -7.499999999999999
    endloop
  endfacet
  facet normal 0 0 0
    outer loop
      vertex -10.828427124746192 -10.828427124746188 -9
      vertex -9.274496934198108 -13.880265557544302 -7.499999999999999
      vertex -11.804195553497088 -11.804195553497085 -7.499999999999999
    endloop
  endfacet
  facet normal 0 0 0
    outer loop
      vertex -8.507840599175225 -12.73288326856505 -9
      vertex -5.860302530629943 -14.148021849056155 -9
      vertex -6.388384598915712 -15.42292474035769 -7.499999999999999
    endloop
  endfacet
  facet normal 0 0 0
    outer loop
      vertex -8.507840599175225 -12.73288326856505 -9
      vertex -6.388384598915712 -15.42292474035769 -7.499999999999999
      vertex -9.274496934198108 -13.880265557544302 -7.499999999999999
    endloop
  endfacet
  facet normal 0 0 0
    outer loop
      vertex -5.860302530629943 -14.148021849056155 -9
      vertex -2.987556322328063 -15.019459884190098 -9
      vertex -3.2567702261443285 -16.37288957467498 -7.499999999999999
    endloop
  endfacet
  facet normal 0 0 0
    outer loop
      vertex -5.860302530629943 -14.148021849056155 -9
      vertex -3.2567702261443285 -16.37288957467498 -7.499999999999999
      vertex -6.388384598915712 -15.42292474035769 -7.499999999999999
    endloop
  endfacet
  facet normal 0 0 0
    outer loop
      vertex -2.987556322328063 -15.019459884190098 -9
      vertex -2.8130826144535954e-15 -15.31370849898476 -9
      vertex -3.0665743885616644e-15 -16.693653444659763 -7.499999999999999
    endloop
  endfacet
  facet normal 0 0 0
    outer loop
      vertex -2.987556322328063 -15.019459884190098 -9
      vertex -3.0665743885616644e-15 -16.693653444659763 -7.499999999999999
      vertex -3.2567702261443285 -16.37288957467498 -7.499999999999999
    endloop
  endfacet
  facet normal 0 0 0
    outer loop
      vertex -2.8130826144535954e-15 -15.31370849898476 -9
      vertex 2.9875563223280577 -15.0194598841901 -9
      vertex 3.2567702261443228 -16.37288957467498 -7.499999999999999
    endloop
  endfacet
  facet normal 0 0 0
    outer loop
      vertex -2.8130826144535954e-15 -15.31370849898476 -9
      vertex 3.2567702261443228 -16.37288957467498 -7.499999999999999
      vertex -3.0665743885616644e-15 -16.693653444659763 -7.499999999999999
    endloop
  endfacet
  facet normal 0 0 0
    outer loop
      vertex 2.9875563223280577 -15.0194598841901 -9
      vertex 5.860302530629938 -14.148021849056157 -9
      vertex 6.388384598915706 -15.422924740357692 -7.499999999999999
    endloop
  endfacet
  facet normal 0 0 0
    outer loop
      vertex 2.9875563223280577 -15.0194598841901 -9
      vertex 6.388384598915706 -15.422924740357692 -7.499999999999999
      vertex 3.2567702261443228 -16.37288957467498 -7.499999999999999
    endloop
  endfacet
  facet normal 0 0 0
    outer loop
      vertex 5.860302530629938 -14.148021849056157 -9
      vertex 8.50784059917522 -12.732883268565054 -9
      vertex 9.274496934198103 -13.880265557544305 -7.499999999999999
    endloop
  endfacet
  facet normal 0 0 0
    outer loop
      vertex 5.860302530629938 -14.148021849056157 -9
      vertex 9.274496934198103 -13.880265557544305 -7.499999999999999
      vertex 6.388384598915706 -15.422924740357692 -7.499999999999999
    endloop
  endfacet
  facet normal 0 0 0
    outer loop
      vertex 8.50784059917522 -12.732883268565054 -9
      vertex 10.828427124746186 -10.828427124746192 -9
      vertex 11.804195553497083 -11.804195553497088 -7.499999999999999
    endloop
  endfacet
  facet normal 0 0 0
    outer loop
      vertex 8.50784059917522 -12.732883268565054 -9
      vertex 11.804195553497083 -11.804195553497088 -7.499999999999999
      vertex 9.274496934198103 -13.880265557544305 -7.499999999999999
    endloop
  endfacet
  facet normal 0 0 0
    outer loop
      vertex 10.828427124746186 -10.828427124746192 -9
      vertex 12.73288326856505 -8.507840599175225 -9
      vertex 13.880265557544302 -9.274496934198108 -7.499999999999999
    endloop
  endfacet
  facet normal 0 0 0
    outer loop
      vertex 10.828427124746186 -10.828427124746192 -9
      vertex 13.880265557544302 -9.274496934198108 -7.499999999999999
      vertex 11.804195553497083 -11.804195553497088 -7.499999999999999
    endloop
  endfacet
  facet normal 0 0 0
    outer loop
      vertex 12.73288326856505 -8.507840599175225 -9
      vertex 14.148021849056155 -5.860302530629944 -9
      vertex 15.42292474035769 -6.388384598915713 -7.499999999999999
    endloop
  endfacet
  facet normal 0 0 0
    outer loop
      vertex 12.73288326856505 -8.507840599175225 -9
      vertex 15.42292474035769 -6.388384598915713 -7.499999999999999
      vertex 13.880265557544302 -9.274496934198108 -7.499999999999999
    endloop
  endfacet
  facet normal 0 0 0
    outer loop
      vertex 14.148021849056155 -5.860302530629944 -9
      vertex 15.019459884190098 -2.987556322328064 -9
      vertex 16.37288957467498 -3.2567702261443294 -7.499999999999999
    endloop
  endfacet
  facet normal 0 0 0
    outer loop
      vertex 14.148021849056155 -5.860302530629944 -9
      vertex 16.37288957467498 -3.2567702261443294 -7.499999999999999
      vertex 15.42292474035769 -6.388384598915713 -7.499999999999999
    endloop
  endfacet
  facet normal 0 0 0
    outer loop
      vertex 15.019459884190098 -2.987556322328064 -9
      vertex 15.31370849898476 0 -9
      vertex 16.693653444659763 0 -7.499999999999999
    endloop
  endfacet
  facet normal 0 0 0
    outer loop
      vertex 15.019459884190098 -2.987556322328064 -9
      vertex 16.693653444659763 0 -7.499999999999999
      vertex 16.37288957467498 -3.2567702261443294 -7.499999999999999
    endloop
  endfacet
  facet normal 0 0 0
    outer loop
      vertex 16.693653444659763 0 -7.499999999999999
      vertex 16.37288957467498 3.256770226144322 -7.499999999999999
      vertex 17.513300617405584 3.483612086439771 -6.000000000000001
    endloop
  endfacet
  facet normal 0 0 0
    outer loop
      vertex 16.693653444659763 0 -7.499999999999999
      vertex 17.513300617405584 3.483612086439771 -6.000000000000001
      vertex 17.856406460551018 0 -6.000000000000001
    endloop
  endfacet
  facet normal 0 0 0
    outer loop
      vertex 16.37288957467498 3.256770226144322 -7.499999999999999
      vertex 15.422924740357693 6.388384598915702 -7.499999999999999
      vertex 16.497168453105395 6.833350914029827 -6.000000000000001
    endloop
  endfacet
  facet normal 0 0 0
    outer loop
      vertex 16.37288957467498 3.256770226144322 -7.499999999999999
      vertex 16.497168453105395 6.833350914029827 -6.000000000000001
      vertex 17.513300617405584 3.483612086439771 -6.000000000000001
    endloop
  endfacet
  facet normal 0 0 0
    outer loop
      vertex 15.422924740357693 6.388384598915702 -7.499999999999999
      vertex 13.880265557544302 9.274496934198108 -7.499999999999999
      vertex 14.847059356871018 9.920487898181058 -6.000000000000001
    endloop
  endfacet
  facet normal 0 0 0
    outer loop
      vertex 15.422924740357693 6.388384598915702 -7.499999999999999
      vertex 14.847059356871018 9.920487898181058 -6.000000000000001
      vertex 16.497168453105395 6.833350914029827 -6.000000000000001
    endloop
  endfacet
  facet normal 0 0 0
    outer loop
      vertex 13.880265557544302 9.274496934198108 -7.499999999999999
      vertex 11.804195553497086 11.804195553497085 -7.499999999999999
      vertex 12.626386095878903 12.626386095878901 -6.000000000000001
    endloop
  endfacet
  facet normal 0 0 0
    outer loop
      vertex 13.880265557544302 9.274496934198108 -7.499999999999999
      vertex 12.626386095878903 12.626386095878901 -6.000000000000001
      vertex 14.847059356871018 9.920487898181058 -6.000000000000001
    endloop
  endfacet
  facet normal 0 0 0
    outer loop
      vertex 11.804195553497086 11.804195553497085 -7.499999999999999
      vertex 9.27449693419811 13.880265557544302 -7.499999999999999
      vertex 9.92048789818106 14.847059356871018 -6.000000000000001
    endloop
  endfacet
  facet normal 0 0 0
    outer loop
      vertex 11.804195553497086 11.804195553497085 -7.499999999999999
      vertex 9.92048789818106 14.847059356871018 -6.000000000000001
      vertex 12.626386095878903 12.626386095878901 -6.000000000000001
    endloop
  endfacet
  facet normal 0 0 0
    outer loop
      vertex 9.27449693419811 13.880265557544302 -7.499999999999999
      vertex 6.388384598915703 15.422924740357693 -7.499999999999999
      vertex 6.833350914029829 16.497168453105395 -6.000000000000001
    endloop
  endfacet
  facet normal 0 0 0
    outer loop
      vertex 9.27449693419811 13.880265557544302 -7.499999999999999
      vertex 6.833350914029829 16.497168453105395 -6.000000000000001
      vertex 9.92048789818106 14.847059356871018 -6.000000000000001
    endloop
  endfacet
  facet normal 0 0 0
    outer loop
      vertex 6.388384598915703 15.422924740357693 -7.499999999999999
      vertex 3.256770226144323 16.37288957467498 -7.499999999999999
      vertex 3.483612086439772 17.513300617405584 -6.000000000000001
    endloop
  endfacet
  facet normal 0 0 0
    outer loop
      vertex 6.388384598915703 15.422924740357693 -7.499999999999999
      vertex 3.483612086439772 17.513300617405584 -6.000000000000001
      vertex 6.833350914029829 16.497168453105395 -6.000000000000001
    endloop
  endfacet
  facet normal 0 0 0
    outer loop
      vertex 3.256770226144323 16.37288957467498 -7.499999999999999
      vertex 1.0221914628538882e-15 16.693653444659763 -7.499999999999999
      vertex 1.093389550809396e-15 17.856406460551018 -6.000000000000001
    endloop
  endfacet
  facet normal 0 0 0
    outer loop
      vertex 3.256770226144323 16.37288957467498 -7.499999999999999
      vertex 1.093389550809396e-15 17.856406460551018 -6.000000000000001
      vertex 3.483612086439772 17.513300617405584 -6.000000000000001
    endloop
  endfacet
  facet normal 0 0 0
    outer loop
      vertex 1.0221914628538882e-15 16.693653444659763 -7.499999999999999
      vertex -3.2567702261443205 16.37288957467498 -7.499999999999999
      vertex -3.48361208643977 17.513300617405584 -6.000000000000001
    endloop
  endfacet
  facet normal 0 0 0
    outer loop
      vertex 1.0221914628538882e-15 16.693653444659763 -7.499999999999999
      vertex -3.48361208643977 17.513300617405584 -6.000000000000001
      vertex 1.093389550809396e-15 17.856406460551018 -6.000000000000001
    endloop
  endfacet
  facet normal 0 0 0
    outer loop
      vertex -3.2567702261443205 16.37288957467498 -7.499999999999999
      vertex -6.388384598915701 15.422924740357693 -7.499999999999999
      vertex -6.833350914029826 16.497168453105395 -6.000000000000001
    endloop
  endfacet
  facet normal 0 0 0
    outer loop
      vertex -3.2567702261443205 16.37288957467498 -7.499999999999999
      vertex -6.833350914029826 16.497168453105395 -6.000000000000001
      vertex -3.48361208643977 17.513300617405584 -6.000000000000001
    endloop
  endfacet
  facet normal 0 0 0
    outer loop
      vertex -6.388384598915701 15.422924740357693 -7.499999999999999
      vertex -9.274496934198105 13.880265557544304 -7.499999999999999
      vertex -9.920487898181054 14.847059356871021 -6.000000000000001
    endloop
  endfacet
  facet normal 0 0 0
    outer loop
      vertex -6.388384598915701 15.422924740357693 -7.499999999999999
      vertex -9.920487898181054 14.847059356871021 -6.000000000000001
      vertex -6.833350914029826 16.497168453105395 -6.000000000000001
    endloop
  endfacet
  facet normal 0 0 0
    outer loop
      vertex -9.274496934198105 13.880265557544304 -7.499999999999999
      vertex -11.804195553497085 11.804195553497086 -7.499999999999999
      vertex -12.626386095878901 12.626386095878903 -6.000000000000001
    endloop
  endfacet
  facet normal 0 0 0
    outer loop
      vertex -9.274496934198105 13.880265557544304 -7.499999999999999
      vertex -12.626386095878901 12.626386095878903 -6.000000000000001
      vertex -9.920487898181054 14.847059356871021 -6.000000000000001
    endloop
  endfacet
  facet normal 0 0 0
    outer loop
      vertex -11.804195553497085 11.804195553497086 -7.499999999999999
      vertex -13.880265557544304 9.274496934198108 -7.499999999999999
      vertex -14.847059356871021 9.920487898181058 -6.000000000000001
    endloop
  endfacet
  facet normal 0 0 0
    outer loop
      vertex -11.804195553497085 11.804195553497086 -7.499999999999999
      vertex -14.847059356871021 9.920487898181058 -6.000000000000001
      vertex -12.626386095878901 12.626386095878903 -6.000000000000001
    endloop
  endfacet
  facet normal 0 0 0
    outer loop
      vertex -13.880265557544304 9.274496934198108 -7.499999999999999
      vertex -15.422924740357693 6.388384598915704 -7.499999999999999
      vertex -16.497168453105395 6.83335091402983 -6.000000000000001
    endloop
  endfacet
  facet normal 0 0 0
    outer loop
      vertex -13.880265557544304 9.274496934198108 -7.499999999999999
      vertex -16.497168453105395 6.83335091402983 -6.000000000000001
      vertex -14.847059356871021 9.920487898181058 -6.000000000000001
    endloop
  endfacet
  facet normal 0 0 0
    outer loop
      vertex -15.422924740357693 6.388384598915704 -7.499999999999999
      vertex -16.37288957467498 3.2567702261443277 -7.499999999999999
      vertex -17.513300617405584 3.4836120864397775 -6.000000000000001
    endloop
  endfacet
  facet normal 0 0 0
    outer loop
      vertex -15.422924740357693 6.388384598915704 -7.499999999999999
      vertex -17.513300617405584 3.4836120864397775 -6.000000000000001
      vertex -16.497168453105395 6.83335091402983 -6.000000000000001
    endloop
  endfacet
  facet normal 0 0 0
    outer loop
      vertex -16.37288957467498 3.2567702261443277 -7.499999999999999
      vertex -16.693653444659763 2.0443829257077764e-15 -7.499999999999999
      vertex -17.856406460551018 2.186779101618792e-15 -6.000000000000001
    endloop
  endfacet
  facet normal 0 0 0
    outer loop
      vertex -16.37288957467498 3.2567702261443277 -7.499999999999999
      vertex -17.856406460551018 2.186779101618792e-15 -6.000000000000001
      vertex -17.513300617405584 3.4836120864397775 -6.000000000000001
    endloop
  endfacet
  facet normal 0 0 0
    outer loop
      vertex -16.693653444659763 2.0443829257077764e-15 -7.499999999999999
      vertex -16.37288957467498 -3.2567702261443237 -7.499999999999999
      vertex -17.513300617405584 -3.483612086439773 -6.000000000000001
    endloop
  endfacet
  facet normal 0 0 0
    outer loop
      vertex -16.693653444659763 2.0443829257077764e-15 -7.499999999999999
      vertex -17.513300617405584 -3.483612086439773 -6.000000000000001
      vertex -17.856406460551018 2.186779101618792e-15 -6.000000000000001
    endloop
  endfacet
  facet normal 0 0 0
    outer loop
      vertex -16.37288957467498 -3.2567702261443237 -7.499999999999999
      vertex -15.422924740357695 -6.3883845989156995 -7.499999999999999
      vertex -16.497168453105395 -6.8333509140298245 -6.000000000000001
    endloop
  endfacet
  facet normal 0 0 0
    outer loop
      vertex -16.37288957467498 -3.2567702261443237 -7.499999999999999
      vertex -16.497168453105395 -6.8333509140298245 -6.000000000000001
      vertex -17.513300617405584 -3.483612086439773 -6.000000000000001
    endloop
  endfacet
  facet normal 0 0 0
    outer loop
      vertex -15.422924740357695 -6.3883845989156995 -7.499999999999999
      vertex -13.880265557544305 -9.274496934198105 -7.499999999999999
      vertex -14.847059356871023 -9.920487898181054 -6.000000000000001
    endloop
  endfacet
  facet normal 0 0 0
    outer loop
      vertex -15.422924740357695 -6.3883845989156995 -7.499999999999999
      vertex -14.847059356871023 -9.920487898181054 -6.000000000000001
      vertex -16.497168453105395 -6.8333509140298245 -6.000000000000001
    endloop
  endfacet
  facet normal 0 0 0
    outer loop
      vertex -13.880265557544305 -9.274496934198105 -7.499999999999999
      vertex -11.804195553497088 -11.804195553497085 -7.499999999999999
      vertex -12.626386095878905 -12.626386095878901 -6.000000000000001
    endloop
  endfacet
  facet normal 0 0 0
    outer loop
      vertex -13.880265557544305 -9.274496934198105 -7.499999999999999
      vertex -12.626386095878905 -12.626386095878901 -6.000000000000001
      vertex -14.847059356871023 -9.920487898181054 -6.000000000000001
    endloop
  endfacet
  facet normal 0 0 0
    outer loop
      vertex -11.804195553497088 -11.804195553497085 -7.499999999999999
      vertex -9.274496934198108 -13.880265557544302 -7.499999999999999
      vertex -9.920487898181058 -14.847059356871018 -6.000000000000001
    endloop
  endfacet
  facet normal 0 0 0
    outer loop
      vertex -11.804195553497088 -11.804195553497085 -7.499999999999999
      vertex -9.920487898181058 -14.847059356871018 -6.000000000000001
      vertex -12.626386095878905 -12.626386095878901 -6.000000000000001
    endloop
  endfacet
  facet normal 0 0 0
    outer loop
      vertex -9.274496934198108 -13.880265557544302 -7.499999999999999
      vertex -6.388384598915712 -15.42292474035769 -7.499999999999999
      vertex -6.833350914029838 -16.49716845310539 -6.000000000000001
    endloop
  endfacet
  facet normal 0 0 0
    outer loop
      vertex -9.274496934198108 -13.880265557544302 -7.499999999999999
      vertex -6.833350914029838 -16.49716845310539 -6.000000000000001
      vertex -9.920487898181058 -14.847059356871018 -6.000000000000001
    endloop
  endfacet
  facet normal 0 0 0
    outer loop
      vertex -6.388384598915712 -15.42292474035769 -7.499999999999999
      vertex -3.2567702261443285 -16.37288957467498 -7.499999999999999
      vertex -3.4836120864397784 -17.513300617405584 -6.000000000000001
    endloop
  endfacet
  facet normal 0 0 0
    outer loop
      vertex -6.388384598915712 -15.42292474035769 -7.499999999999999
      vertex -3.4836120864397784 -17.513300617405584 -6.000000000000001
      vertex -6.833350914029838 -16.49716845310539 -6.000000000000001
    endloop
  endfacet
  facet normal 0 0 0
    outer loop
      vertex -3.2567702261443285 -16.37288957467498 -7.499999999999999
      vertex -3.0665743885616644e-15 -16.693653444659763 -7.499999999999999
      vertex -3.280168652428188e-15 -17.856406460551018 -6.000000000000001
    endloop
  endfacet
  facet normal 0 0 0
    outer loop
      vertex -3.2567702261443285 -16.37288957467498 -7.499999999999999
      vertex -3.280168652428188e-15 -17.856406460551018 -6.000000000000001
      vertex -3.4836120864397784 -17.513300617405584 -6.000000000000001
    endloop
  endfacet
  facet normal 0 0 0
    outer loop
      vertex -3.0665743885616644e-15 -16.693653444659763 -7.499999999999999
      vertex 3.2567702261443228 -16.37288957467498 -7.499999999999999
      vertex 3.4836120864397717 -17.513300617405584 -6.000000000000001
    endloop
  endfacet
  facet normal 0 0 0
    outer loop
      vertex -3.0665743885616644e-15 -16.693653444659763 -7.499999999999999
      vertex 3.4836120864397717 -17.513300617405584 -6.000000000000001
      vertex -3.280168652428188e-15 -17.856406460551018 -6.000000000000001
    endloop
  endfacet
  facet normal 0 0 0
    outer loop
      vertex 3.2567702261443228 -16.37288957467498 -7.499999999999999
      vertex 6.388384598915706 -15.422924740357692 -7.499999999999999
      vertex 6.833350914029832 -16.49716845310539 -6.000000000000001
    endloop
  endfacet
  facet normal 0 0 0
    outer loop
      vertex 3.2567702261443228 -16.37288957467498 -7.499999999999999
      vertex 6.833350914029832 -16.49716845310539 -6.000000000000001
      vertex 3.4836120864397717 -17.513300617405584 -6.000000000000001
    endloop
  endfacet
  facet normal 0 0 0
    outer loop
      vertex 6.388384598915706 -15.422924740357692 -7.499999999999999
      vertex 9.274496934198103 -13.880265557544305 -7.499999999999999
      vertex 9.920487898181053 -14.847059356871023 -6.000000000000001
    endloop
  endfacet
  facet normal 0 0 0
    outer loop
      vertex 6.388384598915706 -15.422924740357692 -7.499999999999999
      vertex 9.920487898181053 -14.847059356871023 -6.000000000000001
      vertex 6.833350914029832 -16.49716845310539 -6.000000000000001
    endloop
  endfacet
  facet normal 0 0 0
    outer loop
      vertex 9.274496934198103 -13.880265557544305 -7.499999999999999
      vertex 11.804195553497083 -11.804195553497088 -7.499999999999999
      vertex 12.6263860958789 -12.626386095878905 -6.000000000000001
    endloop
  endfacet
  facet normal 0 0 0
    outer loop
      vertex 9.274496934198103 -13.880265557544305 -7.499999999999999
      vertex 12.6263860958789 -12.626386095878905 -6.000000000000001
      vertex 9.920487898181053 -14.847059356871023 -6.000000000000001
    endloop
  endfacet
  facet normal 0 0 0
    outer loop
      vertex 11.804195553497083 -11.804195553497088 -7.499999999999999
      vertex 13.880265557544302 -9.274496934198108 -7.499999999999999
      vertex 14.847059356871018 -9.920487898181058 -6.000000000000001
    endloop
  endfacet
  facet normal 0 0 0
    outer loop
      vertex 11.804195553497083 -11.804195553497088 -7.499999999999999
      vertex 14.847059356871018 -9.920487898181058 -6.000000000000001
      vertex 12.6263860958789 -12.626386095878905 -6.000000000000001
    endloop
  endfacet
  facet normal 0 0 0
    outer loop
      vertex 13.880265557544302 -9.274496934198108 -7.499999999999999
      vertex 15.42292474035769 -6.388384598915713 -7.499999999999999
      vertex 16.49716845310539 -6.833350914029839 -6.000000000000001
    endloop
  endfacet
  facet normal 0 0 0
    outer loop
      vertex 13.880265557544302 -9.274496934198108 -7.499999999999999
      vertex 16.49716845310539 -6.833350914029839 -6.000000000000001
      vertex 14.847059356871018 -9.920487898181058 -6.000000000000001
    endloop
  endfacet
  facet normal 0 0 0
    outer loop
      vertex 15.42292474035769 -6.388384598915713 -7.499999999999999
      vertex 16.37288957467498 -3.2567702261443294 -7.499999999999999
      vertex 17.513300617405584 -3.4836120864397793 -6.000000000000001
    endloop
  endfacet
  facet normal 0 0 0
    outer loop
      vertex 15.42292474035769 -6.388384598915713 -7.499999999999999
      vertex 17.513300617405584 -3.4836120864397793 -6.000000000000001
      vertex 16.49716845310539 -6.833350914029839 -6.000000000000001
    endloop
  endfacet
  facet normal 0 0 0
    outer loop
      vertex 16.37288957467498 -3.2567702261443294 -7.499999999999999
      vertex 16.693653444659763 0 -7.499999999999999
      vertex 17.856406460551018 0 -6.000000000000001
    endloop
  endfacet
  facet normal 0 0 0
    outer loop
      vertex 16.37288957467498 -3.2567702261443294 -7.499999999999999
      vertex 17.856406460551018 0 -6.000000000000001
      vertex 17.513300617405584 -3.4836120864397793 -6.000000000000001
    endloop
  endfacet
  facet normal 0 0 0
    outer loop
      vertex 17.856406460551018 0 -6.000000000000001
      vertex 17.513300617405584 3.483612086439771 -6.000000000000001
      vertex 18.421180263259128 3.664200576092304 -4.5
    endloop
  endfacet
  facet normal 0 0 0
    outer loop
      vertex 17.856406460551018 0 -6.000000000000001
      vertex 18.421180263259128 3.664200576092304 -4.5
      vertex 18.782072520180588 0 -4.5
    endloop
  endfacet
  facet normal 0 0 0
    outer loop
      vertex 17.513300617405584 3.483612086439771 -6.000000000000001
      vertex 16.497168453105395 6.833350914029827 -6.000000000000001
      vertex 17.352372379537528 7.187587978952739 -4.5
    endloop
  endfacet
  facet normal 0 0 0
    outer loop
      vertex 17.513300617405584 3.483612086439771 -6.000000000000001
      vertex 17.352372379537528 7.187587978952739 -4.5
      vertex 18.421180263259128 3.664200576092304 -4.5
    endloop
  endfacet
  facet normal 0 0 0
    outer loop
      vertex 16.497168453105395 6.833350914029827 -6.000000000000001
      vertex 14.847059356871018 9.920487898181058 -6.000000000000001
      vertex 15.616722556592842 10.434760406627795 -4.5
    endloop
  endfacet
  facet normal 0 0 0
    outer loop
      vertex 16.497168453105395 6.833350914029827 -6.000000000000001
      vertex 15.616722556592842 10.434760406627795 -4.5
      vertex 17.352372379537528 7.187587978952739 -4.5
    endloop
  endfacet
  facet normal 0 0 0
    outer loop
      vertex 14.847059356871018 9.920487898181058 -6.000000000000001
      vertex 12.626386095878903 12.626386095878901 -6.000000000000001
      vertex 13.280930843757202 13.2809308437572 -4.5
    endloop
  endfacet
  facet normal 0 0 0
    outer loop
      vertex 14.847059356871018 9.920487898181058 -6.000000000000001
      vertex 13.280930843757202 13.2809308437572 -4.5
      vertex 15.616722556592842 10.434760406627795 -4.5
    endloop
  endfacet
  facet normal 0 0 0
    outer loop
      vertex 12.626386095878903 12.626386095878901 -6.000000000000001
      vertex 9.92048789818106 14.847059356871018 -6.000000000000001
      vertex 10.434760406627799 15.616722556592842 -4.5
    endloop
  endfacet
  facet normal 0 0 0
    outer loop
      vertex 12.626386095878903 12.626386095878901 -6.000000000000001
      vertex 10.434760406627799 15.616722556592842 -4.5
      vertex 13.280930843757202 13.2809308437572 -4.5
    endloop
  endfacet
  facet normal 0 0 0
    outer loop
      vertex 9.92048789818106 14.847059356871018 -6.000000000000001
      vertex 6.833350914029829 16.497168453105395 -6.000000000000001
      vertex 7.187587978952741 17.352372379537528 -4.5
    endloop
  endfacet
  facet normal 0 0 0
    outer loop
      vertex 9.92048789818106 14.847059356871018 -6.000000000000001
      vertex 7.187587978952741 17.352372379537528 -4.5
      vertex 10.434760406627799 15.616722556592842 -4.5
    endloop
  endfacet
  facet normal 0 0 0
    outer loop
      vertex 6.833350914029829 16.497168453105395 -6.000000000000001
      vertex 3.483612086439772 17.513300617405584 -6.000000000000001
      vertex 3.664200576092306 18.421180263259128 -4.5
    endloop
  endfacet
  facet normal 0 0 0
    outer loop
      vertex 6.833350914029829 16.497168453105395 -6.000000000000001
      vertex 3.664200576092306 18.421180263259128 -4.5
      vertex 7.187587978952741 17.352372379537528 -4.5
    endloop
  endfacet
  facet normal 0 0 0
    outer loop
      vertex 3.483612086439772 17.513300617405584 -6.000000000000001
      vertex 1.093389550809396e-15 17.856406460551018 -6.000000000000001
      vertex 1.1500702496596309e-15 18.782072520180588 -4.5
    endloop
  endfacet
  facet normal 0 0 0
    outer loop
      vertex 3.483612086439772 17.513300617405584 -6.000000000000001
      vertex 1.1500702496596309e-15 18.782072520180588 -4.5
      vertex 3.664200576092306 18.421180263259128 -4.5
    endloop
  endfacet
  facet normal 0 0 0
    outer loop
      vertex 1.093389550809396e-15 17.856406460551018 -6.000000000000001
      vertex -3.48361208643977 17.513300617405584 -6.000000000000001
      vertex -3.6642005760923033 18.421180263259128 -4.5
    endloop
  endfacet
  facet normal 0 0 0
    outer loop
      vertex 1.093389550809396e-15 17.856406460551018 -6.000000000000001
      vertex -3.6642005760923033 18.421180263259128 -4.5
      vertex 1.1500702496596309e-15 18.782072520180588 -4.5
    endloop
  endfacet
  facet normal 0 0 0
    outer loop
      vertex -3.48361208643977 17.513300617405584 -6.000000000000001
      vertex -6.833350914029826 16.497168453105395 -6.000000000000001
      vertex -7.187587978952738 17.352372379537528 -4.5
    endloop
  endfacet
  facet normal 0 0 0
    outer loop
      vertex -3.48361208643977 17.513300617405584 -6.000000000000001
      vertex -7.187587978952738 17.352372379537528 -4.5
      vertex -3.6642005760923033 18.421180263259128 -4.5
    endloop
  endfacet
  facet normal 0 0 0
    outer loop
      vertex -6.833350914029826 16.497168453105395 -6.000000000000001
      vertex -9.920487898181054 14.847059356871021 -6.000000000000001
      vertex -10.434760406627792 15.616722556592844 -4.5
    endloop
  endfacet
  facet normal 0 0 0
    outer loop
      vertex -6.833350914029826 16.497168453105395 -6.000000000000001
      vertex -10.434760406627792 15.616722556592844 -4.5
      vertex -7.187587978952738 17.352372379537528 -4.5
    endloop
  endfacet
  facet normal 0 0 0
    outer loop
      vertex -9.920487898181054 14.847059356871021 -6.000000000000001
      vertex -12.626386095878901 12.626386095878903 -6.000000000000001
      vertex -13.2809308437572 13.280930843757202 -4.5
    endloop
  endfacet
  facet normal 0 0 0
    outer loop
      vertex -9.920487898181054 14.847059356871021 -6.000000000000001
      vertex -13.2809308437572 13.280930843757202 -4.5
      vertex -10.434760406627792 15.616722556592844 -4.5
    endloop
  endfacet
  facet normal 0 0 0
    outer loop
      vertex -12.626386095878901 12.626386095878903 -6.000000000000001
      vertex -14.847059356871021 9.920487898181058 -6.000000000000001
      vertex -15.616722556592844 10.434760406627795 -4.5
    endloop
  endfacet
  facet normal 0 0 0
    outer loop
      vertex -12.626386095878901 12.626386095878903 -6.000000000000001
      vertex -15.616722556592844 10.434760406627795 -4.5
      vertex -13.2809308437572 13.280930843757202 -4.5
    endloop
  endfacet
  facet normal 0 0 0
    outer loop
      vertex -14.847059356871021 9.920487898181058 -6.000000000000001
      vertex -16.497168453105395 6.83335091402983 -6.000000000000001
      vertex -17.352372379537528 7.187587978952742 -4.5
    endloop
  endfacet
  facet normal 0 0 0
    outer loop
      vertex -14.847059356871021 9.920487898181058 -6.000000000000001
      vertex -17.352372379537528 7.187587978952742 -4.5
      vertex -15.616722556592844 10.434760406627795 -4.5
    endloop
  endfacet
  facet normal 0 0 0
    outer loop
      vertex -16.497168453105395 6.83335091402983 -6.000000000000001
      vertex -17.513300617405584 3.4836120864397775 -6.000000000000001
      vertex -18.421180263259128 3.664200576092311 -4.5
    endloop
  endfacet
  facet normal 0 0 0
    outer loop
      vertex -16.497168453105395 6.83335091402983 -6.000000000000001
      vertex -18.421180263259128 3.664200576092311 -4.5
      vertex -17.352372379537528 7.187587978952742 -4.5
    endloop
  endfacet
  facet normal 0 0 0
    outer loop
      vertex -17.513300617405584 3.4836120864397775 -6.000000000000001
      vertex -17.856406460551018 2.186779101618792e-15 -6.000000000000001
      vertex -18.782072520180588 2.3001404993192618e-15 -4.5
    endloop
  endfacet
  facet normal 0 0 0
    outer loop
      vertex -17.513300617405584 3.4836120864397775 -6.000000000000001
      vertex -18.782072520180588 2.3001404993192618e-15 -4.5
      vertex -18.421180263259128 3.664200576092311 -4.5
    endloop
  endfacet
  facet normal 0 0 0
    outer loop
      vertex -17.856406460551018 2.186779101618792e-15 -6.000000000000001
      vertex -17.513300617405584 -3.483612086439773 -6.000000000000001
      vertex -18.421180263259128 -3.6642005760923064 -4.5
    endloop
  endfacet
  facet normal 0 0 0
    outer loop
      vertex -17.856406460551018 2.186779101618792e-15 -6.000000000000001
      vertex -18.421180263259128 -3.6642005760923064 -4.5
      vertex -18.782072520180588 2.3001404993192618e-15 -4.5
    endloop
  endfacet
  facet normal 0 0 0
    outer loop
      vertex -17.513300617405584 -3.483612086439773 -6.000000000000001
      vertex -16.497168453105395 -6.8333509140298245 -6.000000000000001
      vertex -17.352372379537528 -7.187587978952736 -4.5
    endloop
  endfacet
  facet normal 0 0 0
    outer loop
      vertex -17.513300617405584 -3.483612086439773 -6.000000000000001
      vertex -17.352372379537528 -7.187587978952736 -4.5
      vertex -18.421180263259128 -3.6642005760923064 -4.5
    endloop
  endfacet
  facet normal 0 0 0
    outer loop
      vertex -16.497168453105395 -6.8333509140298245 -6.000000000000001
      vertex -14.847059356871023 -9.920487898181054 -6.000000000000001
      vertex -15.616722556592846 -10.434760406627792 -4.5
    endloop
  endfacet
  facet normal 0 0 0
    outer loop
      vertex -16.497168453105395 -6.8333509140298245 -6.000000000000001
      vertex -15.616722556592846 -10.434760406627792 -4.5
      vertex -17.352372379537528 -7.187587978952736 -4.5
    endloop
  endfacet
  facet normal 0 0 0
    outer loop
      vertex -14.847059356871023 -9.920487898181054 -6.000000000000001
      vertex -12.626386095878905 -12.626386095878901 -6.000000000000001
      vertex -13.280930843757204 -13.2809308437572 -4.5
    endloop
  endfacet
  facet normal 0 0 0
    outer loop
      vertex -14.847059356871023 -9.920487898181054 -6.000000000000001
      vertex -13.280930843757204 -13.2809308437572 -4.5
      vertex -15.616722556592846 -10.434760406627792 -4.5
    endloop
  endfacet
  facet normal 0 0 0
    outer loop
      vertex -12.626386095878905 -12.626386095878901 -6.000000000000001
      vertex -9.920487898181058 -14.847059356871018 -6.000000000000001
      vertex -10.434760406627795 -15.616722556592842 -4.5
    endloop
  endfacet
  facet normal 0 0 0
    outer loop
      vertex -12.626386095878905 -12.626386095878901 -6.000000000000001
      vertex -10.434760406627795 -15.616722556592842 -4.5
      vertex -13.280930843757204 -13.2809308437572 -4.5
    endloop
  endfacet
  facet normal 0 0 0
    outer loop
      vertex -9.920487898181058 -14.847059356871018 -6.000000000000001
      vertex -6.833350914029838 -16.49716845310539 -6.000000000000001
      vertex -7.18758797895275 -17.352372379537524 -4.5
    endloop
  endfacet
  facet normal 0 0 0
    outer loop
      vertex -9.920487898181058 -14.847059356871018 -6.000000000000001
      vertex -7.18758797895275 -17.352372379537524 -4.5
      vertex -10.434760406627795 -15.616722556592842 -4.5
    endloop
  endfacet
  facet normal 0 0 0
    outer loop
      vertex -6.833350914029838 -16.49716845310539 -6.000000000000001
      vertex -3.4836120864397784 -17.513300617405584 -6.000000000000001
      vertex -3.664200576092312 -18.421180263259124 -4.5
    endloop
  endfacet
  facet normal 0 0 0
    outer loop
      vertex -6.833350914029838 -16.49716845310539 -6.000000000000001
      vertex -3.664200576092312 -18.421180263259124 -4.5
      vertex -7.18758797895275 -17.352372379537524 -4.5
    endloop
  endfacet
  facet normal 0 0 0
    outer loop
      vertex -3.4836120864397784 -17.513300617405584 -6.000000000000001
      vertex -3.280168652428188e-15 -17.856406460551018 -6.000000000000001
      vertex -3.4502107489788925e-15 -18.782072520180588 -4.5
    endloop
  endfacet
  facet normal 0 0 0
    outer loop
      vertex -3.4836120864397784 -17.513300617405584 -6.000000000000001
      vertex -3.4502107489788925e-15 -18.782072520180588 -4.5
      vertex -3.664200576092312 -18.421180263259124 -4.5
    endloop
  endfacet
  facet normal 0 0 0
    outer loop
      vertex -3.280168652428188e-15 -17.856406460551018 -6.000000000000001
      vertex 3.4836120864397717 -17.513300617405584 -6.000000000000001
      vertex 3.6642005760923055 -18.421180263259128 -4.5
    endloop
  endfacet
  facet normal 0 0 0
    outer loop
      vertex -3.280168652428188e-15 -17.856406460551018 -6.000000000000001
      vertex 3.6642005760923055 -18.421180263259128 -4.5
      vertex -3.4502107489788925e-15 -18.782072520180588 -4.5
    endloop
  endfacet
  facet normal 0 0 0
    outer loop
      vertex 3.4836120864397717 -17.513300617405584 -6.000000000000001
      vertex 6.833350914029832 -16.49716845310539 -6.000000000000001
      vertex 7.1875879789527435 -17.352372379537524 -4.5
    endloop
  endfacet
  facet normal 0 0 0
    outer loop
      vertex 3.4836120864397717 -17.513300617405584 -6.000000000000001
      vertex 7.1875879789527435 -17.352372379537524 -4.5
      vertex 3.6642005760923055 -18.421180263259128 -4.5
    endloop
  endfacet
  facet normal 0 0 0
    outer loop
      vertex 6.833350914029832 -16.49716845310539 -6.000000000000001
      vertex 9.920487898181053 -14.847059356871023 -6.000000000000001
      vertex 10.43476040662779 -15.616722556592846 -4.5
    endloop
  endfacet
  facet normal 0 0 0
    outer loop
      vertex 6.833350914029832 -16.49716845310539 -6.000000000000001
      vertex 10.43476040662779 -15.616722556592846 -4.5
      vertex 7.1875879789527435 -17.352372379537524 -4.5
    endloop
  endfacet
  facet normal 0 0 0
    outer loop
      vertex 9.920487898181053 -14.847059356871023 -6.000000000000001
      vertex 12.6263860958789 -12.626386095878905 -6.000000000000001
      vertex 13.280930843757199 -13.280930843757204 -4.5
    endloop
  endfacet
  facet normal 0 0 0
    outer loop
      vertex 9.920487898181053 -14.847059356871023 -6.000000000000001
      vertex 13.280930843757199 -13.280930843757204 -4.5
      vertex 10.43476040662779 -15.616722556592846 -4.5
    endloop
  endfacet
  facet normal 0 0 0
    outer loop
      vertex 12.6263860958789 -12.626386095878905 -6.000000000000001
      vertex 14.847059356871018 -9.920487898181058 -6.000000000000001
      vertex 15.616722556592842 -10.434760406627795 -4.5
    endloop
  endfacet
  facet normal 0 0 0
    outer loop
      vertex 12.6263860958789 -12.626386095878905 -6.000000000000001
      vertex 15.616722556592842 -10.434760406627795 -4.5
      vertex 13.280930843757199 -13.280930843757204 -4.5
    endloop
  endfacet
  facet normal 0 0 0
    outer loop
      vertex 14.847059356871018 -9.920487898181058 -6.000000000000001
      vertex 16.49716845310539 -6.833350914029839 -6.000000000000001
      vertex 17.352372379537524 -7.187587978952751 -4.5
    endloop
  endfacet
  facet normal 0 0 0
    outer loop
      vertex 14.847059356871018 -9.920487898181058 -6.000000000000001
      vertex 17.352372379537524 -7.187587978952751 -4.5
      vertex 15.616722556592842 -10.434760406627795 -4.5
    endloop
  endfacet
  facet normal 0 0 0
    outer loop
      vertex 16.49716845310539 -6.833350914029839 -6.000000000000001
      vertex 17.513300617405584 -3.4836120864397793 -6.000000000000001
      vertex 18.421180263259124 -3.664200576092313 -4.5
    endloop
  endfacet
  facet normal 0 0 0
    outer loop
      vertex 16.49716845310539 -6.833350914029839 -6.000000000000001
      vertex 18.421180263259124 -3.664200576092313 -4.5
      vertex 17.352372379537524 -7.187587978952751 -4.5
    endloop
  endfacet
  facet normal 0 0 0
    outer loop
      vertex 17.513300617405584 -3.4836120864397793 -6.000000000000001
      vertex 17.856406460551018 0 -6.000000000000001
      vertex 18.782072520180588 0 -4.5
    endloop
  endfacet
  facet normal 0 0 0
    outer loop
      vertex 17.513300617405584 -3.4836120864397793 -6.000000000000001
      vertex 18.782072520180588 0 -4.5
      vertex 18.421180263259124 -3.664200576092313 -4.5
    endloop
  endfacet
  facet normal 0 0 0
    outer loop
      vertex 18.782072520180588 0 -4.5
      vertex 18.421180263259128 3.664200576092304 -4.5
      vertex 19.080994439783254 3.795445775975378 -2.999999999999999
    endloop
  endfacet
  facet normal 0 0 0
    outer loop
      vertex 18.782072520180588 0 -4.5
      vertex 19.080994439783254 3.795445775975378 -2.999999999999999
      vertex 19.45481322062509 0 -2.999999999999999
    endloop
  endfacet
  facet normal 0 0 0
    outer loop
      vertex 18.421180263259128 3.664200576092304 -4.5
      vertex 17.352372379537528 7.187587978952739 -4.5
      vertex 17.97390374336551 7.445034699290536 -2.999999999999999
    endloop
  endfacet
  facet normal 0 0 0
    outer loop
      vertex 18.421180263259128 3.664200576092304 -4.5
      vertex 17.97390374336551 7.445034699290536 -2.999999999999999
      vertex 19.080994439783254 3.795445775975378 -2.999999999999999
    endloop
  endfacet
  facet normal 0 0 0
    outer loop
      vertex 17.352372379537528 7.187587978952739 -4.5
      vertex 15.616722556592842 10.434760406627795 -4.5
      vertex 16.176086005971577 10.808515114335519 -2.999999999999999
    endloop
  endfacet
  facet normal 0 0 0
    outer loop
      vertex 17.352372379537528 7.187587978952739 -4.5
      vertex 16.176086005971577 10.808515114335519 -2.999999999999999
      vertex 17.97390374336551 7.445034699290536 -2.999999999999999
    endloop
  endfacet
  facet normal 0 0 0
    outer loop
      vertex 15.616722556592842 10.434760406627795 -4.5
      vertex 13.280930843757202 13.2809308437572 -4.5
      vertex 13.756630355021699 13.756630355021697 -2.999999999999999
    endloop
  endfacet
  facet normal 0 0 0
    outer loop
      vertex 15.616722556592842 10.434760406627795 -4.5
      vertex 13.756630355021699 13.756630355021697 -2.999999999999999
      vertex 16.176086005971577 10.808515114335519 -2.999999999999999
    endloop
  endfacet
  facet normal 0 0 0
    outer loop
      vertex 13.280930843757202 13.2809308437572 -4.5
      vertex 10.434760406627799 15.616722556592842 -4.5
      vertex 10.80851511433552 16.176086005971577 -2.999999999999999
    endloop
  endfacet
  facet normal 0 0 0
    outer loop
      vertex 13.280930843757202 13.2809308437572 -4.5
      vertex 10.80851511433552 16.176086005971577 -2.999999999999999
      vertex 13.756630355021699 13.756630355021697 -2.999999999999999
    endloop
  endfacet
  facet normal 0 0 0
    outer loop
      vertex 10.434760406627799 15.616722556592842 -4.5
      vertex 7.187587978952741 17.352372379537528 -4.5
      vertex 7.445034699290538 17.97390374336551 -2.999999999999999
    endloop
  endfacet
  facet normal 0 0 0
    outer loop
      vertex 10.434760406627799 15.616722556592842 -4.5
      vertex 7.445034699290538 17.97390374336551 -2.999999999999999
      vertex 10.80851511433552 16.176086005971577 -2.999999999999999
    endloop
  endfacet
  facet normal 0 0 0
    outer loop
      vertex 7.187587978952741 17.352372379537528 -4.5
      vertex 3.664200576092306 18.421180263259128 -4.5
      vertex 3.79544577597538 19.080994439783254 -2.999999999999999
    endloop
  endfacet
  facet normal 0 0 0
    outer loop
      vertex 7.187587978952741 17.352372379537528 -4.5
      vertex 3.79544577597538 19.080994439783254 -2.999999999999999
      vertex 7.445034699290538 17.97390374336551 -2.999999999999999
    endloop
  endfacet
  facet normal 0 0 0
    outer loop
      vertex 3.664200576092306 18.421180263259128 -4.5
      vertex 1.1500702496596309e-15 18.782072520180588 -4.5
      vertex 1.1912637369324064e-15 19.45481322062509 -2.999999999999999
    endloop
  endfacet
  facet normal 0 0 0
    outer loop
      vertex 3.664200576092306 18.421180263259128 -4.5
      vertex 1.1912637369324064e-15 19.45481322062509 -2.999999999999999
      vertex 3.79544577597538 19.080994439783254 -2.999999999999999
    endloop
  endfacet
  facet normal 0 0 0
    outer loop
      vertex 1.1500702496596309e-15 18.782072520180588 -4.5
      vertex -3.6642005760923033 18.421180263259128 -4.5
      vertex -3.7954457759753772 19.080994439783254 -2.999999999999999
    endloop
  endfacet
  facet normal 0 0 0
    outer loop
      vertex 1.1500702496596309e-15 18.782072520180588 -4.5
      vertex -3.7954457759753772 19.080994439783254 -2.999999999999999
      vertex 1.1912637369324064e-15 19.45481322062509 -2.999999999999999
    endloop
  endfacet
  facet normal 0 0 0
    outer loop
      vertex -3.6642005760923033 18.421180263259128 -4.5
      vertex -7.187587978952738 17.352372379537528 -4.5
      vertex -7.445034699290535 17.97390374336551 -2.999999999999999
    endloop
  endfacet
  facet normal 0 0 0
    outer loop
      vertex -3.6642005760923033 18.421180263259128 -4.5
      vertex -7.445034699290535 17.97390374336551 -2.999999999999999
      vertex -3.7954457759753772 19.080994439783254 -2.999999999999999
    endloop
  endfacet
  facet normal 0 0 0
    outer loop
      vertex -7.187587978952738 17.352372379537528 -4.5
      vertex -10.434760406627792 15.616722556592844 -4.5
      vertex -10.808515114335515 16.176086005971577 -2.999999999999999
    endloop
  endfacet
  facet normal 0 0 0
    outer loop
      vertex -7.187587978952738 17.352372379537528 -4.5
      vertex -10.808515114335515 16.176086005971577 -2.999999999999999
      vertex -7.445034699290535 17.97390374336551 -2.999999999999999
    endloop
  endfacet
  facet normal 0 0 0
    outer loop
      vertex -10.434760406627792 15.616722556592844 -4.5
      vertex -13.2809308437572 13.280930843757202 -4.5
      vertex -13.756630355021697 13.756630355021699 -2.999999999999999
    endloop
  endfacet
  facet normal 0 0 0
    outer loop
      vertex -10.434760406627792 15.616722556592844 -4.5
      vertex -13.756630355021697 13.756630355021699 -2.999999999999999
      vertex -10.808515114335515 16.176086005971577 -2.999999999999999
    endloop
  endfacet
  facet normal 0 0 0
    outer loop
      vertex -13.2809308437572 13.280930843757202 -4.5
      vertex -15.616722556592844 10.434760406627795 -4.5
      vertex -16.176086005971577 10.808515114335519 -2.999999999999999
    endloop
  endfacet
  facet normal 0 0 0
    outer loop
      vertex -13.2809308437572 13.280930843757202 -4.5
      vertex -16.176086005971577 10.808515114335519 -2.999999999999999
      vertex -13.756630355021697 13.756630355021699 -2.999999999999999
    endloop
  endfacet
  facet normal 0 0 0
    outer loop
      vertex -15.616722556592844 10.434760406627795 -4.5
      vertex -17.352372379537528 7.187587978952742 -4.5
      vertex -17.97390374336551 7.445034699290539 -2.999999999999999
    endloop
  endfacet
  facet normal 0 0 0
    outer loop
      vertex -15.616722556592844 10.434760406627795 -4.5
      vertex -17.97390374336551 7.445034699290539 -2.999999999999999
      vertex -16.176086005971577 10.808515114335519 -2.999999999999999
    endloop
  endfacet
  facet normal 0 0 0
    outer loop
      vertex -17.352372379537528 7.187587978952742 -4.5
      vertex -18.421180263259128 3.664200576092311 -4.5
      vertex -19.080994439783254 3.7954457759753852 -2.999999999999999
    endloop
  endfacet
  facet normal 0 0 0
    outer loop
      vertex -17.352372379537528 7.187587978952742 -4.5
      vertex -19.080994439783254 3.7954457759753852 -2.999999999999999
      vertex -17.97390374336551 7.445034699290539 -2.999999999999999
    endloop
  endfacet
  facet normal 0 0 0
    outer loop
      vertex -18.421180263259128 3.664200576092311 -4.5
      vertex -18.782072520180588 2.3001404993192618e-15 -4.5
      vertex -19.45481322062509 2.3825274738648127e-15 -2.999999999999999
    endloop
  endfacet
  facet normal 0 0 0
    outer loop
      vertex -18.421180263259128 3.664200576092311 -4.5
      vertex -19.45481322062509 2.3825274738648127e-15 -2.999999999999999
      vertex -19.080994439783254 3.7954457759753852 -2.999999999999999
    endloop
  endfacet
  facet normal 0 0 0
    outer loop
      vertex -18.782072520180588 2.3001404993192618e-15 -4.5
      vertex -18.421180263259128 -3.6642005760923064 -4.5
      vertex -19.080994439783254 -3.7954457759753804 -2.999999999999999
    endloop
  endfacet
  facet normal 0 0 0
    outer loop
      vertex -18.782072520180588 2.3001404993192618e-15 -4.5
      vertex -19.080994439783254 -3.7954457759753804 -2.999999999999999
      vertex -19.45481322062509 2.3825274738648127e-15 -2.999999999999999
    endloop
  endfacet
  facet normal 0 0 0
    outer loop
      vertex -18.421180263259128 -3.6642005760923064 -4.5
      vertex -17.352372379537528 -7.187587978952736 -4.5
      vertex -17.97390374336551 -7.445034699290534 -2.999999999999999
    endloop
  endfacet
  facet normal 0 0 0
    outer loop
      vertex -18.421180263259128 -3.6642005760923064 -4.5
      vertex -17.97390374336551 -7.445034699290534 -2.999999999999999
      vertex -19.080994439783254 -3.7954457759753804 -2.999999999999999
    endloop
  endfacet
  facet normal 0 0 0
    outer loop
      vertex -17.352372379537528 -7.187587978952736 -4.5
      vertex -15.616722556592846 -10.434760406627792 -4.5
      vertex -16.17608600597158 -10.808515114335515 -2.999999999999999
    endloop
  endfacet
  facet normal 0 0 0
    outer loop
      vertex -17.352372379537528 -7.187587978952736 -4.5
      vertex -16.17608600597158 -10.808515114335515 -2.999999999999999
      vertex -17.97390374336551 -7.445034699290534 -2.999999999999999
    endloop
  endfacet
  facet normal 0 0 0
    outer loop
      vertex -15.616722556592846 -10.434760406627792 -4.5
      vertex -13.280930843757204 -13.2809308437572 -4.5
      vertex -13.756630355021702 -13.756630355021697 -2.999999999999999
    endloop
  endfacet
  facet normal 0 0 0
    outer loop
      vertex -15.616722556592846 -10.434760406627792 -4.5
      vertex -13.756630355021702 -13.756630355021697 -2.999999999999999
      vertex -16.17608600597158 -10.808515114335515 -2.999999999999999
    endloop
  endfacet
  facet normal 0 0 0
    outer loop
      vertex -13.280930843757204 -13.2809308437572 -4.5
      vertex -10.434760406627795 -15.616722556592842 -4.5
      vertex -10.808515114335519 -16.176086005971577 -2.999999999999999
    endloop
  endfacet
  facet normal 0 0 0
    outer loop
      vertex -13.280930843757204 -13.2809308437572 -4.5
      vertex -10.808515114335519 -16.176086005971577 -2.999999999999999
      vertex -13.756630355021702 -13.756630355021697 -2.999999999999999
    endloop
  endfacet
  facet normal 0 0 0
    outer loop
      vertex -10.434760406627795 -15.616722556592842 -4.5
      vertex -7.18758797895275 -17.352372379537524 -4.5
      vertex -7.445034699290548 -17.973903743365504 -2.999999999999999
    endloop
  endfacet
  facet normal 0 0 0
    outer loop
      vertex -10.434760406627795 -15.616722556592842 -4.5
      vertex -7.445034699290548 -17.973903743365504 -2.999999999999999
      vertex -10.808515114335519 -16.176086005971577 -2.999999999999999
    endloop
  endfacet
  facet normal 0 0 0
    outer loop
      vertex -7.18758797895275 -17.352372379537524 -4.5
      vertex -3.664200576092312 -18.421180263259124 -4.5
      vertex -3.795445775975386 -19.080994439783254 -2.999999999999999
    endloop
  endfacet
  facet normal 0 0 0
    outer loop
      vertex -7.18758797895275 -17.352372379537524 -4.5
      vertex -3.795445775975386 -19.080994439783254 -2.999999999999999
      vertex -7.445034699290548 -17.973903743365504 -2.999999999999999
    endloop
  endfacet
  facet normal 0 0 0
    outer loop
      vertex -3.664200576092312 -18.421180263259124 -4.5
      vertex -3.4502107489788925e-15 -18.782072520180588 -4.5
      vertex -3.573791210797219e-15 -19.45481322062509 -2.999999999999999
    endloop
  endfacet
  facet normal 0 0 0
    outer loop
      vertex -3.664200576092312 -18.421180263259124 -4.5
      vertex -3.573791210797219e-15 -19.45481322062509 -2.999999999999999
      vertex -3.795445775975386 -19.080994439783254 -2.999999999999999
    endloop
  endfacet
  facet normal 0 0 0
    outer loop
      vertex -3.4502107489788925e-15 -18.782072520180588 -4.5
      vertex 3.6642005760923055 -18.421180263259128 -4.5
      vertex 3.795445775975379 -19.080994439783254 -2.999999999999999
    endloop
  endfacet
  facet normal 0 0 0
    outer loop
      vertex -3.4502107489788925e-15 -18.782072520180588 -4.5
      vertex 3.795445775975379 -19.080994439783254 -2.999999999999999
      vertex -3.573791210797219e-15 -19.45481322062509 -2.999999999999999
    endloop
  endfacet
  facet normal 0 0 0
    outer loop
      vertex 3.6642005760923055 -18.421180263259128 -4.5
      vertex 7.1875879789527435 -17.352372379537524 -4.5
      vertex 7.445034699290541 -17.973903743365508 -2.999999999999999
    endloop
  endfacet
  facet normal 0 0 0
    outer loop
      vertex 3.6642005760923055 -18.421180263259128 -4.5
      vertex 7.445034699290541 -17.973903743365508 -2.999999999999999
      vertex 3.795445775975379 -19.080994439783254 -2.999999999999999
    endloop
  endfacet
  facet normal 0 0 0
    outer loop
      vertex 7.1875879789527435 -17.352372379537524 -4.5
      vertex 10.43476040662779 -15.616722556592846 -4.5
      vertex 10.808515114335513 -16.17608600597158 -2.999999999999999
    endloop
  endfacet
  facet normal 0 0 0
    outer loop
      vertex 7.1875879789527435 -17.352372379537524 -4.5
      vertex 10.808515114335513 -16.17608600597158 -2.999999999999999
      vertex 7.445034699290541 -17.973903743365508 -2.999999999999999
    endloop
  endfacet
  facet normal 0 0 0
    outer loop
      vertex 10.43476040662779 -15.616722556592846 -4.5
      vertex 13.280930843757199 -13.280930843757204 -4.5
      vertex 13.756630355021695 -13.756630355021702 -2.999999999999999
    endloop
  endfacet
  facet normal 0 0 0
    outer loop
      vertex 10.43476040662779 -15.616722556592846 -4.5
      vertex 13.756630355021695 -13.756630355021702 -2.999999999999999
      vertex 10.808515114335513 -16.17608600597158 -2.999999999999999
    endloop
  endfacet
  facet normal 0 0 0
    outer loop
      vertex 13.280930843757199 -13.280930843757204 -4.5
      vertex 15.616722556592842 -10.434760406627795 -4.5
      vertex 16.176086005971577 -10.808515114335519 -2.999999999999999
    endloop
  endfacet
  facet normal 0 0 0
    outer loop
      vertex 13.280930843757199 -13.280930843757204 -4.5
      vertex 16.176086005971577 -10.808515114335519 -2.999999999999999
      vertex 13.756630355021695 -13.756630355021702 -2.999999999999999
    endloop
  endfacet
  facet normal 0 0 0
    outer loop
      vertex 15.616722556592842 -10.434760406627795 -4.5
      vertex 17.352372379537524 -7.187587978952751 -4.5
      vertex 17.973903743365504 -7.445034699290549 -2.999999999999999
    endloop
  endfacet
  facet normal 0 0 0
    outer loop
      vertex 15.616722556592842 -10.434760406627795 -4.5
      vertex 17.973903743365504 -7.445034699290549 -2.999999999999999
      vertex 16.176086005971577 -10.808515114335519 -2.999999999999999
    endloop
  endfacet
  facet normal 0 0 0
    outer loop
      vertex 17.352372379537524 -7.187587978952751 -4.5
      vertex 18.421180263259124 -3.664200576092313 -4.5
      vertex 19.080994439783254 -3.7954457759753875 -2.999999999999999
    endloop
  endfacet
  facet normal 0 0 0
    outer loop
      vertex 17.352372379537524 -7.187587978952751 -4.5
      vertex 19.080994439783254 -3.7954457759753875 -2.999999999999999
      vertex 17.973903743365504 -7.445034699290549 -2.999999999999999
    endloop
  endfacet
  facet normal 0 0 0
    outer loop
      vertex 18.421180263259124 -3.664200576092313 -4.5
      vertex 18.782072520180588 0 -4.5
      vertex 19.45481322062509 0 -2.999999999999999
    endloop
  endfacet
  facet normal 0 0 0
    outer loop
      vertex 18.421180263259124 -3.664200576092313 -4.5
      vertex 19.45481322062509 0 -2.999999999999999
      vertex 19.080994439783254 -3.7954457759753875 -2.999999999999999
    endloop
  endfacet
  facet normal 0 0 0
    outer loop
      vertex 19.45481322062509 0 -2.999999999999999
      vertex 19.080994439783254 3.795445775975378 -2.999999999999999
      vertex 19.481453543482598 3.87510204433095 -1.5000000000000007
    endloop
  endfacet
  facet normal 0 0 0
    outer loop
      vertex 19.45481322062509 0 -2.999999999999999
      vertex 19.481453543482598 3.87510204433095 -1.5000000000000007
      vertex 19.863117781980968 0 -1.5000000000000007
    endloop
  endfacet
  facet normal 0 0 0
    outer loop
      vertex 19.080994439783254 3.795445775975378 -2.999999999999999
      vertex 17.97390374336551 7.445034699290536 -2.999999999999999
      vertex 18.351127970633204 7.601286090280526 -1.5000000000000007
    endloop
  endfacet
  facet normal 0 0 0
    outer loop
      vertex 19.080994439783254 3.795445775975378 -2.999999999999999
      vertex 18.351127970633204 7.601286090280526 -1.5000000000000007
      vertex 19.481453543482598 3.87510204433095 -1.5000000000000007
    endloop
  endfacet
  facet normal 0 0 0
    outer loop
      vertex 17.97390374336551 7.445034699290536 -2.999999999999999
      vertex 16.176086005971577 10.808515114335519 -2.999999999999999
      vertex 16.51557884130351 11.03535697463097 -1.5000000000000007
    endloop
  endfacet
  facet normal 0 0 0
    outer loop
      vertex 17.97390374336551 7.445034699290536 -2.999999999999999
      vertex 16.51557884130351 11.03535697463097 -1.5000000000000007
      vertex 18.351127970633204 7.601286090280526 -1.5000000000000007
    endloop
  endfacet
  facet normal 0 0 0
    outer loop
      vertex 16.176086005971577 10.808515114335519 -2.999999999999999
      vertex 13.756630355021699 13.756630355021697 -2.999999999999999
      vertex 14.045345279145838 14.045345279145836 -1.5000000000000007
    endloop
  endfacet
  facet normal 0 0 0
    outer loop
      vertex 16.176086005971577 10.808515114335519 -2.999999999999999
      vertex 14.045345279145838 14.045345279145836 -1.5000000000000007
      vertex 16.51557884130351 11.03535697463097 -1.5000000000000007
    endloop
  endfacet
  facet normal 0 0 0
    outer loop
      vertex 13.756630355021699 13.756630355021697 -2.999999999999999
      vertex 10.80851511433552 16.176086005971577 -2.999999999999999
      vertex 11.035356974630972 16.51557884130351 -1.5000000000000007
    endloop
  endfacet
  facet normal 0 0 0
    outer loop
      vertex 13.756630355021699 13.756630355021697 -2.999999999999999
      vertex 11.035356974630972 16.51557884130351 -1.5000000000000007
      vertex 14.045345279145838 14.045345279145836 -1.5000000000000007
    endloop
  endfacet
  facet normal 0 0 0
    outer loop
      vertex 10.80851511433552 16.176086005971577 -2.999999999999999
      vertex 7.445034699290538 17.97390374336551 -2.999999999999999
      vertex 7.601286090280527 18.351127970633204 -1.5000000000000007
    endloop
  endfacet
  facet normal 0 0 0
    outer loop
      vertex 10.80851511433552 16.176086005971577 -2.999999999999999
      vertex 7.601286090280527 18.351127970633204 -1.5000000000000007
      vertex 11.035356974630972 16.51557884130351 -1.5000000000000007
    endloop
  endfacet
  facet normal 0 0 0
    outer loop
      vertex 7.445034699290538 17.97390374336551 -2.999999999999999
      vertex 3.79544577597538 19.080994439783254 -2.999999999999999
      vertex 3.875102044330952 19.481453543482598 -1.5000000000000007
    endloop
  endfacet
  facet normal 0 0 0
    outer loop
      vertex 7.445034699290538 17.97390374336551 -2.999999999999999
      vertex 3.875102044330952 19.481453543482598 -1.5000000000000007
      vertex 7.601286090280527 18.351127970633204 -1.5000000000000007
    endloop
  endfacet
  facet normal 0 0 0
    outer loop
      vertex 3.79544577597538 19.080994439783254 -2.999999999999999
      vertex 1.1912637369324064e-15 19.45481322062509 -2.999999999999999
      vertex 1.2162651806394933e-15 19.863117781980968 -1.5000000000000007
    endloop
  endfacet
  facet normal 0 0 0
    outer loop
      vertex 3.79544577597538 19.080994439783254 -2.999999999999999
      vertex 1.2162651806394933e-15 19.863117781980968 -1.5000000000000007
      vertex 3.875102044330952 19.481453543482598 -1.5000000000000007
    endloop
  endfacet
  facet normal 0 0 0
    outer loop
      vertex 1.1912637369324064e-15 19.45481322062509 -2.999999999999999
      vertex -3.7954457759753772 19.080994439783254 -2.999999999999999
      vertex -3.875102044330949 19.481453543482598 -1.5000000000000007
    endloop
  endfacet
  facet normal 0 0 0
    outer loop
      vertex 1.1912637369324064e-15 19.45481322062509 -2.999999999999999
      vertex -3.875102044330949 19.481453543482598 -1.5000000000000007
      vertex 1.2162651806394933e-15 19.863117781980968 -1.5000000000000007
    endloop
  endfacet
  facet normal 0 0 0
    outer loop
      vertex -3.7954457759753772 19.080994439783254 -2.999999999999999
      vertex -7.445034699290535 17.97390374336551 -2.999999999999999
      vertex -7.601286090280524 18.351127970633204 -1.5000000000000007
    endloop
  endfacet
  facet normal 0 0 0
    outer loop
      vertex -3.7954457759753772 19.080994439783254 -2.999999999999999
      vertex -7.601286090280524 18.351127970633204 -1.5000000000000007
      vertex -3.875102044330949 19.481453543482598 -1.5000000000000007
    endloop
  endfacet
  facet normal 0 0 0
    outer loop
      vertex -7.445034699290535 17.97390374336551 -2.999999999999999
      vertex -10.808515114335515 16.176086005971577 -2.999999999999999
      vertex -11.035356974630966 16.51557884130351 -1.5000000000000007
    endloop
  endfacet
  facet normal 0 0 0
    outer loop
      vertex -7.445034699290535 17.97390374336551 -2.999999999999999
      vertex -11.035356974630966 16.51557884130351 -1.5000000000000007
      vertex -7.601286090280524 18.351127970633204 -1.5000000000000007
    endloop
  endfacet
  facet normal 0 0 0
    outer loop
      vertex -10.808515114335515 16.176086005971577 -2.999999999999999
      vertex -13.756630355021697 13.756630355021699 -2.999999999999999
      vertex -14.045345279145836 14.045345279145838 -1.5000000000000007
    endloop
  endfacet
  facet normal 0 0 0
    outer loop
      vertex -10.808515114335515 16.176086005971577 -2.999999999999999
      vertex -14.045345279145836 14.045345279145838 -1.5000000000000007
      vertex -11.035356974630966 16.51557884130351 -1.5000000000000007
    endloop
  endfacet
  facet normal 0 0 0
    outer loop
      vertex -13.756630355021697 13.756630355021699 -2.999999999999999
      vertex -16.176086005971577 10.808515114335519 -2.999999999999999
      vertex -16.51557884130351 11.03535697463097 -1.5000000000000007
    endloop
  endfacet
  facet normal 0 0 0
    outer loop
      vertex -13.756630355021697 13.756630355021699 -2.999999999999999
      vertex -16.51557884130351 11.03535697463097 -1.5000000000000007
      vertex -14.045345279145836 14.045345279145838 -1.5000000000000007
    endloop
  endfacet
  facet normal 0 0 0
    outer loop
      vertex -16.176086005971577 10.808515114335519 -2.999999999999999
      vertex -17.97390374336551 7.445034699290539 -2.999999999999999
      vertex -18.351127970633204 7.601286090280528 -1.5000000000000007
    endloop
  endfacet
  facet normal 0 0 0
    outer loop
      vertex -16.176086005971577 10.808515114335519 -2.999999999999999
      vertex -18.351127970633204 7.601286090280528 -1.5000000000000007
      vertex -16.51557884130351 11.03535697463097 -1.5000000000000007
    endloop
  endfacet
  facet normal 0 0 0
    outer loop
      vertex -17.97390374336551 7.445034699290539 -2.999999999999999
      vertex -19.080994439783254 3.7954457759753852 -2.999999999999999
      vertex -19.481453543482598 3.875102044330957 -1.5000000000000007
    endloop
  endfacet
  facet normal 0 0 0
    outer loop
      vertex -17.97390374336551 7.445034699290539 -2.999999999999999
      vertex -19.481453543482598 3.875102044330957 -1.5000000000000007
      vertex -18.351127970633204 7.601286090280528 -1.5000000000000007
    endloop
  endfacet
  facet normal 0 0 0
    outer loop
      vertex -19.080994439783254 3.7954457759753852 -2.999999999999999
      vertex -19.45481322062509 2.3825274738648127e-15 -2.999999999999999
      vertex -19.863117781980968 2.4325303612789865e-15 -1.5000000000000007
    endloop
  endfacet
  facet normal 0 0 0
    outer loop
      vertex -19.080994439783254 3.7954457759753852 -2.999999999999999
      vertex -19.863117781980968 2.4325303612789865e-15 -1.5000000000000007
      vertex -19.481453543482598 3.875102044330957 -1.5000000000000007
    endloop
  endfacet
  facet normal 0 0 0
    outer loop
      vertex -19.45481322062509 2.3825274738648127e-15 -2.999999999999999
      vertex -19.080994439783254 -3.7954457759753804 -2.999999999999999
      vertex -19.481453543482598 -3.8751020443309523 -1.5000000000000007
    endloop
  endfacet
  facet normal 0 0 0
    outer loop
      vertex -19.45481322062509 2.3825274738648127e-15 -2.999999999999999
      vertex -19.481453543482598 -3.8751020443309523 -1.5000000000000007
      vertex -19.863117781980968 2.4325303612789865e-15 -1.5000000000000007
    endloop
  endfacet
  facet normal 0 0 0
    outer loop
      vertex -19.080994439783254 -3.7954457759753804 -2.999999999999999
      vertex -17.97390374336551 -7.445034699290534 -2.999999999999999
      vertex -18.351127970633204 -7.601286090280523 -1.5000000000000007
    endloop
  endfacet
  facet normal 0 0 0
    outer loop
      vertex -19.080994439783254 -3.7954457759753804 -2.999999999999999
      vertex -18.351127970633204 -7.601286090280523 -1.5000000000000007
      vertex -19.481453543482598 -3.8751020443309523 -1.5000000000000007
    endloop
  endfacet
  facet normal 0 0 0
    outer loop
      vertex -17.97390374336551 -7.445034699290534 -2.999999999999999
      vertex -16.17608600597158 -10.808515114335515 -2.999999999999999
      vertex -16.515578841303512 -11.035356974630966 -1.5000000000000007
    endloop
  endfacet
  facet normal 0 0 0
    outer loop
      vertex -17.97390374336551 -7.445034699290534 -2.999999999999999
      vertex -16.515578841303512 -11.035356974630966 -1.5000000000000007
      vertex -18.351127970633204 -7.601286090280523 -1.5000000000000007
    endloop
  endfacet
  facet normal 0 0 0
    outer loop
      vertex -16.17608600597158 -10.808515114335515 -2.999999999999999
      vertex -13.756630355021702 -13.756630355021697 -2.999999999999999
      vertex -14.04534527914584 -14.045345279145836 -1.5000000000000007
    endloop
  endfacet
  facet normal 0 0 0
    outer loop
      vertex -16.17608600597158 -10.808515114335515 -2.999999999999999
      vertex -14.04534527914584 -14.045345279145836 -1.5000000000000007
      vertex -16.515578841303512 -11.035356974630966 -1.5000000000000007
    endloop
  endfacet
  facet normal 0 0 0
    outer loop
      vertex -13.756630355021702 -13.756630355021697 -2.999999999999999
      vertex -10.808515114335519 -16.176086005971577 -2.999999999999999
      vertex -11.03535697463097 -16.51557884130351 -1.5000000000000007
    endloop
  endfacet
  facet normal 0 0 0
    outer loop
      vertex -13.756630355021702 -13.756630355021697 -2.999999999999999
      vertex -11.03535697463097 -16.51557884130351 -1.5000000000000007
      vertex -14.04534527914584 -14.045345279145836 -1.5000000000000007
    endloop
  endfacet
  facet normal 0 0 0
    outer loop
      vertex -10.808515114335519 -16.176086005971577 -2.999999999999999
      vertex -7.445034699290548 -17.973903743365504 -2.999999999999999
      vertex -7.601286090280537 -18.3511279706332 -1.5000000000000007
    endloop
  endfacet
  facet normal 0 0 0
    outer loop
      vertex -10.808515114335519 -16.176086005971577 -2.999999999999999
      vertex -7.601286090280537 -18.3511279706332 -1.5000000000000007
      vertex -11.03535697463097 -16.51557884130351 -1.5000000000000007
    endloop
  endfacet
  facet normal 0 0 0
    outer loop
      vertex -7.445034699290548 -17.973903743365504 -2.999999999999999
      vertex -3.795445775975386 -19.080994439783254 -2.999999999999999
      vertex -3.8751020443309585 -19.481453543482594 -1.5000000000000007
    endloop
  endfacet
  facet normal 0 0 0
    outer loop
      vertex -7.445034699290548 -17.973903743365504 -2.999999999999999
      vertex -3.8751020443309585 -19.481453543482594 -1.5000000000000007
      vertex -7.601286090280537 -18.3511279706332 -1.5000000000000007
    endloop
  endfacet
  facet normal 0 0 0
    outer loop
      vertex -3.795445775975386 -19.080994439783254 -2.999999999999999
      vertex -3.573791210797219e-15 -19.45481322062509 -2.999999999999999
      vertex -3.6487955419184794e-15 -19.863117781980968 -1.5000000000000007
    endloop
  endfacet
  facet normal 0 0 0
    outer loop
      vertex -3.795445775975386 -19.080994439783254 -2.999999999999999
      vertex -3.6487955419184794e-15 -19.863117781980968 -1.5000000000000007
      vertex -3.8751020443309585 -19.481453543482594 -1.5000000000000007
    endloop
  endfacet
  facet normal 0 0 0
    outer loop
      vertex -3.573791210797219e-15 -19.45481322062509 -2.999999999999999
      vertex 3.795445775975379 -19.080994439783254 -2.999999999999999
      vertex 3.8751020443309514 -19.481453543482598 -1.5000000000000007
    endloop
  endfacet
  facet normal 0 0 0
    outer loop
      vertex -3.573791210797219e-15 -19.45481322062509 -2.999999999999999
      vertex 3.8751020443309514 -19.481453543482598 -1.5000000000000007
      vertex -3.6487955419184794e-15 -19.863117781980968 -1.5000000000000007
    endloop
  endfacet
  facet normal 0 0 0
    outer loop
      vertex 3.795445775975379 -19.080994439783254 -2.999999999999999
      vertex 7.445034699290541 -17.973903743365508 -2.999999999999999
      vertex 7.601286090280531 -18.3511279706332 -1.5000000000000007
    endloop
  endfacet
  facet normal 0 0 0
    outer loop
      vertex 3.795445775975379 -19.080994439783254 -2.999999999999999
      vertex 7.601286090280531 -18.3511279706332 -1.5000000000000007
      vertex 3.8751020443309514 -19.481453543482598 -1.5000000000000007
    endloop
  endfacet
  facet normal 0 0 0
    outer loop
      vertex 7.445034699290541 -17.973903743365508 -2.999999999999999
      vertex 10.808515114335513 -16.17608600597158 -2.999999999999999
      vertex 11.035356974630963 -16.515578841303512 -1.5000000000000007
    endloop
  endfacet
  facet normal 0 0 0
    outer loop
      vertex 7.445034699290541 -17.973903743365508 -2.999999999999999
      vertex 11.035356974630963 -16.515578841303512 -1.5000000000000007
      vertex 7.601286090280531 -18.3511279706332 -1.5000000000000007
    endloop
  endfacet
  facet normal 0 0 0
    outer loop
      vertex 10.808515114335513 -16.17608600597158 -2.999999999999999
      vertex 13.756630355021695 -13.756630355021702 -2.999999999999999
      vertex 14.045345279145835 -14.04534527914584 -1.5000000000000007
    endloop
  endfacet
  facet normal 0 0 0
    outer loop
      vertex 10.808515114335513 -16.17608600597158 -2.999999999999999
      vertex 14.045345279145835 -14.04534527914584 -1.5000000000000007
      vertex 11.035356974630963 -16.515578841303512 -1.5000000000000007
    endloop
  endfacet
  facet normal 0 0 0
    outer loop
      vertex 13.756630355021695 -13.756630355021702 -2.999999999999999
      vertex 16.176086005971577 -10.808515114335519 -2.999999999999999
      vertex 16.51557884130351 -11.03535697463097 -1.5000000000000007
    endloop
  endfacet
  facet normal 0 0 0
    outer loop
      vertex 13.756630355021695 -13.756630355021702 -2.999999999999999
      vertex 16.51557884130351 -11.03535697463097 -1.5000000000000007
      vertex 14.045345279145835 -14.04534527914584 -1.5000000000000007
    endloop
  endfacet
  facet normal 0 0 0
    outer loop
      vertex 16.176086005971577 -10.808515114335519 -2.999999999999999
      vertex 17.973903743365504 -7.445034699290549 -2.999999999999999
      vertex 18.3511279706332 -7.601286090280538 -1.5000000000000007
    endloop
  endfacet
  facet normal 0 0 0
    outer loop
      vertex 16.176086005971577 -10.808515114335519 -2.999999999999999
      vertex 18.3511279706332 -7.601286090280538 -1.5000000000000007
      vertex 16.51557884130351 -11.03535697463097 -1.5000000000000007
    endloop
  endfacet
  facet normal 0 0 0
    outer loop
      vertex 17.973903743365504 -7.445034699290549 -2.999999999999999
      vertex 19.080994439783254 -3.7954457759753875 -2.999999999999999
      vertex 19.481453543482594 -3.8751020443309594 -1.5000000000000007
    endloop
  endfacet
  facet normal 0 0 0
    outer loop
      vertex 17.973903743365504 -7.445034699290549 -2.999999999999999
      vertex 19.481453543482594 -3.8751020443309594 -1.5000000000000007
      vertex 18.3511279706332 -7.601286090280538 -1.5000000000000007
    endloop
  endfacet
  facet normal 0 0 0
    outer loop
      vertex 19.080994439783254 -3.7954457759753875 -2.999999999999999
      vertex 19.45481322062509 0 -2.999999999999999
      vertex 19.863117781980968 0 -1.5000000000000007
    endloop
  endfacet
  facet normal 0 0 0
    outer loop
      vertex 19.080994439783254 -3.7954457759753875 -2.999999999999999
      vertex 19.863117781980968 0 -1.5000000000000007
      vertex 19.481453543482594 -3.8751020443309594 -1.5000000000000007
    endloop
  endfacet
  facet normal 0 0 0
    outer loop
      vertex 19.863117781980968 0 -1.5000000000000007
      vertex 19.481453543482598 3.87510204433095 -1.5000000000000007
      vertex 19.61570560806461 3.9018064403225647 0
    endloop
  endfacet
  facet normal 0 0 0
    outer loop
      vertex 19.863117781980968 0 -1.5000000000000007
      vertex 19.61570560806461 3.9018064403225647 0
      vertex 20 0 0
    endloop
  endfacet
  facet normal 0 0 0
    outer loop
      vertex 19.481453543482598 3.87510204433095 -1.5000000000000007
      vertex 18.351127970633204 7.601286090280526 -1.5000000000000007
      vertex 18.477590650225736 7.653668647301796 0
    endloop
  endfacet
  facet normal 0 0 0
    outer loop
      vertex 19.481453543482598 3.87510204433095 -1.5000000000000007
      vertex 18.477590650225736 7.653668647301796 0
      vertex 19.61570560806461 3.9018064403225647 0
    endloop
  endfacet
  facet normal 0 0 0
    outer loop
      vertex 18.351127970633204 7.601286090280526 -1.5000000000000007
      vertex 16.51557884130351 11.03535697463097 -1.5000000000000007
      vertex 16.629392246050905 11.111404660392044 0
    endloop
  endfacet
  facet normal 0 0 0
    outer loop
      vertex 18.351127970633204 7.601286090280526 -1.5000000000000007
      vertex 16.629392246050905 11.111404660392044 0
      vertex 18.477590650225736 7.653668647301796 0
    endloop
  endfacet
  facet normal 0 0 0
    outer loop
      vertex 16.51557884130351 11.03535697463097 -1.5000000000000007
      vertex 14.045345279145838 14.045345279145836 -1.5000000000000007
      vertex 14.142135623730951 14.14213562373095 0
    endloop
  endfacet
  facet normal 0 0 0
    outer loop
      vertex 16.51557884130351 11.03535697463097 -1.5000000000000007
      vertex 14.142135623730951 14.14213562373095 0
      vertex 16.629392246050905 11.111404660392044 0
    endloop
  endfacet
  facet normal 0 0 0
    outer loop
      vertex 14.045345279145838 14.045345279145836 -1.5000000000000007
      vertex 11.035356974630972 16.51557884130351 -1.5000000000000007
      vertex 11.111404660392045 16.629392246050905 0
    endloop
  endfacet
  facet normal 0 0 0
    outer loop
      vertex 14.045345279145838 14.045345279145836 -1.5000000000000007
      vertex 11.111404660392045 16.629392246050905 0
      vertex 14.142135623730951 14.14213562373095 0
    endloop
  endfacet
  facet normal 0 0 0
    outer loop
      vertex 11.035356974630972 16.51557884130351 -1.5000000000000007
      vertex 7.601286090280527 18.351127970633204 -1.5000000000000007
      vertex 7.653668647301797 18.477590650225736 0
    endloop
  endfacet
  facet normal 0 0 0
    outer loop
      vertex 11.035356974630972 16.51557884130351 -1.5000000000000007
      vertex 7.653668647301797 18.477590650225736 0
      vertex 11.111404660392045 16.629392246050905 0
    endloop
  endfacet
  facet normal 0 0 0
    outer loop
      vertex 7.601286090280527 18.351127970633204 -1.5000000000000007
      vertex 3.875102044330952 19.481453543482598 -1.5000000000000007
      vertex 3.9018064403225665 19.61570560806461 0
    endloop
  endfacet
  facet normal 0 0 0
    outer loop
      vertex 7.601286090280527 18.351127970633204 -1.5000000000000007
      vertex 3.9018064403225665 19.61570560806461 0
      vertex 7.653668647301797 18.477590650225736 0
    endloop
  endfacet
  facet normal 0 0 0
    outer loop
      vertex 3.875102044330952 19.481453543482598 -1.5000000000000007
      vertex 1.2162651806394933e-15 19.863117781980968 -1.5000000000000007
      vertex 1.2246467991473533e-15 20 0
    endloop
  endfacet
  facet normal 0 0 0
    outer loop
      vertex 3.875102044330952 19.481453543482598 -1.5000000000000007
      vertex 1.2246467991473533e-15 20 0
      vertex 3.9018064403225665 19.61570560806461 0
    endloop
  endfacet
  facet normal 0 0 0
    outer loop
      vertex 1.2162651806394933e-15 19.863117781980968 -1.5000000000000007
      vertex -3.875102044330949 19.481453543482598 -1.5000000000000007
      vertex -3.901806440322564 19.61570560806461 0
    endloop
  endfacet
  facet normal 0 0 0
    outer loop
      vertex 1.2162651806394933e-15 19.863117781980968 -1.5000000000000007
      vertex -3.901806440322564 19.61570560806461 0
      vertex 1.2246467991473533e-15 20 0
    endloop
  endfacet
  facet normal 0 0 0
    outer loop
      vertex -3.875102044330949 19.481453543482598 -1.5000000000000007
      vertex -7.601286090280524 18.351127970633204 -1.5000000000000007
      vertex -7.653668647301794 18.477590650225736 0
    endloop
  endfacet
  facet normal 0 0 0
    outer loop
      vertex -3.875102044330949 19.481453543482598 -1.5000000000000007
      vertex -7.653668647301794 18.477590650225736 0
      vertex -3.901806440322564 19.61570560806461 0
    endloop
  endfacet
  facet normal 0 0 0
    outer loop
      vertex -7.601286090280524 18.351127970633204 -1.5000000000000007
      vertex -11.035356974630966 16.51557884130351 -1.5000000000000007
      vertex -11.11140466039204 16.629392246050905 0
    endloop
  endfacet
  facet normal 0 0 0
    outer loop
      vertex -7.601286090280524 18.351127970633204 -1.5000000000000007
      vertex -11.11140466039204 16.629392246050905 0
      vertex -7.653668647301794 18.477590650225736 0
    endloop
  endfacet
  facet normal 0 0 0
    outer loop
      vertex -11.035356974630966 16.51557884130351 -1.5000000000000007
      vertex -14.045345279145836 14.045345279145838 -1.5000000000000007
      vertex -14.14213562373095 14.142135623730951 0
    endloop
  endfacet
  facet normal 0 0 0
    outer loop
      vertex -11.035356974630966 16.51557884130351 -1.5000000000000007
      vertex -14.14213562373095 14.142135623730951 0
      vertex -11.11140466039204 16.629392246050905 0
    endloop
  endfacet
  facet normal 0 0 0
    outer loop
      vertex -14.045345279145836 14.045345279145838 -1.5000000000000007
      vertex -16.51557884130351 11.03535697463097 -1.5000000000000007
      vertex -16.629392246050905 11.111404660392044 0
    endloop
  endfacet
  facet normal 0 0 0
    outer loop
      vertex -14.045345279145836 14.045345279145838 -1.5000000000000007
      vertex -16.629392246050905 11.111404660392044 0
      vertex -14.14213562373095 14.142135623730951 0
    endloop
  endfacet
  facet normal 0 0 0
    outer loop
      vertex -16.51557884130351 11.03535697463097 -1.5000000000000007
      vertex -18.351127970633204 7.601286090280528 -1.5000000000000007
      vertex -18.477590650225736 7.653668647301798 0
    endloop
  endfacet
  facet normal 0 0 0
    outer loop
      vertex -16.51557884130351 11.03535697463097 -1.5000000000000007
      vertex -18.477590650225736 7.653668647301798 0
      vertex -16.629392246050905 11.111404660392044 0
    endloop
  endfacet
  facet normal 0 0 0
    outer loop
      vertex -18.351127970633204 7.601286090280528 -1.5000000000000007
      vertex -19.481453543482598 3.875102044330957 -1.5000000000000007
      vertex -19.61570560806461 3.9018064403225723 0
    endloop
  endfacet
  facet normal 0 0 0
    outer loop
      vertex -18.351127970633204 7.601286090280528 -1.5000000000000007
      vertex -19.61570560806461 3.9018064403225723 0
      vertex -18.477590650225736 7.653668647301798 0
    endloop
  endfacet
  facet normal 0 0 0
    outer loop
      vertex -19.481453543482598 3.875102044330957 -1.5000000000000007
      vertex -19.863117781980968 2.4325303612789865e-15 -1.5000000000000007
      vertex -20 2.4492935982947065e-15 0
    endloop
  endfacet
  facet normal 0 0 0
    outer loop
      vertex -19.481453543482598 3.875102044330957 -1.5000000000000007
      vertex -20 2.4492935982947065e-15 0
      vertex -19.61570560806461 3.9018064403225723 0
    endloop
  endfacet
  facet normal 0 0 0
    outer loop
      vertex -19.863117781980968 2.4325303612789865e-15 -1.5000000000000007
      vertex -19.481453543482598 -3.8751020443309523 -1.5000000000000007
      vertex -19.61570560806461 -3.9018064403225674 0
    endloop
  endfacet
  facet normal 0 0 0
    outer loop
      vertex -19.863117781980968 2.4325303612789865e-15 -1.5000000000000007
      vertex -19.61570560806461 -3.9018064403225674 0
      vertex -20 2.4492935982947065e-15 0
    endloop
  endfacet
  facet normal 0 0 0
    outer loop
      vertex -19.481453543482598 -3.8751020443309523 -1.5000000000000007
      vertex -18.351127970633204 -7.601286090280523 -1.5000000000000007
      vertex -18.477590650225736 -7.653668647301792 0
    endloop
  endfacet
  facet normal 0 0 0
    outer loop
      vertex -19.481453543482598 -3.8751020443309523 -1.5000000000000007
      vertex -18.477590650225736 -7.653668647301792 0
      vertex -19.61570560806461 -3.9018064403225674 0
    endloop
  endfacet
  facet normal 0 0 0
    outer loop
      vertex -18.351127970633204 -7.601286090280523 -1.5000000000000007
      vertex -16.515578841303512 -11.035356974630966 -1.5000000000000007
      vertex -16.62939224605091 -11.11140466039204 0
    endloop
  endfacet
  facet normal 0 0 0
    outer loop
      vertex -18.351127970633204 -7.601286090280523 -1.5000000000000007
      vertex -16.62939224605091 -11.11140466039204 0
      vertex -18.477590650225736 -7.653668647301792 0
    endloop
  endfacet
  facet normal 0 0 0
    outer loop
      vertex -16.515578841303512 -11.035356974630966 -1.5000000000000007
      vertex -14.04534527914584 -14.045345279145836 -1.5000000000000007
      vertex -14.142135623730955 -14.14213562373095 0
    endloop
  endfacet
  facet normal 0 0 0
    outer loop
      vertex -16.515578841303512 -11.035356974630966 -1.5000000000000007
      vertex -14.142135623730955 -14.14213562373095 0
      vertex -16.62939224605091 -11.11140466039204 0
    endloop
  endfacet
  facet normal 0 0 0
    outer loop
      vertex -14.04534527914584 -14.045345279145836 -1.5000000000000007
      vertex -11.03535697463097 -16.51557884130351 -1.5000000000000007
      vertex -11.111404660392044 -16.629392246050905 0
    endloop
  endfacet
  facet normal 0 0 0
    outer loop
      vertex -14.04534527914584 -14.045345279145836 -1.5000000000000007
      vertex -11.111404660392044 -16.629392246050905 0
      vertex -14.142135623730955 -14.14213562373095 0
    endloop
  endfacet
  facet normal 0 0 0
    outer loop
      vertex -11.03535697463097 -16.51557884130351 -1.5000000000000007
      vertex -7.601286090280537 -18.3511279706332 -1.5000000000000007
      vertex -7.6536686473018065 -18.47759065022573 0
    endloop
  endfacet
  facet normal 0 0 0
    outer loop
      vertex -11.03535697463097 -16.51557884130351 -1.5000000000000007
      vertex -7.6536686473018065 -18.47759065022573 0
      vertex -11.111404660392044 -16.629392246050905 0
    endloop
  endfacet
  facet normal 0 0 0
    outer loop
      vertex -7.601286090280537 -18.3511279706332 -1.5000000000000007
      vertex -3.8751020443309585 -19.481453543482594 -1.5000000000000007
      vertex -3.901806440322573 -19.615705608064605 0
    endloop
  endfacet
  facet normal 0 0 0
    outer loop
      vertex -7.601286090280537 -18.3511279706332 -1.5000000000000007
      vertex -3.901806440322573 -19.615705608064605 0
      vertex -7.6536686473018065 -18.47759065022573 0
    endloop
  endfacet
  facet normal 0 0 0
    outer loop
      vertex -3.8751020443309585 -19.481453543482594 -1.5000000000000007
      vertex -3.6487955419184794e-15 -19.863117781980968 -1.5000000000000007
      vertex -3.673940397442059e-15 -20 0
    endloop
  endfacet
  facet normal 0 0 0
    outer loop
      vertex -3.8751020443309585 -19.481453543482594 -1.5000000000000007
      vertex -3.673940397442059e-15 -20 0
      vertex -3.901806440322573 -19.615705608064605 0
    endloop
  endfacet
  facet normal 0 0 0
    outer loop
      vertex -3.6487955419184794e-15 -19.863117781980968 -1.5000000000000007
      vertex 3.8751020443309514 -19.481453543482598 -1.5000000000000007
      vertex 3.901806440322566 -19.61570560806461 0
    endloop
  endfacet
  facet normal 0 0 0
    outer loop
      vertex -3.6487955419184794e-15 -19.863117781980968 -1.5000000000000007
      vertex 3.901806440322566 -19.61570560806461 0
      vertex -3.673940397442059e-15 -20 0
    endloop
  endfacet
  facet normal 0 0 0
    outer loop
      vertex 3.8751020443309514 -19.481453543482598 -1.5000000000000007
      vertex 7.601286090280531 -18.3511279706332 -1.5000000000000007
      vertex 7.6536686473018 -18.477590650225732 0
    endloop
  endfacet
  facet normal 0 0 0
    outer loop
      vertex 3.8751020443309514 -19.481453543482598 -1.5000000000000007
      vertex 7.6536686473018 -18.477590650225732 0
      vertex 3.901806440322566 -19.61570560806461 0
    endloop
  endfacet
  facet normal 0 0 0
    outer loop
      vertex 7.601286090280531 -18.3511279706332 -1.5000000000000007
      vertex 11.035356974630963 -16.515578841303512 -1.5000000000000007
      vertex 11.111404660392036 -16.62939224605091 0
    endloop
  endfacet
  facet normal 0 0 0
    outer loop
      vertex 7.601286090280531 -18.3511279706332 -1.5000000000000007
      vertex 11.111404660392036 -16.62939224605091 0
      vertex 7.6536686473018 -18.477590650225732 0
    endloop
  endfacet
  facet normal 0 0 0
    outer loop
      vertex 11.035356974630963 -16.515578841303512 -1.5000000000000007
      vertex 14.045345279145835 -14.04534527914584 -1.5000000000000007
      vertex 14.142135623730947 -14.142135623730955 0
    endloop
  endfacet
  facet normal 0 0 0
    outer loop
      vertex 11.035356974630963 -16.515578841303512 -1.5000000000000007
      vertex 14.142135623730947 -14.142135623730955 0
      vertex 11.111404660392036 -16.62939224605091 0
    endloop
  endfacet
  facet normal 0 0 0
    outer loop
      vertex 14.045345279145835 -14.04534527914584 -1.5000000000000007
      vertex 16.51557884130351 -11.03535697463097 -1.5000000000000007
      vertex 16.629392246050905 -11.111404660392044 0
    endloop
  endfacet
  facet normal 0 0 0
    outer loop
      vertex 14.045345279145835 -14.04534527914584 -1.5000000000000007
      vertex 16.629392246050905 -11.111404660392044 0
      vertex 14.142135623730947 -14.142135623730955 0
    endloop
  endfacet
  facet normal 0 0 0
    outer loop
      vertex 16.51557884130351 -11.03535697463097 -1.5000000000000007
      vertex 18.3511279706332 -7.601286090280538 -1.5000000000000007
      vertex 18.47759065022573 -7.653668647301808 0
    endloop
  endfacet
  facet normal 0 0 0
    outer loop
      vertex 16.51557884130351 -11.03535697463097 -1.5000000000000007
      vertex 18.47759065022573 -7.653668647301808 0
      vertex 16.629392246050905 -11.111404660392044 0
    endloop
  endfacet
  facet normal 0 0 0
    outer loop
      vertex 18.3511279706332 -7.601286090280538 -1.5000000000000007
      vertex 19.481453543482594 -3.8751020443309594 -1.5000000000000007
      vertex 19.615705608064605 -3.9018064403225745 0
    endloop
  endfacet
  facet normal 0 0 0
    outer loop
      vertex 18.3511279706332 -7.601286090280538 -1.5000000000000007
      vertex 19.615705608064605 -3.9018064403225745 0
      vertex 18.47759065022573 -7.653668647301808 0
    endloop
  endfacet
  facet normal 0 0 0
    outer loop
      vertex 19.481453543482594 -3.8751020443309594 -1.5000000000000007
      vertex 19.863117781980968 0 -1.5000000000000007
      vertex 20 0 0
    endloop
  endfacet
  facet normal 0 0 0
    outer loop
      vertex 19.481453543482594 -3.8751020443309594 -1.5000000000000007
      vertex 20 0 0
      vertex 19.615705608064605 -3.9018064403225745 0
    endloop
  endfacet
  facet normal 0 0 0
    outer loop
      vertex 20 0 0
      vertex 19.61570560806461 3.9018064403225647 0
      vertex 19.481453543482598 3.87510204433095 1.4999999999999987
    endloop
  endfacet
  facet normal 0 0 0
    outer loop
      vertex 20 0 0
      vertex 19.481453543482598 3.87510204433095 1.4999999999999987
      vertex 19.863117781980968 0 1.4999999999999987
    endloop
  endfacet
  facet normal 0 0 0
    outer loop
      vertex 19.61570560806461 3.9018064403225647 0
      vertex 18.477590650225736 7.653668647301796 0
      vertex 18.351127970633204 7.601286090280526 1.4999999999999987
    endloop
  endfacet
  facet normal 0 0 0
    outer loop
      vertex 19.61570560806461 3.9018064403225647 0
      vertex 18.351127970633204 7.601286090280526 1.4999999999999987
      vertex 19.481453543482598 3.87510204433095 1.4999999999999987
    endloop
  endfacet
  facet normal 0 0 0
    outer loop
      vertex 18.477590650225736 7.653668647301796 0
      vertex 16.629392246050905 11.111404660392044 0
      vertex 16.51557884130351 11.03535697463097 1.4999999999999987
    endloop
  endfacet
  facet normal 0 0 0
    outer loop
      vertex 18.477590650225736 7.653668647301796 0
      vertex 16.51557884130351 11.03535697463097 1.4999999999999987
      vertex 18.351127970633204 7.601286090280526 1.4999999999999987
    endloop
  endfacet
  facet normal 0 0 0
    outer loop
      vertex 16.629392246050905 11.111404660392044 0
      vertex 14.142135623730951 14.14213562373095 0
      vertex 14.045345279145838 14.045345279145836 1.4999999999999987
    endloop
  endfacet
  facet normal 0 0 0
    outer loop
      vertex 16.629392246050905 11.111404660392044 0
      vertex 14.045345279145838 14.045345279145836 1.4999999999999987
      vertex 16.51557884130351 11.03535697463097 1.4999999999999987
    endloop
  endfacet
  facet normal 0 0 0
    outer loop
      vertex 14.142135623730951 14.14213562373095 0
      vertex 11.111404660392045 16.629392246050905 0
      vertex 11.035356974630972 16.51557884130351 1.4999999999999987
    endloop
  endfacet
  facet normal 0 0 0
    outer loop
      vertex 14.142135623730951 14.14213562373095 0
      vertex 11.035356974630972 16.51557884130351 1.4999999999999987
      vertex 14.045345279145838 14.045345279145836 1.4999999999999987
    endloop
  endfacet
  facet normal 0 0 0
    outer loop
      vertex 11.111404660392045 16.629392246050905 0
      vertex 7.653668647301797 18.477590650225736 0
      vertex 7.601286090280527 18.351127970633204 1.4999999999999987
    endloop
  endfacet
  facet normal 0 0 0
    outer loop
      vertex 11.111404660392045 16.629392246050905 0
      vertex 7.601286090280527 18.351127970633204 1.4999999999999987
      vertex 11.035356974630972 16.51557884130351 1.4999999999999987
    endloop
  endfacet
  facet normal 0 0 0
    outer loop
      vertex 7.653668647301797 18.477590650225736 0
      vertex 3.9018064403225665 19.61570560806461 0
      vertex 3.875102044330952 19.481453543482598 1.4999999999999987
    endloop
  endfacet
  facet normal 0 0 0
    outer loop
      vertex 7.653668647301797 18.477590650225736 0
      vertex 3.875102044330952 19.481453543482598 1.4999999999999987
      vertex 7.601286090280527 18.351127970633204 1.4999999999999987
    endloop
  endfacet
  facet normal 0 0 0
    outer loop
      vertex 3.9018064403225665 19.61570560806461 0
      vertex 1.2246467991473533e-15 20 0
      vertex 1.2162651806394933e-15 19.863117781980968 1.4999999999999987
    endloop
  endfacet
  facet normal 0 0 0
    outer loop
      vertex 3.9018064403225665 19.61570560806461 0
      vertex 1.2162651806394933e-15 19.863117781980968 1.4999999999999987
      vertex 3.875102044330952 19.481453543482598 1.4999999999999987
    endloop
  endfacet
  facet normal 0 0 0
    outer loop
      vertex 1.2246467991473533e-15 20 0
      vertex -3.901806440322564 19.61570560806461 0
      vertex -3.875102044330949 19.481453543482598 1.4999999999999987
    endloop
  endfacet
  facet normal 0 0 0
    outer loop
      vertex 1.2246467991473533e-15 20 0
      vertex -3.875102044330949 19.481453543482598 1.4999999999999987
      vertex 1.2162651806394933e-15 19.863117781980968 1.4999999999999987
    endloop
  endfacet
  facet normal 0 0 0
    outer loop
      vertex -3.901806440322564 19.61570560806461 0
      vertex -7.653668647301794 18.477590650225736 0
      vertex -7.601286090280524 18.351127970633204 1.4999999999999987
    endloop
  endfacet
  facet normal 0 0 0
    outer loop
      vertex -3.901806440322564 19.61570560806461 0
      vertex -7.601286090280524 18.351127970633204 1.4999999999999987
      vertex -3.875102044330949 19.481453543482598 1.4999999999999987
    endloop
  endfacet
  facet normal 0 0 0
    outer loop
      vertex -7.653668647301794 18.477590650225736 0
      vertex -11.11140466039204 16.629392246050905 0
      vertex -11.035356974630966 16.51557884130351 1.4999999999999987
    endloop
  endfacet
  facet normal 0 0 0
    outer loop
      vertex -7.653668647301794 18.477590650225736 0
      vertex -11.035356974630966 16.51557884130351 1.4999999999999987
      vertex -7.601286090280524 18.351127970633204 1.4999999999999987
    endloop
  endfacet
  facet normal 0 0 0
    outer loop
      vertex -11.11140466039204 16.629392246050905 0
      vertex -14.14213562373095 14.142135623730951 0
      vertex -14.045345279145836 14.045345279145838 1.4999999999999987
    endloop
  endfacet
  facet normal 0 0 0
    outer loop
      vertex -11.11140466039204 16.629392246050905 0
      vertex -14.045345279145836 14.045345279145838 1.4999999999999987
      vertex -11.035356974630966 16.51557884130351 1.4999999999999987
    endloop
  endfacet
  facet normal 0 0 0
    outer loop
      vertex -14.14213562373095 14.142135623730951 0
      vertex -16.629392246050905 11.111404660392044 0
      vertex -16.51557884130351 11.03535697463097 1.4999999999999987
    endloop
  endfacet
  facet normal 0 0 0
    outer loop
      vertex -14.14213562373095 14.142135623730951 0
      vertex -16.51557884130351 11.03535697463097 1.4999999999999987
      vertex -14.045345279145836 14.045345279145838 1.4999999999999987
    endloop
  endfacet
  facet normal 0 0 0
    outer loop
      vertex -16.629392246050905 11.111404660392044 0
      vertex -18.477590650225736 7.653668647301798 0
      vertex -18.351127970633204 7.601286090280528 1.4999999999999987
    endloop
  endfacet
  facet normal 0 0 0
    outer loop
      vertex -16.629392246050905 11.111404660392044 0
      vertex -18.351127970633204 7.601286090280528 1.4999999999999987
      vertex -16.51557884130351 11.03535697463097 1.4999999999999987
    endloop
  endfacet
  facet normal 0 0 0
    outer loop
      vertex -18.477590650225736 7.653668647301798 0
      vertex -19.61570560806461 3.9018064403225723 0
      vertex -19.481453543482598 3.875102044330957 1.4999999999999987
    endloop
  endfacet
  facet normal 0 0 0
    outer loop
      vertex -18.477590650225736 7.653668647301798 0
      vertex -19.481453543482598 3.875102044330957 1.4999999999999987
      vertex -18.351127970633204 7.601286090280528 1.4999999999999987
    endloop
  endfacet
  facet normal 0 0 0
    outer loop
      vertex -19.61570560806461 3.9018064403225723 0
      vertex -20 2.4492935982947065e-15 0
      vertex -19.863117781980968 2.4325303612789865e-15 1.4999999999999987
    endloop
  endfacet
  facet normal 0 0 0
    outer loop
      vertex -19.61570560806461 3.9018064403225723 0
      vertex -19.863117781980968 2.4325303612789865e-15 1.4999999999999987
      vertex -19.481453543482598 3.875102044330957 1.4999999999999987
    endloop
  endfacet
  facet normal 0 0 0
    outer loop
      vertex -20 2.4492935982947065e-15 0
      vertex -19.61570560806461 -3.9018064403225674 0
      vertex -19.481453543482598 -3.8751020443309523 1.4999999999999987
    endloop
  endfacet
  facet normal 0 0 0
    outer loop
      vertex -20 2.4492935982947065e-15 0
      vertex -19.481453543482598 -3.8751020443309523 1.4999999999999987
      vertex -19.863117781980968 2.4325303612789865e-15 1.4999999999999987
    endloop
  endfacet
  facet normal 0 0 0
    outer loop
      vertex -19.61570560806461 -3.9018064403225674 0
      vertex -18.477590650225736 -7.653668647301792 0
      vertex -18.351127970633204 -7.601286090280523 1.4999999999999987
    endloop
  endfacet
  facet normal 0 0 0
    outer loop
      vertex -19.61570560806461 -3.9018064403225674 0
      vertex -18.351127970633204 -7.601286090280523 1.4999999999999987
      vertex -19.481453543482598 -3.8751020443309523 1.4999999999999987
    endloop
  endfacet
  facet normal 0 0 0
    outer loop
      vertex -18.477590650225736 -7.653668647301792 0
      vertex -16.62939224605091 -11.11140466039204 0
      vertex -16.515578841303512 -11.035356974630966 1.4999999999999987
    endloop
  endfacet
  facet normal 0 0 0
    outer loop
      vertex -18.477590650225736 -7.653668647301792 0
      vertex -16.515578841303512 -11.035356974630966 1.4999999999999987
      vertex -18.351127970633204 -7.601286090280523 1.4999999999999987
    endloop
  endfacet
  facet normal 0 0 0
    outer loop
      vertex -16.62939224605091 -11.11140466039204 0
      vertex -14.142135623730955 -14.14213562373095 0
      vertex -14.04534527914584 -14.045345279145836 1.4999999999999987
    endloop
  endfacet
  facet normal 0 0 0
    outer loop
      vertex -16.62939224605091 -11.11140466039204 0
      vertex -14.04534527914584 -14.045345279145836 1.4999999999999987
      vertex -16.515578841303512 -11.035356974630966 1.4999999999999987
    endloop
  endfacet
  facet normal 0 0 0
    outer loop
      vertex -14.142135623730955 -14.14213562373095 0
      vertex -11.111404660392044 -16.629392246050905 0
      vertex -11.03535697463097 -16.51557884130351 1.4999999999999987
    endloop
  endfacet
  facet normal 0 0 0
    outer loop
      vertex -14.142135623730955 -14.14213562373095 0
      vertex -11.03535697463097 -16.51557884130351 1.4999999999999987
      vertex -14.04534527914584 -14.045345279145836 1.4999999999999987
    endloop
  endfacet
  facet normal 0 0 0
    outer loop
      vertex -11.111404660392044 -16.629392246050905 0
      vertex -7.6536686473018065 -18.47759065022573 0
      vertex -7.601286090280537 -18.3511279706332 1.4999999999999987
    endloop
  endfacet
  facet normal 0 0 0
    outer loop
      vertex -11.111404660392044 -16.629392246050905 0
      vertex -7.601286090280537 -18.3511279706332 1.4999999999999987
      vertex -11.03535697463097 -16.51557884130351 1.4999999999999987
    endloop
  endfacet
  facet normal 0 0 0
    outer loop
      vertex -7.6536686473018065 -18.47759065022573 0
      vertex -3.901806440322573 -19.615705608064605 0
      vertex -3.8751020443309585 -19.481453543482594 1.4999999999999987
    endloop
  endfacet
  facet normal 0 0 0
    outer loop
      vertex -7.6536686473018065 -18.47759065022573 0
      vertex -3.8751020443309585 -19.481453543482594 1.4999999999999987
      vertex -7.601286090280537 -18.3511279706332 1.4999999999999987
    endloop
  endfacet
  facet normal 0 0 0
    outer loop
      vertex -3.901806440322573 -19.615705608064605 0
      vertex -3.673940397442059e-15 -20 0
      vertex -3.6487955419184794e-15 -19.863117781980968 1.4999999999999987
    endloop
  endfacet
  facet normal 0 0 0
    outer loop
      vertex -3.901806440322573 -19.615705608064605 0
      vertex -3.6487955419184794e-15 -19.863117781980968 1.4999999999999987
      vertex -3.8751020443309585 -19.481453543482594 1.4999999999999987
    endloop
  endfacet
  facet normal 0 0 0
    outer loop
      vertex -3.673940397442059e-15 -20 0
      vertex 3.901806440322566 -19.61570560806461 0
      vertex 3.8751020443309514 -19.481453543482598 1.4999999999999987
    endloop
  endfacet
  facet normal 0 0 0
    outer loop
      vertex -3.673940397442059e-15 -20 0
      vertex 3.8751020443309514 -19.481453543482598 1.4999999999999987
      vertex -3.6487955419184794e-15 -19.863117781980968 1.4999999999999987
    endloop
  endfacet
  facet normal 0 0 0
    outer loop
      vertex 3.901806440322566 -19.61570560806461 0
      vertex 7.6536686473018 -18.477590650225732 0
      vertex 7.601286090280531 -18.3511279706332 1.4999999999999987
    endloop
  endfacet
  facet normal 0 0 0
    outer loop
      vertex 3.901806440322566 -19.61570560806461 0
      vertex 7.601286090280531 -18.3511279706332 1.4999999999999987
      vertex 3.8751020443309514 -19.481453543482598 1.4999999999999987
    endloop
  endfacet
  facet normal 0 0 0
    outer loop
      vertex 7.6536686473018 -18.477590650225732 0
      vertex 11.111404660392036 -16.62939224605091 0
      vertex 11.035356974630963 -16.515578841303512 1.4999999999999987
    endloop
  endfacet
  facet normal 0 0 0
    outer loop
      vertex 7.6536686473018 -18.477590650225732 0
      vertex 11.035356974630963 -16.515578841303512 1.4999999999999987
      vertex 7.601286090280531 -18.3511279706332 1.4999999999999987
    endloop
  endfacet
  facet normal 0 0 0
    outer loop
      vertex 11.111404660392036 -16.62939224605091 0
      vertex 14.142135623730947 -14.142135623730955 0
      vertex 14.045345279145835 -14.04534527914584 1.4999999999999987
    endloop
  endfacet
  facet normal 0 0 0
    outer loop
      vertex 11.111404660392036 -16.62939224605091 0
      vertex 14.045345279145835 -14.04534527914584 1.4999999999999987
      vertex 11.035356974630963 -16.515578841303512 1.4999999999999987
    endloop
  endfacet
  facet normal 0 0 0
    outer loop
      vertex 14.142135623730947 -14.142135623730955 0
      vertex 16.629392246050905 -11.111404660392044 0
      vertex 16.51557884130351 -11.03535697463097 1.4999999999999987
    endloop
  endfacet
  facet normal 0 0 0
    outer loop
      vertex 14.142135623730947 -14.142135623730955 0
      vertex 16.51557884130351 -11.03535697463097 1.4999999999999987
      vertex 14.045345279145835 -14.04534527914584 1.4999999999999987
    endloop
  endfacet
  facet normal 0 0 0
    outer loop
      vertex 16.629392246050905 -11.111404660392044 0
      vertex 18.47759065022573 -7.653668647301808 0
      vertex 18.3511279706332 -7.601286090280538 1.4999999999999987
    endloop
  endfacet
  facet normal 0 0 0
    outer loop
      vertex 16.629392246050905 -11.111404660392044 0
      vertex 18.3511279706332 -7.601286090280538 1.4999999999999987
      vertex 16.51557884130351 -11.03535697463097 1.4999999999999987
    endloop
  endfacet
  facet normal 0 0 0
    outer loop
      vertex 18.47759065022573 -7.653668647301808 0
      vertex 19.615705608064605 -3.9018064403225745 0
      vertex 19.481453543482594 -3.8751020443309594 1.4999999999999987
    endloop
  endfacet
  facet normal 0 0 0
    outer loop
      vertex 18.47759065022573 -7.653668647301808 0
      vertex 19.481453543482594 -3.8751020443309594 1.4999999999999987
      vertex 18.3511279706332 -7.601286090280538 1.4999999999999987
    endloop
  endfacet
  facet normal 0 0 0
    outer loop
      vertex 19.615705608064605 -3.9018064403225745 0
      vertex 20 0 0
      vertex 19.863117781980968 0 1.4999999999999987
    endloop
  endfacet
  facet normal 0 0 0
    outer loop
      vertex 19.615705608064605 -3.9018064403225745 0
      vertex 19.863117781980968 0 1.4999999999999987
      vertex 19.481453543482594 -3.8751020443309594 1.4999999999999987
    endloop
  endfacet
  facet normal 0 0 0
    outer loop
      vertex 19.863117781980968 0 1.4999999999999987
      vertex 19.481453543482598 3.87510204433095 1.4999999999999987
      vertex 19.080994439783254 3.795445775975378 3.0000000000000013
    endloop
  endfacet
  facet normal 0 0 0
    outer loop
      vertex 19.863117781980968 0 1.4999999999999987
      vertex 19.080994439783254 3.795445775975378 3.0000000000000013
      vertex 19.45481322062509 0 3.0000000000000013
    endloop
  endfacet
  facet normal 0 0 0
    outer loop
      vertex 19.481453543482598 3.87510204433095 1.4999999999999987
      vertex 18.351127970633204 7.601286090280526 1.4999999999999987
      vertex 17.97390374336551 7.445034699290536 3.0000000000000013
    endloop
  endfacet
  facet normal 0 0 0
    outer loop
      vertex 19.481453543482598 3.87510204433095 1.4999999999999987
      vertex 17.97390374336551 7.445034699290536 3.0000000000000013
      vertex 19.080994439783254 3.795445775975378 3.0000000000000013
    endloop
  endfacet
  facet normal 0 0 0
    outer loop
      vertex 18.351127970633204 7.601286090280526 1.4999999999999987
      vertex 16.51557884130351 11.03535697463097 1.4999999999999987
      vertex 16.176086005971577 10.808515114335519 3.0000000000000013
    endloop
  endfacet
  facet normal 0 0 0
    outer loop
      vertex 18.351127970633204 7.601286090280526 1.4999999999999987
      vertex 16.176086005971577 10.808515114335519 3.0000000000000013
      vertex 17.97390374336551 7.445034699290536 3.0000000000000013
    endloop
  endfacet
  facet normal 0 0 0
    outer loop
      vertex 16.51557884130351 11.03535697463097 1.4999999999999987
      vertex 14.045345279145838 14.045345279145836 1.4999999999999987
      vertex 13.756630355021699 13.756630355021697 3.0000000000000013
    endloop
  endfacet
  facet normal 0 0 0
    outer loop
      vertex 16.51557884130351 11.03535697463097 1.4999999999999987
      vertex 13.756630355021699 13.756630355021697 3.0000000000000013
      vertex 16.176086005971577 10.808515114335519 3.0000000000000013
    endloop
  endfacet
  facet normal 0 0 0
    outer loop
      vertex 14.045345279145838 14.045345279145836 1.4999999999999987
      vertex 11.035356974630972 16.51557884130351 1.4999999999999987
      vertex 10.80851511433552 16.176086005971577 3.0000000000000013
    endloop
  endfacet
  facet normal 0 0 0
    outer loop
      vertex 14.045345279145838 14.045345279145836 1.4999999999999987
      vertex 10.80851511433552 16.176086005971577 3.0000000000000013
      vertex 13.756630355021699 13.756630355021697 3.0000000000000013
    endloop
  endfacet
  facet normal 0 0 0
    outer loop
      vertex 11.035356974630972 16.51557884130351 1.4999999999999987
      vertex 7.601286090280527 18.351127970633204 1.4999999999999987
      vertex 7.445034699290538 17.97390374336551 3.0000000000000013
    endloop
  endfacet
  facet normal 0 0 0
    outer loop
      vertex 11.035356974630972 16.51557884130351 1.4999999999999987
      vertex 7.445034699290538 17.97390374336551 3.0000000000000013
      vertex 10.80851511433552 16.176086005971577 3.0000000000000013
    endloop
  endfacet
  facet normal 0 0 0
    outer loop
      vertex 7.601286090280527 18.351127970633204 1.4999999999999987
      vertex 3.875102044330952 19.481453543482598 1.4999999999999987
      vertex 3.79544577597538 19.080994439783254 3.0000000000000013
    endloop
  endfacet
  facet normal 0 0 0
    outer loop
      vertex 7.601286090280527 18.351127970633204 1.4999999999999987
      vertex 3.79544577597538 19.080994439783254 3.0000000000000013
      vertex 7.445034699290538 17.97390374336551 3.0000000000000013
    endloop
  endfacet
  facet normal 0 0 0
    outer loop
      vertex 3.875102044330952 19.481453543482598 1.4999999999999987
      vertex 1.2162651806394933e-15 19.863117781980968 1.4999999999999987
      vertex 1.1912637369324064e-15 19.45481322062509 3.0000000000000013
    endloop
  endfacet
  facet normal 0 0 0
    outer loop
      vertex 3.875102044330952 19.481453543482598 1.4999999999999987
      vertex 1.1912637369324064e-15 19.45481322062509 3.0000000000000013
      vertex 3.79544577597538 19.080994439783254 3.0000000000000013
    endloop
  endfacet
  facet normal 0 0 0
    outer loop
      vertex 1.2162651806394933e-15 19.863117781980968 1.4999999999999987
      vertex -3.875102044330949 19.481453543482598 1.4999999999999987
      vertex -3.7954457759753772 19.080994439783254 3.0000000000000013
    endloop
  endfacet
  facet normal 0 0 0
    outer loop
      vertex 1.2162651806394933e-15 19.863117781980968 1.4999999999999987
      vertex -3.7954457759753772 19.080994439783254 3.0000000000000013
      vertex 1.1912637369324064e-15 19.45481322062509 3.0000000000000013
    endloop
  endfacet
  facet normal 0 0 0
    outer loop
      vertex -3.875102044330949 19.481453543482598 1.4999999999999987
      vertex -7.601286090280524 18.351127970633204 1.4999999999999987
      vertex -7.445034699290535 17.97390374336551 3.0000000000000013
    endloop
  endfacet
  facet normal 0 0 0
    outer loop
      vertex -3.875102044330949 19.481453543482598 1.4999999999999987
      vertex -7.445034699290535 17.97390374336551 3.0000000000000013
      vertex -3.7954457759753772 19.080994439783254 3.0000000000000013
    endloop
  endfacet
  facet normal 0 0 0
    outer loop
      vertex -7.601286090280524 18.351127970633204 1.4999999999999987
      vertex -11.035356974630966 16.51557884130351 1.4999999999999987
      vertex -10.808515114335515 16.176086005971577 3.0000000000000013
    endloop
  endfacet
  facet normal 0 0 0
    outer loop
      vertex -7.601286090280524 18.351127970633204 1.4999999999999987
      vertex -10.808515114335515 16.176086005971577 3.0000000000000013
      vertex -7.445034699290535 17.97390374336551 3.0000000000000013
    endloop
  endfacet
  facet normal 0 0 0
    outer loop
      vertex -11.035356974630966 16.51557884130351 1.4999999999999987
      vertex -14.045345279145836 14.045345279145838 1.4999999999999987
      vertex -13.756630355021697 13.756630355021699 3.0000000000000013
    endloop
  endfacet
  facet normal 0 0 0
    outer loop
      vertex -11.035356974630966 16.51557884130351 1.4999999999999987
      vertex -13.756630355021697 13.756630355021699 3.0000000000000013
      vertex -10.808515114335515 16.176086005971577 3.0000000000000013
    endloop
  endfacet
  facet normal 0 0 0
    outer loop
      vertex -14.045345279145836 14.045345279145838 1.4999999999999987
      vertex -16.51557884130351 11.03535697463097 1.4999999999999987
      vertex -16.176086005971577 10.808515114335519 3.0000000000000013
    endloop
  endfacet
  facet normal 0 0 0
    outer loop
      vertex -14.045345279145836 14.045345279145838 1.4999999999999987
      vertex -16.176086005971577 10.808515114335519 3.0000000000000013
      vertex -13.756630355021697 13.756630355021699 3.0000000000000013
    endloop
  endfacet
  facet normal 0 0 0
    outer loop
      vertex -16.51557884130351 11.03535697463097 1.4999999999999987
      vertex -18.351127970633204 7.601286090280528 1.4999999999999987
      vertex -17.97390374336551 7.445034699290539 3.0000000000000013
    endloop
  endfacet
  facet normal 0 0 0
    outer loop
      vertex -16.51557884130351 11.03535697463097 1.4999999999999987
      vertex -17.97390374336551 7.445034699290539 3.0000000000000013
      vertex -16.176086005971577 10.808515114335519 3.0000000000000013
    endloop
  endfacet
  facet normal 0 0 0
    outer loop
      vertex -18.351127970633204 7.601286090280528 1.4999999999999987
      vertex -19.481453543482598 3.875102044330957 1.4999999999999987
      vertex -19.080994439783254 3.7954457759753852 3.0000000000000013
    endloop
  endfacet
  facet normal 0 0 0
    outer loop
      vertex -18.351127970633204 7.601286090280528 1.4999999999999987
      vertex -19.080994439783254 3.7954457759753852 3.0000000000000013
      vertex -17.97390374336551 7.445034699290539 3.0000000000000013
    endloop
  endfacet
  facet normal 0 0 0
    outer loop
      vertex -19.481453543482598 3.875102044330957 1.4999999999999987
      vertex -19.863117781980968 2.4325303612789865e-15 1.4999999999999987
      vertex -19.45481322062509 2.3825274738648127e-15 3.0000000000000013
    endloop
  endfacet
  facet normal 0 0 0
    outer loop
      vertex -19.481453543482598 3.875102044330957 1.4999999999999987
      vertex -19.45481322062509 2.3825274738648127e-15 3.0000000000000013
      vertex -19.080994439783254 3.7954457759753852 3.0000000000000013
    endloop
  endfacet
  facet normal 0 0 0
    outer loop
      vertex -19.863117781980968 2.4325303612789865e-15 1.4999999999999987
      vertex -19.481453543482598 -3.8751020443309523 1.4999999999999987
      vertex -19.080994439783254 -3.7954457759753804 3.0000000000000013
    endloop
  endfacet
  facet normal 0 0 0
    outer loop
      vertex -19.863117781980968 2.4325303612789865e-15 1.4999999999999987
      vertex -19.080994439783254 -3.7954457759753804 3.0000000000000013
      vertex -19.45481322062509 2.3825274738648127e-15 3.0000000000000013
    endloop
  endfacet
  facet normal 0 0 0
    outer loop
      vertex -19.481453543482598 -3.8751020443309523 1.4999999999999987
      vertex -18.351127970633204 -7.601286090280523 1.4999999999999987
      vertex -17.97390374336551 -7.445034699290534 3.0000000000000013
    endloop
  endfacet
  facet normal 0 0 0
    outer loop
      vertex -19.481453543482598 -3.8751020443309523 1.4999999999999987
      vertex -17.97390374336551 -7.445034699290534 3.0000000000000013
      vertex -19.080994439783254 -3.7954457759753804 3.0000000000000013
    endloop
  endfacet
  facet normal 0 0 0
    outer loop
      vertex -18.351127970633204 -7.601286090280523 1.4999999999999987
      vertex -16.515578841303512 -11.035356974630966 1.4999999999999987
      vertex -16.17608600597158 -10.808515114335515 3.0000000000000013
    endloop
  endfacet
  facet normal 0 0 0
    outer loop
      vertex -18.351127970633204 -7.601286090280523 1.4999999999999987
      vertex -16.17608600597158 -10.808515114335515 3.0000000000000013
      vertex -17.97390374336551 -7.445034699290534 3.0000000000000013
    endloop
  endfacet
  facet normal 0 0 0
    outer loop
      vertex -16.515578841303512 -11.035356974630966 1.4999999999999987
      vertex -14.04534527914584 -14.045345279145836 1.4999999999999987
      vertex -13.756630355021702 -13.756630355021697 3.0000000000000013
    endloop
  endfacet
  facet normal 0 0 0
    outer loop
      vertex -16.515578841303512 -11.035356974630966 1.4999999999999987
      vertex -13.756630355021702 -13.756630355021697 3.0000000000000013
      vertex -16.17608600597158 -10.808515114335515 3.0000000000000013
    endloop
  endfacet
  facet normal 0 0 0
    outer loop
      vertex -14.04534527914584 -14.045345279145836 1.4999999999999987
      vertex -11.03535697463097 -16.51557884130351 1.4999999999999987
      vertex -10.808515114335519 -16.176086005971577 3.0000000000000013
    endloop
  endfacet
  facet normal 0 0 0
    outer loop
      vertex -14.04534527914584 -14.045345279145836 1.4999999999999987
      vertex -10.808515114335519 -16.176086005971577 3.0000000000000013
      vertex -13.756630355021702 -13.756630355021697 3.0000000000000013
    endloop
  endfacet
  facet normal 0 0 0
    outer loop
      vertex -11.03535697463097 -16.51557884130351 1.4999999999999987
      vertex -7.601286090280537 -18.3511279706332 1.4999999999999987
      vertex -7.445034699290548 -17.973903743365504 3.0000000000000013
    endloop
  endfacet
  facet normal 0 0 0
    outer loop
      vertex -11.03535697463097 -16.51557884130351 1.4999999999999987
      vertex -7.445034699290548 -17.973903743365504 3.0000000000000013
      vertex -10.808515114335519 -16.176086005971577 3.0000000000000013
    endloop
  endfacet
  facet normal 0 0 0
    outer loop
      vertex -7.601286090280537 -18.3511279706332 1.4999999999999987
      vertex -3.8751020443309585 -19.481453543482594 1.4999999999999987
      vertex -3.795445775975386 -19.080994439783254 3.0000000000000013
    endloop
  endfacet
  facet normal 0 0 0
    outer loop
      vertex -7.601286090280537 -18.3511279706332 1.4999999999999987
      vertex -3.795445775975386 -19.080994439783254 3.0000000000000013
      vertex -7.445034699290548 -17.973903743365504 3.0000000000000013
    endloop
  endfacet
  facet normal 0 0 0
    outer loop
      vertex -3.8751020443309585 -19.481453543482594 1.4999999999999987
      vertex -3.6487955419184794e-15 -19.863117781980968 1.4999999999999987
      vertex -3.573791210797219e-15 -19.45481322062509 3.0000000000000013
    endloop
  endfacet
  facet normal 0 0 0
    outer loop
      vertex -3.8751020443309585 -19.481453543482594 1.4999999999999987
      vertex -3.573791210797219e-15 -19.45481322062509 3.0000000000000013
      vertex -3.795445775975386 -19.080994439783254 3.0000000000000013
    endloop
  endfacet
  facet normal 0 0 0
    outer loop
      vertex -3.6487955419184794e-15 -19.863117781980968 1.4999999999999987
      vertex 3.8751020443309514 -19.481453543482598 1.4999999999999987
      vertex 3.795445775975379 -19.080994439783254 3.0000000000000013
    endloop
  endfacet
  facet normal 0 0 0
    outer loop
      vertex -3.6487955419184794e-15 -19.863117781980968 1.4999999999999987
      vertex 3.795445775975379 -19.080994439783254 3.0000000000000013
      vertex -3.573791210797219e-15 -19.45481322062509 3.0000000000000013
    endloop
  endfacet
  facet normal 0 0 0
    outer loop
      vertex 3.8751020443309514 -19.481453543482598 1.4999999999999987
      vertex 7.601286090280531 -18.3511279706332 1.4999999999999987
      vertex 7.445034699290541 -17.973903743365508 3.0000000000000013
    endloop
  endfacet
  facet normal 0 0 0
    outer loop
      vertex 3.8751020443309514 -19.481453543482598 1.4999999999999987
      vertex 7.445034699290541 -17.973903743365508 3.0000000000000013
      vertex 3.795445775975379 -19.080994439783254 3.0000000000000013
    endloop
  endfacet
  facet normal 0 0 0
    outer loop
      vertex 7.601286090280531 -18.3511279706332 1.4999999999999987
      vertex 11.035356974630963 -16.515578841303512 1.4999999999999987
      vertex 10.808515114335513 -16.17608600597158 3.0000000000000013
    endloop
  endfacet
  facet normal 0 0 0
    outer loop
      vertex 7.601286090280531 -18.3511279706332 1.4999999999999987
      vertex 10.808515114335513 -16.17608600597158 3.0000000000000013
      vertex 7.445034699290541 -17.973903743365508 3.0000000000000013
    endloop
  endfacet
  facet normal 0 0 0
    outer loop
      vertex 11.035356974630963 -16.515578841303512 1.4999999999999987
      vertex 14.045345279145835 -14.04534527914584 1.4999999999999987
      vertex 13.756630355021695 -13.756630355021702 3.0000000000000013
    endloop
  endfacet
  facet normal 0 0 0
    outer loop
      vertex 11.035356974630963 -16.515578841303512 1.4999999999999987
      vertex 13.756630355021695 -13.756630355021702 3.0000000000000013
      vertex 10.808515114335513 -16.17608600597158 3.0000000000000013
    endloop
  endfacet
  facet normal 0 0 0
    outer loop
      vertex 14.045345279145835 -14.04534527914584 1.4999999999999987
      vertex 16.51557884130351 -11.03535697463097 1.4999999999999987
      vertex 16.176086005971577 -10.808515114335519 3.0000000000000013
    endloop
  endfacet
  facet normal 0 0 0
    outer loop
      vertex 14.045345279145835 -14.04534527914584 1.4999999999999987
      vertex 16.176086005971577 -10.808515114335519 3.0000000000000013
      vertex 13.756630355021695 -13.756630355021702 3.0000000000000013
    endloop
  endfacet
  facet normal 0 0 0
    outer loop
      vertex 16.51557884130351 -11.03535697463097 1.4999999999999987
      vertex 18.3511279706332 -7.601286090280538 1.4999999999999987
      vertex 17.973903743365504 -7.445034699290549 3.0000000000000013
    endloop
  endfacet
  facet normal 0 0 0
    outer loop
      vertex 16.51557884130351 -11.03535697463097 1.4999999999999987
      vertex 17.973903743365504 -7.445034699290549 3.0000000000000013
      vertex 16.176086005971577 -10.808515114335519 3.0000000000000013
    endloop
  endfacet
  facet normal 0 0 0
    outer loop
      vertex 18.3511279706332 -7.601286090280538 1.4999999999999987
      vertex 19.481453543482594 -3.8751020443309594 1.4999999999999987
      vertex 19.080994439783254 -3.7954457759753875 3.0000000000000013
    endloop
  endfacet
  facet normal 0 0 0
    outer loop
      vertex 18.3511279706332 -7.601286090280538 1.4999999999999987
      vertex 19.080994439783254 -3.7954457759753875 3.0000000000000013
      vertex 17.973903743365504 -7.445034699290549 3.0000000000000013
    endloop
  endfacet
  facet normal 0 0 0
    outer loop
      vertex 19.481453543482594 -3.8751020443309594 1.4999999999999987
      vertex 19.863117781980968 0 1.4999999999999987
      vertex 19.45481322062509 0 3.0000000000000013
    endloop
  endfacet
  facet normal 0 0 0
    outer loop
      vertex 19.481453543482594 -3.8751020443309594 1.4999999999999987
      vertex 19.45481322062509 0 3.0000000000000013
      vertex 19.080994439783254 -3.7954457759753875 3.0000000000000013
    endloop
  endfacet
  facet normal 0 0 0
    outer loop
      vertex 19.45481322062509 0 3.0000000000000013
      vertex 19.080994439783254 3.795445775975378 3.0000000000000013
      vertex 18.421180263259128 3.664200576092304 4.5
    endloop
  endfacet
  facet normal 0 0 0
    outer loop
      vertex 19.45481322062509 0 3.0000000000000013
      vertex 18.421180263259128 3.664200576092304 4.5
      vertex 18.782072520180588 0 4.5
    endloop
  endfacet
  facet normal 0 0 0
    outer loop
      vertex 19.080994439783254 3.795445775975378 3.0000000000000013
      vertex 17.97390374336551 7.445034699290536 3.0000000000000013
      vertex 17.352372379537528 7.187587978952739 4.5
    endloop
  endfacet
  facet normal 0 0 0
    outer loop
      vertex 19.080994439783254 3.795445775975378 3.0000000000000013
      vertex 17.352372379537528 7.187587978952739 4.5
      vertex 18.421180263259128 3.664200576092304 4.5
    endloop
  endfacet
  facet normal 0 0 0
    outer loop
      vertex 17.97390374336551 7.445034699290536 3.0000000000000013
      vertex 16.176086005971577 10.808515114335519 3.0000000000000013
      vertex 15.616722556592842 10.434760406627795 4.5
    endloop
  endfacet
  facet normal 0 0 0
    outer loop
      vertex 17.97390374336551 7.445034699290536 3.0000000000000013
      vertex 15.616722556592842 10.434760406627795 4.5
      vertex 17.352372379537528 7.187587978952739 4.5
    endloop
  endfacet
  facet normal 0 0 0
    outer loop
      vertex 16.176086005971577 10.808515114335519 3.0000000000000013
      vertex 13.756630355021699 13.756630355021697 3.0000000000000013
      vertex 13.280930843757202 13.2809308437572 4.5
    endloop
  endfacet
  facet normal 0 0 0
    outer loop
      vertex 16.176086005971577 10.808515114335519 3.0000000000000013
      vertex 13.280930843757202 13.2809308437572 4.5
      vertex 15.616722556592842 10.434760406627795 4.5
    endloop
  endfacet
  facet normal 0 0 0
    outer loop
      vertex 13.756630355021699 13.756630355021697 3.0000000000000013
      vertex 10.80851511433552 16.176086005971577 3.0000000000000013
      vertex 10.434760406627799 15.616722556592842 4.5
    endloop
  endfacet
  facet normal 0 0 0
    outer loop
      vertex 13.756630355021699 13.756630355021697 3.0000000000000013
      vertex 10.434760406627799 15.616722556592842 4.5
      vertex 13.280930843757202 13.2809308437572 4.5
    endloop
  endfacet
  facet normal 0 0 0
    outer loop
      vertex 10.80851511433552 16.176086005971577 3.0000000000000013
      vertex 7.445034699290538 17.97390374336551 3.0000000000000013
      vertex 7.187587978952741 17.352372379537528 4.5
    endloop
  endfacet
  facet normal 0 0 0
    outer loop
      vertex 10.80851511433552 16.176086005971577 3.0000000000000013
      vertex 7.187587978952741 17.352372379537528 4.5
      vertex 10.434760406627799 15.616722556592842 4.5
    endloop
  endfacet
  facet normal 0 0 0
    outer loop
      vertex 7.445034699290538 17.97390374336551 3.0000000000000013
      vertex 3.79544577597538 19.080994439783254 3.0000000000000013
      vertex 3.664200576092306 18.421180263259128 4.5
    endloop
  endfacet
  facet normal 0 0 0
    outer loop
      vertex 7.445034699290538 17.97390374336551 3.0000000000000013
      vertex 3.664200576092306 18.421180263259128 4.5
      vertex 7.187587978952741 17.352372379537528 4.5
    endloop
  endfacet
  facet normal 0 0 0
    outer loop
      vertex 3.79544577597538 19.080994439783254 3.0000000000000013
      vertex 1.1912637369324064e-15 19.45481322062509 3.0000000000000013
      vertex 1.1500702496596309e-15 18.782072520180588 4.5
    endloop
  endfacet
  facet normal 0 0 0
    outer loop
      vertex 3.79544577597538 19.080994439783254 3.0000000000000013
      vertex 1.1500702496596309e-15 18.782072520180588 4.5
      vertex 3.664200576092306 18.421180263259128 4.5
    endloop
  endfacet
  facet normal 0 0 0
    outer loop
      vertex 1.1912637369324064e-15 19.45481322062509 3.0000000000000013
      vertex -3.7954457759753772 19.080994439783254 3.0000000000000013
      vertex -3.6642005760923033 18.421180263259128 4.5
    endloop
  endfacet
  facet normal 0 0 0
    outer loop
      vertex 1.1912637369324064e-15 19.45481322062509 3.0000000000000013
      vertex -3.6642005760923033 18.421180263259128 4.5
      vertex 1.1500702496596309e-15 18.782072520180588 4.5
    endloop
  endfacet
  facet normal 0 0 0
    outer loop
      vertex -3.7954457759753772 19.080994439783254 3.0000000000000013
      vertex -7.445034699290535 17.97390374336551 3.0000000000000013
      vertex -7.187587978952738 17.352372379537528 4.5
    endloop
  endfacet
  facet normal 0 0 0
    outer loop
      vertex -3.7954457759753772 19.080994439783254 3.0000000000000013
      vertex -7.187587978952738 17.352372379537528 4.5
      vertex -3.6642005760923033 18.421180263259128 4.5
    endloop
  endfacet
  facet normal 0 0 0
    outer loop
      vertex -7.445034699290535 17.97390374336551 3.0000000000000013
      vertex -10.808515114335515 16.176086005971577 3.0000000000000013
      vertex -10.434760406627792 15.616722556592844 4.5
    endloop
  endfacet
  facet normal 0 0 0
    outer loop
      vertex -7.445034699290535 17.97390374336551 3.0000000000000013
      vertex -10.434760406627792 15.616722556592844 4.5
      vertex -7.187587978952738 17.352372379537528 4.5
    endloop
  endfacet
  facet normal 0 0 0
    outer loop
      vertex -10.808515114335515 16.176086005971577 3.0000000000000013
      vertex -13.756630355021697 13.756630355021699 3.0000000000000013
      vertex -13.2809308437572 13.280930843757202 4.5
    endloop
  endfacet
  facet normal 0 0 0
    outer loop
      vertex -10.808515114335515 16.176086005971577 3.0000000000000013
      vertex -13.2809308437572 13.280930843757202 4.5
      vertex -10.434760406627792 15.616722556592844 4.5
    endloop
  endfacet
  facet normal 0 0 0
    outer loop
      vertex -13.756630355021697 13.756630355021699 3.0000000000000013
      vertex -16.176086005971577 10.808515114335519 3.0000000000000013
      vertex -15.616722556592844 10.434760406627795 4.5
    endloop
  endfacet
  facet normal 0 0 0
    outer loop
      vertex -13.756630355021697 13.756630355021699 3.0000000000000013
      vertex -15.616722556592844 10.434760406627795 4.5
      vertex -13.2809308437572 13.280930843757202 4.5
    endloop
  endfacet
  facet normal 0 0 0
    outer loop
      vertex -16.176086005971577 10.808515114335519 3.0000000000000013
      vertex -17.97390374336551 7.445034699290539 3.0000000000000013
      vertex -17.352372379537528 7.187587978952742 4.5
    endloop
  endfacet
  facet normal 0 0 0
    outer loop
      vertex -16.176086005971577 10.808515114335519 3.0000000000000013
      vertex -17.352372379537528 7.187587978952742 4.5
      vertex -15.616722556592844 10.434760406627795 4.5
    endloop
  endfacet
  facet normal 0 0 0
    outer loop
      vertex -17.97390374336551 7.445034699290539 3.0000000000000013
      vertex -19.080994439783254 3.7954457759753852 3.0000000000000013
      vertex -18.421180263259128 3.664200576092311 4.5
    endloop
  endfacet
  facet normal 0 0 0
    outer loop
      vertex -17.97390374336551 7.445034699290539 3.0000000000000013
      vertex -18.421180263259128 3.664200576092311 4.5
      vertex -17.352372379537528 7.187587978952742 4.5
    endloop
  endfacet
  facet normal 0 0 0
    outer loop
      vertex -19.080994439783254 3.7954457759753852 3.0000000000000013
      vertex -19.45481322062509 2.3825274738648127e-15 3.0000000000000013
      vertex -18.782072520180588 2.3001404993192618e-15 4.5
    endloop
  endfacet
  facet normal 0 0 0
    outer loop
      vertex -19.080994439783254 3.7954457759753852 3.0000000000000013
      vertex -18.782072520180588 2.3001404993192618e-15 4.5
      vertex -18.421180263259128 3.664200576092311 4.5
    endloop
  endfacet
  facet normal 0 0 0
    outer loop
      vertex -19.45481322062509 2.3825274738648127e-15 3.0000000000000013
      vertex -19.080994439783254 -3.7954457759753804 3.0000000000000013
      vertex -18.421180263259128 -3.6642005760923064 4.5
    endloop
  endfacet
  facet normal 0 0 0
    outer loop
      vertex -19.45481322062509 2.3825274738648127e-15 3.0000000000000013
      vertex -18.421180263259128 -3.6642005760923064 4.5
      vertex -18.782072520180588 2.3001404993192618e-15 4.5
    endloop
  endfacet
  facet normal 0 0 0
    outer loop
      vertex -19.080994439783254 -3.7954457759753804 3.0000000000000013
      vertex -17.97390374336551 -7.445034699290534 3.0000000000000013
      vertex -17.352372379537528 -7.187587978952736 4.5
    endloop
  endfacet
  facet normal 0 0 0
    outer loop
      vertex -19.080994439783254 -3.7954457759753804 3.0000000000000013
      vertex -17.352372379537528 -7.187587978952736 4.5
      vertex -18.421180263259128 -3.6642005760923064 4.5
    endloop
  endfacet
  facet normal 0 0 0
    outer loop
      vertex -17.97390374336551 -7.445034699290534 3.0000000000000013
      vertex -16.17608600597158 -10.808515114335515 3.0000000000000013
      vertex -15.616722556592846 -10.434760406627792 4.5
    endloop
  endfacet
  facet normal 0 0 0
    outer loop
      vertex -17.97390374336551 -7.445034699290534 3.0000000000000013
      vertex -15.616722556592846 -10.434760406627792 4.5
      vertex -17.352372379537528 -7.187587978952736 4.5
    endloop
  endfacet
  facet normal 0 0 0
    outer loop
      vertex -16.17608600597158 -10.808515114335515 3.0000000000000013
      vertex -13.756630355021702 -13.756630355021697 3.0000000000000013
      vertex -13.280930843757204 -13.2809308437572 4.5
    endloop
  endfacet
  facet normal 0 0 0
    outer loop
      vertex -16.17608600597158 -10.808515114335515 3.0000000000000013
      vertex -13.280930843757204 -13.2809308437572 4.5
      vertex -15.616722556592846 -10.434760406627792 4.5
    endloop
  endfacet
  facet normal 0 0 0
    outer loop
      vertex -13.756630355021702 -13.756630355021697 3.0000000000000013
      vertex -10.808515114335519 -16.176086005971577 3.0000000000000013
      vertex -10.434760406627795 -15.616722556592842 4.5
    endloop
  endfacet
  facet normal 0 0 0
    outer loop
      vertex -13.756630355021702 -13.756630355021697 3.0000000000000013
      vertex -10.434760406627795 -15.616722556592842 4.5
      vertex -13.280930843757204 -13.2809308437572 4.5
    endloop
  endfacet
  facet normal 0 0 0
    outer loop
      vertex -10.808515114335519 -16.176086005971577 3.0000000000000013
      vertex -7.445034699290548 -17.973903743365504 3.0000000000000013
      vertex -7.18758797895275 -17.352372379537524 4.5
    endloop
  endfacet
  facet normal 0 0 0
    outer loop
      vertex -10.808515114335519 -16.176086005971577 3.0000000000000013
      vertex -7.18758797895275 -17.352372379537524 4.5
      vertex -10.434760406627795 -15.616722556592842 4.5
    endloop
  endfacet
  facet normal 0 0 0
    outer loop
      vertex -7.445034699290548 -17.973903743365504 3.0000000000000013
      vertex -3.795445775975386 -19.080994439783254 3.0000000000000013
      vertex -3.664200576092312 -18.421180263259124 4.5
    endloop
  endfacet
  facet normal 0 0 0
    outer loop
      vertex -7.445034699290548 -17.973903743365504 3.0000000000000013
      vertex -3.664200576092312 -18.421180263259124 4.5
      vertex -7.18758797895275 -17.352372379537524 4.5
    endloop
  endfacet
  facet normal 0 0 0
    outer loop
      vertex -3.795445775975386 -19.080994439783254 3.0000000000000013
      vertex -3.573791210797219e-15 -19.45481322062509 3.0000000000000013
      vertex -3.4502107489788925e-15 -18.782072520180588 4.5
    endloop
  endfacet
  facet normal 0 0 0
    outer loop
      vertex -3.795445775975386 -19.080994439783254 3.0000000000000013
      vertex -3.4502107489788925e-15 -18.782072520180588 4.5
      vertex -3.664200576092312 -18.421180263259124 4.5
    endloop
  endfacet
  facet normal 0 0 0
    outer loop
      vertex -3.573791210797219e-15 -19.45481322062509 3.0000000000000013
      vertex 3.795445775975379 -19.080994439783254 3.0000000000000013
      vertex 3.6642005760923055 -18.421180263259128 4.5
    endloop
  endfacet
  facet normal 0 0 0
    outer loop
      vertex -3.573791210797219e-15 -19.45481322062509 3.0000000000000013
      vertex 3.6642005760923055 -18.421180263259128 4.5
      vertex -3.4502107489788925e-15 -18.782072520180588 4.5
    endloop
  endfacet
  facet normal 0 0 0
    outer loop
      vertex 3.795445775975379 -19.080994439783254 3.0000000000000013
      vertex 7.445034699290541 -17.973903743365508 3.0000000000000013
      vertex 7.1875879789527435 -17.352372379537524 4.5
    endloop
  endfacet
  facet normal 0 0 0
    outer loop
      vertex 3.795445775975379 -19.080994439783254 3.0000000000000013
      vertex 7.1875879789527435 -17.352372379537524 4.5
      vertex 3.6642005760923055 -18.421180263259128 4.5
    endloop
  endfacet
  facet normal 0 0 0
    outer loop
      vertex 7.445034699290541 -17.973903743365508 3.0000000000000013
      vertex 10.808515114335513 -16.17608600597158 3.0000000000000013
      vertex 10.43476040662779 -15.616722556592846 4.5
    endloop
  endfacet
  facet normal 0 0 0
    outer loop
      vertex 7.445034699290541 -17.973903743365508 3.0000000000000013
      vertex 10.43476040662779 -15.616722556592846 4.5
      vertex 7.1875879789527435 -17.352372379537524 4.5
    endloop
  endfacet
  facet normal 0 0 0
    outer loop
      vertex 10.808515114335513 -16.17608600597158 3.0000000000000013
      vertex 13.756630355021695 -13.756630355021702 3.0000000000000013
      vertex 13.280930843757199 -13.280930843757204 4.5
    endloop
  endfacet
  facet normal 0 0 0
    outer loop
      vertex 10.808515114335513 -16.17608600597158 3.0000000000000013
      vertex 13.280930843757199 -13.280930843757204 4.5
      vertex 10.43476040662779 -15.616722556592846 4.5
    endloop
  endfacet
  facet normal 0 0 0
    outer loop
      vertex 13.756630355021695 -13.756630355021702 3.0000000000000013
      vertex 16.176086005971577 -10.808515114335519 3.0000000000000013
      vertex 15.616722556592842 -10.434760406627795 4.5
    endloop
  endfacet
  facet normal 0 0 0
    outer loop
      vertex 13.756630355021695 -13.756630355021702 3.0000000000000013
      vertex 15.616722556592842 -10.434760406627795 4.5
      vertex 13.280930843757199 -13.280930843757204 4.5
    endloop
  endfacet
  facet normal 0 0 0
    outer loop
      vertex 16.176086005971577 -10.808515114335519 3.0000000000000013
      vertex 17.973903743365504 -7.445034699290549 3.0000000000000013
      vertex 17.352372379537524 -7.187587978952751 4.5
    endloop
  endfacet
  facet normal 0 0 0
    outer loop
      vertex 16.176086005971577 -10.808515114335519 3.0000000000000013
      vertex 17.352372379537524 -7.187587978952751 4.5
      vertex 15.616722556592842 -10.434760406627795 4.5
    endloop
  endfacet
  facet normal 0 0 0
    outer loop
      vertex 17.973903743365504 -7.445034699290549 3.0000000000000013
      vertex 19.080994439783254 -3.7954457759753875 3.0000000000000013
      vertex 18.421180263259124 -3.664200576092313 4.5
    endloop
  endfacet
  facet normal 0 0 0
    outer loop
      vertex 17.973903743365504 -7.445034699290549 3.0000000000000013
      vertex 18.421180263259124 -3.664200576092313 4.5
      vertex 17.352372379537524 -7.187587978952751 4.5
    endloop
  endfacet
  facet normal 0 0 0
    outer loop
      vertex 19.080994439783254 -3.7954457759753875 3.0000000000000013
      vertex 19.45481322062509 0 3.0000000000000013
      vertex 18.782072520180588 0 4.5
    endloop
  endfacet
  facet normal 0 0 0
    outer loop
      vertex 19.080994439783254 -3.7954457759753875 3.0000000000000013
      vertex 18.782072520180588 0 4.5
      vertex 18.421180263259124 -3.664200576092313 4.5
    endloop
  endfacet
  facet normal 0 0 0
    outer loop
      vertex 18.782072520180588 0 4.5
      vertex 18.421180263259128 3.664200576092304 4.5
      vertex 17.513300617405587 3.4836120864397717 5.999999999999998
    endloop
  endfacet
  facet normal 0 0 0
    outer loop
      vertex 18.782072520180588 0 4.5
      vertex 17.513300617405587 3.4836120864397717 5.999999999999998
      vertex 17.85640646055102 0 5.999999999999998
    endloop
  endfacet
  facet normal 0 0 0
    outer loop
      vertex 18.421180263259128 3.664200576092304 4.5
      vertex 17.352372379537528 7.187587978952739 4.5
      vertex 16.4971684531054 6.833350914029829 5.999999999999998
    endloop
  endfacet
  facet normal 0 0 0
    outer loop
      vertex 18.421180263259128 3.664200576092304 4.5
      vertex 16.4971684531054 6.833350914029829 5.999999999999998
      vertex 17.513300617405587 3.4836120864397717 5.999999999999998
    endloop
  endfacet
  facet normal 0 0 0
    outer loop
      vertex 17.352372379537528 7.187587978952739 4.5
      vertex 15.616722556592842 10.434760406627795 4.5
      vertex 14.847059356871021 9.92048789818106 5.999999999999998
    endloop
  endfacet
  facet normal 0 0 0
    outer loop
      vertex 17.352372379537528 7.187587978952739 4.5
      vertex 14.847059356871021 9.92048789818106 5.999999999999998
      vertex 16.4971684531054 6.833350914029829 5.999999999999998
    endloop
  endfacet
  facet normal 0 0 0
    outer loop
      vertex 15.616722556592842 10.434760406627795 4.5
      vertex 13.280930843757202 13.2809308437572 4.5
      vertex 12.626386095878905 12.626386095878903 5.999999999999998
    endloop
  endfacet
  facet normal 0 0 0
    outer loop
      vertex 15.616722556592842 10.434760406627795 4.5
      vertex 12.626386095878905 12.626386095878903 5.999999999999998
      vertex 14.847059356871021 9.92048789818106 5.999999999999998
    endloop
  endfacet
  facet normal 0 0 0
    outer loop
      vertex 13.280930843757202 13.2809308437572 4.5
      vertex 10.434760406627799 15.616722556592842 4.5
      vertex 9.920487898181063 14.847059356871021 5.999999999999998
    endloop
  endfacet
  facet normal 0 0 0
    outer loop
      vertex 13.280930843757202 13.2809308437572 4.5
      vertex 9.920487898181063 14.847059356871021 5.999999999999998
      vertex 12.626386095878905 12.626386095878903 5.999999999999998
    endloop
  endfacet
  facet normal 0 0 0
    outer loop
      vertex 10.434760406627799 15.616722556592842 4.5
      vertex 7.187587978952741 17.352372379537528 4.5
      vertex 6.83335091402983 16.4971684531054 5.999999999999998
    endloop
  endfacet
  facet normal 0 0 0
    outer loop
      vertex 10.434760406627799 15.616722556592842 4.5
      vertex 6.83335091402983 16.4971684531054 5.999999999999998
      vertex 9.920487898181063 14.847059356871021 5.999999999999998
    endloop
  endfacet
  facet normal 0 0 0
    outer loop
      vertex 7.187587978952741 17.352372379537528 4.5
      vertex 3.664200576092306 18.421180263259128 4.5
      vertex 3.483612086439773 17.513300617405587 5.999999999999998
    endloop
  endfacet
  facet normal 0 0 0
    outer loop
      vertex 7.187587978952741 17.352372379537528 4.5
      vertex 3.483612086439773 17.513300617405587 5.999999999999998
      vertex 6.83335091402983 16.4971684531054 5.999999999999998
    endloop
  endfacet
  facet normal 0 0 0
    outer loop
      vertex 3.664200576092306 18.421180263259128 4.5
      vertex 1.1500702496596309e-15 18.782072520180588 4.5
      vertex 1.0933895508093964e-15 17.85640646055102 5.999999999999998
    endloop
  endfacet
  facet normal 0 0 0
    outer loop
      vertex 3.664200576092306 18.421180263259128 4.5
      vertex 1.0933895508093964e-15 17.85640646055102 5.999999999999998
      vertex 3.483612086439773 17.513300617405587 5.999999999999998
    endloop
  endfacet
  facet normal 0 0 0
    outer loop
      vertex 1.1500702496596309e-15 18.782072520180588 4.5
      vertex -3.6642005760923033 18.421180263259128 4.5
      vertex -3.4836120864397704 17.513300617405587 5.999999999999998
    endloop
  endfacet
  facet normal 0 0 0
    outer loop
      vertex 1.1500702496596309e-15 18.782072520180588 4.5
      vertex -3.4836120864397704 17.513300617405587 5.999999999999998
      vertex 1.0933895508093964e-15 17.85640646055102 5.999999999999998
    endloop
  endfacet
  facet normal 0 0 0
    outer loop
      vertex -3.6642005760923033 18.421180263259128 4.5
      vertex -7.187587978952738 17.352372379537528 4.5
      vertex -6.833350914029828 16.4971684531054 5.999999999999998
    endloop
  endfacet
  facet normal 0 0 0
    outer loop
      vertex -3.6642005760923033 18.421180263259128 4.5
      vertex -6.833350914029828 16.4971684531054 5.999999999999998
      vertex -3.4836120864397704 17.513300617405587 5.999999999999998
    endloop
  endfacet
  facet normal 0 0 0
    outer loop
      vertex -7.187587978952738 17.352372379537528 4.5
      vertex -10.434760406627792 15.616722556592844 4.5
      vertex -9.920487898181056 14.847059356871023 5.999999999999998
    endloop
  endfacet
  facet normal 0 0 0
    outer loop
      vertex -7.187587978952738 17.352372379537528 4.5
      vertex -9.920487898181056 14.847059356871023 5.999999999999998
      vertex -6.833350914029828 16.4971684531054 5.999999999999998
    endloop
  endfacet
  facet normal 0 0 0
    outer loop
      vertex -10.434760406627792 15.616722556592844 4.5
      vertex -13.2809308437572 13.280930843757202 4.5
      vertex -12.626386095878903 12.626386095878905 5.999999999999998
    endloop
  endfacet
  facet normal 0 0 0
    outer loop
      vertex -10.434760406627792 15.616722556592844 4.5
      vertex -12.626386095878903 12.626386095878905 5.999999999999998
      vertex -9.920487898181056 14.847059356871023 5.999999999999998
    endloop
  endfacet
  facet normal 0 0 0
    outer loop
      vertex -13.2809308437572 13.280930843757202 4.5
      vertex -15.616722556592844 10.434760406627795 4.5
      vertex -14.847059356871023 9.92048789818106 5.999999999999998
    endloop
  endfacet
  facet normal 0 0 0
    outer loop
      vertex -13.2809308437572 13.280930843757202 4.5
      vertex -14.847059356871023 9.92048789818106 5.999999999999998
      vertex -12.626386095878903 12.626386095878905 5.999999999999998
    endloop
  endfacet
  facet normal 0 0 0
    outer loop
      vertex -15.616722556592844 10.434760406627795 4.5
      vertex -17.352372379537528 7.187587978952742 4.5
      vertex -16.4971684531054 6.833350914029831 5.999999999999998
    endloop
  endfacet
  facet normal 0 0 0
    outer loop
      vertex -15.616722556592844 10.434760406627795 4.5
      vertex -16.4971684531054 6.833350914029831 5.999999999999998
      vertex -14.847059356871023 9.92048789818106 5.999999999999998
    endloop
  endfacet
  facet normal 0 0 0
    outer loop
      vertex -17.352372379537528 7.187587978952742 4.5
      vertex -18.421180263259128 3.664200576092311 4.5
      vertex -17.513300617405587 3.483612086439778 5.999999999999998
    endloop
  endfacet
  facet normal 0 0 0
    outer loop
      vertex -17.352372379537528 7.187587978952742 4.5
      vertex -17.513300617405587 3.483612086439778 5.999999999999998
      vertex -16.4971684531054 6.833350914029831 5.999999999999998
    endloop
  endfacet
  facet normal 0 0 0
    outer loop
      vertex -18.421180263259128 3.664200576092311 4.5
      vertex -18.782072520180588 2.3001404993192618e-15 4.5
      vertex -17.85640646055102 2.186779101618793e-15 5.999999999999998
    endloop
  endfacet
  facet normal 0 0 0
    outer loop
      vertex -18.421180263259128 3.664200576092311 4.5
      vertex -17.85640646055102 2.186779101618793e-15 5.999999999999998
      vertex -17.513300617405587 3.483612086439778 5.999999999999998
    endloop
  endfacet
  facet normal 0 0 0
    outer loop
      vertex -18.782072520180588 2.3001404993192618e-15 4.5
      vertex -18.421180263259128 -3.6642005760923064 4.5
      vertex -17.513300617405587 -3.4836120864397735 5.999999999999998
    endloop
  endfacet
  facet normal 0 0 0
    outer loop
      vertex -18.782072520180588 2.3001404993192618e-15 4.5
      vertex -17.513300617405587 -3.4836120864397735 5.999999999999998
      vertex -17.85640646055102 2.186779101618793e-15 5.999999999999998
    endloop
  endfacet
  facet normal 0 0 0
    outer loop
      vertex -18.421180263259128 -3.6642005760923064 4.5
      vertex -17.352372379537528 -7.187587978952736 4.5
      vertex -16.4971684531054 -6.833350914029826 5.999999999999998
    endloop
  endfacet
  facet normal 0 0 0
    outer loop
      vertex -18.421180263259128 -3.6642005760923064 4.5
      vertex -16.4971684531054 -6.833350914029826 5.999999999999998
      vertex -17.513300617405587 -3.4836120864397735 5.999999999999998
    endloop
  endfacet
  facet normal 0 0 0
    outer loop
      vertex -17.352372379537528 -7.187587978952736 4.5
      vertex -15.616722556592846 -10.434760406627792 4.5
      vertex -14.847059356871025 -9.920487898181056 5.999999999999998
    endloop
  endfacet
  facet normal 0 0 0
    outer loop
      vertex -17.352372379537528 -7.187587978952736 4.5
      vertex -14.847059356871025 -9.920487898181056 5.999999999999998
      vertex -16.4971684531054 -6.833350914029826 5.999999999999998
    endloop
  endfacet
  facet normal 0 0 0
    outer loop
      vertex -15.616722556592846 -10.434760406627792 4.5
      vertex -13.280930843757204 -13.2809308437572 4.5
      vertex -12.626386095878907 -12.626386095878903 5.999999999999998
    endloop
  endfacet
  facet normal 0 0 0
    outer loop
      vertex -15.616722556592846 -10.434760406627792 4.5
      vertex -12.626386095878907 -12.626386095878903 5.999999999999998
      vertex -14.847059356871025 -9.920487898181056 5.999999999999998
    endloop
  endfacet
  facet normal 0 0 0
    outer loop
      vertex -13.280930843757204 -13.2809308437572 4.5
      vertex -10.434760406627795 -15.616722556592842 4.5
      vertex -9.92048789818106 -14.847059356871021 5.999999999999998
    endloop
  endfacet
  facet normal 0 0 0
    outer loop
      vertex -13.280930843757204 -13.2809308437572 4.5
      vertex -9.92048789818106 -14.847059356871021 5.999999999999998
      vertex -12.626386095878907 -12.626386095878903 5.999999999999998
    endloop
  endfacet
  facet normal 0 0 0
    outer loop
      vertex -10.434760406627795 -15.616722556592842 4.5
      vertex -7.18758797895275 -17.352372379537524 4.5
      vertex -6.833350914029839 -16.497168453105395 5.999999999999998
    endloop
  endfacet
  facet normal 0 0 0
    outer loop
      vertex -10.434760406627795 -15.616722556592842 4.5
      vertex -6.833350914029839 -16.497168453105395 5.999999999999998
      vertex -9.92048789818106 -14.847059356871021 5.999999999999998
    endloop
  endfacet
  facet normal 0 0 0
    outer loop
      vertex -7.18758797895275 -17.352372379537524 4.5
      vertex -3.664200576092312 -18.421180263259124 4.5
      vertex -3.483612086439779 -17.513300617405587 5.999999999999998
    endloop
  endfacet
  facet normal 0 0 0
    outer loop
      vertex -7.18758797895275 -17.352372379537524 4.5
      vertex -3.483612086439779 -17.513300617405587 5.999999999999998
      vertex -6.833350914029839 -16.497168453105395 5.999999999999998
    endloop
  endfacet
  facet normal 0 0 0
    outer loop
      vertex -3.664200576092312 -18.421180263259124 4.5
      vertex -3.4502107489788925e-15 -18.782072520180588 4.5
      vertex -3.280168652428189e-15 -17.85640646055102 5.999999999999998
    endloop
  endfacet
  facet normal 0 0 0
    outer loop
      vertex -3.664200576092312 -18.421180263259124 4.5
      vertex -3.280168652428189e-15 -17.85640646055102 5.999999999999998
      vertex -3.483612086439779 -17.513300617405587 5.999999999999998
    endloop
  endfacet
  facet normal 0 0 0
    outer loop
      vertex -3.4502107489788925e-15 -18.782072520180588 4.5
      vertex 3.6642005760923055 -18.421180263259128 4.5
      vertex 3.4836120864397726 -17.513300617405587 5.999999999999998
    endloop
  endfacet
  facet normal 0 0 0
    outer loop
      vertex -3.4502107489788925e-15 -18.782072520180588 4.5
      vertex 3.4836120864397726 -17.513300617405587 5.999999999999998
      vertex -3.280168652428189e-15 -17.85640646055102 5.999999999999998
    endloop
  endfacet
  facet normal 0 0 0
    outer loop
      vertex 3.6642005760923055 -18.421180263259128 4.5
      vertex 7.1875879789527435 -17.352372379537524 4.5
      vertex 6.8333509140298325 -16.497168453105395 5.999999999999998
    endloop
  endfacet
  facet normal 0 0 0
    outer loop
      vertex 3.6642005760923055 -18.421180263259128 4.5
      vertex 6.8333509140298325 -16.497168453105395 5.999999999999998
      vertex 3.4836120864397726 -17.513300617405587 5.999999999999998
    endloop
  endfacet
  facet normal 0 0 0
    outer loop
      vertex 7.1875879789527435 -17.352372379537524 4.5
      vertex 10.43476040662779 -15.616722556592846 4.5
      vertex 9.920487898181054 -14.847059356871025 5.999999999999998
    endloop
  endfacet
  facet normal 0 0 0
    outer loop
      vertex 7.1875879789527435 -17.352372379537524 4.5
      vertex 9.920487898181054 -14.847059356871025 5.999999999999998
      vertex 6.8333509140298325 -16.497168453105395 5.999999999999998
    endloop
  endfacet
  facet normal 0 0 0
    outer loop
      vertex 10.43476040662779 -15.616722556592846 4.5
      vertex 13.280930843757199 -13.280930843757204 4.5
      vertex 12.626386095878901 -12.626386095878907 5.999999999999998
    endloop
  endfacet
  facet normal 0 0 0
    outer loop
      vertex 10.43476040662779 -15.616722556592846 4.5
      vertex 12.626386095878901 -12.626386095878907 5.999999999999998
      vertex 9.920487898181054 -14.847059356871025 5.999999999999998
    endloop
  endfacet
  facet normal 0 0 0
    outer loop
      vertex 13.280930843757199 -13.280930843757204 4.5
      vertex 15.616722556592842 -10.434760406627795 4.5
      vertex 14.847059356871021 -9.92048789818106 5.999999999999998
    endloop
  endfacet
  facet normal 0 0 0
    outer loop
      vertex 13.280930843757199 -13.280930843757204 4.5
      vertex 14.847059356871021 -9.92048789818106 5.999999999999998
      vertex 12.626386095878901 -12.626386095878907 5.999999999999998
    endloop
  endfacet
  facet normal 0 0 0
    outer loop
      vertex 15.616722556592842 -10.434760406627795 4.5
      vertex 17.352372379537524 -7.187587978952751 4.5
      vertex 16.497168453105395 -6.83335091402984 5.999999999999998
    endloop
  endfacet
  facet normal 0 0 0
    outer loop
      vertex 15.616722556592842 -10.434760406627795 4.5
      vertex 16.497168453105395 -6.83335091402984 5.999999999999998
      vertex 14.847059356871021 -9.92048789818106 5.999999999999998
    endloop
  endfacet
  facet normal 0 0 0
    outer loop
      vertex 17.352372379537524 -7.187587978952751 4.5
      vertex 18.421180263259124 -3.664200576092313 4.5
      vertex 17.513300617405587 -3.48361208643978 5.999999999999998
    endloop
  endfacet
  facet normal 0 0 0
    outer loop
      vertex 17.352372379537524 -7.187587978952751 4.5
      vertex 17.513300617405587 -3.48361208643978 5.999999999999998
      vertex 16.497168453105395 -6.83335091402984 5.999999999999998
    endloop
  endfacet
  facet normal 0 0 0
    outer loop
      vertex 18.421180263259124 -3.664200576092313 4.5
      vertex 18.782072520180588 0 4.5
      vertex 17.85640646055102 0 5.999999999999998
    endloop
  endfacet
  facet normal 0 0 0
    outer loop
      vertex 18.421180263259124 -3.664200576092313 4.5
      vertex 17.85640646055102 0 5.999999999999998
      vertex 17.513300617405587 -3.48361208643978 5.999999999999998
    endloop
  endfacet
  facet normal 0 0 0
    outer loop
      vertex 17.85640646055102 0 5.999999999999998
      vertex 17.513300617405587 3.4836120864397717 5.999999999999998
      vertex 16.37288957467498 3.256770226144322 7.500000000000002
    endloop
  endfacet
  facet normal 0 0 0
    outer loop
      vertex 17.85640646055102 0 5.999999999999998
      vertex 16.37288957467498 3.256770226144322 7.500000000000002
      vertex 16.693653444659763 0 7.500000000000002
    endloop
  endfacet
  facet normal 0 0 0
    outer loop
      vertex 17.513300617405587 3.4836120864397717 5.999999999999998
      vertex 16.4971684531054 6.833350914029829 5.999999999999998
      vertex 15.422924740357693 6.388384598915702 7.500000000000002
    endloop
  endfacet
  facet normal 0 0 0
    outer loop
      vertex 17.513300617405587 3.4836120864397717 5.999999999999998
      vertex 15.422924740357693 6.388384598915702 7.500000000000002
      vertex 16.37288957467498 3.256770226144322 7.500000000000002
    endloop
  endfacet
  facet normal 0 0 0
    outer loop
      vertex 16.4971684531054 6.833350914029829 5.999999999999998
      vertex 14.847059356871021 9.92048789818106 5.999999999999998
      vertex 13.880265557544302 9.274496934198108 7.500000000000002
    endloop
  endfacet
  facet normal 0 0 0
    outer loop
      vertex 16.4971684531054 6.833350914029829 5.999999999999998
      vertex 13.880265557544302 9.274496934198108 7.500000000000002
      vertex 15.422924740357693 6.388384598915702 7.500000000000002
    endloop
  endfacet
  facet normal 0 0 0
    outer loop
      vertex 14.847059356871021 9.92048789818106 5.999999999999998
      vertex 12.626386095878905 12.626386095878903 5.999999999999998
      vertex 11.804195553497086 11.804195553497085 7.500000000000002
    endloop
  endfacet
  facet normal 0 0 0
    outer loop
      vertex 14.847059356871021 9.92048789818106 5.999999999999998
      vertex 11.804195553497086 11.804195553497085 7.500000000000002
      vertex 13.880265557544302 9.274496934198108 7.500000000000002
    endloop
  endfacet
  facet normal 0 0 0
    outer loop
      vertex 12.626386095878905 12.626386095878903 5.999999999999998
      vertex 9.920487898181063 14.847059356871021 5.999999999999998
      vertex 9.27449693419811 13.880265557544302 7.500000000000002
    endloop
  endfacet
  facet normal 0 0 0
    outer loop
      vertex 12.626386095878905 12.626386095878903 5.999999999999998
      vertex 9.27449693419811 13.880265557544302 7.500000000000002
      vertex 11.804195553497086 11.804195553497085 7.500000000000002
    endloop
  endfacet
  facet normal 0 0 0
    outer loop
      vertex 9.920487898181063 14.847059356871021 5.999999999999998
      vertex 6.83335091402983 16.4971684531054 5.999999999999998
      vertex 6.388384598915703 15.422924740357693 7.500000000000002
    endloop
  endfacet
  facet normal 0 0 0
    outer loop
      vertex 9.920487898181063 14.847059356871021 5.999999999999998
      vertex 6.388384598915703 15.422924740357693 7.500000000000002
      vertex 9.27449693419811 13.880265557544302 7.500000000000002
    endloop
  endfacet
  facet normal 0 0 0
    outer loop
      vertex 6.83335091402983 16.4971684531054 5.999999999999998
      vertex 3.483612086439773 17.513300617405587 5.999999999999998
      vertex 3.256770226144323 16.37288957467498 7.500000000000002
    endloop
  endfacet
  facet normal 0 0 0
    outer loop
      vertex 6.83335091402983 16.4971684531054 5.999999999999998
      vertex 3.256770226144323 16.37288957467498 7.500000000000002
      vertex 6.388384598915703 15.422924740357693 7.500000000000002
    endloop
  endfacet
  facet normal 0 0 0
    outer loop
      vertex 3.483612086439773 17.513300617405587 5.999999999999998
      vertex 1.0933895508093964e-15 17.85640646055102 5.999999999999998
      vertex 1.0221914628538882e-15 16.693653444659763 7.500000000000002
    endloop
  endfacet
  facet normal 0 0 0
    outer loop
      vertex 3.483612086439773 17.513300617405587 5.999999999999998
      vertex 1.0221914628538882e-15 16.693653444659763 7.500000000000002
      vertex 3.256770226144323 16.37288957467498 7.500000000000002
    endloop
  endfacet
  facet normal 0 0 0
    outer loop
      vertex 1.0933895508093964e-15 17.85640646055102 5.999999999999998
      vertex -3.4836120864397704 17.513300617405587 5.999999999999998
      vertex -3.2567702261443205 16.37288957467498 7.500000000000002
    endloop
  endfacet
  facet normal 0 0 0
    outer loop
      vertex 1.0933895508093964e-15 17.85640646055102 5.999999999999998
      vertex -3.2567702261443205 16.37288957467498 7.500000000000002
      vertex 1.0221914628538882e-15 16.693653444659763 7.500000000000002
    endloop
  endfacet
  facet normal 0 0 0
    outer loop
      vertex -3.4836120864397704 17.513300617405587 5.999999999999998
      vertex -6.833350914029828 16.4971684531054 5.999999999999998
      vertex -6.388384598915701 15.422924740357693 7.500000000000002
    endloop
  endfacet
  facet normal 0 0 0
    outer loop
      vertex -3.4836120864397704 17.513300617405587 5.999999999999998
      vertex -6.388384598915701 15.422924740357693 7.500000000000002
      vertex -3.2567702261443205 16.37288957467498 7.500000000000002
    endloop
  endfacet
  facet normal 0 0 0
    outer loop
      vertex -6.833350914029828 16.4971684531054 5.999999999999998
      vertex -9.920487898181056 14.847059356871023 5.999999999999998
      vertex -9.274496934198105 13.880265557544304 7.500000000000002
    endloop
  endfacet
  facet normal 0 0 0
    outer loop
      vertex -6.833350914029828 16.4971684531054 5.999999999999998
      vertex -9.274496934198105 13.880265557544304 7.500000000000002
      vertex -6.388384598915701 15.422924740357693 7.500000000000002
    endloop
  endfacet
  facet normal 0 0 0
    outer loop
      vertex -9.920487898181056 14.847059356871023 5.999999999999998
      vertex -12.626386095878903 12.626386095878905 5.999999999999998
      vertex -11.804195553497085 11.804195553497086 7.500000000000002
    endloop
  endfacet
  facet normal 0 0 0
    outer loop
      vertex -9.920487898181056 14.847059356871023 5.999999999999998
      vertex -11.804195553497085 11.804195553497086 7.500000000000002
      vertex -9.274496934198105 13.880265557544304 7.500000000000002
    endloop
  endfacet
  facet normal 0 0 0
    outer loop
      vertex -12.626386095878903 12.626386095878905 5.999999999999998
      vertex -14.847059356871023 9.92048789818106 5.999999999999998
      vertex -13.880265557544304 9.274496934198108 7.500000000000002
    endloop
  endfacet
  facet normal 0 0 0
    outer loop
      vertex -12.626386095878903 12.626386095878905 5.999999999999998
      vertex -13.880265557544304 9.274496934198108 7.500000000000002
      vertex -11.804195553497085 11.804195553497086 7.500000000000002
    endloop
  endfacet
  facet normal 0 0 0
    outer loop
      vertex -14.847059356871023 9.92048789818106 5.999999999999998
      vertex -16.4971684531054 6.833350914029831 5.999999999999998
      vertex -15.422924740357693 6.388384598915704 7.500000000000002
    endloop
  endfacet
  facet normal 0 0 0
    outer loop
      vertex -14.847059356871023 9.92048789818106 5.999999999999998
      vertex -15.422924740357693 6.388384598915704 7.500000000000002
      vertex -13.880265557544304 9.274496934198108 7.500000000000002
    endloop
  endfacet
  facet normal 0 0 0
    outer loop
      vertex -16.4971684531054 6.833350914029831 5.999999999999998
      vertex -17.513300617405587 3.483612086439778 5.999999999999998
      vertex -16.37288957467498 3.2567702261443277 7.500000000000002
    endloop
  endfacet
  facet normal 0 0 0
    outer loop
      vertex -16.4971684531054 6.833350914029831 5.999999999999998
      vertex -16.37288957467498 3.2567702261443277 7.500000000000002
      vertex -15.422924740357693 6.388384598915704 7.500000000000002
    endloop
  endfacet
  facet normal 0 0 0
    outer loop
      vertex -17.513300617405587 3.483612086439778 5.999999999999998
      vertex -17.85640646055102 2.186779101618793e-15 5.999999999999998
      vertex -16.693653444659763 2.0443829257077764e-15 7.500000000000002
    endloop
  endfacet
  facet normal 0 0 0
    outer loop
      vertex -17.513300617405587 3.483612086439778 5.999999999999998
      vertex -16.693653444659763 2.0443829257077764e-15 7.500000000000002
      vertex -16.37288957467498 3.2567702261443277 7.500000000000002
    endloop
  endfacet
  facet normal 0 0 0
    outer loop
      vertex -17.85640646055102 2.186779101618793e-15 5.999999999999998
      vertex -17.513300617405587 -3.4836120864397735 5.999999999999998
      vertex -16.37288957467498 -3.2567702261443237 7.500000000000002
    endloop
  endfacet
  facet normal 0 0 0
    outer loop
      vertex -17.85640646055102 2.186779101618793e-15 5.999999999999998
      vertex -16.37288957467498 -3.2567702261443237 7.500000000000002
      vertex -16.693653444659763 2.0443829257077764e-15 7.500000000000002
    endloop
  endfacet
  facet normal 0 0 0
    outer loop
      vertex -17.513300617405587 -3.4836120864397735 5.999999999999998
      vertex -16.4971684531054 -6.833350914029826 5.999999999999998
      vertex -15.422924740357695 -6.3883845989156995 7.500000000000002
    endloop
  endfacet
  facet normal 0 0 0
    outer loop
      vertex -17.513300617405587 -3.4836120864397735 5.999999999999998
      vertex -15.422924740357695 -6.3883845989156995 7.500000000000002
      vertex -16.37288957467498 -3.2567702261443237 7.500000000000002
    endloop
  endfacet
  facet normal 0 0 0
    outer loop
      vertex -16.4971684531054 -6.833350914029826 5.999999999999998
      vertex -14.847059356871025 -9.920487898181056 5.999999999999998
      vertex -13.880265557544305 -9.274496934198105 7.500000000000002
    endloop
  endfacet
  facet normal 0 0 0
    outer loop
      vertex -16.4971684531054 -6.833350914029826 5.999999999999998
      vertex -13.880265557544305 -9.274496934198105 7.500000000000002
      vertex -15.422924740357695 -6.3883845989156995 7.500000000000002
    endloop
  endfacet
  facet normal 0 0 0
    outer loop
      vertex -14.847059356871025 -9.920487898181056 5.999999999999998
      vertex -12.626386095878907 -12.626386095878903 5.999999999999998
      vertex -11.804195553497088 -11.804195553497085 7.500000000000002
    endloop
  endfacet
  facet normal 0 0 0
    outer loop
      vertex -14.847059356871025 -9.920487898181056 5.999999999999998
      vertex -11.804195553497088 -11.804195553497085 7.500000000000002
      vertex -13.880265557544305 -9.274496934198105 7.500000000000002
    endloop
  endfacet
  facet normal 0 0 0
    outer loop
      vertex -12.626386095878907 -12.626386095878903 5.999999999999998
      vertex -9.92048789818106 -14.847059356871021 5.999999999999998
      vertex -9.274496934198108 -13.880265557544302 7.500000000000002
    endloop
  endfacet
  facet normal 0 0 0
    outer loop
      vertex -12.626386095878907 -12.626386095878903 5.999999999999998
      vertex -9.274496934198108 -13.880265557544302 7.500000000000002
      vertex -11.804195553497088 -11.804195553497085 7.500000000000002
    endloop
  endfacet
  facet normal 0 0 0
    outer loop
      vertex -9.92048789818106 -14.847059356871021 5.999999999999998
      vertex -6.833350914029839 -16.497168453105395 5.999999999999998
      vertex -6.388384598915712 -15.42292474035769 7.500000000000002
    endloop
  endfacet
  facet normal 0 0 0
    outer loop
      vertex -9.92048789818106 -14.847059356871021 5.999999999999998
      vertex -6.388384598915712 -15.42292474035769 7.500000000000002
      vertex -9.274496934198108 -13.880265557544302 7.500000000000002
    endloop
  endfacet
  facet normal 0 0 0
    outer loop
      vertex -6.833350914029839 -16.497168453105395 5.999999999999998
      vertex -3.483612086439779 -17.513300617405587 5.999999999999998
      vertex -3.2567702261443285 -16.37288957467498 7.500000000000002
    endloop
  endfacet
  facet normal 0 0 0
    outer loop
      vertex -6.833350914029839 -16.497168453105395 5.999999999999998
      vertex -3.2567702261443285 -16.37288957467498 7.500000000000002
      vertex -6.388384598915712 -15.42292474035769 7.500000000000002
    endloop
  endfacet
  facet normal 0 0 0
    outer loop
      vertex -3.483612086439779 -17.513300617405587 5.999999999999998
      vertex -3.280168652428189e-15 -17.85640646055102 5.999999999999998
      vertex -3.0665743885616644e-15 -16.693653444659763 7.500000000000002
    endloop
  endfacet
  facet normal 0 0 0
    outer loop
      vertex -3.483612086439779 -17.513300617405587 5.999999999999998
      vertex -3.0665743885616644e-15 -16.693653444659763 7.500000000000002
      vertex -3.2567702261443285 -16.37288957467498 7.500000000000002
    endloop
  endfacet
  facet normal 0 0 0
    outer loop
      vertex -3.280168652428189e-15 -17.85640646055102 5.999999999999998
      vertex 3.4836120864397726 -17.513300617405587 5.999999999999998
      vertex 3.2567702261443228 -16.37288957467498 7.500000000000002
    endloop
  endfacet
  facet normal 0 0 0
    outer loop
      vertex -3.280168652428189e-15 -17.85640646055102 5.999999999999998
      vertex 3.2567702261443228 -16.37288957467498 7.500000000000002
      vertex -3.0665743885616644e-15 -16.693653444659763 7.500000000000002
    endloop
  endfacet
  facet normal 0 0 0
    outer loop
      vertex 3.4836120864397726 -17.513300617405587 5.999999999999998
      vertex 6.8333509140298325 -16.497168453105395 5.999999999999998
      vertex 6.388384598915706 -15.422924740357692 7.500000000000002
    endloop
  endfacet
  facet normal 0 0 0
    outer loop
      vertex 3.4836120864397726 -17.513300617405587 5.999999999999998
      vertex 6.388384598915706 -15.422924740357692 7.500000000000002
      vertex 3.2567702261443228 -16.37288957467498 7.500000000000002
    endloop
  endfacet
  facet normal 0 0 0
    outer loop
      vertex 6.8333509140298325 -16.497168453105395 5.999999999999998
      vertex 9.920487898181054 -14.847059356871025 5.999999999999998
      vertex 9.274496934198103 -13.880265557544305 7.500000000000002
    endloop
  endfacet
  facet normal 0 0 0
    outer loop
      vertex 6.8333509140298325 -16.497168453105395 5.999999999999998
      vertex 9.274496934198103 -13.880265557544305 7.500000000000002
      vertex 6.388384598915706 -15.422924740357692 7.500000000000002
    endloop
  endfacet
  facet normal 0 0 0
    outer loop
      vertex 9.920487898181054 -14.847059356871025 5.999999999999998
      vertex 12.626386095878901 -12.626386095878907 5.999999999999998
      vertex 11.804195553497083 -11.804195553497088 7.500000000000002
    endloop
  endfacet
  facet normal 0 0 0
    outer loop
      vertex 9.920487898181054 -14.847059356871025 5.999999999999998
      vertex 11.804195553497083 -11.804195553497088 7.500000000000002
      vertex 9.274496934198103 -13.880265557544305 7.500000000000002
    endloop
  endfacet
  facet normal 0 0 0
    outer loop
      vertex 12.626386095878901 -12.626386095878907 5.999999999999998
      vertex 14.847059356871021 -9.92048789818106 5.999999999999998
      vertex 13.880265557544302 -9.274496934198108 7.500000000000002
    endloop
  endfacet
  facet normal 0 0 0
    outer loop
      vertex 12.626386095878901 -12.626386095878907 5.999999999999998
      vertex 13.880265557544302 -9.274496934198108 7.500000000000002
      vertex 11.804195553497083 -11.804195553497088 7.500000000000002
    endloop
  endfacet
  facet normal 0 0 0
    outer loop
      vertex 14.847059356871021 -9.92048789818106 5.999999999999998
      vertex 16.497168453105395 -6.83335091402984 5.999999999999998
      vertex 15.42292474035769 -6.388384598915713 7.500000000000002
    endloop
  endfacet
  facet normal 0 0 0
    outer loop
      vertex 14.847059356871021 -9.92048789818106 5.999999999999998
      vertex 15.42292474035769 -6.388384598915713 7.500000000000002
      vertex 13.880265557544302 -9.274496934198108 7.500000000000002
    endloop
  endfacet
  facet normal 0 0 0
    outer loop
      vertex 16.497168453105395 -6.83335091402984 5.999999999999998
      vertex 17.513300617405587 -3.48361208643978 5.999999999999998
      vertex 16.37288957467498 -3.2567702261443294 7.500000000000002
    endloop
  endfacet
  facet normal 0 0 0
    outer loop
      vertex 16.497168453105395 -6.83335091402984 5.999999999999998
      vertex 16.37288957467498 -3.2567702261443294 7.500000000000002
      vertex 15.42292474035769 -6.388384598915713 7.500000000000002
    endloop
  endfacet
  facet normal 0 0 0
    outer loop
      vertex 17.513300617405587 -3.48361208643978 5.999999999999998
      vertex 17.85640646055102 0 5.999999999999998
      vertex 16.693653444659763 0 7.500000000000002
    endloop
  endfacet
  facet normal 0 0 0
    outer loop
      vertex 17.513300617405587 -3.48361208643978 5.999999999999998
      vertex 16.693653444659763 0 7.500000000000002
      vertex 16.37288957467498 -3.2567702261443294 7.500000000000002
    endloop
  endfacet
  facet normal 0 0 0
    outer loop
      vertex 16.693653444659763 0 7.500000000000002
      vertex 16.37288957467498 3.256770226144322 7.500000000000002
      vertex 15.019459884190102 2.9875563223280572 9
    endloop
  endfacet
  facet normal 0 0 0
    outer loop
      vertex 16.693653444659763 0 7.500000000000002
      vertex 15.019459884190102 2.9875563223280572 9
      vertex 15.313708498984761 0 9
    endloop
  endfacet
  facet normal 0 0 0
    outer loop
      vertex 16.37288957467498 3.256770226144322 7.500000000000002
      vertex 15.422924740357693 6.388384598915702 7.500000000000002
      vertex 14.14802184905616 5.8603025306299354 9
    endloop
  endfacet
  facet normal 0 0 0
    outer loop
      vertex 16.37288957467498 3.256770226144322 7.500000000000002
      vertex 14.14802184905616 5.8603025306299354 9
      vertex 15.019459884190102 2.9875563223280572 9
    endloop
  endfacet
  facet normal 0 0 0
    outer loop
      vertex 15.422924740357693 6.388384598915702 7.500000000000002
      vertex 13.880265557544302 9.274496934198108 7.500000000000002
      vertex 12.732883268565052 8.507840599175227 9
    endloop
  endfacet
  facet normal 0 0 0
    outer loop
      vertex 15.422924740357693 6.388384598915702 7.500000000000002
      vertex 12.732883268565052 8.507840599175227 9
      vertex 14.14802184905616 5.8603025306299354 9
    endloop
  endfacet
  facet normal 0 0 0
    outer loop
      vertex 13.880265557544302 9.274496934198108 7.500000000000002
      vertex 11.804195553497086 11.804195553497085 7.500000000000002
      vertex 10.828427124746192 10.82842712474619 9
    endloop
  endfacet
  facet normal 0 0 0
    outer loop
      vertex 13.880265557544302 9.274496934198108 7.500000000000002
      vertex 10.828427124746192 10.82842712474619 9
      vertex 12.732883268565052 8.507840599175227 9
    endloop
  endfacet
  facet normal 0 0 0
    outer loop
      vertex 11.804195553497086 11.804195553497085 7.500000000000002
      vertex 9.27449693419811 13.880265557544302 7.500000000000002
      vertex 8.507840599175228 12.732883268565052 9
    endloop
  endfacet
  facet normal 0 0 0
    outer loop
      vertex 11.804195553497086 11.804195553497085 7.500000000000002
      vertex 8.507840599175228 12.732883268565052 9
      vertex 10.828427124746192 10.82842712474619 9
    endloop
  endfacet
  facet normal 0 0 0
    outer loop
      vertex 9.27449693419811 13.880265557544302 7.500000000000002
      vertex 6.388384598915703 15.422924740357693 7.500000000000002
      vertex 5.860302530629936 14.14802184905616 9
    endloop
  endfacet
  facet normal 0 0 0
    outer loop
      vertex 9.27449693419811 13.880265557544302 7.500000000000002
      vertex 5.860302530629936 14.14802184905616 9
      vertex 8.507840599175228 12.732883268565052 9
    endloop
  endfacet
  facet normal 0 0 0
    outer loop
      vertex 6.388384598915703 15.422924740357693 7.500000000000002
      vertex 3.256770226144323 16.37288957467498 7.500000000000002
      vertex 2.987556322328058 15.019459884190102 9
    endloop
  endfacet
  facet normal 0 0 0
    outer loop
      vertex 6.388384598915703 15.422924740357693 7.500000000000002
      vertex 2.987556322328058 15.019459884190102 9
      vertex 5.860302530629936 14.14802184905616 9
    endloop
  endfacet
  facet normal 0 0 0
    outer loop
      vertex 3.256770226144323 16.37288957467498 7.500000000000002
      vertex 1.0221914628538882e-15 16.693653444659763 7.500000000000002
      vertex 9.376942048178653e-16 15.313708498984761 9
    endloop
  endfacet
  facet normal 0 0 0
    outer loop
      vertex 3.256770226144323 16.37288957467498 7.500000000000002
      vertex 9.376942048178653e-16 15.313708498984761 9
      vertex 2.987556322328058 15.019459884190102 9
    endloop
  endfacet
  facet normal 0 0 0
    outer loop
      vertex 1.0221914628538882e-15 16.693653444659763 7.500000000000002
      vertex -3.2567702261443205 16.37288957467498 7.500000000000002
      vertex -2.9875563223280563 15.019459884190102 9
    endloop
  endfacet
  facet normal 0 0 0
    outer loop
      vertex 1.0221914628538882e-15 16.693653444659763 7.500000000000002
      vertex -2.9875563223280563 15.019459884190102 9
      vertex 9.376942048178653e-16 15.313708498984761 9
    endloop
  endfacet
  facet normal 0 0 0
    outer loop
      vertex -3.2567702261443205 16.37288957467498 7.500000000000002
      vertex -6.388384598915701 15.422924740357693 7.500000000000002
      vertex -5.860302530629935 14.14802184905616 9
    endloop
  endfacet
  facet normal 0 0 0
    outer loop
      vertex -3.2567702261443205 16.37288957467498 7.500000000000002
      vertex -5.860302530629935 14.14802184905616 9
      vertex -2.9875563223280563 15.019459884190102 9
    endloop
  endfacet
  facet normal 0 0 0
    outer loop
      vertex -6.388384598915701 15.422924740357693 7.500000000000002
      vertex -9.274496934198105 13.880265557544304 7.500000000000002
      vertex -8.507840599175223 12.732883268565052 9
    endloop
  endfacet
  facet normal 0 0 0
    outer loop
      vertex -6.388384598915701 15.422924740357693 7.500000000000002
      vertex -8.507840599175223 12.732883268565052 9
      vertex -5.860302530629935 14.14802184905616 9
    endloop
  endfacet
  facet normal 0 0 0
    outer loop
      vertex -9.274496934198105 13.880265557544304 7.500000000000002
      vertex -11.804195553497085 11.804195553497086 7.500000000000002
      vertex -10.82842712474619 10.828427124746192 9
    endloop
  endfacet
  facet normal 0 0 0
    outer loop
      vertex -9.274496934198105 13.880265557544304 7.500000000000002
      vertex -10.82842712474619 10.828427124746192 9
      vertex -8.507840599175223 12.732883268565052 9
    endloop
  endfacet
  facet normal 0 0 0
    outer loop
      vertex -11.804195553497085 11.804195553497086 7.500000000000002
      vertex -13.880265557544304 9.274496934198108 7.500000000000002
      vertex -12.732883268565052 8.507840599175227 9
    endloop
  endfacet
  facet normal 0 0 0
    outer loop
      vertex -11.804195553497085 11.804195553497086 7.500000000000002
      vertex -12.732883268565052 8.507840599175227 9
      vertex -10.82842712474619 10.828427124746192 9
    endloop
  endfacet
  facet normal 0 0 0
    outer loop
      vertex -13.880265557544304 9.274496934198108 7.500000000000002
      vertex -15.422924740357693 6.388384598915704 7.500000000000002
      vertex -14.14802184905616 5.860302530629937 9
    endloop
  endfacet
  facet normal 0 0 0
    outer loop
      vertex -13.880265557544304 9.274496934198108 7.500000000000002
      vertex -14.14802184905616 5.860302530629937 9
      vertex -12.732883268565052 8.507840599175227 9
    endloop
  endfacet
  facet normal 0 0 0
    outer loop
      vertex -15.422924740357693 6.388384598915704 7.500000000000002
      vertex -16.37288957467498 3.2567702261443277 7.500000000000002
      vertex -15.019459884190102 2.9875563223280626 9
    endloop
  endfacet
  facet normal 0 0 0
    outer loop
      vertex -15.422924740357693 6.388384598915704 7.500000000000002
      vertex -15.019459884190102 2.9875563223280626 9
      vertex -14.14802184905616 5.860302530629937 9
    endloop
  endfacet
  facet normal 0 0 0
    outer loop
      vertex -16.37288957467498 3.2567702261443277 7.500000000000002
      vertex -16.693653444659763 2.0443829257077764e-15 7.500000000000002
      vertex -15.313708498984761 1.8753884096357306e-15 9
    endloop
  endfacet
  facet normal 0 0 0
    outer loop
      vertex -16.37288957467498 3.2567702261443277 7.500000000000002
      vertex -15.313708498984761 1.8753884096357306e-15 9
      vertex -15.019459884190102 2.9875563223280626 9
    endloop
  endfacet
  facet normal 0 0 0
    outer loop
      vertex -16.693653444659763 2.0443829257077764e-15 7.500000000000002
      vertex -16.37288957467498 -3.2567702261443237 7.500000000000002
      vertex -15.019459884190102 -2.9875563223280586 9
    endloop
  endfacet
  facet normal 0 0 0
    outer loop
      vertex -16.693653444659763 2.0443829257077764e-15 7.500000000000002
      vertex -15.019459884190102 -2.9875563223280586 9
      vertex -15.313708498984761 1.8753884096357306e-15 9
    endloop
  endfacet
  facet normal 0 0 0
    outer loop
      vertex -16.37288957467498 -3.2567702261443237 7.500000000000002
      vertex -15.422924740357695 -6.3883845989156995 7.500000000000002
      vertex -14.148021849056162 -5.860302530629933 9
    endloop
  endfacet
  facet normal 0 0 0
    outer loop
      vertex -16.37288957467498 -3.2567702261443237 7.500000000000002
      vertex -14.148021849056162 -5.860302530629933 9
      vertex -15.019459884190102 -2.9875563223280586 9
    endloop
  endfacet
  facet normal 0 0 0
    outer loop
      vertex -15.422924740357695 -6.3883845989156995 7.500000000000002
      vertex -13.880265557544305 -9.274496934198105 7.500000000000002
      vertex -12.732883268565054 -8.507840599175223 9
    endloop
  endfacet
  facet normal 0 0 0
    outer loop
      vertex -15.422924740357695 -6.3883845989156995 7.500000000000002
      vertex -12.732883268565054 -8.507840599175223 9
      vertex -14.148021849056162 -5.860302530629933 9
    endloop
  endfacet
  facet normal 0 0 0
    outer loop
      vertex -13.880265557544305 -9.274496934198105 7.500000000000002
      vertex -11.804195553497088 -11.804195553497085 7.500000000000002
      vertex -10.828427124746193 -10.82842712474619 9
    endloop
  endfacet
  facet normal 0 0 0
    outer loop
      vertex -13.880265557544305 -9.274496934198105 7.500000000000002
      vertex -10.828427124746193 -10.82842712474619 9
      vertex -12.732883268565054 -8.507840599175223 9
    endloop
  endfacet
  facet normal 0 0 0
    outer loop
      vertex -11.804195553497088 -11.804195553497085 7.500000000000002
      vertex -9.274496934198108 -13.880265557544302 7.500000000000002
      vertex -8.507840599175227 -12.732883268565052 9
    endloop
  endfacet
  facet normal 0 0 0
    outer loop
      vertex -11.804195553497088 -11.804195553497085 7.500000000000002
      vertex -8.507840599175227 -12.732883268565052 9
      vertex -10.828427124746193 -10.82842712474619 9
    endloop
  endfacet
  facet normal 0 0 0
    outer loop
      vertex -9.274496934198108 -13.880265557544302 7.500000000000002
      vertex -6.388384598915712 -15.42292474035769 7.500000000000002
      vertex -5.860302530629944 -14.148021849056157 9
    endloop
  endfacet
  facet normal 0 0 0
    outer loop
      vertex -9.274496934198108 -13.880265557544302 7.500000000000002
      vertex -5.860302530629944 -14.148021849056157 9
      vertex -8.507840599175227 -12.732883268565052 9
    endloop
  endfacet
  facet normal 0 0 0
    outer loop
      vertex -6.388384598915712 -15.42292474035769 7.500000000000002
      vertex -3.2567702261443285 -16.37288957467498 7.500000000000002
      vertex -2.9875563223280635 -15.0194598841901 9
    endloop
  endfacet
  facet normal 0 0 0
    outer loop
      vertex -6.388384598915712 -15.42292474035769 7.500000000000002
      vertex -2.9875563223280635 -15.0194598841901 9
      vertex -5.860302530629944 -14.148021849056157 9
    endloop
  endfacet
  facet normal 0 0 0
    outer loop
      vertex -3.2567702261443285 -16.37288957467498 7.500000000000002
      vertex -3.0665743885616644e-15 -16.693653444659763 7.500000000000002
      vertex -2.8130826144535958e-15 -15.313708498984761 9
    endloop
  endfacet
  facet normal 0 0 0
    outer loop
      vertex -3.2567702261443285 -16.37288957467498 7.500000000000002
      vertex -2.8130826144535958e-15 -15.313708498984761 9
      vertex -2.9875563223280635 -15.0194598841901 9
    endloop
  endfacet
  facet normal 0 0 0
    outer loop
      vertex -3.0665743885616644e-15 -16.693653444659763 7.500000000000002
      vertex 3.2567702261443228 -16.37288957467498 7.500000000000002
      vertex 2.9875563223280577 -15.019459884190102 9
    endloop
  endfacet
  facet normal 0 0 0
    outer loop
      vertex -3.0665743885616644e-15 -16.693653444659763 7.500000000000002
      vertex 2.9875563223280577 -15.019459884190102 9
      vertex -2.8130826144535958e-15 -15.313708498984761 9
    endloop
  endfacet
  facet normal 0 0 0
    outer loop
      vertex 3.2567702261443228 -16.37288957467498 7.500000000000002
      vertex 6.388384598915706 -15.422924740357692 7.500000000000002
      vertex 5.860302530629939 -14.148021849056159 9
    endloop
  endfacet
  facet normal 0 0 0
    outer loop
      vertex 3.2567702261443228 -16.37288957467498 7.500000000000002
      vertex 5.860302530629939 -14.148021849056159 9
      vertex 2.9875563223280577 -15.019459884190102 9
    endloop
  endfacet
  facet normal 0 0 0
    outer loop
      vertex 6.388384598915706 -15.422924740357692 7.500000000000002
      vertex 9.274496934198103 -13.880265557544305 7.500000000000002
      vertex 8.507840599175221 -12.732883268565054 9
    endloop
  endfacet
  facet normal 0 0 0
    outer loop
      vertex 6.388384598915706 -15.422924740357692 7.500000000000002
      vertex 8.507840599175221 -12.732883268565054 9
      vertex 5.860302530629939 -14.148021849056159 9
    endloop
  endfacet
  facet normal 0 0 0
    outer loop
      vertex 9.274496934198103 -13.880265557544305 7.500000000000002
      vertex 11.804195553497083 -11.804195553497088 7.500000000000002
      vertex 10.828427124746188 -10.828427124746193 9
    endloop
  endfacet
  facet normal 0 0 0
    outer loop
      vertex 9.274496934198103 -13.880265557544305 7.500000000000002
      vertex 10.828427124746188 -10.828427124746193 9
      vertex 8.507840599175221 -12.732883268565054 9
    endloop
  endfacet
  facet normal 0 0 0
    outer loop
      vertex 11.804195553497083 -11.804195553497088 7.500000000000002
      vertex 13.880265557544302 -9.274496934198108 7.500000000000002
      vertex 12.732883268565052 -8.507840599175227 9
    endloop
  endfacet
  facet normal 0 0 0
    outer loop
      vertex 11.804195553497083 -11.804195553497088 7.500000000000002
      vertex 12.732883268565052 -8.507840599175227 9
      vertex 10.828427124746188 -10.828427124746193 9
    endloop
  endfacet
  facet normal 0 0 0
    outer loop
      vertex 13.880265557544302 -9.274496934198108 7.500000000000002
      vertex 15.42292474035769 -6.388384598915713 7.500000000000002
      vertex 14.148021849056157 -5.860302530629944 9
    endloop
  endfacet
  facet normal 0 0 0
    outer loop
      vertex 13.880265557544302 -9.274496934198108 7.500000000000002
      vertex 14.148021849056157 -5.860302530629944 9
      vertex 12.732883268565052 -8.507840599175227 9
    endloop
  endfacet
  facet normal 0 0 0
    outer loop
      vertex 15.42292474035769 -6.388384598915713 7.500000000000002
      vertex 16.37288957467498 -3.2567702261443294 7.500000000000002
      vertex 15.0194598841901 -2.9875563223280643 9
    endloop
  endfacet
  facet normal 0 0 0
    outer loop
      vertex 15.42292474035769 -6.388384598915713 7.500000000000002
      vertex 15.0194598841901 -2.9875563223280643 9
      vertex 14.148021849056157 -5.860302530629944 9
    endloop
  endfacet
  facet normal 0 0 0
    outer loop
      vertex 16.37288957467498 -3.2567702261443294 7.500000000000002
      vertex 16.693653444659763 0 7.500000000000002
      vertex 15.313708498984761 0 9
    endloop
  endfacet
  facet normal 0 0 0
    outer loop
      vertex 16.37288957467498 -3.2567702261443294 7.500000000000002
      vertex 15.313708498984761 0 9
      vertex 15.0194598841901 -2.9875563223280643 9
    endloop
  endfacet
  facet normal 0 0 0
    outer loop
      vertex 15.313708498984761 0 9
      vertex 15.019459884190102 2.9875563223280572 9
      vertex 13.476169103196755 2.680576699525469 10.499999999999998
    endloop
  endfacet
  facet normal 0 0 0
    outer loop
      vertex 15.313708498984761 0 9
      vertex 13.476169103196755 2.680576699525469 10.499999999999998
      vertex 13.740182864139534 0 10.499999999999998
    endloop
  endfacet
  facet normal 0 0 0
    outer loop
      vertex 15.019459884190102 2.9875563223280572 9
      vertex 14.14802184905616 5.8603025306299354 9
      vertex 12.694273721140826 5.258140339772907 10.499999999999998
    endloop
  endfacet
  facet normal 0 0 0
    outer loop
      vertex 15.019459884190102 2.9875563223280572 9
      vertex 12.694273721140826 5.258140339772907 10.499999999999998
      vertex 13.476169103196755 2.680576699525469 10.499999999999998
    endloop
  endfacet
  facet normal 0 0 0
    outer loop
      vertex 14.14802184905616 5.8603025306299354 9
      vertex 12.732883268565052 8.507840599175227 9
      vertex 11.424544519012175 7.633636595561946 10.499999999999998
    endloop
  endfacet
  facet normal 0 0 0
    outer loop
      vertex 14.14802184905616 5.8603025306299354 9
      vertex 11.424544519012175 7.633636595561946 10.499999999999998
      vertex 12.694273721140826 5.258140339772907 10.499999999999998
    endloop
  endfacet
  facet normal 0 0 0
    outer loop
      vertex 12.732883268565052 8.507840599175227 9
      vertex 10.828427124746192 10.82842712474619 9
      vertex 9.715776477976265 9.715776477976263 10.499999999999998
    endloop
  endfacet
  facet normal 0 0 0
    outer loop
      vertex 12.732883268565052 8.507840599175227 9
      vertex 9.715776477976265 9.715776477976263 10.499999999999998
      vertex 11.424544519012175 7.633636595561946 10.499999999999998
    endloop
  endfacet
  facet normal 0 0 0
    outer loop
      vertex 10.828427124746192 10.82842712474619 9
      vertex 8.507840599175228 12.732883268565052 9
      vertex 7.633636595561947 11.424544519012175 10.499999999999998
    endloop
  endfacet
  facet normal 0 0 0
    outer loop
      vertex 10.828427124746192 10.82842712474619 9
      vertex 7.633636595561947 11.424544519012175 10.499999999999998
      vertex 9.715776477976265 9.715776477976263 10.499999999999998
    endloop
  endfacet
  facet normal 0 0 0
    outer loop
      vertex 8.507840599175228 12.732883268565052 9
      vertex 5.860302530629936 14.14802184905616 9
      vertex 5.258140339772908 12.694273721140826 10.499999999999998
    endloop
  endfacet
  facet normal 0 0 0
    outer loop
      vertex 8.507840599175228 12.732883268565052 9
      vertex 5.258140339772908 12.694273721140826 10.499999999999998
      vertex 7.633636595561947 11.424544519012175 10.499999999999998
    endloop
  endfacet
  facet normal 0 0 0
    outer loop
      vertex 5.860302530629936 14.14802184905616 9
      vertex 2.987556322328058 15.019459884190102 9
      vertex 2.6805766995254703 13.476169103196755 10.499999999999998
    endloop
  endfacet
  facet normal 0 0 0
    outer loop
      vertex 5.860302530629936 14.14802184905616 9
      vertex 2.6805766995254703 13.476169103196755 10.499999999999998
      vertex 5.258140339772908 12.694273721140826 10.499999999999998
    endloop
  endfacet
  facet normal 0 0 0
    outer loop
      vertex 2.987556322328058 15.019459884190102 9
      vertex 9.376942048178653e-16 15.313708498984761 9
      vertex 8.413435482133896e-16 13.740182864139534 10.499999999999998
    endloop
  endfacet
  facet normal 0 0 0
    outer loop
      vertex 2.987556322328058 15.019459884190102 9
      vertex 8.413435482133896e-16 13.740182864139534 10.499999999999998
      vertex 2.6805766995254703 13.476169103196755 10.499999999999998
    endloop
  endfacet
  facet normal 0 0 0
    outer loop
      vertex 9.376942048178653e-16 15.313708498984761 9
      vertex -2.9875563223280563 15.019459884190102 9
      vertex -2.680576699525468 13.476169103196755 10.499999999999998
    endloop
  endfacet
  facet normal 0 0 0
    outer loop
      vertex 9.376942048178653e-16 15.313708498984761 9
      vertex -2.680576699525468 13.476169103196755 10.499999999999998
      vertex 8.413435482133896e-16 13.740182864139534 10.499999999999998
    endloop
  endfacet
  facet normal 0 0 0
    outer loop
      vertex -2.9875563223280563 15.019459884190102 9
      vertex -5.860302530629935 14.14802184905616 9
      vertex -5.258140339772906 12.694273721140826 10.499999999999998
    endloop
  endfacet
  facet normal 0 0 0
    outer loop
      vertex -2.9875563223280563 15.019459884190102 9
      vertex -5.258140339772906 12.694273721140826 10.499999999999998
      vertex -2.680576699525468 13.476169103196755 10.499999999999998
    endloop
  endfacet
  facet normal 0 0 0
    outer loop
      vertex -5.860302530629935 14.14802184905616 9
      vertex -8.507840599175223 12.732883268565052 9
      vertex -7.633636595561943 11.424544519012175 10.499999999999998
    endloop
  endfacet
  facet normal 0 0 0
    outer loop
      vertex -5.860302530629935 14.14802184905616 9
      vertex -7.633636595561943 11.424544519012175 10.499999999999998
      vertex -5.258140339772906 12.694273721140826 10.499999999999998
    endloop
  endfacet
  facet normal 0 0 0
    outer loop
      vertex -8.507840599175223 12.732883268565052 9
      vertex -10.82842712474619 10.828427124746192 9
      vertex -9.715776477976263 9.715776477976265 10.499999999999998
    endloop
  endfacet
  facet normal 0 0 0
    outer loop
      vertex -8.507840599175223 12.732883268565052 9
      vertex -9.715776477976263 9.715776477976265 10.499999999999998
      vertex -7.633636595561943 11.424544519012175 10.499999999999998
    endloop
  endfacet
  facet normal 0 0 0
    outer loop
      vertex -10.82842712474619 10.828427124746192 9
      vertex -12.732883268565052 8.507840599175227 9
      vertex -11.424544519012175 7.633636595561946 10.499999999999998
    endloop
  endfacet
  facet normal 0 0 0
    outer loop
      vertex -10.82842712474619 10.828427124746192 9
      vertex -11.424544519012175 7.633636595561946 10.499999999999998
      vertex -9.715776477976263 9.715776477976265 10.499999999999998
    endloop
  endfacet
  facet normal 0 0 0
    outer loop
      vertex -12.732883268565052 8.507840599175227 9
      vertex -14.14802184905616 5.860302530629937 9
      vertex -12.694273721140826 5.2581403397729085 10.499999999999998
    endloop
  endfacet
  facet normal 0 0 0
    outer loop
      vertex -12.732883268565052 8.507840599175227 9
      vertex -12.694273721140826 5.2581403397729085 10.499999999999998
      vertex -11.424544519012175 7.633636595561946 10.499999999999998
    endloop
  endfacet
  facet normal 0 0 0
    outer loop
      vertex -14.14802184905616 5.860302530629937 9
      vertex -15.019459884190102 2.9875563223280626 9
      vertex -13.476169103196755 2.680576699525474 10.499999999999998
    endloop
  endfacet
  facet normal 0 0 0
    outer loop
      vertex -14.14802184905616 5.860302530629937 9
      vertex -13.476169103196755 2.680576699525474 10.499999999999998
      vertex -12.694273721140826 5.2581403397729085 10.499999999999998
    endloop
  endfacet
  facet normal 0 0 0
    outer loop
      vertex -15.019459884190102 2.9875563223280626 9
      vertex -15.313708498984761 1.8753884096357306e-15 9
      vertex -13.740182864139534 1.6826870964267793e-15 10.499999999999998
    endloop
  endfacet
  facet normal 0 0 0
    outer loop
      vertex -15.019459884190102 2.9875563223280626 9
      vertex -13.740182864139534 1.6826870964267793e-15 10.499999999999998
      vertex -13.476169103196755 2.680576699525474 10.499999999999998
    endloop
  endfacet
  facet normal 0 0 0
    outer loop
      vertex -15.313708498984761 1.8753884096357306e-15 9
      vertex -15.019459884190102 -2.9875563223280586 9
      vertex -13.476169103196755 -2.6805766995254707 10.499999999999998
    endloop
  endfacet
  facet normal 0 0 0
    outer loop
      vertex -15.313708498984761 1.8753884096357306e-15 9
      vertex -13.476169103196755 -2.6805766995254707 10.499999999999998
      vertex -13.740182864139534 1.6826870964267793e-15 10.499999999999998
    endloop
  endfacet
  facet normal 0 0 0
    outer loop
      vertex -15.019459884190102 -2.9875563223280586 9
      vertex -14.148021849056162 -5.860302530629933 9
      vertex -12.694273721140828 -5.258140339772905 10.499999999999998
    endloop
  endfacet
  facet normal 0 0 0
    outer loop
      vertex -15.019459884190102 -2.9875563223280586 9
      vertex -12.694273721140828 -5.258140339772905 10.499999999999998
      vertex -13.476169103196755 -2.6805766995254707 10.499999999999998
    endloop
  endfacet
  facet normal 0 0 0
    outer loop
      vertex -14.148021849056162 -5.860302530629933 9
      vertex -12.732883268565054 -8.507840599175223 9
      vertex -11.424544519012176 -7.633636595561943 10.499999999999998
    endloop
  endfacet
  facet normal 0 0 0
    outer loop
      vertex -14.148021849056162 -5.860302530629933 9
      vertex -11.424544519012176 -7.633636595561943 10.499999999999998
      vertex -12.694273721140828 -5.258140339772905 10.499999999999998
    endloop
  endfacet
  facet normal 0 0 0
    outer loop
      vertex -12.732883268565054 -8.507840599175223 9
      vertex -10.828427124746193 -10.82842712474619 9
      vertex -9.715776477976265 -9.715776477976263 10.499999999999998
    endloop
  endfacet
  facet normal 0 0 0
    outer loop
      vertex -12.732883268565054 -8.507840599175223 9
      vertex -9.715776477976265 -9.715776477976263 10.499999999999998
      vertex -11.424544519012176 -7.633636595561943 10.499999999999998
    endloop
  endfacet
  facet normal 0 0 0
    outer loop
      vertex -10.828427124746193 -10.82842712474619 9
      vertex -8.507840599175227 -12.732883268565052 9
      vertex -7.633636595561946 -11.424544519012175 10.499999999999998
    endloop
  endfacet
  facet normal 0 0 0
    outer loop
      vertex -10.828427124746193 -10.82842712474619 9
      vertex -7.633636595561946 -11.424544519012175 10.499999999999998
      vertex -9.715776477976265 -9.715776477976263 10.499999999999998
    endloop
  endfacet
  facet normal 0 0 0
    outer loop
      vertex -8.507840599175227 -12.732883268565052 9
      vertex -5.860302530629944 -14.148021849056157 9
      vertex -5.258140339772915 -12.694273721140823 10.499999999999998
    endloop
  endfacet
  facet normal 0 0 0
    outer loop
      vertex -8.507840599175227 -12.732883268565052 9
      vertex -5.258140339772915 -12.694273721140823 10.499999999999998
      vertex -7.633636595561946 -11.424544519012175 10.499999999999998
    endloop
  endfacet
  facet normal 0 0 0
    outer loop
      vertex -5.860302530629944 -14.148021849056157 9
      vertex -2.9875563223280635 -15.0194598841901 9
      vertex -2.6805766995254747 -13.476169103196753 10.499999999999998
    endloop
  endfacet
  facet normal 0 0 0
    outer loop
      vertex -5.860302530629944 -14.148021849056157 9
      vertex -2.6805766995254747 -13.476169103196753 10.499999999999998
      vertex -5.258140339772915 -12.694273721140823 10.499999999999998
    endloop
  endfacet
  facet normal 0 0 0
    outer loop
      vertex -2.9875563223280635 -15.0194598841901 9
      vertex -2.8130826144535958e-15 -15.313708498984761 9
      vertex -2.5240306446401686e-15 -13.740182864139534 10.499999999999998
    endloop
  endfacet
  facet normal 0 0 0
    outer loop
      vertex -2.9875563223280635 -15.0194598841901 9
      vertex -2.5240306446401686e-15 -13.740182864139534 10.499999999999998
      vertex -2.6805766995254747 -13.476169103196753 10.499999999999998
    endloop
  endfacet
  facet normal 0 0 0
    outer loop
      vertex -2.8130826144535958e-15 -15.313708498984761 9
      vertex 2.9875563223280577 -15.019459884190102 9
      vertex 2.68057669952547 -13.476169103196755 10.499999999999998
    endloop
  endfacet
  facet normal 0 0 0
    outer loop
      vertex -2.8130826144535958e-15 -15.313708498984761 9
      vertex 2.68057669952547 -13.476169103196755 10.499999999999998
      vertex -2.5240306446401686e-15 -13.740182864139534 10.499999999999998
    endloop
  endfacet
  facet normal 0 0 0
    outer loop
      vertex 2.9875563223280577 -15.019459884190102 9
      vertex 5.860302530629939 -14.148021849056159 9
      vertex 5.25814033977291 -12.694273721140824 10.499999999999998
    endloop
  endfacet
  facet normal 0 0 0
    outer loop
      vertex 2.9875563223280577 -15.019459884190102 9
      vertex 5.25814033977291 -12.694273721140824 10.499999999999998
      vertex 2.68057669952547 -13.476169103196755 10.499999999999998
    endloop
  endfacet
  facet normal 0 0 0
    outer loop
      vertex 5.860302530629939 -14.148021849056159 9
      vertex 8.507840599175221 -12.732883268565054 9
      vertex 7.633636595561941 -11.424544519012176 10.499999999999998
    endloop
  endfacet
  facet normal 0 0 0
    outer loop
      vertex 5.860302530629939 -14.148021849056159 9
      vertex 7.633636595561941 -11.424544519012176 10.499999999999998
      vertex 5.25814033977291 -12.694273721140824 10.499999999999998
    endloop
  endfacet
  facet normal 0 0 0
    outer loop
      vertex 8.507840599175221 -12.732883268565054 9
      vertex 10.828427124746188 -10.828427124746193 9
      vertex 9.715776477976261 -9.715776477976265 10.499999999999998
    endloop
  endfacet
  facet normal 0 0 0
    outer loop
      vertex 8.507840599175221 -12.732883268565054 9
      vertex 9.715776477976261 -9.715776477976265 10.499999999999998
      vertex 7.633636595561941 -11.424544519012176 10.499999999999998
    endloop
  endfacet
  facet normal 0 0 0
    outer loop
      vertex 10.828427124746188 -10.828427124746193 9
      vertex 12.732883268565052 -8.507840599175227 9
      vertex 11.424544519012175 -7.633636595561946 10.499999999999998
    endloop
  endfacet
  facet normal 0 0 0
    outer loop
      vertex 10.828427124746188 -10.828427124746193 9
      vertex 11.424544519012175 -7.633636595561946 10.499999999999998
      vertex 9.715776477976261 -9.715776477976265 10.499999999999998
    endloop
  endfacet
  facet normal 0 0 0
    outer loop
      vertex 12.732883268565052 -8.507840599175227 9
      vertex 14.148021849056157 -5.860302530629944 9
      vertex 12.694273721140823 -5.258140339772916 10.499999999999998
    endloop
  endfacet
  facet normal 0 0 0
    outer loop
      vertex 12.732883268565052 -8.507840599175227 9
      vertex 12.694273721140823 -5.258140339772916 10.499999999999998
      vertex 11.424544519012175 -7.633636595561946 10.499999999999998
    endloop
  endfacet
  facet normal 0 0 0
    outer loop
      vertex 14.148021849056157 -5.860302530629944 9
      vertex 15.0194598841901 -2.9875563223280643 9
      vertex 13.476169103196753 -2.6805766995254756 10.499999999999998
    endloop
  endfacet
  facet normal 0 0 0
    outer loop
      vertex 14.148021849056157 -5.860302530629944 9
      vertex 13.476169103196753 -2.6805766995254756 10.499999999999998
      vertex 12.694273721140823 -5.258140339772916 10.499999999999998
    endloop
  endfacet
  facet normal 0 0 0
    outer loop
      vertex 15.0194598841901 -2.9875563223280643 9
      vertex 15.313708498984761 0 9
      vertex 13.740182864139534 0 10.499999999999998
    endloop
  endfacet
  facet normal 0 0 0
    outer loop
      vertex 15.0194598841901 -2.9875563223280643 9
      vertex 13.740182864139534 0 10.499999999999998
      vertex 13.476169103196753 -2.6805766995254756 10.499999999999998
    endloop
  endfacet
  facet normal 0 0 0
    outer loop
      vertex 13.740182864139534 0 10.499999999999998
      vertex 13.476169103196755 2.680576699525469 10.499999999999998
      vertex 11.769423364838765 2.341083864193539 12.000000000000002
    endloop
  endfacet
  facet normal 0 0 0
    outer loop
      vertex 13.740182864139534 0 10.499999999999998
      vertex 11.769423364838765 2.341083864193539 12.000000000000002
      vertex 12 0 12.000000000000002
    endloop
  endfacet
  facet normal 0 0 0
    outer loop
      vertex 13.476169103196755 2.680576699525469 10.499999999999998
      vertex 12.694273721140826 5.258140339772907 10.499999999999998
      vertex 11.08655439013544 4.592201188381077 12.000000000000002
    endloop
  endfacet
  facet normal 0 0 0
    outer loop
      vertex 13.476169103196755 2.680576699525469 10.499999999999998
      vertex 11.08655439013544 4.592201188381077 12.000000000000002
      vertex 11.769423364838765 2.341083864193539 12.000000000000002
    endloop
  endfacet
  facet normal 0 0 0
    outer loop
      vertex 12.694273721140826 5.258140339772907 10.499999999999998
      vertex 11.424544519012175 7.633636595561946 10.499999999999998
      vertex 9.977635347630542 6.666842796235226 12.000000000000002
    endloop
  endfacet
  facet normal 0 0 0
    outer loop
      vertex 12.694273721140826 5.258140339772907 10.499999999999998
      vertex 9.977635347630542 6.666842796235226 12.000000000000002
      vertex 11.08655439013544 4.592201188381077 12.000000000000002
    endloop
  endfacet
  facet normal 0 0 0
    outer loop
      vertex 11.424544519012175 7.633636595561946 10.499999999999998
      vertex 9.715776477976265 9.715776477976263 10.499999999999998
      vertex 8.485281374238571 8.48528137423857 12.000000000000002
    endloop
  endfacet
  facet normal 0 0 0
    outer loop
      vertex 11.424544519012175 7.633636595561946 10.499999999999998
      vertex 8.485281374238571 8.48528137423857 12.000000000000002
      vertex 9.977635347630542 6.666842796235226 12.000000000000002
    endloop
  endfacet
  facet normal 0 0 0
    outer loop
      vertex 9.715776477976265 9.715776477976263 10.499999999999998
      vertex 7.633636595561947 11.424544519012175 10.499999999999998
      vertex 6.666842796235228 9.977635347630542 12.000000000000002
    endloop
  endfacet
  facet normal 0 0 0
    outer loop
      vertex 9.715776477976265 9.715776477976263 10.499999999999998
      vertex 6.666842796235228 9.977635347630542 12.000000000000002
      vertex 8.485281374238571 8.48528137423857 12.000000000000002
    endloop
  endfacet
  facet normal 0 0 0
    outer loop
      vertex 7.633636595561947 11.424544519012175 10.499999999999998
      vertex 5.258140339772908 12.694273721140826 10.499999999999998
      vertex 4.592201188381078 11.08655439013544 12.000000000000002
    endloop
  endfacet
  facet normal 0 0 0
    outer loop
      vertex 7.633636595561947 11.424544519012175 10.499999999999998
      vertex 4.592201188381078 11.08655439013544 12.000000000000002
      vertex 6.666842796235228 9.977635347630542 12.000000000000002
    endloop
  endfacet
  facet normal 0 0 0
    outer loop
      vertex 5.258140339772908 12.694273721140826 10.499999999999998
      vertex 2.6805766995254703 13.476169103196755 10.499999999999998
      vertex 2.34108386419354 11.769423364838765 12.000000000000002
    endloop
  endfacet
  facet normal 0 0 0
    outer loop
      vertex 5.258140339772908 12.694273721140826 10.499999999999998
      vertex 2.34108386419354 11.769423364838765 12.000000000000002
      vertex 4.592201188381078 11.08655439013544 12.000000000000002
    endloop
  endfacet
  facet normal 0 0 0
    outer loop
      vertex 2.6805766995254703 13.476169103196755 10.499999999999998
      vertex 8.413435482133896e-16 13.740182864139534 10.499999999999998
      vertex 7.347880794884119e-16 12 12.000000000000002
    endloop
  endfacet
  facet normal 0 0 0
    outer loop
      vertex 2.6805766995254703 13.476169103196755 10.499999999999998
      vertex 7.347880794884119e-16 12 12.000000000000002
      vertex 2.34108386419354 11.769423364838765 12.000000000000002
    endloop
  endfacet
  facet normal 0 0 0
    outer loop
      vertex 8.413435482133896e-16 13.740182864139534 10.499999999999998
      vertex -2.680576699525468 13.476169103196755 10.499999999999998
      vertex -2.3410838641935383 11.769423364838765 12.000000000000002
    endloop
  endfacet
  facet normal 0 0 0
    outer loop
      vertex 8.413435482133896e-16 13.740182864139534 10.499999999999998
      vertex -2.3410838641935383 11.769423364838765 12.000000000000002
      vertex 7.347880794884119e-16 12 12.000000000000002
    endloop
  endfacet
  facet normal 0 0 0
    outer loop
      vertex -2.680576699525468 13.476169103196755 10.499999999999998
      vertex -5.258140339772906 12.694273721140826 10.499999999999998
      vertex -4.592201188381077 11.08655439013544 12.000000000000002
    endloop
  endfacet
  facet normal 0 0 0
    outer loop
      vertex -2.680576699525468 13.476169103196755 10.499999999999998
      vertex -4.592201188381077 11.08655439013544 12.000000000000002
      vertex -2.3410838641935383 11.769423364838765 12.000000000000002
    endloop
  endfacet
  facet normal 0 0 0
    outer loop
      vertex -5.258140339772906 12.694273721140826 10.499999999999998
      vertex -7.633636595561943 11.424544519012175 10.499999999999998
      vertex -6.6668427962352235 9.977635347630544 12.000000000000002
    endloop
  endfacet
  facet normal 0 0 0
    outer loop
      vertex -5.258140339772906 12.694273721140826 10.499999999999998
      vertex -6.6668427962352235 9.977635347630544 12.000000000000002
      vertex -4.592201188381077 11.08655439013544 12.000000000000002
    endloop
  endfacet
  facet normal 0 0 0
    outer loop
      vertex -7.633636595561943 11.424544519012175 10.499999999999998
      vertex -9.715776477976263 9.715776477976265 10.499999999999998
      vertex -8.48528137423857 8.485281374238571 12.000000000000002
    endloop
  endfacet
  facet normal 0 0 0
    outer loop
      vertex -7.633636595561943 11.424544519012175 10.499999999999998
      vertex -8.48528137423857 8.485281374238571 12.000000000000002
      vertex -6.6668427962352235 9.977635347630544 12.000000000000002
    endloop
  endfacet
  facet normal 0 0 0
    outer loop
      vertex -9.715776477976263 9.715776477976265 10.499999999999998
      vertex -11.424544519012175 7.633636595561946 10.499999999999998
      vertex -9.977635347630544 6.666842796235226 12.000000000000002
    endloop
  endfacet
  facet normal 0 0 0
    outer loop
      vertex -9.715776477976263 9.715776477976265 10.499999999999998
      vertex -9.977635347630544 6.666842796235226 12.000000000000002
      vertex -8.48528137423857 8.485281374238571 12.000000000000002
    endloop
  endfacet
  facet normal 0 0 0
    outer loop
      vertex -11.424544519012175 7.633636595561946 10.499999999999998
      vertex -12.694273721140826 5.2581403397729085 10.499999999999998
      vertex -11.08655439013544 4.592201188381079 12.000000000000002
    endloop
  endfacet
  facet normal 0 0 0
    outer loop
      vertex -11.424544519012175 7.633636595561946 10.499999999999998
      vertex -11.08655439013544 4.592201188381079 12.000000000000002
      vertex -9.977635347630544 6.666842796235226 12.000000000000002
    endloop
  endfacet
  facet normal 0 0 0
    outer loop
      vertex -12.694273721140826 5.2581403397729085 10.499999999999998
      vertex -13.476169103196755 2.680576699525474 10.499999999999998
      vertex -11.769423364838765 2.341083864193543 12.000000000000002
    endloop
  endfacet
  facet normal 0 0 0
    outer loop
      vertex -12.694273721140826 5.2581403397729085 10.499999999999998
      vertex -11.769423364838765 2.341083864193543 12.000000000000002
      vertex -11.08655439013544 4.592201188381079 12.000000000000002
    endloop
  endfacet
  facet normal 0 0 0
    outer loop
      vertex -13.476169103196755 2.680576699525474 10.499999999999998
      vertex -13.740182864139534 1.6826870964267793e-15 10.499999999999998
      vertex -12 1.4695761589768238e-15 12.000000000000002
    endloop
  endfacet
  facet normal 0 0 0
    outer loop
      vertex -13.476169103196755 2.680576699525474 10.499999999999998
      vertex -12 1.4695761589768238e-15 12.000000000000002
      vertex -11.769423364838765 2.341083864193543 12.000000000000002
    endloop
  endfacet
  facet normal 0 0 0
    outer loop
      vertex -13.740182864139534 1.6826870964267793e-15 10.499999999999998
      vertex -13.476169103196755 -2.6805766995254707 10.499999999999998
      vertex -11.769423364838765 -2.34108386419354 12.000000000000002
    endloop
  endfacet
  facet normal 0 0 0
    outer loop
      vertex -13.740182864139534 1.6826870964267793e-15 10.499999999999998
      vertex -11.769423364838765 -2.34108386419354 12.000000000000002
      vertex -12 1.4695761589768238e-15 12.000000000000002
    endloop
  endfacet
  facet normal 0 0 0
    outer loop
      vertex -13.476169103196755 -2.6805766995254707 10.499999999999998
      vertex -12.694273721140828 -5.258140339772905 10.499999999999998
      vertex -11.086554390135442 -4.592201188381075 12.000000000000002
    endloop
  endfacet
  facet normal 0 0 0
    outer loop
      vertex -13.476169103196755 -2.6805766995254707 10.499999999999998
      vertex -11.086554390135442 -4.592201188381075 12.000000000000002
      vertex -11.769423364838765 -2.34108386419354 12.000000000000002
    endloop
  endfacet
  facet normal 0 0 0
    outer loop
      vertex -12.694273721140828 -5.258140339772905 10.499999999999998
      vertex -11.424544519012176 -7.633636595561943 10.499999999999998
      vertex -9.977635347630546 -6.6668427962352235 12.000000000000002
    endloop
  endfacet
  facet normal 0 0 0
    outer loop
      vertex -12.694273721140828 -5.258140339772905 10.499999999999998
      vertex -9.977635347630546 -6.6668427962352235 12.000000000000002
      vertex -11.086554390135442 -4.592201188381075 12.000000000000002
    endloop
  endfacet
  facet normal 0 0 0
    outer loop
      vertex -11.424544519012176 -7.633636595561943 10.499999999999998
      vertex -9.715776477976265 -9.715776477976263 10.499999999999998
      vertex -8.485281374238571 -8.48528137423857 12.000000000000002
    endloop
  endfacet
  facet normal 0 0 0
    outer loop
      vertex -11.424544519012176 -7.633636595561943 10.499999999999998
      vertex -8.485281374238571 -8.48528137423857 12.000000000000002
      vertex -9.977635347630546 -6.6668427962352235 12.000000000000002
    endloop
  endfacet
  facet normal 0 0 0
    outer loop
      vertex -9.715776477976265 -9.715776477976263 10.499999999999998
      vertex -7.633636595561946 -11.424544519012175 10.499999999999998
      vertex -6.666842796235226 -9.977635347630542 12.000000000000002
    endloop
  endfacet
  facet normal 0 0 0
    outer loop
      vertex -9.715776477976265 -9.715776477976263 10.499999999999998
      vertex -6.666842796235226 -9.977635347630542 12.000000000000002
      vertex -8.485281374238571 -8.48528137423857 12.000000000000002
    endloop
  endfacet
  facet normal 0 0 0
    outer loop
      vertex -7.633636595561946 -11.424544519012175 10.499999999999998
      vertex -5.258140339772915 -12.694273721140823 10.499999999999998
      vertex -4.592201188381084 -11.086554390135438 12.000000000000002
    endloop
  endfacet
  facet normal 0 0 0
    outer loop
      vertex -7.633636595561946 -11.424544519012175 10.499999999999998
      vertex -4.592201188381084 -11.086554390135438 12.000000000000002
      vertex -6.666842796235226 -9.977635347630542 12.000000000000002
    endloop
  endfacet
  facet normal 0 0 0
    outer loop
      vertex -5.258140339772915 -12.694273721140823 10.499999999999998
      vertex -2.6805766995254747 -13.476169103196753 10.499999999999998
      vertex -2.341083864193544 -11.769423364838763 12.000000000000002
    endloop
  endfacet
  facet normal 0 0 0
    outer loop
      vertex -5.258140339772915 -12.694273721140823 10.499999999999998
      vertex -2.341083864193544 -11.769423364838763 12.000000000000002
      vertex -4.592201188381084 -11.086554390135438 12.000000000000002
    endloop
  endfacet
  facet normal 0 0 0
    outer loop
      vertex -2.6805766995254747 -13.476169103196753 10.499999999999998
      vertex -2.5240306446401686e-15 -13.740182864139534 10.499999999999998
      vertex -2.204364238465236e-15 -12 12.000000000000002
    endloop
  endfacet
  facet normal 0 0 0
    outer loop
      vertex -2.6805766995254747 -13.476169103196753 10.499999999999998
      vertex -2.204364238465236e-15 -12 12.000000000000002
      vertex -2.341083864193544 -11.769423364838763 12.000000000000002
    endloop
  endfacet
  facet normal 0 0 0
    outer loop
      vertex -2.5240306446401686e-15 -13.740182864139534 10.499999999999998
      vertex 2.68057669952547 -13.476169103196755 10.499999999999998
      vertex 2.3410838641935396 -11.769423364838765 12.000000000000002
    endloop
  endfacet
  facet normal 0 0 0
    outer loop
      vertex -2.5240306446401686e-15 -13.740182864139534 10.499999999999998
      vertex 2.3410838641935396 -11.769423364838765 12.000000000000002
      vertex -2.204364238465236e-15 -12 12.000000000000002
    endloop
  endfacet
  facet normal 0 0 0
    outer loop
      vertex 2.68057669952547 -13.476169103196755 10.499999999999998
      vertex 5.25814033977291 -12.694273721140824 10.499999999999998
      vertex 4.59220118838108 -11.08655439013544 12.000000000000002
    endloop
  endfacet
  facet normal 0 0 0
    outer loop
      vertex 2.68057669952547 -13.476169103196755 10.499999999999998
      vertex 4.59220118838108 -11.08655439013544 12.000000000000002
      vertex 2.3410838641935396 -11.769423364838765 12.000000000000002
    endloop
  endfacet
  facet normal 0 0 0
    outer loop
      vertex 5.25814033977291 -12.694273721140824 10.499999999999998
      vertex 7.633636595561941 -11.424544519012176 10.499999999999998
      vertex 6.666842796235223 -9.977635347630546 12.000000000000002
    endloop
  endfacet
  facet normal 0 0 0
    outer loop
      vertex 5.25814033977291 -12.694273721140824 10.499999999999998
      vertex 6.666842796235223 -9.977635347630546 12.000000000000002
      vertex 4.59220118838108 -11.08655439013544 12.000000000000002
    endloop
  endfacet
  facet normal 0 0 0
    outer loop
      vertex 7.633636595561941 -11.424544519012176 10.499999999999998
      vertex 9.715776477976261 -9.715776477976265 10.499999999999998
      vertex 8.485281374238568 -8.485281374238571 12.000000000000002
    endloop
  endfacet
  facet normal 0 0 0
    outer loop
      vertex 7.633636595561941 -11.424544519012176 10.499999999999998
      vertex 8.485281374238568 -8.485281374238571 12.000000000000002
      vertex 6.666842796235223 -9.977635347630546 12.000000000000002
    endloop
  endfacet
  facet normal 0 0 0
    outer loop
      vertex 9.715776477976261 -9.715776477976265 10.499999999999998
      vertex 11.424544519012175 -7.633636595561946 10.499999999999998
      vertex 9.977635347630542 -6.666842796235226 12.000000000000002
    endloop
  endfacet
  facet normal 0 0 0
    outer loop
      vertex 9.715776477976261 -9.715776477976265 10.499999999999998
      vertex 9.977635347630542 -6.666842796235226 12.000000000000002
      vertex 8.485281374238568 -8.485281374238571 12.000000000000002
    endloop
  endfacet
  facet normal 0 0 0
    outer loop
      vertex 11.424544519012175 -7.633636595561946 10.499999999999998
      vertex 12.694273721140823 -5.258140339772916 10.499999999999998
      vertex 11.086554390135438 -4.592201188381084 12.000000000000002
    endloop
  endfacet
  facet normal 0 0 0
    outer loop
      vertex 11.424544519012175 -7.633636595561946 10.499999999999998
      vertex 11.086554390135438 -4.592201188381084 12.000000000000002
      vertex 9.977635347630542 -6.666842796235226 12.000000000000002
    endloop
  endfacet
  facet normal 0 0 0
    outer loop
      vertex 12.694273721140823 -5.258140339772916 10.499999999999998
      vertex 13.476169103196753 -2.6805766995254756 10.499999999999998
      vertex 11.769423364838763 -2.3410838641935445 12.000000000000002
    endloop
  endfacet
  facet normal 0 0 0
    outer loop
      vertex 12.694273721140823 -5.258140339772916 10.499999999999998
      vertex 11.769423364838763 -2.3410838641935445 12.000000000000002
      vertex 11.086554390135438 -4.592201188381084 12.000000000000002
    endloop
  endfacet
  facet normal 0 0 0
    outer loop
      vertex 13.476169103196753 -2.6805766995254756 10.499999999999998
      vertex 13.740182864139534 0 10.499999999999998
      vertex 12 0 12.000000000000002
    endloop
  endfacet
  facet normal 0 0 0
    outer loop
      vertex 13.476169103196753 -2.6805766995254756 10.499999999999998
      vertex 12 0 12.000000000000002
      vertex 11.769423364838763 -2.3410838641935445 12.000000000000002
    endloop
  endfacet
  facet normal 0 0 0
    outer loop
      vertex 12 0 12.000000000000002
      vertex 11.769423364838765 2.341083864193539 12.000000000000002
      vertex 9.928425561898766 1.9748866328699948 13.5
    endloop
  endfacet
  facet normal 0 0 0
    outer loop
      vertex 12 0 12.000000000000002
      vertex 9.928425561898766 1.9748866328699948 13.5
      vertex 10.122934917841437 0 13.5
    endloop
  endfacet
  facet normal 0 0 0
    outer loop
      vertex 11.769423364838765 2.341083864193539 12.000000000000002
      vertex 11.08655439013544 4.592201188381077 12.000000000000002
      vertex 9.352372379537528 3.873879479967979 13.5
    endloop
  endfacet
  facet normal 0 0 0
    outer loop
      vertex 11.769423364838765 2.341083864193539 12.000000000000002
      vertex 9.352372379537528 3.873879479967979 13.5
      vertex 9.928425561898766 1.9748866328699948 13.5
    endloop
  endfacet
  facet normal 0 0 0
    outer loop
      vertex 11.08655439013544 4.592201188381077 12.000000000000002
      vertex 9.977635347630542 6.666842796235226 12.000000000000002
      vertex 8.416912771501517 5.624001311147435 13.5
    endloop
  endfacet
  facet normal 0 0 0
    outer loop
      vertex 11.08655439013544 4.592201188381077 12.000000000000002
      vertex 8.416912771501517 5.624001311147435 13.5
      vertex 9.352372379537528 3.873879479967979 13.5
    endloop
  endfacet
  facet normal 0 0 0
    outer loop
      vertex 9.977635347630542 6.666842796235226 12.000000000000002
      vertex 8.485281374238571 8.48528137423857 12.000000000000002
      vertex 7.157995925915767 7.157995925915766 13.5
    endloop
  endfacet
  facet normal 0 0 0
    outer loop
      vertex 9.977635347630542 6.666842796235226 12.000000000000002
      vertex 7.157995925915767 7.157995925915766 13.5
      vertex 8.416912771501517 5.624001311147435 13.5
    endloop
  endfacet
  facet normal 0 0 0
    outer loop
      vertex 8.485281374238571 8.48528137423857 12.000000000000002
      vertex 6.666842796235228 9.977635347630542 12.000000000000002
      vertex 5.624001311147436 8.416912771501517 13.5
    endloop
  endfacet
  facet normal 0 0 0
    outer loop
      vertex 8.485281374238571 8.48528137423857 12.000000000000002
      vertex 5.624001311147436 8.416912771501517 13.5
      vertex 7.157995925915767 7.157995925915766 13.5
    endloop
  endfacet
  facet normal 0 0 0
    outer loop
      vertex 6.666842796235228 9.977635347630542 12.000000000000002
      vertex 4.592201188381078 11.08655439013544 12.000000000000002
      vertex 3.87387947996798 9.352372379537528 13.5
    endloop
  endfacet
  facet normal 0 0 0
    outer loop
      vertex 6.666842796235228 9.977635347630542 12.000000000000002
      vertex 3.87387947996798 9.352372379537528 13.5
      vertex 5.624001311147436 8.416912771501517 13.5
    endloop
  endfacet
  facet normal 0 0 0
    outer loop
      vertex 4.592201188381078 11.08655439013544 12.000000000000002
      vertex 2.34108386419354 11.769423364838765 12.000000000000002
      vertex 1.9748866328699957 9.928425561898766 13.5
    endloop
  endfacet
  facet normal 0 0 0
    outer loop
      vertex 4.592201188381078 11.08655439013544 12.000000000000002
      vertex 1.9748866328699957 9.928425561898766 13.5
      vertex 3.87387947996798 9.352372379537528 13.5
    endloop
  endfacet
  facet normal 0 0 0
    outer loop
      vertex 2.34108386419354 11.769423364838765 12.000000000000002
      vertex 7.347880794884119e-16 12 12.000000000000002
      vertex 6.198509922555745e-16 10.122934917841437 13.5
    endloop
  endfacet
  facet normal 0 0 0
    outer loop
      vertex 2.34108386419354 11.769423364838765 12.000000000000002
      vertex 6.198509922555745e-16 10.122934917841437 13.5
      vertex 1.9748866328699957 9.928425561898766 13.5
    endloop
  endfacet
  facet normal 0 0 0
    outer loop
      vertex 7.347880794884119e-16 12 12.000000000000002
      vertex -2.3410838641935383 11.769423364838765 12.000000000000002
      vertex -1.974886632869994 9.928425561898766 13.5
    endloop
  endfacet
  facet normal 0 0 0
    outer loop
      vertex 7.347880794884119e-16 12 12.000000000000002
      vertex -1.974886632869994 9.928425561898766 13.5
      vertex 6.198509922555745e-16 10.122934917841437 13.5
    endloop
  endfacet
  facet normal 0 0 0
    outer loop
      vertex -2.3410838641935383 11.769423364838765 12.000000000000002
      vertex -4.592201188381077 11.08655439013544 12.000000000000002
      vertex -3.8738794799679788 9.352372379537528 13.5
    endloop
  endfacet
  facet normal 0 0 0
    outer loop
      vertex -2.3410838641935383 11.769423364838765 12.000000000000002
      vertex -3.8738794799679788 9.352372379537528 13.5
      vertex -1.974886632869994 9.928425561898766 13.5
    endloop
  endfacet
  facet normal 0 0 0
    outer loop
      vertex -4.592201188381077 11.08655439013544 12.000000000000002
      vertex -6.6668427962352235 9.977635347630544 12.000000000000002
      vertex -5.624001311147433 8.416912771501519 13.5
    endloop
  endfacet
  facet normal 0 0 0
    outer loop
      vertex -4.592201188381077 11.08655439013544 12.000000000000002
      vertex -5.624001311147433 8.416912771501519 13.5
      vertex -3.8738794799679788 9.352372379537528 13.5
    endloop
  endfacet
  facet normal 0 0 0
    outer loop
      vertex -6.6668427962352235 9.977635347630544 12.000000000000002
      vertex -8.48528137423857 8.485281374238571 12.000000000000002
      vertex -7.157995925915766 7.157995925915767 13.5
    endloop
  endfacet
  facet normal 0 0 0
    outer loop
      vertex -6.6668427962352235 9.977635347630544 12.000000000000002
      vertex -7.157995925915766 7.157995925915767 13.5
      vertex -5.624001311147433 8.416912771501519 13.5
    endloop
  endfacet
  facet normal 0 0 0
    outer loop
      vertex -8.48528137423857 8.485281374238571 12.000000000000002
      vertex -9.977635347630544 6.666842796235226 12.000000000000002
      vertex -8.416912771501519 5.624001311147435 13.5
    endloop
  endfacet
  facet normal 0 0 0
    outer loop
      vertex -8.48528137423857 8.485281374238571 12.000000000000002
      vertex -8.416912771501519 5.624001311147435 13.5
      vertex -7.157995925915766 7.157995925915767 13.5
    endloop
  endfacet
  facet normal 0 0 0
    outer loop
      vertex -9.977635347630544 6.666842796235226 12.000000000000002
      vertex -11.08655439013544 4.592201188381079 12.000000000000002
      vertex -9.352372379537528 3.8738794799679805 13.5
    endloop
  endfacet
  facet normal 0 0 0
    outer loop
      vertex -9.977635347630544 6.666842796235226 12.000000000000002
      vertex -9.352372379537528 3.8738794799679805 13.5
      vertex -8.416912771501519 5.624001311147435 13.5
    endloop
  endfacet
  facet normal 0 0 0
    outer loop
      vertex -11.08655439013544 4.592201188381079 12.000000000000002
      vertex -11.769423364838765 2.341083864193543 12.000000000000002
      vertex -9.928425561898766 1.9748866328699983 13.5
    endloop
  endfacet
  facet normal 0 0 0
    outer loop
      vertex -11.08655439013544 4.592201188381079 12.000000000000002
      vertex -9.928425561898766 1.9748866328699983 13.5
      vertex -9.352372379537528 3.8738794799679805 13.5
    endloop
  endfacet
  facet normal 0 0 0
    outer loop
      vertex -11.769423364838765 2.341083864193543 12.000000000000002
      vertex -12 1.4695761589768238e-15 12.000000000000002
      vertex -10.122934917841437 1.239701984511149e-15 13.5
    endloop
  endfacet
  facet normal 0 0 0
    outer loop
      vertex -11.769423364838765 2.341083864193543 12.000000000000002
      vertex -10.122934917841437 1.239701984511149e-15 13.5
      vertex -9.928425561898766 1.9748866328699983 13.5
    endloop
  endfacet
  facet normal 0 0 0
    outer loop
      vertex -12 1.4695761589768238e-15 12.000000000000002
      vertex -11.769423364838765 -2.34108386419354 12.000000000000002
      vertex -9.928425561898766 -1.9748866328699959 13.5
    endloop
  endfacet
  facet normal 0 0 0
    outer loop
      vertex -12 1.4695761589768238e-15 12.000000000000002
      vertex -9.928425561898766 -1.9748866328699959 13.5
      vertex -10.122934917841437 1.239701984511149e-15 13.5
    endloop
  endfacet
  facet normal 0 0 0
    outer loop
      vertex -11.769423364838765 -2.34108386419354 12.000000000000002
      vertex -11.086554390135442 -4.592201188381075 12.000000000000002
      vertex -9.35237237953753 -3.873879479967978 13.5
    endloop
  endfacet
  facet normal 0 0 0
    outer loop
      vertex -11.769423364838765 -2.34108386419354 12.000000000000002
      vertex -9.35237237953753 -3.873879479967978 13.5
      vertex -9.928425561898766 -1.9748866328699959 13.5
    endloop
  endfacet
  facet normal 0 0 0
    outer loop
      vertex -11.086554390135442 -4.592201188381075 12.000000000000002
      vertex -9.977635347630546 -6.6668427962352235 12.000000000000002
      vertex -8.41691277150152 -5.624001311147433 13.5
    endloop
  endfacet
  facet normal 0 0 0
    outer loop
      vertex -11.086554390135442 -4.592201188381075 12.000000000000002
      vertex -8.41691277150152 -5.624001311147433 13.5
      vertex -9.35237237953753 -3.873879479967978 13.5
    endloop
  endfacet
  facet normal 0 0 0
    outer loop
      vertex -9.977635347630546 -6.6668427962352235 12.000000000000002
      vertex -8.485281374238571 -8.48528137423857 12.000000000000002
      vertex -7.157995925915769 -7.157995925915766 13.5
    endloop
  endfacet
  facet normal 0 0 0
    outer loop
      vertex -9.977635347630546 -6.6668427962352235 12.000000000000002
      vertex -7.157995925915769 -7.157995925915766 13.5
      vertex -8.41691277150152 -5.624001311147433 13.5
    endloop
  endfacet
  facet normal 0 0 0
    outer loop
      vertex -8.485281374238571 -8.48528137423857 12.000000000000002
      vertex -6.666842796235226 -9.977635347630542 12.000000000000002
      vertex -5.624001311147435 -8.416912771501517 13.5
    endloop
  endfacet
  facet normal 0 0 0
    outer loop
      vertex -8.485281374238571 -8.48528137423857 12.000000000000002
      vertex -5.624001311147435 -8.416912771501517 13.5
      vertex -7.157995925915769 -7.157995925915766 13.5
    endloop
  endfacet
  facet normal 0 0 0
    outer loop
      vertex -6.666842796235226 -9.977635347630542 12.000000000000002
      vertex -4.592201188381084 -11.086554390135438 12.000000000000002
      vertex -3.873879479967985 -9.352372379537526 13.5
    endloop
  endfacet
  facet normal 0 0 0
    outer loop
      vertex -6.666842796235226 -9.977635347630542 12.000000000000002
      vertex -3.873879479967985 -9.352372379537526 13.5
      vertex -5.624001311147435 -8.416912771501517 13.5
    endloop
  endfacet
  facet normal 0 0 0
    outer loop
      vertex -4.592201188381084 -11.086554390135438 12.000000000000002
      vertex -2.341083864193544 -11.769423364838763 12.000000000000002
      vertex -1.974886632869999 -9.928425561898765 13.5
    endloop
  endfacet
  facet normal 0 0 0
    outer loop
      vertex -4.592201188381084 -11.086554390135438 12.000000000000002
      vertex -1.974886632869999 -9.928425561898765 13.5
      vertex -3.873879479967985 -9.352372379537526 13.5
    endloop
  endfacet
  facet normal 0 0 0
    outer loop
      vertex -2.341083864193544 -11.769423364838763 12.000000000000002
      vertex -2.204364238465236e-15 -12 12.000000000000002
      vertex -1.8595529767667237e-15 -10.122934917841437 13.5
    endloop
  endfacet
  facet normal 0 0 0
    outer loop
      vertex -2.341083864193544 -11.769423364838763 12.000000000000002
      vertex -1.8595529767667237e-15 -10.122934917841437 13.5
      vertex -1.974886632869999 -9.928425561898765 13.5
    endloop
  endfacet
  facet normal 0 0 0
    outer loop
      vertex -2.204364238465236e-15 -12 12.000000000000002
      vertex 2.3410838641935396 -11.769423364838765 12.000000000000002
      vertex 1.9748866328699954 -9.928425561898766 13.5
    endloop
  endfacet
  facet normal 0 0 0
    outer loop
      vertex -2.204364238465236e-15 -12 12.000000000000002
      vertex 1.9748866328699954 -9.928425561898766 13.5
      vertex -1.8595529767667237e-15 -10.122934917841437 13.5
    endloop
  endfacet
  facet normal 0 0 0
    outer loop
      vertex 2.3410838641935396 -11.769423364838765 12.000000000000002
      vertex 4.59220118838108 -11.08655439013544 12.000000000000002
      vertex 3.8738794799679814 -9.352372379537528 13.5
    endloop
  endfacet
  facet normal 0 0 0
    outer loop
      vertex 2.3410838641935396 -11.769423364838765 12.000000000000002
      vertex 3.8738794799679814 -9.352372379537528 13.5
      vertex 1.9748866328699954 -9.928425561898766 13.5
    endloop
  endfacet
  facet normal 0 0 0
    outer loop
      vertex 4.59220118838108 -11.08655439013544 12.000000000000002
      vertex 6.666842796235223 -9.977635347630546 12.000000000000002
      vertex 5.624001311147431 -8.41691277150152 13.5
    endloop
  endfacet
  facet normal 0 0 0
    outer loop
      vertex 4.59220118838108 -11.08655439013544 12.000000000000002
      vertex 5.624001311147431 -8.41691277150152 13.5
      vertex 3.8738794799679814 -9.352372379537528 13.5
    endloop
  endfacet
  facet normal 0 0 0
    outer loop
      vertex 6.666842796235223 -9.977635347630546 12.000000000000002
      vertex 8.485281374238568 -8.485281374238571 12.000000000000002
      vertex 7.157995925915765 -7.157995925915769 13.5
    endloop
  endfacet
  facet normal 0 0 0
    outer loop
      vertex 6.666842796235223 -9.977635347630546 12.000000000000002
      vertex 7.157995925915765 -7.157995925915769 13.5
      vertex 5.624001311147431 -8.41691277150152 13.5
    endloop
  endfacet
  facet normal 0 0 0
    outer loop
      vertex 8.485281374238568 -8.485281374238571 12.000000000000002
      vertex 9.977635347630542 -6.666842796235226 12.000000000000002
      vertex 8.416912771501517 -5.624001311147435 13.5
    endloop
  endfacet
  facet normal 0 0 0
    outer loop
      vertex 8.485281374238568 -8.485281374238571 12.000000000000002
      vertex 8.416912771501517 -5.624001311147435 13.5
      vertex 7.157995925915765 -7.157995925915769 13.5
    endloop
  endfacet
  facet normal 0 0 0
    outer loop
      vertex 9.977635347630542 -6.666842796235226 12.000000000000002
      vertex 11.086554390135438 -4.592201188381084 12.000000000000002
      vertex 9.352372379537526 -3.8738794799679854 13.5
    endloop
  endfacet
  facet normal 0 0 0
    outer loop
      vertex 9.977635347630542 -6.666842796235226 12.000000000000002
      vertex 9.352372379537526 -3.8738794799679854 13.5
      vertex 8.416912771501517 -5.624001311147435 13.5
    endloop
  endfacet
  facet normal 0 0 0
    outer loop
      vertex 11.086554390135438 -4.592201188381084 12.000000000000002
      vertex 11.769423364838763 -2.3410838641935445 12.000000000000002
      vertex 9.928425561898765 -1.9748866328699997 13.5
    endloop
  endfacet
  facet normal 0 0 0
    outer loop
      vertex 11.086554390135438 -4.592201188381084 12.000000000000002
      vertex 9.928425561898765 -1.9748866328699997 13.5
      vertex 9.352372379537526 -3.8738794799679854 13.5
    endloop
  endfacet
  facet normal 0 0 0
    outer loop
      vertex 11.769423364838763 -2.3410838641935445 12.000000000000002
      vertex 12 0 12.000000000000002
      vertex 10.122934917841437 0 13.5
    endloop
  endfacet
  facet normal 0 0 0
    outer loop
      vertex 11.769423364838763 -2.3410838641935445 12.000000000000002
      vertex 10.122934917841437 0 13.5
      vertex 9.928425561898765 -1.9748866328699997 13.5
    endloop
  endfacet
  facet normal 0 0 0
    outer loop
      vertex 10.122934917841437 0 13.5
      vertex 9.928425561898766 1.9748866328699948 13.5
      vertex 7.98467567720608 1.5882507417118352 14.999999999999998
    endloop
  endfacet
  facet normal 0 0 0
    outer loop
      vertex 10.122934917841437 0 13.5
      vertex 7.98467567720608 1.5882507417118352 14.999999999999998
      vertex 8.141104721640335 0 14.999999999999998
    endloop
  endfacet
  facet normal 0 0 0
    outer loop
      vertex 9.928425561898766 1.9748866328699948 13.5
      vertex 9.352372379537528 3.873879479967979 13.5
      vertex 7.521400024354502 3.1154658981209624 14.999999999999998
    endloop
  endfacet
  facet normal 0 0 0
    outer loop
      vertex 9.928425561898766 1.9748866328699948 13.5
      vertex 7.521400024354502 3.1154658981209624 14.999999999999998
      vertex 7.98467567720608 1.5882507417118352 14.999999999999998
    endloop
  endfacet
  facet normal 0 0 0
    outer loop
      vertex 9.352372379537528 3.873879479967979 13.5
      vertex 8.416912771501517 5.624001311147435 13.5
      vertex 6.76908118661671 4.522955447238704 14.999999999999998
    endloop
  endfacet
  facet normal 0 0 0
    outer loop
      vertex 9.352372379537528 3.873879479967979 13.5
      vertex 6.76908118661671 4.522955447238704 14.999999999999998
      vertex 7.521400024354502 3.1154658981209624 14.999999999999998
    endloop
  endfacet
  facet normal 0 0 0
    outer loop
      vertex 8.416912771501517 5.624001311147435 13.5
      vertex 7.157995925915767 7.157995925915766 13.5
      vertex 5.756630355021702 5.756630355021701 14.999999999999998
    endloop
  endfacet
  facet normal 0 0 0
    outer loop
      vertex 8.416912771501517 5.624001311147435 13.5
      vertex 5.756630355021702 5.756630355021701 14.999999999999998
      vertex 6.76908118661671 4.522955447238704 14.999999999999998
    endloop
  endfacet
  facet normal 0 0 0
    outer loop
      vertex 7.157995925915767 7.157995925915766 13.5
      vertex 5.624001311147436 8.416912771501517 13.5
      vertex 4.522955447238705 6.76908118661671 14.999999999999998
    endloop
  endfacet
  facet normal 0 0 0
    outer loop
      vertex 7.157995925915767 7.157995925915766 13.5
      vertex 4.522955447238705 6.76908118661671 14.999999999999998
      vertex 5.756630355021702 5.756630355021701 14.999999999999998
    endloop
  endfacet
  facet normal 0 0 0
    outer loop
      vertex 5.624001311147436 8.416912771501517 13.5
      vertex 3.87387947996798 9.352372379537528 13.5
      vertex 3.115465898120963 7.521400024354502 14.999999999999998
    endloop
  endfacet
  facet normal 0 0 0
    outer loop
      vertex 5.624001311147436 8.416912771501517 13.5
      vertex 3.115465898120963 7.521400024354502 14.999999999999998
      vertex 4.522955447238705 6.76908118661671 14.999999999999998
    endloop
  endfacet
  facet normal 0 0 0
    outer loop
      vertex 3.87387947996798 9.352372379537528 13.5
      vertex 1.9748866328699957 9.928425561898766 13.5
      vertex 1.588250741711836 7.98467567720608 14.999999999999998
    endloop
  endfacet
  facet normal 0 0 0
    outer loop
      vertex 3.87387947996798 9.352372379537528 13.5
      vertex 1.588250741711836 7.98467567720608 14.999999999999998
      vertex 3.115465898120963 7.521400024354502 14.999999999999998
    endloop
  endfacet
  facet normal 0 0 0
    outer loop
      vertex 1.9748866328699957 9.928425561898766 13.5
      vertex 6.198509922555745e-16 10.122934917841437 13.5
      vertex 4.98498891944012e-16 8.141104721640335 14.999999999999998
    endloop
  endfacet
  facet normal 0 0 0
    outer loop
      vertex 1.9748866328699957 9.928425561898766 13.5
      vertex 4.98498891944012e-16 8.141104721640335 14.999999999999998
      vertex 1.588250741711836 7.98467567720608 14.999999999999998
    endloop
  endfacet
  facet normal 0 0 0
    outer loop
      vertex 6.198509922555745e-16 10.122934917841437 13.5
      vertex -1.974886632869994 9.928425561898766 13.5
      vertex -1.5882507417118348 7.98467567720608 14.999999999999998
    endloop
  endfacet
  facet normal 0 0 0
    outer loop
      vertex 6.198509922555745e-16 10.122934917841437 13.5
      vertex -1.5882507417118348 7.98467567720608 14.999999999999998
      vertex 4.98498891944012e-16 8.141104721640335 14.999999999999998
    endloop
  endfacet
  facet normal 0 0 0
    outer loop
      vertex -1.974886632869994 9.928425561898766 13.5
      vertex -3.8738794799679788 9.352372379537528 13.5
      vertex -3.115465898120962 7.521400024354502 14.999999999999998
    endloop
  endfacet
  facet normal 0 0 0
    outer loop
      vertex -1.974886632869994 9.928425561898766 13.5
      vertex -3.115465898120962 7.521400024354502 14.999999999999998
      vertex -1.5882507417118348 7.98467567720608 14.999999999999998
    endloop
  endfacet
  facet normal 0 0 0
    outer loop
      vertex -3.8738794799679788 9.352372379537528 13.5
      vertex -5.624001311147433 8.416912771501519 13.5
      vertex -4.522955447238703 6.769081186616711 14.999999999999998
    endloop
  endfacet
  facet normal 0 0 0
    outer loop
      vertex -3.8738794799679788 9.352372379537528 13.5
      vertex -4.522955447238703 6.769081186616711 14.999999999999998
      vertex -3.115465898120962 7.521400024354502 14.999999999999998
    endloop
  endfacet
  facet normal 0 0 0
    outer loop
      vertex -5.624001311147433 8.416912771501519 13.5
      vertex -7.157995925915766 7.157995925915767 13.5
      vertex -5.756630355021701 5.756630355021702 14.999999999999998
    endloop
  endfacet
  facet normal 0 0 0
    outer loop
      vertex -5.624001311147433 8.416912771501519 13.5
      vertex -5.756630355021701 5.756630355021702 14.999999999999998
      vertex -4.522955447238703 6.769081186616711 14.999999999999998
    endloop
  endfacet
  facet normal 0 0 0
    outer loop
      vertex -7.157995925915766 7.157995925915767 13.5
      vertex -8.416912771501519 5.624001311147435 13.5
      vertex -6.769081186616711 4.522955447238704 14.999999999999998
    endloop
  endfacet
  facet normal 0 0 0
    outer loop
      vertex -7.157995925915766 7.157995925915767 13.5
      vertex -6.769081186616711 4.522955447238704 14.999999999999998
      vertex -5.756630355021701 5.756630355021702 14.999999999999998
    endloop
  endfacet
  facet normal 0 0 0
    outer loop
      vertex -8.416912771501519 5.624001311147435 13.5
      vertex -9.352372379537528 3.8738794799679805 13.5
      vertex -7.521400024354502 3.1154658981209633 14.999999999999998
    endloop
  endfacet
  facet normal 0 0 0
    outer loop
      vertex -8.416912771501519 5.624001311147435 13.5
      vertex -7.521400024354502 3.1154658981209633 14.999999999999998
      vertex -6.769081186616711 4.522955447238704 14.999999999999998
    endloop
  endfacet
  facet normal 0 0 0
    outer loop
      vertex -9.352372379537528 3.8738794799679805 13.5
      vertex -9.928425561898766 1.9748866328699983 13.5
      vertex -7.98467567720608 1.588250741711838 14.999999999999998
    endloop
  endfacet
  facet normal 0 0 0
    outer loop
      vertex -9.352372379537528 3.8738794799679805 13.5
      vertex -7.98467567720608 1.588250741711838 14.999999999999998
      vertex -7.521400024354502 3.1154658981209633 14.999999999999998
    endloop
  endfacet
  facet normal 0 0 0
    outer loop
      vertex -9.928425561898766 1.9748866328699983 13.5
      vertex -10.122934917841437 1.239701984511149e-15 13.5
      vertex -8.141104721640335 9.96997783888024e-16 14.999999999999998
    endloop
  endfacet
  facet normal 0 0 0
    outer loop
      vertex -9.928425561898766 1.9748866328699983 13.5
      vertex -8.141104721640335 9.96997783888024e-16 14.999999999999998
      vertex -7.98467567720608 1.588250741711838 14.999999999999998
    endloop
  endfacet
  facet normal 0 0 0
    outer loop
      vertex -10.122934917841437 1.239701984511149e-15 13.5
      vertex -9.928425561898766 -1.9748866328699959 13.5
      vertex -7.98467567720608 -1.5882507417118361 14.999999999999998
    endloop
  endfacet
  facet normal 0 0 0
    outer loop
      vertex -10.122934917841437 1.239701984511149e-15 13.5
      vertex -7.98467567720608 -1.5882507417118361 14.999999999999998
      vertex -8.141104721640335 9.96997783888024e-16 14.999999999999998
    endloop
  endfacet
  facet normal 0 0 0
    outer loop
      vertex -9.928425561898766 -1.9748866328699959 13.5
      vertex -9.35237237953753 -3.873879479967978 13.5
      vertex -7.521400024354503 -3.115465898120961 14.999999999999998
    endloop
  endfacet
  facet normal 0 0 0
    outer loop
      vertex -9.928425561898766 -1.9748866328699959 13.5
      vertex -7.521400024354503 -3.115465898120961 14.999999999999998
      vertex -7.98467567720608 -1.5882507417118361 14.999999999999998
    endloop
  endfacet
  facet normal 0 0 0
    outer loop
      vertex -9.35237237953753 -3.873879479967978 13.5
      vertex -8.41691277150152 -5.624001311147433 13.5
      vertex -6.769081186616712 -4.522955447238703 14.999999999999998
    endloop
  endfacet
  facet normal 0 0 0
    outer loop
      vertex -9.35237237953753 -3.873879479967978 13.5
      vertex -6.769081186616712 -4.522955447238703 14.999999999999998
      vertex -7.521400024354503 -3.115465898120961 14.999999999999998
    endloop
  endfacet
  facet normal 0 0 0
    outer loop
      vertex -8.41691277150152 -5.624001311147433 13.5
      vertex -7.157995925915769 -7.157995925915766 13.5
      vertex -5.756630355021703 -5.756630355021701 14.999999999999998
    endloop
  endfacet
  facet normal 0 0 0
    outer loop
      vertex -8.41691277150152 -5.624001311147433 13.5
      vertex -5.756630355021703 -5.756630355021701 14.999999999999998
      vertex -6.769081186616712 -4.522955447238703 14.999999999999998
    endloop
  endfacet
  facet normal 0 0 0
    outer loop
      vertex -7.157995925915769 -7.157995925915766 13.5
      vertex -5.624001311147435 -8.416912771501517 13.5
      vertex -4.522955447238704 -6.76908118661671 14.999999999999998
    endloop
  endfacet
  facet normal 0 0 0
    outer loop
      vertex -7.157995925915769 -7.157995925915766 13.5
      vertex -4.522955447238704 -6.76908118661671 14.999999999999998
      vertex -5.756630355021703 -5.756630355021701 14.999999999999998
    endloop
  endfacet
  facet normal 0 0 0
    outer loop
      vertex -5.624001311147435 -8.416912771501517 13.5
      vertex -3.873879479967985 -9.352372379537526 13.5
      vertex -3.115465898120967 -7.5214000243545005 14.999999999999998
    endloop
  endfacet
  facet normal 0 0 0
    outer loop
      vertex -5.624001311147435 -8.416912771501517 13.5
      vertex -3.115465898120967 -7.5214000243545005 14.999999999999998
      vertex -4.522955447238704 -6.76908118661671 14.999999999999998
    endloop
  endfacet
  facet normal 0 0 0
    outer loop
      vertex -3.873879479967985 -9.352372379537526 13.5
      vertex -1.974886632869999 -9.928425561898765 13.5
      vertex -1.5882507417118386 -7.984675677206079 14.999999999999998
    endloop
  endfacet
  facet normal 0 0 0
    outer loop
      vertex -3.873879479967985 -9.352372379537526 13.5
      vertex -1.5882507417118386 -7.984675677206079 14.999999999999998
      vertex -3.115465898120967 -7.5214000243545005 14.999999999999998
    endloop
  endfacet
  facet normal 0 0 0
    outer loop
      vertex -1.974886632869999 -9.928425561898765 13.5
      vertex -1.8595529767667237e-15 -10.122934917841437 13.5
      vertex -1.495496675832036e-15 -8.141104721640335 14.999999999999998
    endloop
  endfacet
  facet normal 0 0 0
    outer loop
      vertex -1.974886632869999 -9.928425561898765 13.5
      vertex -1.495496675832036e-15 -8.141104721640335 14.999999999999998
      vertex -1.5882507417118386 -7.984675677206079 14.999999999999998
    endloop
  endfacet
  facet normal 0 0 0
    outer loop
      vertex -1.8595529767667237e-15 -10.122934917841437 13.5
      vertex 1.9748866328699954 -9.928425561898766 13.5
      vertex 1.5882507417118357 -7.98467567720608 14.999999999999998
    endloop
  endfacet
  facet normal 0 0 0
    outer loop
      vertex -1.8595529767667237e-15 -10.122934917841437 13.5
      vertex 1.5882507417118357 -7.98467567720608 14.999999999999998
      vertex -1.495496675832036e-15 -8.141104721640335 14.999999999999998
    endloop
  endfacet
  facet normal 0 0 0
    outer loop
      vertex 1.9748866328699954 -9.928425561898766 13.5
      vertex 3.8738794799679814 -9.352372379537528 13.5
      vertex 3.115465898120964 -7.521400024354501 14.999999999999998
    endloop
  endfacet
  facet normal 0 0 0
    outer loop
      vertex 1.9748866328699954 -9.928425561898766 13.5
      vertex 3.115465898120964 -7.521400024354501 14.999999999999998
      vertex 1.5882507417118357 -7.98467567720608 14.999999999999998
    endloop
  endfacet
  facet normal 0 0 0
    outer loop
      vertex 3.8738794799679814 -9.352372379537528 13.5
      vertex 5.624001311147431 -8.41691277150152 13.5
      vertex 4.522955447238702 -6.769081186616712 14.999999999999998
    endloop
  endfacet
  facet normal 0 0 0
    outer loop
      vertex 3.8738794799679814 -9.352372379537528 13.5
      vertex 4.522955447238702 -6.769081186616712 14.999999999999998
      vertex 3.115465898120964 -7.521400024354501 14.999999999999998
    endloop
  endfacet
  facet normal 0 0 0
    outer loop
      vertex 5.624001311147431 -8.41691277150152 13.5
      vertex 7.157995925915765 -7.157995925915769 13.5
      vertex 5.7566303550217 -5.756630355021703 14.999999999999998
    endloop
  endfacet
  facet normal 0 0 0
    outer loop
      vertex 5.624001311147431 -8.41691277150152 13.5
      vertex 5.7566303550217 -5.756630355021703 14.999999999999998
      vertex 4.522955447238702 -6.769081186616712 14.999999999999998
    endloop
  endfacet
  facet normal 0 0 0
    outer loop
      vertex 7.157995925915765 -7.157995925915769 13.5
      vertex 8.416912771501517 -5.624001311147435 13.5
      vertex 6.76908118661671 -4.522955447238704 14.999999999999998
    endloop
  endfacet
  facet normal 0 0 0
    outer loop
      vertex 7.157995925915765 -7.157995925915769 13.5
      vertex 6.76908118661671 -4.522955447238704 14.999999999999998
      vertex 5.7566303550217 -5.756630355021703 14.999999999999998
    endloop
  endfacet
  facet normal 0 0 0
    outer loop
      vertex 8.416912771501517 -5.624001311147435 13.5
      vertex 9.352372379537526 -3.8738794799679854 13.5
      vertex 7.5214000243545005 -3.1154658981209673 14.999999999999998
    endloop
  endfacet
  facet normal 0 0 0
    outer loop
      vertex 8.416912771501517 -5.624001311147435 13.5
      vertex 7.5214000243545005 -3.1154658981209673 14.999999999999998
      vertex 6.76908118661671 -4.522955447238704 14.999999999999998
    endloop
  endfacet
  facet normal 0 0 0
    outer loop
      vertex 9.352372379537526 -3.8738794799679854 13.5
      vertex 9.928425561898765 -1.9748866328699997 13.5
      vertex 7.984675677206079 -1.588250741711839 14.999999999999998
    endloop
  endfacet
  facet normal 0 0 0
    outer loop
      vertex 9.352372379537526 -3.8738794799679854 13.5
      vertex 7.984675677206079 -1.588250741711839 14.999999999999998
      vertex 7.5214000243545005 -3.1154658981209673 14.999999999999998
    endloop
  endfacet
  facet normal 0 0 0
    outer loop
      vertex 9.928425561898765 -1.9748866328699997 13.5
      vertex 10.122934917841437 0 13.5
      vertex 8.141104721640335 0 14.999999999999998
    endloop
  endfacet
  facet normal 0 0 0
    outer loop
      vertex 9.928425561898765 -1.9748866328699997 13.5
      vertex 8.141104721640335 0 14.999999999999998
      vertex 7.984675677206079 -1.588250741711839 14.999999999999998
    endloop
  endfacet
  facet normal 0 0 0
    outer loop
      vertex 8.141104721640335 0 14.999999999999998
      vertex 7.98467567720608 1.5882507417118352 14.999999999999998
      vertex 5.971431810197069 1.1877916380124955 16.5
    endloop
  endfacet
  facet normal 0 0 0
    outer loop
      vertex 8.141104721640335 0 14.999999999999998
      vertex 5.971431810197069 1.1877916380124955 16.5
      vertex 6.088419075520825 0 16.5
    endloop
  endfacet
  facet normal 0 0 0
    outer loop
      vertex 7.98467567720608 1.5882507417118352 14.999999999999998
      vertex 7.521400024354502 3.1154658981209624 14.999999999999998
      vertex 5.62496576922498 2.329937109497396 16.5
    endloop
  endfacet
  facet normal 0 0 0
    outer loop
      vertex 7.98467567720608 1.5882507417118352 14.999999999999998
      vertex 5.62496576922498 2.329937109497396 16.5
      vertex 5.971431810197069 1.1877916380124955 16.5
    endloop
  endfacet
  facet normal 0 0 0
    outer loop
      vertex 7.521400024354502 3.1154658981209624 14.999999999999998
      vertex 6.76908118661671 4.522955447238704 14.999999999999998
      vertex 5.062335448258722 3.3825444045080957 16.5
    endloop
  endfacet
  facet normal 0 0 0
    outer loop
      vertex 7.521400024354502 3.1154658981209624 14.999999999999998
      vertex 5.062335448258722 3.3825444045080957 16.5
      vertex 5.62496576922498 2.329937109497396 16.5
    endloop
  endfacet
  facet normal 0 0 0
    outer loop
      vertex 6.76908118661671 4.522955447238704 14.999999999999998
      vertex 5.756630355021702 5.756630355021701 14.999999999999998
      vertex 4.305162415006307 4.305162415006306 16.5
    endloop
  endfacet
  facet normal 0 0 0
    outer loop
      vertex 6.76908118661671 4.522955447238704 14.999999999999998
      vertex 4.305162415006307 4.305162415006306 16.5
      vertex 5.062335448258722 3.3825444045080957 16.5
    endloop
  endfacet
  facet normal 0 0 0
    outer loop
      vertex 5.756630355021702 5.756630355021701 14.999999999999998
      vertex 4.522955447238705 6.76908118661671 14.999999999999998
      vertex 3.3825444045080966 5.062335448258722 16.5
    endloop
  endfacet
  facet normal 0 0 0
    outer loop
      vertex 5.756630355021702 5.756630355021701 14.999999999999998
      vertex 3.3825444045080966 5.062335448258722 16.5
      vertex 4.305162415006307 4.305162415006306 16.5
    endloop
  endfacet
  facet normal 0 0 0
    outer loop
      vertex 4.522955447238705 6.76908118661671 14.999999999999998
      vertex 3.115465898120963 7.521400024354502 14.999999999999998
      vertex 2.3299371094973966 5.62496576922498 16.5
    endloop
  endfacet
  facet normal 0 0 0
    outer loop
      vertex 4.522955447238705 6.76908118661671 14.999999999999998
      vertex 2.3299371094973966 5.62496576922498 16.5
      vertex 3.3825444045080966 5.062335448258722 16.5
    endloop
  endfacet
  facet normal 0 0 0
    outer loop
      vertex 3.115465898120963 7.521400024354502 14.999999999999998
      vertex 1.588250741711836 7.98467567720608 14.999999999999998
      vertex 1.1877916380124962 5.971431810197069 16.5
    endloop
  endfacet
  facet normal 0 0 0
    outer loop
      vertex 3.115465898120963 7.521400024354502 14.999999999999998
      vertex 1.1877916380124962 5.971431810197069 16.5
      vertex 2.3299371094973966 5.62496576922498 16.5
    endloop
  endfacet
  facet normal 0 0 0
    outer loop
      vertex 1.588250741711836 7.98467567720608 14.999999999999998
      vertex 4.98498891944012e-16 8.141104721640335 14.999999999999998
      vertex 3.728081466352133e-16 6.088419075520825 16.5
    endloop
  endfacet
  facet normal 0 0 0
    outer loop
      vertex 1.588250741711836 7.98467567720608 14.999999999999998
      vertex 3.728081466352133e-16 6.088419075520825 16.5
      vertex 1.1877916380124962 5.971431810197069 16.5
    endloop
  endfacet
  facet normal 0 0 0
    outer loop
      vertex 4.98498891944012e-16 8.141104721640335 14.999999999999998
      vertex -1.5882507417118348 7.98467567720608 14.999999999999998
      vertex -1.1877916380124953 5.971431810197069 16.5
    endloop
  endfacet
  facet normal 0 0 0
    outer loop
      vertex 4.98498891944012e-16 8.141104721640335 14.999999999999998
      vertex -1.1877916380124953 5.971431810197069 16.5
      vertex 3.728081466352133e-16 6.088419075520825 16.5
    endloop
  endfacet
  facet normal 0 0 0
    outer loop
      vertex -1.5882507417118348 7.98467567720608 14.999999999999998
      vertex -3.115465898120962 7.521400024354502 14.999999999999998
      vertex -2.3299371094973957 5.62496576922498 16.5
    endloop
  endfacet
  facet normal 0 0 0
    outer loop
      vertex -1.5882507417118348 7.98467567720608 14.999999999999998
      vertex -2.3299371094973957 5.62496576922498 16.5
      vertex -1.1877916380124953 5.971431810197069 16.5
    endloop
  endfacet
  facet normal 0 0 0
    outer loop
      vertex -3.115465898120962 7.521400024354502 14.999999999999998
      vertex -4.522955447238703 6.769081186616711 14.999999999999998
      vertex -3.3825444045080943 5.062335448258722 16.5
    endloop
  endfacet
  facet normal 0 0 0
    outer loop
      vertex -3.115465898120962 7.521400024354502 14.999999999999998
      vertex -3.3825444045080943 5.062335448258722 16.5
      vertex -2.3299371094973957 5.62496576922498 16.5
    endloop
  endfacet
  facet normal 0 0 0
    outer loop
      vertex -4.522955447238703 6.769081186616711 14.999999999999998
      vertex -5.756630355021701 5.756630355021702 14.999999999999998
      vertex -4.305162415006306 4.305162415006307 16.5
    endloop
  endfacet
  facet normal 0 0 0
    outer loop
      vertex -4.522955447238703 6.769081186616711 14.999999999999998
      vertex -4.305162415006306 4.305162415006307 16.5
      vertex -3.3825444045080943 5.062335448258722 16.5
    endloop
  endfacet
  facet normal 0 0 0
    outer loop
      vertex -5.756630355021701 5.756630355021702 14.999999999999998
      vertex -6.769081186616711 4.522955447238704 14.999999999999998
      vertex -5.062335448258722 3.3825444045080957 16.5
    endloop
  endfacet
  facet normal 0 0 0
    outer loop
      vertex -5.756630355021701 5.756630355021702 14.999999999999998
      vertex -5.062335448258722 3.3825444045080957 16.5
      vertex -4.305162415006306 4.305162415006307 16.5
    endloop
  endfacet
  facet normal 0 0 0
    outer loop
      vertex -6.769081186616711 4.522955447238704 14.999999999999998
      vertex -7.521400024354502 3.1154658981209633 14.999999999999998
      vertex -5.62496576922498 2.3299371094973966 16.5
    endloop
  endfacet
  facet normal 0 0 0
    outer loop
      vertex -6.769081186616711 4.522955447238704 14.999999999999998
      vertex -5.62496576922498 2.3299371094973966 16.5
      vertex -5.062335448258722 3.3825444045080957 16.5
    endloop
  endfacet
  facet normal 0 0 0
    outer loop
      vertex -7.521400024354502 3.1154658981209633 14.999999999999998
      vertex -7.98467567720608 1.588250741711838 14.999999999999998
      vertex -5.971431810197069 1.1877916380124978 16.5
    endloop
  endfacet
  facet normal 0 0 0
    outer loop
      vertex -7.521400024354502 3.1154658981209633 14.999999999999998
      vertex -5.971431810197069 1.1877916380124978 16.5
      vertex -5.62496576922498 2.3299371094973966 16.5
    endloop
  endfacet
  facet normal 0 0 0
    outer loop
      vertex -7.98467567720608 1.588250741711838 14.999999999999998
      vertex -8.141104721640335 9.96997783888024e-16 14.999999999999998
      vertex -6.088419075520825 7.456162932704266e-16 16.5
    endloop
  endfacet
  facet normal 0 0 0
    outer loop
      vertex -7.98467567720608 1.588250741711838 14.999999999999998
      vertex -6.088419075520825 7.456162932704266e-16 16.5
      vertex -5.971431810197069 1.1877916380124978 16.5
    endloop
  endfacet
  facet normal 0 0 0
    outer loop
      vertex -8.141104721640335 9.96997783888024e-16 14.999999999999998
      vertex -7.98467567720608 -1.5882507417118361 14.999999999999998
      vertex -5.971431810197069 -1.1877916380124962 16.5
    endloop
  endfacet
  facet normal 0 0 0
    outer loop
      vertex -8.141104721640335 9.96997783888024e-16 14.999999999999998
      vertex -5.971431810197069 -1.1877916380124962 16.5
      vertex -6.088419075520825 7.456162932704266e-16 16.5
    endloop
  endfacet
  facet normal 0 0 0
    outer loop
      vertex -7.98467567720608 -1.5882507417118361 14.999999999999998
      vertex -7.521400024354503 -3.115465898120961 14.999999999999998
      vertex -5.624965769224981 -2.3299371094973953 16.5
    endloop
  endfacet
  facet normal 0 0 0
    outer loop
      vertex -7.98467567720608 -1.5882507417118361 14.999999999999998
      vertex -5.624965769224981 -2.3299371094973953 16.5
      vertex -5.971431810197069 -1.1877916380124962 16.5
    endloop
  endfacet
  facet normal 0 0 0
    outer loop
      vertex -7.521400024354503 -3.115465898120961 14.999999999999998
      vertex -6.769081186616712 -4.522955447238703 14.999999999999998
      vertex -5.062335448258723 -3.3825444045080943 16.5
    endloop
  endfacet
  facet normal 0 0 0
    outer loop
      vertex -7.521400024354503 -3.115465898120961 14.999999999999998
      vertex -5.062335448258723 -3.3825444045080943 16.5
      vertex -5.624965769224981 -2.3299371094973953 16.5
    endloop
  endfacet
  facet normal 0 0 0
    outer loop
      vertex -6.769081186616712 -4.522955447238703 14.999999999999998
      vertex -5.756630355021703 -5.756630355021701 14.999999999999998
      vertex -4.305162415006307 -4.305162415006306 16.5
    endloop
  endfacet
  facet normal 0 0 0
    outer loop
      vertex -6.769081186616712 -4.522955447238703 14.999999999999998
      vertex -4.305162415006307 -4.305162415006306 16.5
      vertex -5.062335448258723 -3.3825444045080943 16.5
    endloop
  endfacet
  facet normal 0 0 0
    outer loop
      vertex -5.756630355021703 -5.756630355021701 14.999999999999998
      vertex -4.522955447238704 -6.76908118661671 14.999999999999998
      vertex -3.3825444045080957 -5.062335448258722 16.5
    endloop
  endfacet
  facet normal 0 0 0
    outer loop
      vertex -5.756630355021703 -5.756630355021701 14.999999999999998
      vertex -3.3825444045080957 -5.062335448258722 16.5
      vertex -4.305162415006307 -4.305162415006306 16.5
    endloop
  endfacet
  facet normal 0 0 0
    outer loop
      vertex -4.522955447238704 -6.76908118661671 14.999999999999998
      vertex -3.115465898120967 -7.5214000243545005 14.999999999999998
      vertex -2.3299371094973997 -5.624965769224979 16.5
    endloop
  endfacet
  facet normal 0 0 0
    outer loop
      vertex -4.522955447238704 -6.76908118661671 14.999999999999998
      vertex -2.3299371094973997 -5.624965769224979 16.5
      vertex -3.3825444045080957 -5.062335448258722 16.5
    endloop
  endfacet
  facet normal 0 0 0
    outer loop
      vertex -3.115465898120967 -7.5214000243545005 14.999999999999998
      vertex -1.5882507417118386 -7.984675677206079 14.999999999999998
      vertex -1.1877916380124982 -5.9714318101970685 16.5
    endloop
  endfacet
  facet normal 0 0 0
    outer loop
      vertex -3.115465898120967 -7.5214000243545005 14.999999999999998
      vertex -1.1877916380124982 -5.9714318101970685 16.5
      vertex -2.3299371094973997 -5.624965769224979 16.5
    endloop
  endfacet
  facet normal 0 0 0
    outer loop
      vertex -1.5882507417118386 -7.984675677206079 14.999999999999998
      vertex -1.495496675832036e-15 -8.141104721640335 14.999999999999998
      vertex -1.1184244399056397e-15 -6.088419075520825 16.5
    endloop
  endfacet
  facet normal 0 0 0
    outer loop
      vertex -1.5882507417118386 -7.984675677206079 14.999999999999998
      vertex -1.1184244399056397e-15 -6.088419075520825 16.5
      vertex -1.1877916380124982 -5.9714318101970685 16.5
    endloop
  endfacet
  facet normal 0 0 0
    outer loop
      vertex -1.495496675832036e-15 -8.141104721640335 14.999999999999998
      vertex 1.5882507417118357 -7.98467567720608 14.999999999999998
      vertex 1.187791638012496 -5.971431810197069 16.5
    endloop
  endfacet
  facet normal 0 0 0
    outer loop
      vertex -1.495496675832036e-15 -8.141104721640335 14.999999999999998
      vertex 1.187791638012496 -5.971431810197069 16.5
      vertex -1.1184244399056397e-15 -6.088419075520825 16.5
    endloop
  endfacet
  facet normal 0 0 0
    outer loop
      vertex 1.5882507417118357 -7.98467567720608 14.999999999999998
      vertex 3.115465898120964 -7.521400024354501 14.999999999999998
      vertex 2.3299371094973975 -5.62496576922498 16.5
    endloop
  endfacet
  facet normal 0 0 0
    outer loop
      vertex 1.5882507417118357 -7.98467567720608 14.999999999999998
      vertex 2.3299371094973975 -5.62496576922498 16.5
      vertex 1.187791638012496 -5.971431810197069 16.5
    endloop
  endfacet
  facet normal 0 0 0
    outer loop
      vertex 3.115465898120964 -7.521400024354501 14.999999999999998
      vertex 4.522955447238702 -6.769081186616712 14.999999999999998
      vertex 3.382544404508094 -5.062335448258723 16.5
    endloop
  endfacet
  facet normal 0 0 0
    outer loop
      vertex 3.115465898120964 -7.521400024354501 14.999999999999998
      vertex 3.382544404508094 -5.062335448258723 16.5
      vertex 2.3299371094973975 -5.62496576922498 16.5
    endloop
  endfacet
  facet normal 0 0 0
    outer loop
      vertex 4.522955447238702 -6.769081186616712 14.999999999999998
      vertex 5.7566303550217 -5.756630355021703 14.999999999999998
      vertex 4.305162415006305 -4.305162415006307 16.5
    endloop
  endfacet
  facet normal 0 0 0
    outer loop
      vertex 4.522955447238702 -6.769081186616712 14.999999999999998
      vertex 4.305162415006305 -4.305162415006307 16.5
      vertex 3.382544404508094 -5.062335448258723 16.5
    endloop
  endfacet
  facet normal 0 0 0
    outer loop
      vertex 5.7566303550217 -5.756630355021703 14.999999999999998
      vertex 6.76908118661671 -4.522955447238704 14.999999999999998
      vertex 5.062335448258722 -3.3825444045080957 16.5
    endloop
  endfacet
  facet normal 0 0 0
    outer loop
      vertex 5.7566303550217 -5.756630355021703 14.999999999999998
      vertex 5.062335448258722 -3.3825444045080957 16.5
      vertex 4.305162415006305 -4.305162415006307 16.5
    endloop
  endfacet
  facet normal 0 0 0
    outer loop
      vertex 6.76908118661671 -4.522955447238704 14.999999999999998
      vertex 7.5214000243545005 -3.1154658981209673 14.999999999999998
      vertex 5.624965769224979 -2.3299371094973997 16.5
    endloop
  endfacet
  facet normal 0 0 0
    outer loop
      vertex 6.76908118661671 -4.522955447238704 14.999999999999998
      vertex 5.624965769224979 -2.3299371094973997 16.5
      vertex 5.062335448258722 -3.3825444045080957 16.5
    endloop
  endfacet
  facet normal 0 0 0
    outer loop
      vertex 7.5214000243545005 -3.1154658981209673 14.999999999999998
      vertex 7.984675677206079 -1.588250741711839 14.999999999999998
      vertex 5.9714318101970685 -1.1877916380124984 16.5
    endloop
  endfacet
  facet normal 0 0 0
    outer loop
      vertex 7.5214000243545005 -3.1154658981209673 14.999999999999998
      vertex 5.9714318101970685 -1.1877916380124984 16.5
      vertex 5.624965769224979 -2.3299371094973997 16.5
    endloop
  endfacet
  facet normal 0 0 0
    outer loop
      vertex 7.984675677206079 -1.588250741711839 14.999999999999998
      vertex 8.141104721640335 0 14.999999999999998
      vertex 6.088419075520825 0 16.5
    endloop
  endfacet
  facet normal 0 0 0
    outer loop
      vertex 7.984675677206079 -1.588250741711839 14.999999999999998
      vertex 6.088419075520825 0 16.5
      vertex 5.9714318101970685 -1.1877916380124984 16.5
    endloop
  endfacet
  facet normal 0 0 0
    outer loop
      vertex 6.088419075520825 0 16.5
      vertex 5.971431810197069 1.1877916380124955 16.5
      vertex 3.9231411216129235 0.7803612880645133 18
    endloop
  endfacet
  facet normal 0 0 0
    outer loop
      vertex 6.088419075520825 0 16.5
      vertex 3.9231411216129235 0.7803612880645133 18
      vertex 4.000000000000002 0 18
    endloop
  endfacet
  facet normal 0 0 0
    outer loop
      vertex 5.971431810197069 1.1877916380124955 16.5
      vertex 5.62496576922498 2.329937109497396 16.5
      vertex 3.6955181300451487 1.5307337294603598 18
    endloop
  endfacet
  facet normal 0 0 0
    outer loop
      vertex 5.971431810197069 1.1877916380124955 16.5
      vertex 3.6955181300451487 1.5307337294603598 18
      vertex 3.9231411216129235 0.7803612880645133 18
    endloop
  endfacet
  facet normal 0 0 0
    outer loop
      vertex 5.62496576922498 2.329937109497396 16.5
      vertex 5.062335448258722 3.3825444045080957 16.5
      vertex 3.3258784492101823 2.2222809320784096 18
    endloop
  endfacet
  facet normal 0 0 0
    outer loop
      vertex 5.62496576922498 2.329937109497396 16.5
      vertex 3.3258784492101823 2.2222809320784096 18
      vertex 3.6955181300451487 1.5307337294603598 18
    endloop
  endfacet
  facet normal 0 0 0
    outer loop
      vertex 5.062335448258722 3.3825444045080957 16.5
      vertex 4.305162415006307 4.305162415006306 16.5
      vertex 2.8284271247461916 2.828427124746191 18
    endloop
  endfacet
  facet normal 0 0 0
    outer loop
      vertex 5.062335448258722 3.3825444045080957 16.5
      vertex 2.8284271247461916 2.828427124746191 18
      vertex 3.3258784492101823 2.2222809320784096 18
    endloop
  endfacet
  facet normal 0 0 0
    outer loop
      vertex 4.305162415006307 4.305162415006306 16.5
      vertex 3.3825444045080966 5.062335448258722 16.5
      vertex 2.22228093207841 3.3258784492101823 18
    endloop
  endfacet
  facet normal 0 0 0
    outer loop
      vertex 4.305162415006307 4.305162415006306 16.5
      vertex 2.22228093207841 3.3258784492101823 18
      vertex 2.8284271247461916 2.828427124746191 18
    endloop
  endfacet
  facet normal 0 0 0
    outer loop
      vertex 3.3825444045080966 5.062335448258722 16.5
      vertex 2.3299371094973966 5.62496576922498 16.5
      vertex 1.53073372946036 3.6955181300451487 18
    endloop
  endfacet
  facet normal 0 0 0
    outer loop
      vertex 3.3825444045080966 5.062335448258722 16.5
      vertex 1.53073372946036 3.6955181300451487 18
      vertex 2.22228093207841 3.3258784492101823 18
    endloop
  endfacet
  facet normal 0 0 0
    outer loop
      vertex 2.3299371094973966 5.62496576922498 16.5
      vertex 1.1877916380124962 5.971431810197069 16.5
      vertex 0.7803612880645137 3.9231411216129235 18
    endloop
  endfacet
  facet normal 0 0 0
    outer loop
      vertex 2.3299371094973966 5.62496576922498 16.5
      vertex 0.7803612880645137 3.9231411216129235 18
      vertex 1.53073372946036 3.6955181300451487 18
    endloop
  endfacet
  facet normal 0 0 0
    outer loop
      vertex 1.1877916380124962 5.971431810197069 16.5
      vertex 3.728081466352133e-16 6.088419075520825 16.5
      vertex 2.4492935982947074e-16 4.000000000000002 18
    endloop
  endfacet
  facet normal 0 0 0
    outer loop
      vertex 1.1877916380124962 5.971431810197069 16.5
      vertex 2.4492935982947074e-16 4.000000000000002 18
      vertex 0.7803612880645137 3.9231411216129235 18
    endloop
  endfacet
  facet normal 0 0 0
    outer loop
      vertex 3.728081466352133e-16 6.088419075520825 16.5
      vertex -1.1877916380124953 5.971431810197069 16.5
      vertex -0.7803612880645131 3.9231411216129235 18
    endloop
  endfacet
  facet normal 0 0 0
    outer loop
      vertex 3.728081466352133e-16 6.088419075520825 16.5
      vertex -0.7803612880645131 3.9231411216129235 18
      vertex 2.4492935982947074e-16 4.000000000000002 18
    endloop
  endfacet
  facet normal 0 0 0
    outer loop
      vertex -1.1877916380124953 5.971431810197069 16.5
      vertex -2.3299371094973957 5.62496576922498 16.5
      vertex -1.5307337294603596 3.6955181300451487 18
    endloop
  endfacet
  facet normal 0 0 0
    outer loop
      vertex -1.1877916380124953 5.971431810197069 16.5
      vertex -1.5307337294603596 3.6955181300451487 18
      vertex -0.7803612880645131 3.9231411216129235 18
    endloop
  endfacet
  facet normal 0 0 0
    outer loop
      vertex -2.3299371094973957 5.62496576922498 16.5
      vertex -3.3825444045080943 5.062335448258722 16.5
      vertex -2.2222809320784087 3.3258784492101827 18
    endloop
  endfacet
  facet normal 0 0 0
    outer loop
      vertex -2.3299371094973957 5.62496576922498 16.5
      vertex -2.2222809320784087 3.3258784492101827 18
      vertex -1.5307337294603596 3.6955181300451487 18
    endloop
  endfacet
  facet normal 0 0 0
    outer loop
      vertex -3.3825444045080943 5.062335448258722 16.5
      vertex -4.305162415006306 4.305162415006307 16.5
      vertex -2.828427124746191 2.8284271247461916 18
    endloop
  endfacet
  facet normal 0 0 0
    outer loop
      vertex -3.3825444045080943 5.062335448258722 16.5
      vertex -2.828427124746191 2.8284271247461916 18
      vertex -2.2222809320784087 3.3258784492101827 18
    endloop
  endfacet
  facet normal 0 0 0
    outer loop
      vertex -4.305162415006306 4.305162415006307 16.5
      vertex -5.062335448258722 3.3825444045080957 16.5
      vertex -3.3258784492101827 2.2222809320784096 18
    endloop
  endfacet
  facet normal 0 0 0
    outer loop
      vertex -4.305162415006306 4.305162415006307 16.5
      vertex -3.3258784492101827 2.2222809320784096 18
      vertex -2.828427124746191 2.8284271247461916 18
    endloop
  endfacet
  facet normal 0 0 0
    outer loop
      vertex -5.062335448258722 3.3825444045080957 16.5
      vertex -5.62496576922498 2.3299371094973966 16.5
      vertex -3.6955181300451487 1.5307337294603602 18
    endloop
  endfacet
  facet normal 0 0 0
    outer loop
      vertex -5.062335448258722 3.3825444045080957 16.5
      vertex -3.6955181300451487 1.5307337294603602 18
      vertex -3.3258784492101827 2.2222809320784096 18
    endloop
  endfacet
  facet normal 0 0 0
    outer loop
      vertex -5.62496576922498 2.3299371094973966 16.5
      vertex -5.971431810197069 1.1877916380124978 16.5
      vertex -3.9231411216129235 0.7803612880645148 18
    endloop
  endfacet
  facet normal 0 0 0
    outer loop
      vertex -5.62496576922498 2.3299371094973966 16.5
      vertex -3.9231411216129235 0.7803612880645148 18
      vertex -3.6955181300451487 1.5307337294603602 18
    endloop
  endfacet
  facet normal 0 0 0
    outer loop
      vertex -5.971431810197069 1.1877916380124978 16.5
      vertex -6.088419075520825 7.456162932704266e-16 16.5
      vertex -4.000000000000002 4.898587196589415e-16 18
    endloop
  endfacet
  facet normal 0 0 0
    outer loop
      vertex -5.971431810197069 1.1877916380124978 16.5
      vertex -4.000000000000002 4.898587196589415e-16 18
      vertex -3.9231411216129235 0.7803612880645148 18
    endloop
  endfacet
  facet normal 0 0 0
    outer loop
      vertex -6.088419075520825 7.456162932704266e-16 16.5
      vertex -5.971431810197069 -1.1877916380124962 16.5
      vertex -3.9231411216129235 -0.7803612880645138 18
    endloop
  endfacet
  facet normal 0 0 0
    outer loop
      vertex -6.088419075520825 7.456162932704266e-16 16.5
      vertex -3.9231411216129235 -0.7803612880645138 18
      vertex -4.000000000000002 4.898587196589415e-16 18
    endloop
  endfacet
  facet normal 0 0 0
    outer loop
      vertex -5.971431810197069 -1.1877916380124962 16.5
      vertex -5.624965769224981 -2.3299371094973953 16.5
      vertex -3.695518130045149 -1.5307337294603591 18
    endloop
  endfacet
  facet normal 0 0 0
    outer loop
      vertex -5.971431810197069 -1.1877916380124962 16.5
      vertex -3.695518130045149 -1.5307337294603591 18
      vertex -3.9231411216129235 -0.7803612880645138 18
    endloop
  endfacet
  facet normal 0 0 0
    outer loop
      vertex -5.624965769224981 -2.3299371094973953 16.5
      vertex -5.062335448258723 -3.3825444045080943 16.5
      vertex -3.325878449210183 -2.2222809320784087 18
    endloop
  endfacet
  facet normal 0 0 0
    outer loop
      vertex -5.624965769224981 -2.3299371094973953 16.5
      vertex -3.325878449210183 -2.2222809320784087 18
      vertex -3.695518130045149 -1.5307337294603591 18
    endloop
  endfacet
  facet normal 0 0 0
    outer loop
      vertex -5.062335448258723 -3.3825444045080943 16.5
      vertex -4.305162415006307 -4.305162415006306 16.5
      vertex -2.828427124746192 -2.828427124746191 18
    endloop
  endfacet
  facet normal 0 0 0
    outer loop
      vertex -5.062335448258723 -3.3825444045080943 16.5
      vertex -2.828427124746192 -2.828427124746191 18
      vertex -3.325878449210183 -2.2222809320784087 18
    endloop
  endfacet
  facet normal 0 0 0
    outer loop
      vertex -4.305162415006307 -4.305162415006306 16.5
      vertex -3.3825444045080957 -5.062335448258722 16.5
      vertex -2.2222809320784096 -3.3258784492101823 18
    endloop
  endfacet
  facet normal 0 0 0
    outer loop
      vertex -4.305162415006307 -4.305162415006306 16.5
      vertex -2.2222809320784096 -3.3258784492101823 18
      vertex -2.828427124746192 -2.828427124746191 18
    endloop
  endfacet
  facet normal 0 0 0
    outer loop
      vertex -3.3825444045080957 -5.062335448258722 16.5
      vertex -2.3299371094973997 -5.624965769224979 16.5
      vertex -1.530733729460362 -3.695518130045148 18
    endloop
  endfacet
  facet normal 0 0 0
    outer loop
      vertex -3.3825444045080957 -5.062335448258722 16.5
      vertex -1.530733729460362 -3.695518130045148 18
      vertex -2.2222809320784096 -3.3258784492101823 18
    endloop
  endfacet
  facet normal 0 0 0
    outer loop
      vertex -2.3299371094973997 -5.624965769224979 16.5
      vertex -1.1877916380124982 -5.9714318101970685 16.5
      vertex -0.780361288064515 -3.923141121612923 18
    endloop
  endfacet
  facet normal 0 0 0
    outer loop
      vertex -2.3299371094973997 -5.624965769224979 16.5
      vertex -0.780361288064515 -3.923141121612923 18
      vertex -1.530733729460362 -3.695518130045148 18
    endloop
  endfacet
  facet normal 0 0 0
    outer loop
      vertex -1.1877916380124982 -5.9714318101970685 16.5
      vertex -1.1184244399056397e-15 -6.088419075520825 16.5
      vertex -7.347880794884122e-16 -4.000000000000002 18
    endloop
  endfacet
  facet normal 0 0 0
    outer loop
      vertex -1.1877916380124982 -5.9714318101970685 16.5
      vertex -7.347880794884122e-16 -4.000000000000002 18
      vertex -0.780361288064515 -3.923141121612923 18
    endloop
  endfacet
  facet normal 0 0 0
    outer loop
      vertex -1.1184244399056397e-15 -6.088419075520825 16.5
      vertex 1.187791638012496 -5.971431810197069 16.5
      vertex 0.7803612880645135 -3.9231411216129235 18
    endloop
  endfacet
  facet normal 0 0 0
    outer loop
      vertex -1.1184244399056397e-15 -6.088419075520825 16.5
      vertex 0.7803612880645135 -3.9231411216129235 18
      vertex -7.347880794884122e-16 -4.000000000000002 18
    endloop
  endfacet
  facet normal 0 0 0
    outer loop
      vertex 1.187791638012496 -5.971431810197069 16.5
      vertex 2.3299371094973975 -5.62496576922498 16.5
      vertex 1.5307337294603607 -3.6955181300451483 18
    endloop
  endfacet
  facet normal 0 0 0
    outer loop
      vertex 1.187791638012496 -5.971431810197069 16.5
      vertex 1.5307337294603607 -3.6955181300451483 18
      vertex 0.7803612880645135 -3.9231411216129235 18
    endloop
  endfacet
  facet normal 0 0 0
    outer loop
      vertex 2.3299371094973975 -5.62496576922498 16.5
      vertex 3.382544404508094 -5.062335448258723 16.5
      vertex 2.2222809320784083 -3.325878449210183 18
    endloop
  endfacet
  facet normal 0 0 0
    outer loop
      vertex 2.3299371094973975 -5.62496576922498 16.5
      vertex 2.2222809320784083 -3.325878449210183 18
      vertex 1.5307337294603607 -3.6955181300451483 18
    endloop
  endfacet
  facet normal 0 0 0
    outer loop
      vertex 3.382544404508094 -5.062335448258723 16.5
      vertex 4.305162415006305 -4.305162415006307 16.5
      vertex 2.8284271247461907 -2.828427124746192 18
    endloop
  endfacet
  facet normal 0 0 0
    outer loop
      vertex 3.382544404508094 -5.062335448258723 16.5
      vertex 2.8284271247461907 -2.828427124746192 18
      vertex 2.2222809320784083 -3.325878449210183 18
    endloop
  endfacet
  facet normal 0 0 0
    outer loop
      vertex 4.305162415006305 -4.305162415006307 16.5
      vertex 5.062335448258722 -3.3825444045080957 16.5
      vertex 3.3258784492101823 -2.2222809320784096 18
    endloop
  endfacet
  facet normal 0 0 0
    outer loop
      vertex 4.305162415006305 -4.305162415006307 16.5
      vertex 3.3258784492101823 -2.2222809320784096 18
      vertex 2.8284271247461907 -2.828427124746192 18
    endloop
  endfacet
  facet normal 0 0 0
    outer loop
      vertex 5.062335448258722 -3.3825444045080957 16.5
      vertex 5.624965769224979 -2.3299371094973997 16.5
      vertex 3.695518130045148 -1.5307337294603622 18
    endloop
  endfacet
  facet normal 0 0 0
    outer loop
      vertex 5.062335448258722 -3.3825444045080957 16.5
      vertex 3.695518130045148 -1.5307337294603622 18
      vertex 3.3258784492101823 -2.2222809320784096 18
    endloop
  endfacet
  facet normal 0 0 0
    outer loop
      vertex 5.624965769224979 -2.3299371094973997 16.5
      vertex 5.9714318101970685 -1.1877916380124984 16.5
      vertex 3.923141121612923 -0.7803612880645152 18
    endloop
  endfacet
  facet normal 0 0 0
    outer loop
      vertex 5.624965769224979 -2.3299371094973997 16.5
      vertex 3.923141121612923 -0.7803612880645152 18
      vertex 3.695518130045148 -1.5307337294603622 18
    endloop
  endfacet
  facet normal 0 0 0
    outer loop
      vertex 5.9714318101970685 -1.1877916380124984 16.5
      vertex 6.088419075520825 0 16.5
      vertex 4.000000000000002 0 18
    endloop
  endfacet
  facet normal 0 0 0
    outer loop
      vertex 5.9714318101970685 -1.1877916380124984 16.5
      vertex 4.000000000000002 0 18
      vertex 3.923141121612923 -0.7803612880645152 18
    endloop
  endfacet
  facet normal 0 0 0
    outer loop
      vertex 0 0 -18
      vertex 3.9231411216129217 0.780361288064513 -18
      vertex 4 0 -18
    endloop
  endfacet
  facet normal 0 0 0
    outer loop
      vertex 0 0 18
      vertex 4.000000000000002 0 18
      vertex 3.9231411216129235 0.7803612880645133 18
    endloop
  endfacet
  facet normal 0 0 0
    outer loop
      vertex 0 0 -18
      vertex 3.695518130045147 1.5307337294603591 -18
      vertex 3.9231411216129217 0.780361288064513 -18
    endloop
  endfacet
  facet normal 0 0 0
    outer loop
      vertex 0 0 18
      vertex 3.9231411216129235 0.7803612880645133 18
      vertex 3.6955181300451487 1.5307337294603598 18
    endloop
  endfacet
  facet normal 0 0 0
    outer loop
      vertex 0 0 -18
      vertex 3.325878449210181 2.2222809320784087 -18
      vertex 3.695518130045147 1.5307337294603591 -18
    endloop
  endfacet
  facet normal 0 0 0
    outer loop
      vertex 0 0 18
      vertex 3.6955181300451487 1.5307337294603598 18
      vertex 3.3258784492101823 2.2222809320784096 18
    endloop
  endfacet
  facet normal 0 0 0
    outer loop
      vertex 0 0 -18
      vertex 2.8284271247461903 2.82842712474619 -18
      vertex 3.325878449210181 2.2222809320784087 -18
    endloop
  endfacet
  facet normal 0 0 0
    outer loop
      vertex 0 0 18
      vertex 3.3258784492101823 2.2222809320784096 18
      vertex 2.8284271247461916 2.828427124746191 18
    endloop
  endfacet
  facet normal 0 0 0
    outer loop
      vertex 0 0 -18
      vertex 2.222280932078409 3.325878449210181 -18
      vertex 2.8284271247461903 2.82842712474619 -18
    endloop
  endfacet
  facet normal 0 0 0
    outer loop
      vertex 0 0 18
      vertex 2.8284271247461916 2.828427124746191 18
      vertex 2.22228093207841 3.3258784492101823 18
    endloop
  endfacet
  facet normal 0 0 0
    outer loop
      vertex 0 0 -18
      vertex 1.5307337294603593 3.695518130045147 -18
      vertex 2.222280932078409 3.325878449210181 -18
    endloop
  endfacet
  facet normal 0 0 0
    outer loop
      vertex 0 0 18
      vertex 2.22228093207841 3.3258784492101823 18
      vertex 1.53073372946036 3.6955181300451487 18
    endloop
  endfacet
  facet normal 0 0 0
    outer loop
      vertex 0 0 -18
      vertex 0.7803612880645133 3.9231411216129217 -18
      vertex 1.5307337294603593 3.695518130045147 -18
    endloop
  endfacet
  facet normal 0 0 0
    outer loop
      vertex 0 0 18
      vertex 1.53073372946036 3.6955181300451487 18
      vertex 0.7803612880645137 3.9231411216129235 18
    endloop
  endfacet
  facet normal 0 0 0
    outer loop
      vertex 0 0 -18
      vertex 2.4492935982947064e-16 4 -18
      vertex 0.7803612880645133 3.9231411216129217 -18
    endloop
  endfacet
  facet normal 0 0 0
    outer loop
      vertex 0 0 18
      vertex 0.7803612880645137 3.9231411216129235 18
      vertex 2.4492935982947074e-16 4.000000000000002 18
    endloop
  endfacet
  facet normal 0 0 0
    outer loop
      vertex 0 0 -18
      vertex -0.7803612880645128 3.9231411216129217 -18
      vertex 2.4492935982947064e-16 4 -18
    endloop
  endfacet
  facet normal 0 0 0
    outer loop
      vertex 0 0 18
      vertex 2.4492935982947074e-16 4.000000000000002 18
      vertex -0.7803612880645131 3.9231411216129235 18
    endloop
  endfacet
  facet normal 0 0 0
    outer loop
      vertex 0 0 -18
      vertex -1.530733729460359 3.695518130045147 -18
      vertex -0.7803612880645128 3.9231411216129217 -18
    endloop
  endfacet
  facet normal 0 0 0
    outer loop
      vertex 0 0 18
      vertex -0.7803612880645131 3.9231411216129235 18
      vertex -1.5307337294603596 3.6955181300451487 18
    endloop
  endfacet
  facet normal 0 0 0
    outer loop
      vertex 0 0 -18
      vertex -2.222280932078408 3.3258784492101814 -18
      vertex -1.530733729460359 3.695518130045147 -18
    endloop
  endfacet
  facet normal 0 0 0
    outer loop
      vertex 0 0 18
      vertex -1.5307337294603596 3.6955181300451487 18
      vertex -2.2222809320784087 3.3258784492101827 18
    endloop
  endfacet
  facet normal 0 0 0
    outer loop
      vertex 0 0 -18
      vertex -2.82842712474619 2.8284271247461903 -18
      vertex -2.222280932078408 3.3258784492101814 -18
    endloop
  endfacet
  facet normal 0 0 0
    outer loop
      vertex 0 0 18
      vertex -2.2222809320784087 3.3258784492101827 18
      vertex -2.828427124746191 2.8284271247461916 18
    endloop
  endfacet
  facet normal 0 0 0
    outer loop
      vertex 0 0 -18
      vertex -3.3258784492101814 2.2222809320784087 -18
      vertex -2.82842712474619 2.8284271247461903 -18
    endloop
  endfacet
  facet normal 0 0 0
    outer loop
      vertex 0 0 18
      vertex -2.828427124746191 2.8284271247461916 18
      vertex -3.3258784492101827 2.2222809320784096 18
    endloop
  endfacet
  facet normal 0 0 0
    outer loop
      vertex 0 0 -18
      vertex -3.695518130045147 1.5307337294603596 -18
      vertex -3.3258784492101814 2.2222809320784087 -18
    endloop
  endfacet
  facet normal 0 0 0
    outer loop
      vertex 0 0 18
      vertex -3.3258784492101827 2.2222809320784096 18
      vertex -3.6955181300451487 1.5307337294603602 18
    endloop
  endfacet
  facet normal 0 0 0
    outer loop
      vertex 0 0 -18
      vertex -3.9231411216129217 0.7803612880645144 -18
      vertex -3.695518130045147 1.5307337294603596 -18
    endloop
  endfacet
  facet normal 0 0 0
    outer loop
      vertex 0 0 18
      vertex -3.6955181300451487 1.5307337294603602 18
      vertex -3.9231411216129235 0.7803612880645148 18
    endloop
  endfacet
  facet normal 0 0 0
    outer loop
      vertex 0 0 -18
      vertex -4 4.898587196589413e-16 -18
      vertex -3.9231411216129217 0.7803612880645144 -18
    endloop
  endfacet
  facet normal 0 0 0
    outer loop
      vertex 0 0 18
      vertex -3.9231411216129235 0.7803612880645148 18
      vertex -4.000000000000002 4.898587196589415e-16 18
    endloop
  endfacet
  facet normal 0 0 0
    outer loop
      vertex 0 0 -18
      vertex -3.9231411216129217 -0.7803612880645134 -18
      vertex -4 4.898587196589413e-16 -18
    endloop
  endfacet
  facet normal 0 0 0
    outer loop
      vertex 0 0 18
      vertex -4.000000000000002 4.898587196589415e-16 18
      vertex -3.9231411216129235 -0.7803612880645138 18
    endloop
  endfacet
  facet normal 0 0 0
    outer loop
      vertex 0 0 -18
      vertex -3.6955181300451474 -1.5307337294603585 -18
      vertex -3.9231411216129217 -0.7803612880645134 -18
    endloop
  endfacet
  facet normal 0 0 0
    outer loop
      vertex 0 0 18
      vertex -3.9231411216129235 -0.7803612880645138 18
      vertex -3.695518130045149 -1.5307337294603591 18
    endloop
  endfacet
  facet normal 0 0 0
    outer loop
      vertex 0 0 -18
      vertex -3.325878449210182 -2.222280932078408 -18
      vertex -3.6955181300451474 -1.5307337294603585 -18
    endloop
  endfacet
  facet normal 0 0 0
    outer loop
      vertex 0 0 18
      vertex -3.695518130045149 -1.5307337294603591 18
      vertex -3.325878449210183 -2.2222809320784087 18
    endloop
  endfacet
  facet normal 0 0 0
    outer loop
      vertex 0 0 -18
      vertex -2.8284271247461907 -2.82842712474619 -18
      vertex -3.325878449210182 -2.222280932078408 -18
    endloop
  endfacet
  facet normal 0 0 0
    outer loop
      vertex 0 0 18
      vertex -3.325878449210183 -2.2222809320784087 18
      vertex -2.828427124746192 -2.828427124746191 18
    endloop
  endfacet
  facet normal 0 0 0
    outer loop
      vertex 0 0 -18
      vertex -2.2222809320784087 -3.325878449210181 -18
      vertex -2.8284271247461907 -2.82842712474619 -18
    endloop
  endfacet
  facet normal 0 0 0
    outer loop
      vertex 0 0 18
      vertex -2.828427124746192 -2.828427124746191 18
      vertex -2.2222809320784096 -3.3258784492101823 18
    endloop
  endfacet
  facet normal 0 0 0
    outer loop
      vertex 0 0 -18
      vertex -1.5307337294603613 -3.695518130045146 -18
      vertex -2.2222809320784087 -3.325878449210181 -18
    endloop
  endfacet
  facet normal 0 0 0
    outer loop
      vertex 0 0 18
      vertex -2.2222809320784096 -3.3258784492101823 18
      vertex -1.530733729460362 -3.695518130045148 18
    endloop
  endfacet
  facet normal 0 0 0
    outer loop
      vertex 0 0 -18
      vertex -0.7803612880645147 -3.9231411216129213 -18
      vertex -1.5307337294603613 -3.695518130045146 -18
    endloop
  endfacet
  facet normal 0 0 0
    outer loop
      vertex 0 0 18
      vertex -1.530733729460362 -3.695518130045148 18
      vertex -0.780361288064515 -3.923141121612923 18
    endloop
  endfacet
  facet normal 0 0 0
    outer loop
      vertex 0 0 -18
      vertex -7.347880794884119e-16 -4 -18
      vertex -0.7803612880645147 -3.9231411216129213 -18
    endloop
  endfacet
  facet normal 0 0 0
    outer loop
      vertex 0 0 18
      vertex -0.780361288064515 -3.923141121612923 18
      vertex -7.347880794884122e-16 -4.000000000000002 18
    endloop
  endfacet
  facet normal 0 0 0
    outer loop
      vertex 0 0 -18
      vertex 0.7803612880645132 -3.9231411216129217 -18
      vertex -7.347880794884119e-16 -4 -18
    endloop
  endfacet
  facet normal 0 0 0
    outer loop
      vertex 0 0 18
      vertex -7.347880794884122e-16 -4.000000000000002 18
      vertex 0.7803612880645135 -3.9231411216129235 18
    endloop
  endfacet
  facet normal 0 0 0
    outer loop
      vertex 0 0 -18
      vertex 1.53073372946036 -3.6955181300451465 -18
      vertex 0.7803612880645132 -3.9231411216129217 -18
    endloop
  endfacet
  facet normal 0 0 0
    outer loop
      vertex 0 0 18
      vertex 0.7803612880645135 -3.9231411216129235 18
      vertex 1.5307337294603607 -3.6955181300451483 18
    endloop
  endfacet
  facet normal 0 0 0
    outer loop
      vertex 0 0 -18
      vertex 2.2222809320784074 -3.325878449210182 -18
      vertex 1.53073372946036 -3.6955181300451465 -18
    endloop
  endfacet
  facet normal 0 0 0
    outer loop
      vertex 0 0 18
      vertex 1.5307337294603607 -3.6955181300451483 18
      vertex 2.2222809320784083 -3.325878449210183 18
    endloop
  endfacet
  facet normal 0 0 0
    outer loop
      vertex 0 0 -18
      vertex 2.8284271247461894 -2.8284271247461907 -18
      vertex 2.2222809320784074 -3.325878449210182 -18
    endloop
  endfacet
  facet normal 0 0 0
    outer loop
      vertex 0 0 18
      vertex 2.2222809320784083 -3.325878449210183 18
      vertex 2.8284271247461907 -2.828427124746192 18
    endloop
  endfacet
  facet normal 0 0 0
    outer loop
      vertex 0 0 -18
      vertex 3.325878449210181 -2.2222809320784087 -18
      vertex 2.8284271247461894 -2.8284271247461907 -18
    endloop
  endfacet
  facet normal 0 0 0
    outer loop
      vertex 0 0 18
      vertex 2.8284271247461907 -2.828427124746192 18
      vertex 3.3258784492101823 -2.2222809320784096 18
    endloop
  endfacet
  facet normal 0 0 0
    outer loop
      vertex 0 0 -18
      vertex 3.695518130045146 -1.5307337294603616 -18
      vertex 3.325878449210181 -2.2222809320784087 -18
    endloop
  endfacet
  facet normal 0 0 0
    outer loop
      vertex 0 0 18
      vertex 3.3258784492101823 -2.2222809320784096 18
      vertex 3.695518130045148 -1.5307337294603622 18
    endloop
  endfacet
  facet normal 0 0 0
    outer loop
      vertex 0 0 -18
      vertex 3.9231411216129213 -0.7803612880645149 -18
      vertex 3.695518130045146 -1.5307337294603616 -18
    endloop
  endfacet
  facet normal 0 0 0
    outer loop
      vertex 0 0 18
      vertex 3.695518130045148 -1.5307337294603622 18
      vertex 3.923141121612923 -0.7803612880645152 18
    endloop
  endfacet
  facet normal 0 0 0
    outer loop
      vertex 0 0 -18
      vertex 4 0 -18
      vertex 3.9231411216129213 -0.7803612880645149 -18
    endloop
  endfacet
  facet normal 0 0 0
    outer loop
      vertex 0 0 18
      vertex 3.923141121612923 -0.7803612880645152 18
      vertex 4.000000000000002 0 18
    endloop
  endfacet
  facet normal 0 0 0
    outer loop
      vertex 3.2842874956083885 0.6532854009068726 -13.53
      vertex 2.157727616887107 0.4291987084354822 -14.76
      vertex 2.2 0 -14.76
    endloop
  endfacet
  facet normal 0 0 0
    outer loop
      vertex 3.348630491536454 0 -13.53
      vertex 3.2842874956083885 0.6532854009068726 -13.53
      vertex 2.2 0 -14.76
    endloop
  endfacet
  facet normal 0 0 0
    outer loop
      vertex 3.0937311730737393 1.281465410223568 -13.53
      vertex 2.032534971524831 0.8419035512031976 -14.76
      vertex 2.157727616887107 0.4291987084354822 -14.76
    endloop
  endfacet
  facet normal 0 0 0
    outer loop
      vertex 3.2842874956083885 0.6532854009068726 -13.53
      vertex 3.0937311730737393 1.281465410223568 -13.53
      vertex 2.157727616887107 0.4291987084354822 -14.76
    endloop
  endfacet
  facet normal 0 0 0
    outer loop
      vertex 2.784284496542297 1.8603994224794527 -13.53
      vertex 1.8292331470655996 1.2222545126431248 -14.76
      vertex 2.032534971524831 0.8419035512031976 -14.76
    endloop
  endfacet
  facet normal 0 0 0
    outer loop
      vertex 3.0937311730737393 1.281465410223568 -13.53
      vertex 2.784284496542297 1.8603994224794527 -13.53
      vertex 2.032534971524831 0.8419035512031976 -14.76
    endloop
  endfacet
  facet normal 0 0 0
    outer loop
      vertex 2.367839328253469 2.3678393282534684 -13.53
      vertex 1.5556349186104048 1.5556349186104046 -14.76
      vertex 1.8292331470655996 1.2222545126431248 -14.76
    endloop
  endfacet
  facet normal 0 0 0
    outer loop
      vertex 2.784284496542297 1.8603994224794527 -13.53
      vertex 2.367839328253469 2.3678393282534684 -13.53
      vertex 1.8292331470655996 1.2222545126431248 -14.76
    endloop
  endfacet
  facet normal 0 0 0
    outer loop
      vertex 1.8603994224794533 2.784284496542297 -13.53
      vertex 1.2222545126431252 1.8292331470655996 -14.76
      vertex 1.5556349186104048 1.5556349186104046 -14.76
    endloop
  endfacet
  facet normal 0 0 0
    outer loop
      vertex 2.367839328253469 2.3678393282534684 -13.53
      vertex 1.8603994224794533 2.784284496542297 -13.53
      vertex 1.5556349186104048 1.5556349186104046 -14.76
    endloop
  endfacet
  facet normal 0 0 0
    outer loop
      vertex 1.2814654102235683 3.0937311730737393 -13.53
      vertex 0.8419035512031977 2.032534971524831 -14.76
      vertex 1.2222545126431252 1.8292331470655996 -14.76
    endloop
  endfacet
  facet normal 0 0 0
    outer loop
      vertex 1.8603994224794533 2.784284496542297 -13.53
      vertex 1.2814654102235683 3.0937311730737393 -13.53
      vertex 1.2222545126431252 1.8292331470655996 -14.76
    endloop
  endfacet
  facet normal 0 0 0
    outer loop
      vertex 0.6532854009068729 3.2842874956083885 -13.53
      vertex 0.42919870843548236 2.157727616887107 -14.76
      vertex 0.8419035512031977 2.032534971524831 -14.76
    endloop
  endfacet
  facet normal 0 0 0
    outer loop
      vertex 1.2814654102235683 3.0937311730737393 -13.53
      vertex 0.6532854009068729 3.2842874956083885 -13.53
      vertex 0.8419035512031977 2.032534971524831 -14.76
    endloop
  endfacet
  facet normal 0 0 0
    outer loop
      vertex 2.0504448064936733e-16 3.348630491536454 -13.53
      vertex 1.3471114790620887e-16 2.2 -14.76
      vertex 0.42919870843548236 2.157727616887107 -14.76
    endloop
  endfacet
  facet normal 0 0 0
    outer loop
      vertex 0.6532854009068729 3.2842874956083885 -13.53
      vertex 2.0504448064936733e-16 3.348630491536454 -13.53
      vertex 0.42919870843548236 2.157727616887107 -14.76
    endloop
  endfacet
  facet normal 0 0 0
    outer loop
      vertex -0.6532854009068725 3.2842874956083885 -13.53
      vertex -0.4291987084354821 2.157727616887107 -14.76
      vertex 1.3471114790620887e-16 2.2 -14.76
    endloop
  endfacet
  facet normal 0 0 0
    outer loop
      vertex 2.0504448064936733e-16 3.348630491536454 -13.53
      vertex -0.6532854009068725 3.2842874956083885 -13.53
      vertex 1.3471114790620887e-16 2.2 -14.76
    endloop
  endfacet
  facet normal 0 0 0
    outer loop
      vertex -1.2814654102235679 3.0937311730737393 -13.53
      vertex -0.8419035512031975 2.032534971524831 -14.76
      vertex -0.4291987084354821 2.157727616887107 -14.76
    endloop
  endfacet
  facet normal 0 0 0
    outer loop
      vertex -0.6532854009068725 3.2842874956083885 -13.53
      vertex -1.2814654102235679 3.0937311730737393 -13.53
      vertex -0.4291987084354821 2.157727616887107 -14.76
    endloop
  endfacet
  facet normal 0 0 0
    outer loop
      vertex -1.860399422479452 2.784284496542297 -13.53
      vertex -1.2222545126431243 1.8292331470655998 -14.76
      vertex -0.8419035512031975 2.032534971524831 -14.76
    endloop
  endfacet
  facet normal 0 0 0
    outer loop
      vertex -1.2814654102235679 3.0937311730737393 -13.53
      vertex -1.860399422479452 2.784284496542297 -13.53
      vertex -0.8419035512031975 2.032534971524831 -14.76
    endloop
  endfacet
  facet normal 0 0 0
    outer loop
      vertex -2.3678393282534684 2.367839328253469 -13.53
      vertex -1.5556349186104046 1.5556349186104048 -14.76
      vertex -1.2222545126431243 1.8292331470655998 -14.76
    endloop
  endfacet
  facet normal 0 0 0
    outer loop
      vertex -1.860399422479452 2.784284496542297 -13.53
      vertex -2.3678393282534684 2.367839328253469 -13.53
      vertex -1.2222545126431243 1.8292331470655998 -14.76
    endloop
  endfacet
  facet normal 0 0 0
    outer loop
      vertex -2.784284496542297 1.8603994224794527 -13.53
      vertex -1.8292331470655998 1.2222545126431248 -14.76
      vertex -1.5556349186104046 1.5556349186104048 -14.76
    endloop
  endfacet
  facet normal 0 0 0
    outer loop
      vertex -2.3678393282534684 2.367839328253469 -13.53
      vertex -2.784284496542297 1.8603994224794527 -13.53
      vertex -1.5556349186104046 1.5556349186104048 -14.76
    endloop
  endfacet
  facet normal 0 0 0
    outer loop
      vertex -3.0937311730737393 1.2814654102235683 -13.53
      vertex -2.032534971524831 0.8419035512031978 -14.76
      vertex -1.8292331470655998 1.2222545126431248 -14.76
    endloop
  endfacet
  facet normal 0 0 0
    outer loop
      vertex -2.784284496542297 1.8603994224794527 -13.53
      vertex -3.0937311730737393 1.2814654102235683 -13.53
      vertex -1.8292331470655998 1.2222545126431248 -14.76
    endloop
  endfacet
  facet normal 0 0 0
    outer loop
      vertex -3.2842874956083885 0.6532854009068738 -13.53
      vertex -2.157727616887107 0.42919870843548297 -14.76
      vertex -2.032534971524831 0.8419035512031978 -14.76
    endloop
  endfacet
  facet normal 0 0 0
    outer loop
      vertex -3.0937311730737393 1.2814654102235683 -13.53
      vertex -3.2842874956083885 0.6532854009068738 -13.53
      vertex -2.032534971524831 0.8419035512031978 -14.76
    endloop
  endfacet
  facet normal 0 0 0
    outer loop
      vertex -3.348630491536454 4.1008896129873466e-16 -13.53
      vertex -2.2 2.6942229581241775e-16 -14.76
      vertex -2.157727616887107 0.42919870843548297 -14.76
    endloop
  endfacet
  facet normal 0 0 0
    outer loop
      vertex -3.2842874956083885 0.6532854009068738 -13.53
      vertex -3.348630491536454 4.1008896129873466e-16 -13.53
      vertex -2.157727616887107 0.42919870843548297 -14.76
    endloop
  endfacet
  facet normal 0 0 0
    outer loop
      vertex -3.2842874956083885 -0.6532854009068729 -13.53
      vertex -2.157727616887107 -0.4291987084354824 -14.76
      vertex -2.2 2.6942229581241775e-16 -14.76
    endloop
  endfacet
  facet normal 0 0 0
    outer loop
      vertex -3.348630491536454 4.1008896129873466e-16 -13.53
      vertex -3.2842874956083885 -0.6532854009068729 -13.53
      vertex -2.2 2.6942229581241775e-16 -14.76
    endloop
  endfacet
  facet normal 0 0 0
    outer loop
      vertex -3.09373117307374 -1.2814654102235674 -13.53
      vertex -2.0325349715248313 -0.8419035512031973 -14.76
      vertex -2.157727616887107 -0.4291987084354824 -14.76
    endloop
  endfacet
  facet normal 0 0 0
    outer loop
      vertex -3.2842874956083885 -0.6532854009068729 -13.53
      vertex -3.09373117307374 -1.2814654102235674 -13.53
      vertex -2.157727616887107 -0.4291987084354824 -14.76
    endloop
  endfacet
  facet normal 0 0 0
    outer loop
      vertex -2.7842844965422975 -1.860399422479452 -13.53
      vertex -1.8292331470656003 -1.2222545126431243 -14.76
      vertex -2.0325349715248313 -0.8419035512031973 -14.76
    endloop
  endfacet
  facet normal 0 0 0
    outer loop
      vertex -3.09373117307374 -1.2814654102235674 -13.53
      vertex -2.7842844965422975 -1.860399422479452 -13.53
      vertex -2.0325349715248313 -0.8419035512031973 -14.76
    endloop
  endfacet
  facet normal 0 0 0
    outer loop
      vertex -2.367839328253469 -2.3678393282534684 -13.53
      vertex -1.555634918610405 -1.5556349186104046 -14.76
      vertex -1.8292331470656003 -1.2222545126431243 -14.76
    endloop
  endfacet
  facet normal 0 0 0
    outer loop
      vertex -2.7842844965422975 -1.860399422479452 -13.53
      vertex -2.367839328253469 -2.3678393282534684 -13.53
      vertex -1.8292331470656003 -1.2222545126431243 -14.76
    endloop
  endfacet
  facet normal 0 0 0
    outer loop
      vertex -1.8603994224794527 -2.784284496542297 -13.53
      vertex -1.2222545126431248 -1.8292331470655996 -14.76
      vertex -1.555634918610405 -1.5556349186104046 -14.76
    endloop
  endfacet
  facet normal 0 0 0
    outer loop
      vertex -2.367839328253469 -2.3678393282534684 -13.53
      vertex -1.8603994224794527 -2.784284496542297 -13.53
      vertex -1.555634918610405 -1.5556349186104046 -14.76
    endloop
  endfacet
  facet normal 0 0 0
    outer loop
      vertex -1.2814654102235699 -3.093731173073739 -13.53
      vertex -0.8419035512031988 -2.0325349715248304 -14.76
      vertex -1.2222545126431248 -1.8292331470655996 -14.76
    endloop
  endfacet
  facet normal 0 0 0
    outer loop
      vertex -1.8603994224794527 -2.784284496542297 -13.53
      vertex -1.2814654102235699 -3.093731173073739 -13.53
      vertex -1.2222545126431248 -1.8292331470655996 -14.76
    endloop
  endfacet
  facet normal 0 0 0
    outer loop
      vertex -0.653285400906874 -3.284287495608388 -13.53
      vertex -0.4291987084354831 -2.1577276168871067 -14.76
      vertex -0.8419035512031988 -2.0325349715248304 -14.76
    endloop
  endfacet
  facet normal 0 0 0
    outer loop
      vertex -1.2814654102235699 -3.093731173073739 -13.53
      vertex -0.653285400906874 -3.284287495608388 -13.53
      vertex -0.8419035512031988 -2.0325349715248304 -14.76
    endloop
  endfacet
  facet normal 0 0 0
    outer loop
      vertex -6.151334419481019e-16 -3.348630491536454 -13.53
      vertex -4.0413344371862655e-16 -2.2 -14.76
      vertex -0.4291987084354831 -2.1577276168871067 -14.76
    endloop
  endfacet
  facet normal 0 0 0
    outer loop
      vertex -0.653285400906874 -3.284287495608388 -13.53
      vertex -6.151334419481019e-16 -3.348630491536454 -13.53
      vertex -0.4291987084354831 -2.1577276168871067 -14.76
    endloop
  endfacet
  facet normal 0 0 0
    outer loop
      vertex 0.6532854009068728 -3.2842874956083885 -13.53
      vertex 0.4291987084354823 -2.157727616887107 -14.76
      vertex -4.0413344371862655e-16 -2.2 -14.76
    endloop
  endfacet
  facet normal 0 0 0
    outer loop
      vertex -6.151334419481019e-16 -3.348630491536454 -13.53
      vertex 0.6532854009068728 -3.2842874956083885 -13.53
      vertex -4.0413344371862655e-16 -2.2 -14.76
    endloop
  endfacet
  facet normal 0 0 0
    outer loop
      vertex 1.2814654102235687 -3.0937311730737393 -13.53
      vertex 0.841903551203198 -2.032534971524831 -14.76
      vertex 0.4291987084354823 -2.157727616887107 -14.76
    endloop
  endfacet
  facet normal 0 0 0
    outer loop
      vertex 0.6532854009068728 -3.2842874956083885 -13.53
      vertex 1.2814654102235687 -3.0937311730737393 -13.53
      vertex 0.4291987084354823 -2.157727616887107 -14.76
    endloop
  endfacet
  facet normal 0 0 0
    outer loop
      vertex 1.8603994224794518 -2.7842844965422975 -13.53
      vertex 1.2222545126431241 -1.8292331470656003 -14.76
      vertex 0.841903551203198 -2.032534971524831 -14.76
    endloop
  endfacet
  facet normal 0 0 0
    outer loop
      vertex 1.2814654102235687 -3.0937311730737393 -13.53
      vertex 1.8603994224794518 -2.7842844965422975 -13.53
      vertex 0.841903551203198 -2.032534971524831 -14.76
    endloop
  endfacet
  facet normal 0 0 0
    outer loop
      vertex 2.367839328253468 -2.367839328253469 -13.53
      vertex 1.5556349186104044 -1.555634918610405 -14.76
      vertex 1.2222545126431241 -1.8292331470656003 -14.76
    endloop
  endfacet
  facet normal 0 0 0
    outer loop
      vertex 1.8603994224794518 -2.7842844965422975 -13.53
      vertex 2.367839328253468 -2.367839328253469 -13.53
      vertex 1.2222545126431241 -1.8292331470656003 -14.76
    endloop
  endfacet
  facet normal 0 0 0
    outer loop
      vertex 2.784284496542297 -1.8603994224794527 -13.53
      vertex 1.8292331470655996 -1.2222545126431248 -14.76
      vertex 1.5556349186104044 -1.555634918610405 -14.76
    endloop
  endfacet
  facet normal 0 0 0
    outer loop
      vertex 2.367839328253468 -2.367839328253469 -13.53
      vertex 2.784284496542297 -1.8603994224794527 -13.53
      vertex 1.5556349186104044 -1.555634918610405 -14.76
    endloop
  endfacet
  facet normal 0 0 0
    outer loop
      vertex 3.093731173073739 -1.2814654102235699 -13.53
      vertex 2.0325349715248304 -0.8419035512031989 -14.76
      vertex 1.8292331470655996 -1.2222545126431248 -14.76
    endloop
  endfacet
  facet normal 0 0 0
    outer loop
      vertex 2.784284496542297 -1.8603994224794527 -13.53
      vertex 3.093731173073739 -1.2814654102235699 -13.53
      vertex 1.8292331470655996 -1.2222545126431248 -14.76
    endloop
  endfacet
  facet normal 0 0 0
    outer loop
      vertex 3.284287495608388 -0.6532854009068741 -13.53
      vertex 2.1577276168871067 -0.42919870843548324 -14.76
      vertex 2.0325349715248304 -0.8419035512031989 -14.76
    endloop
  endfacet
  facet normal 0 0 0
    outer loop
      vertex 3.093731173073739 -1.2814654102235699 -13.53
      vertex 3.284287495608388 -0.6532854009068741 -13.53
      vertex 2.0325349715248304 -0.8419035512031989 -14.76
    endloop
  endfacet
  facet normal 0 0 0
    outer loop
      vertex 3.348630491536454 0 -13.53
      vertex 2.2 0 -14.76
      vertex 2.1577276168871067 -0.42919870843548324 -14.76
    endloop
  endfacet
  facet normal 0 0 0
    outer loop
      vertex 3.284287495608388 -0.6532854009068741 -13.53
      vertex 3.348630491536454 0 -13.53
      vertex 2.1577276168871067 -0.42919870843548324 -14.76
    endloop
  endfacet
  facet normal 0 0 0
    outer loop
      vertex 4.391571622463342 0.8735379079415091 -12.299999999999999
      vertex 3.2842874956083885 0.6532854009068726 -13.53
      vertex 3.348630491536454 0 -13.53
    endloop
  endfacet
  facet normal 0 0 0
    outer loop
      vertex 4.477607596902183 0 -12.299999999999999
      vertex 4.391571622463342 0.8735379079415091 -12.299999999999999
      vertex 3.348630491536454 0 -13.53
    endloop
  endfacet
  facet normal 0 0 0
    outer loop
      vertex 4.136770013394974 1.7135062439665287 -12.299999999999999
      vertex 3.0937311730737393 1.281465410223568 -13.53
      vertex 3.2842874956083885 0.6532854009068726 -13.53
    endloop
  endfacet
  facet normal 0 0 0
    outer loop
      vertex 4.391571622463342 0.8735379079415091 -12.299999999999999
      vertex 4.136770013394974 1.7135062439665287 -12.299999999999999
      vertex 3.2842874956083885 0.6532854009068726 -13.53
    endloop
  endfacet
  facet normal 0 0 0
    outer loop
      vertex 3.7229946526391893 2.4876254959812867 -12.299999999999999
      vertex 2.784284496542297 1.8603994224794527 -13.53
      vertex 3.0937311730737393 1.281465410223568 -13.53
    endloop
  endfacet
  facet normal 0 0 0
    outer loop
      vertex 4.136770013394974 1.7135062439665287 -12.299999999999999
      vertex 3.7229946526391893 2.4876254959812867 -12.299999999999999
      vertex 3.0937311730737393 1.281465410223568 -13.53
    endloop
  endfacet
  facet normal 0 0 0
    outer loop
      vertex 3.166146695261935 3.1661466952619346 -12.299999999999999
      vertex 2.367839328253469 2.3678393282534684 -13.53
      vertex 2.784284496542297 1.8603994224794527 -13.53
    endloop
  endfacet
  facet normal 0 0 0
    outer loop
      vertex 3.7229946526391893 2.4876254959812867 -12.299999999999999
      vertex 3.166146695261935 3.1661466952619346 -12.299999999999999
      vertex 2.784284496542297 1.8603994224794527 -13.53
    endloop
  endfacet
  facet normal 0 0 0
    outer loop
      vertex 2.487625495981287 3.7229946526391893 -12.299999999999999
      vertex 1.8603994224794533 2.784284496542297 -13.53
      vertex 2.367839328253469 2.3678393282534684 -13.53
    endloop
  endfacet
  facet normal 0 0 0
    outer loop
      vertex 3.166146695261935 3.1661466952619346 -12.299999999999999
      vertex 2.487625495981287 3.7229946526391893 -12.299999999999999
      vertex 2.367839328253469 2.3678393282534684 -13.53
    endloop
  endfacet
  facet normal 0 0 0
    outer loop
      vertex 1.713506243966529 4.136770013394974 -12.299999999999999
      vertex 1.2814654102235683 3.0937311730737393 -13.53
      vertex 1.8603994224794533 2.784284496542297 -13.53
    endloop
  endfacet
  facet normal 0 0 0
    outer loop
      vertex 2.487625495981287 3.7229946526391893 -12.299999999999999
      vertex 1.713506243966529 4.136770013394974 -12.299999999999999
      vertex 1.8603994224794533 2.784284496542297 -13.53
    endloop
  endfacet
  facet normal 0 0 0
    outer loop
      vertex 0.8735379079415094 4.391571622463342 -12.299999999999999
      vertex 0.6532854009068729 3.2842874956083885 -13.53
      vertex 1.2814654102235683 3.0937311730737393 -13.53
    endloop
  endfacet
  facet normal 0 0 0
    outer loop
      vertex 1.713506243966529 4.136770013394974 -12.299999999999999
      vertex 0.8735379079415094 4.391571622463342 -12.299999999999999
      vertex 1.2814654102235683 3.0937311730737393 -13.53
    endloop
  endfacet
  facet normal 0 0 0
    outer loop
      vertex 2.7417439056920655e-16 4.477607596902183 -12.299999999999999
      vertex 2.0504448064936733e-16 3.348630491536454 -13.53
      vertex 0.6532854009068729 3.2842874956083885 -13.53
    endloop
  endfacet
  facet normal 0 0 0
    outer loop
      vertex 0.8735379079415094 4.391571622463342 -12.299999999999999
      vertex 2.7417439056920655e-16 4.477607596902183 -12.299999999999999
      vertex 0.6532854009068729 3.2842874956083885 -13.53
    endloop
  endfacet
  facet normal 0 0 0
    outer loop
      vertex -0.8735379079415089 4.391571622463342 -12.299999999999999
      vertex -0.6532854009068725 3.2842874956083885 -13.53
      vertex 2.0504448064936733e-16 3.348630491536454 -13.53
    endloop
  endfacet
  facet normal 0 0 0
    outer loop
      vertex 2.7417439056920655e-16 4.477607596902183 -12.299999999999999
      vertex -0.8735379079415089 4.391571622463342 -12.299999999999999
      vertex 2.0504448064936733e-16 3.348630491536454 -13.53
    endloop
  endfacet
  facet normal 0 0 0
    outer loop
      vertex -1.7135062439665285 4.136770013394974 -12.299999999999999
      vertex -1.2814654102235679 3.0937311730737393 -13.53
      vertex -0.6532854009068725 3.2842874956083885 -13.53
    endloop
  endfacet
  facet normal 0 0 0
    outer loop
      vertex -0.8735379079415089 4.391571622463342 -12.299999999999999
      vertex -1.7135062439665285 4.136770013394974 -12.299999999999999
      vertex -0.6532854009068725 3.2842874956083885 -13.53
    endloop
  endfacet
  facet normal 0 0 0
    outer loop
      vertex -2.487625495981286 3.7229946526391897 -12.299999999999999
      vertex -1.860399422479452 2.784284496542297 -13.53
      vertex -1.2814654102235679 3.0937311730737393 -13.53
    endloop
  endfacet
  facet normal 0 0 0
    outer loop
      vertex -1.7135062439665285 4.136770013394974 -12.299999999999999
      vertex -2.487625495981286 3.7229946526391897 -12.299999999999999
      vertex -1.2814654102235679 3.0937311730737393 -13.53
    endloop
  endfacet
  facet normal 0 0 0
    outer loop
      vertex -3.1661466952619346 3.166146695261935 -12.299999999999999
      vertex -2.3678393282534684 2.367839328253469 -13.53
      vertex -1.860399422479452 2.784284496542297 -13.53
    endloop
  endfacet
  facet normal 0 0 0
    outer loop
      vertex -2.487625495981286 3.7229946526391897 -12.299999999999999
      vertex -3.1661466952619346 3.166146695261935 -12.299999999999999
      vertex -1.860399422479452 2.784284496542297 -13.53
    endloop
  endfacet
  facet normal 0 0 0
    outer loop
      vertex -3.7229946526391897 2.4876254959812867 -12.299999999999999
      vertex -2.784284496542297 1.8603994224794527 -13.53
      vertex -2.3678393282534684 2.367839328253469 -13.53
    endloop
  endfacet
  facet normal 0 0 0
    outer loop
      vertex -3.1661466952619346 3.166146695261935 -12.299999999999999
      vertex -3.7229946526391897 2.4876254959812867 -12.299999999999999
      vertex -2.3678393282534684 2.367839328253469 -13.53
    endloop
  endfacet
  facet normal 0 0 0
    outer loop
      vertex -4.136770013394974 1.7135062439665292 -12.299999999999999
      vertex -3.0937311730737393 1.2814654102235683 -13.53
      vertex -2.784284496542297 1.8603994224794527 -13.53
    endloop
  endfacet
  facet normal 0 0 0
    outer loop
      vertex -3.7229946526391897 2.4876254959812867 -12.299999999999999
      vertex -4.136770013394974 1.7135062439665292 -12.299999999999999
      vertex -2.784284496542297 1.8603994224794527 -13.53
    endloop
  endfacet
  facet normal 0 0 0
    outer loop
      vertex -4.391571622463342 0.8735379079415106 -12.299999999999999
      vertex -3.2842874956083885 0.6532854009068738 -13.53
      vertex -3.0937311730737393 1.2814654102235683 -13.53
    endloop
  endfacet
  facet normal 0 0 0
    outer loop
      vertex -4.136770013394974 1.7135062439665292 -12.299999999999999
      vertex -4.391571622463342 0.8735379079415106 -12.299999999999999
      vertex -3.0937311730737393 1.2814654102235683 -13.53
    endloop
  endfacet
  facet normal 0 0 0
    outer loop
      vertex -4.477607596902183 5.483487811384131e-16 -12.299999999999999
      vertex -3.348630491536454 4.1008896129873466e-16 -13.53
      vertex -3.2842874956083885 0.6532854009068738 -13.53
    endloop
  endfacet
  facet normal 0 0 0
    outer loop
      vertex -4.391571622463342 0.8735379079415106 -12.299999999999999
      vertex -4.477607596902183 5.483487811384131e-16 -12.299999999999999
      vertex -3.2842874956083885 0.6532854009068738 -13.53
    endloop
  endfacet
  facet normal 0 0 0
    outer loop
      vertex -4.391571622463342 -0.8735379079415095 -12.299999999999999
      vertex -3.2842874956083885 -0.6532854009068729 -13.53
      vertex -3.348630491536454 4.1008896129873466e-16 -13.53
    endloop
  endfacet
  facet normal 0 0 0
    outer loop
      vertex -4.477607596902183 5.483487811384131e-16 -12.299999999999999
      vertex -4.391571622463342 -0.8735379079415095 -12.299999999999999
      vertex -3.348630491536454 4.1008896129873466e-16 -13.53
    endloop
  endfacet
  facet normal 0 0 0
    outer loop
      vertex -4.136770013394975 -1.713506243966528 -12.299999999999999
      vertex -3.09373117307374 -1.2814654102235674 -13.53
      vertex -3.2842874956083885 -0.6532854009068729 -13.53
    endloop
  endfacet
  facet normal 0 0 0
    outer loop
      vertex -4.391571622463342 -0.8735379079415095 -12.299999999999999
      vertex -4.136770013394975 -1.713506243966528 -12.299999999999999
      vertex -3.2842874956083885 -0.6532854009068729 -13.53
    endloop
  endfacet
  facet normal 0 0 0
    outer loop
      vertex -3.72299465263919 -2.487625495981286 -12.299999999999999
      vertex -2.7842844965422975 -1.860399422479452 -13.53
      vertex -3.09373117307374 -1.2814654102235674 -13.53
    endloop
  endfacet
  facet normal 0 0 0
    outer loop
      vertex -4.136770013394975 -1.713506243966528 -12.299999999999999
      vertex -3.72299465263919 -2.487625495981286 -12.299999999999999
      vertex -3.09373117307374 -1.2814654102235674 -13.53
    endloop
  endfacet
  facet normal 0 0 0
    outer loop
      vertex -3.1661466952619355 -3.1661466952619346 -12.299999999999999
      vertex -2.367839328253469 -2.3678393282534684 -13.53
      vertex -2.7842844965422975 -1.860399422479452 -13.53
    endloop
  endfacet
  facet normal 0 0 0
    outer loop
      vertex -3.72299465263919 -2.487625495981286 -12.299999999999999
      vertex -3.1661466952619355 -3.1661466952619346 -12.299999999999999
      vertex -2.7842844965422975 -1.860399422479452 -13.53
    endloop
  endfacet
  facet normal 0 0 0
    outer loop
      vertex -2.4876254959812867 -3.7229946526391893 -12.299999999999999
      vertex -1.8603994224794527 -2.784284496542297 -13.53
      vertex -2.367839328253469 -2.3678393282534684 -13.53
    endloop
  endfacet
  facet normal 0 0 0
    outer loop
      vertex -3.1661466952619355 -3.1661466952619346 -12.299999999999999
      vertex -2.4876254959812867 -3.7229946526391893 -12.299999999999999
      vertex -2.367839328253469 -2.3678393282534684 -13.53
    endloop
  endfacet
  facet normal 0 0 0
    outer loop
      vertex -1.7135062439665312 -4.136770013394973 -12.299999999999999
      vertex -1.2814654102235699 -3.093731173073739 -13.53
      vertex -1.8603994224794527 -2.784284496542297 -13.53
    endloop
  endfacet
  facet normal 0 0 0
    outer loop
      vertex -2.4876254959812867 -3.7229946526391893 -12.299999999999999
      vertex -1.7135062439665312 -4.136770013394973 -12.299999999999999
      vertex -1.8603994224794527 -2.784284496542297 -13.53
    endloop
  endfacet
  facet normal 0 0 0
    outer loop
      vertex -0.8735379079415109 -4.391571622463342 -12.299999999999999
      vertex -0.653285400906874 -3.284287495608388 -13.53
      vertex -1.2814654102235699 -3.093731173073739 -13.53
    endloop
  endfacet
  facet normal 0 0 0
    outer loop
      vertex -1.7135062439665312 -4.136770013394973 -12.299999999999999
      vertex -0.8735379079415109 -4.391571622463342 -12.299999999999999
      vertex -1.2814654102235699 -3.093731173073739 -13.53
    endloop
  endfacet
  facet normal 0 0 0
    outer loop
      vertex -8.225231717076195e-16 -4.477607596902183 -12.299999999999999
      vertex -6.151334419481019e-16 -3.348630491536454 -13.53
      vertex -0.653285400906874 -3.284287495608388 -13.53
    endloop
  endfacet
  facet normal 0 0 0
    outer loop
      vertex -0.8735379079415109 -4.391571622463342 -12.299999999999999
      vertex -8.225231717076195e-16 -4.477607596902183 -12.299999999999999
      vertex -0.653285400906874 -3.284287495608388 -13.53
    endloop
  endfacet
  facet normal 0 0 0
    outer loop
      vertex 0.8735379079415093 -4.391571622463342 -12.299999999999999
      vertex 0.6532854009068728 -3.2842874956083885 -13.53
      vertex -6.151334419481019e-16 -3.348630491536454 -13.53
    endloop
  endfacet
  facet normal 0 0 0
    outer loop
      vertex -8.225231717076195e-16 -4.477607596902183 -12.299999999999999
      vertex 0.8735379079415093 -4.391571622463342 -12.299999999999999
      vertex -6.151334419481019e-16 -3.348630491536454 -13.53
    endloop
  endfacet
  facet normal 0 0 0
    outer loop
      vertex 1.7135062439665296 -4.136770013394974 -12.299999999999999
      vertex 1.2814654102235687 -3.0937311730737393 -13.53
      vertex 0.6532854009068728 -3.2842874956083885 -13.53
    endloop
  endfacet
  facet normal 0 0 0
    outer loop
      vertex 0.8735379079415093 -4.391571622463342 -12.299999999999999
      vertex 1.7135062439665296 -4.136770013394974 -12.299999999999999
      vertex 0.6532854009068728 -3.2842874956083885 -13.53
    endloop
  endfacet
  facet normal 0 0 0
    outer loop
      vertex 2.4876254959812854 -3.72299465263919 -12.299999999999999
      vertex 1.8603994224794518 -2.7842844965422975 -13.53
      vertex 1.2814654102235687 -3.0937311730737393 -13.53
    endloop
  endfacet
  facet normal 0 0 0
    outer loop
      vertex 1.7135062439665296 -4.136770013394974 -12.299999999999999
      vertex 2.4876254959812854 -3.72299465263919 -12.299999999999999
      vertex 1.2814654102235687 -3.0937311730737393 -13.53
    endloop
  endfacet
  facet normal 0 0 0
    outer loop
      vertex 3.166146695261934 -3.1661466952619355 -12.299999999999999
      vertex 2.367839328253468 -2.367839328253469 -13.53
      vertex 1.8603994224794518 -2.7842844965422975 -13.53
    endloop
  endfacet
  facet normal 0 0 0
    outer loop
      vertex 2.4876254959812854 -3.72299465263919 -12.299999999999999
      vertex 3.166146695261934 -3.1661466952619355 -12.299999999999999
      vertex 1.8603994224794518 -2.7842844965422975 -13.53
    endloop
  endfacet
  facet normal 0 0 0
    outer loop
      vertex 3.7229946526391893 -2.4876254959812867 -12.299999999999999
      vertex 2.784284496542297 -1.8603994224794527 -13.53
      vertex 2.367839328253468 -2.367839328253469 -13.53
    endloop
  endfacet
  facet normal 0 0 0
    outer loop
      vertex 3.166146695261934 -3.1661466952619355 -12.299999999999999
      vertex 3.7229946526391893 -2.4876254959812867 -12.299999999999999
      vertex 2.367839328253468 -2.367839328253469 -13.53
    endloop
  endfacet
  facet normal 0 0 0
    outer loop
      vertex 4.136770013394973 -1.7135062439665314 -12.299999999999999
      vertex 3.093731173073739 -1.2814654102235699 -13.53
      vertex 2.784284496542297 -1.8603994224794527 -13.53
    endloop
  endfacet
  facet normal 0 0 0
    outer loop
      vertex 3.7229946526391893 -2.4876254959812867 -12.299999999999999
      vertex 4.136770013394973 -1.7135062439665314 -12.299999999999999
      vertex 2.784284496542297 -1.8603994224794527 -13.53
    endloop
  endfacet
  facet normal 0 0 0
    outer loop
      vertex 4.391571622463342 -0.8735379079415112 -12.299999999999999
      vertex 3.284287495608388 -0.6532854009068741 -13.53
      vertex 3.093731173073739 -1.2814654102235699 -13.53
    endloop
  endfacet
  facet normal 0 0 0
    outer loop
      vertex 4.136770013394973 -1.7135062439665314 -12.299999999999999
      vertex 4.391571622463342 -0.8735379079415112 -12.299999999999999
      vertex 3.093731173073739 -1.2814654102235699 -13.53
    endloop
  endfacet
  facet normal 0 0 0
    outer loop
      vertex 4.477607596902183 0 -12.299999999999999
      vertex 3.348630491536454 0 -13.53
      vertex 3.284287495608388 -0.6532854009068741 -13.53
    endloop
  endfacet
  facet normal 0 0 0
    outer loop
      vertex 4.391571622463342 -0.8735379079415112 -12.299999999999999
      vertex 4.477607596902183 0 -12.299999999999999
      vertex 3.284287495608388 -0.6532854009068741 -13.53
    endloop
  endfacet
  facet normal 0 0 0
    outer loop
      vertex 5.460634059044322 1.086187648078497 -11.069999999999999
      vertex 4.391571622463342 0.8735379079415091 -12.299999999999999
      vertex 4.477607596902183 0 -12.299999999999999
    endloop
  endfacet
  facet normal 0 0 0
    outer loop
      vertex 5.5676142048127915 0 -11.069999999999999
      vertex 5.460634059044322 1.086187648078497 -11.069999999999999
      vertex 4.477607596902183 0 -12.299999999999999
    endloop
  endfacet
  facet normal 0 0 0
    outer loop
      vertex 5.1438048087456405 2.1306337139823888 -11.069999999999999
      vertex 4.136770013394974 1.7135062439665287 -12.299999999999999
      vertex 4.391571622463342 0.8735379079415091 -12.299999999999999
    endloop
  endfacet
  facet normal 0 0 0
    outer loop
      vertex 5.460634059044322 1.086187648078497 -11.069999999999999
      vertex 5.1438048087456405 2.1306337139823888 -11.069999999999999
      vertex 4.391571622463342 0.8735379079415091 -12.299999999999999
    endloop
  endfacet
  facet normal 0 0 0
    outer loop
      vertex 4.629302024325835 3.0932007211310895 -11.069999999999999
      vertex 3.7229946526391893 2.4876254959812867 -12.299999999999999
      vertex 4.136770013394974 1.7135062439665287 -12.299999999999999
    endloop
  endfacet
  facet normal 0 0 0
    outer loop
      vertex 5.1438048087456405 2.1306337139823888 -11.069999999999999
      vertex 4.629302024325835 3.0932007211310895 -11.069999999999999
      vertex 4.136770013394974 1.7135062439665287 -12.299999999999999
    endloop
  endfacet
  facet normal 0 0 0
    outer loop
      vertex 3.936897759253672 3.9368977592536716 -11.069999999999999
      vertex 3.166146695261935 3.1661466952619346 -12.299999999999999
      vertex 3.7229946526391893 2.4876254959812867 -12.299999999999999
    endloop
  endfacet
  facet normal 0 0 0
    outer loop
      vertex 4.629302024325835 3.0932007211310895 -11.069999999999999
      vertex 3.936897759253672 3.9368977592536716 -11.069999999999999
      vertex 3.7229946526391893 2.4876254959812867 -12.299999999999999
    endloop
  endfacet
  facet normal 0 0 0
    outer loop
      vertex 3.09320072113109 4.629302024325835 -11.069999999999999
      vertex 2.487625495981287 3.7229946526391893 -12.299999999999999
      vertex 3.166146695261935 3.1661466952619346 -12.299999999999999
    endloop
  endfacet
  facet normal 0 0 0
    outer loop
      vertex 3.936897759253672 3.9368977592536716 -11.069999999999999
      vertex 3.09320072113109 4.629302024325835 -11.069999999999999
      vertex 3.166146695261935 3.1661466952619346 -12.299999999999999
    endloop
  endfacet
  facet normal 0 0 0
    outer loop
      vertex 2.130633713982389 5.1438048087456405 -11.069999999999999
      vertex 1.713506243966529 4.136770013394974 -12.299999999999999
      vertex 2.487625495981287 3.7229946526391893 -12.299999999999999
    endloop
  endfacet
  facet normal 0 0 0
    outer loop
      vertex 3.09320072113109 4.629302024325835 -11.069999999999999
      vertex 2.130633713982389 5.1438048087456405 -11.069999999999999
      vertex 2.487625495981287 3.7229946526391893 -12.299999999999999
    endloop
  endfacet
  facet normal 0 0 0
    outer loop
      vertex 1.0861876480784978 5.460634059044322 -11.069999999999999
      vertex 0.8735379079415094 4.391571622463342 -12.299999999999999
      vertex 1.713506243966529 4.136770013394974 -12.299999999999999
    endloop
  endfacet
  facet normal 0 0 0
    outer loop
      vertex 2.130633713982389 5.1438048087456405 -11.069999999999999
      vertex 1.0861876480784978 5.460634059044322 -11.069999999999999
      vertex 1.713506243966529 4.136770013394974 -12.299999999999999
    endloop
  endfacet
  facet normal 0 0 0
    outer loop
      vertex 3.4091804574056603e-16 5.5676142048127915 -11.069999999999999
      vertex 2.7417439056920655e-16 4.477607596902183 -12.299999999999999
      vertex 0.8735379079415094 4.391571622463342 -12.299999999999999
    endloop
  endfacet
  facet normal 0 0 0
    outer loop
      vertex 1.0861876480784978 5.460634059044322 -11.069999999999999
      vertex 3.4091804574056603e-16 5.5676142048127915 -11.069999999999999
      vertex 0.8735379079415094 4.391571622463342 -12.299999999999999
    endloop
  endfacet
  facet normal 0 0 0
    outer loop
      vertex -1.0861876480784969 5.460634059044322 -11.069999999999999
      vertex -0.8735379079415089 4.391571622463342 -12.299999999999999
      vertex 2.7417439056920655e-16 4.477607596902183 -12.299999999999999
    endloop
  endfacet
  facet normal 0 0 0
    outer loop
      vertex 3.4091804574056603e-16 5.5676142048127915 -11.069999999999999
      vertex -1.0861876480784969 5.460634059044322 -11.069999999999999
      vertex 2.7417439056920655e-16 4.477607596902183 -12.299999999999999
    endloop
  endfacet
  facet normal 0 0 0
    outer loop
      vertex -2.1306337139823883 5.1438048087456405 -11.069999999999999
      vertex -1.7135062439665285 4.136770013394974 -12.299999999999999
      vertex -0.8735379079415089 4.391571622463342 -12.299999999999999
    endloop
  endfacet
  facet normal 0 0 0
    outer loop
      vertex -1.0861876480784969 5.460634059044322 -11.069999999999999
      vertex -2.1306337139823883 5.1438048087456405 -11.069999999999999
      vertex -0.8735379079415089 4.391571622463342 -12.299999999999999
    endloop
  endfacet
  facet normal 0 0 0
    outer loop
      vertex -3.0932007211310886 4.629302024325836 -11.069999999999999
      vertex -2.487625495981286 3.7229946526391897 -12.299999999999999
      vertex -1.7135062439665285 4.136770013394974 -12.299999999999999
    endloop
  endfacet
  facet normal 0 0 0
    outer loop
      vertex -2.1306337139823883 5.1438048087456405 -11.069999999999999
      vertex -3.0932007211310886 4.629302024325836 -11.069999999999999
      vertex -1.7135062439665285 4.136770013394974 -12.299999999999999
    endloop
  endfacet
  facet normal 0 0 0
    outer loop
      vertex -3.9368977592536716 3.936897759253672 -11.069999999999999
      vertex -3.1661466952619346 3.166146695261935 -12.299999999999999
      vertex -2.487625495981286 3.7229946526391897 -12.299999999999999
    endloop
  endfacet
  facet normal 0 0 0
    outer loop
      vertex -3.0932007211310886 4.629302024325836 -11.069999999999999
      vertex -3.9368977592536716 3.936897759253672 -11.069999999999999
      vertex -2.487625495981286 3.7229946526391897 -12.299999999999999
    endloop
  endfacet
  facet normal 0 0 0
    outer loop
      vertex -4.629302024325836 3.0932007211310895 -11.069999999999999
      vertex -3.7229946526391897 2.4876254959812867 -12.299999999999999
      vertex -3.1661466952619346 3.166146695261935 -12.299999999999999
    endloop
  endfacet
  facet normal 0 0 0
    outer loop
      vertex -3.9368977592536716 3.936897759253672 -11.069999999999999
      vertex -4.629302024325836 3.0932007211310895 -11.069999999999999
      vertex -3.1661466952619346 3.166146695261935 -12.299999999999999
    endloop
  endfacet
  facet normal 0 0 0
    outer loop
      vertex -5.1438048087456405 2.1306337139823897 -11.069999999999999
      vertex -4.136770013394974 1.7135062439665292 -12.299999999999999
      vertex -3.7229946526391897 2.4876254959812867 -12.299999999999999
    endloop
  endfacet
  facet normal 0 0 0
    outer loop
      vertex -4.629302024325836 3.0932007211310895 -11.069999999999999
      vertex -5.1438048087456405 2.1306337139823897 -11.069999999999999
      vertex -3.7229946526391897 2.4876254959812867 -12.299999999999999
    endloop
  endfacet
  facet normal 0 0 0
    outer loop
      vertex -5.460634059044322 1.086187648078499 -11.069999999999999
      vertex -4.391571622463342 0.8735379079415106 -12.299999999999999
      vertex -4.136770013394974 1.7135062439665292 -12.299999999999999
    endloop
  endfacet
  facet normal 0 0 0
    outer loop
      vertex -5.1438048087456405 2.1306337139823897 -11.069999999999999
      vertex -5.460634059044322 1.086187648078499 -11.069999999999999
      vertex -4.136770013394974 1.7135062439665292 -12.299999999999999
    endloop
  endfacet
  facet normal 0 0 0
    outer loop
      vertex -5.5676142048127915 6.818360914811321e-16 -11.069999999999999
      vertex -4.477607596902183 5.483487811384131e-16 -12.299999999999999
      vertex -4.391571622463342 0.8735379079415106 -12.299999999999999
    endloop
  endfacet
  facet normal 0 0 0
    outer loop
      vertex -5.460634059044322 1.086187648078499 -11.069999999999999
      vertex -5.5676142048127915 6.818360914811321e-16 -11.069999999999999
      vertex -4.391571622463342 0.8735379079415106 -12.299999999999999
    endloop
  endfacet
  facet normal 0 0 0
    outer loop
      vertex -5.460634059044322 -1.0861876480784978 -11.069999999999999
      vertex -4.391571622463342 -0.8735379079415095 -12.299999999999999
      vertex -4.477607596902183 5.483487811384131e-16 -12.299999999999999
    endloop
  endfacet
  facet normal 0 0 0
    outer loop
      vertex -5.5676142048127915 6.818360914811321e-16 -11.069999999999999
      vertex -5.460634059044322 -1.0861876480784978 -11.069999999999999
      vertex -4.477607596902183 5.483487811384131e-16 -12.299999999999999
    endloop
  endfacet
  facet normal 0 0 0
    outer loop
      vertex -5.143804808745641 -2.130633713982388 -11.069999999999999
      vertex -4.136770013394975 -1.713506243966528 -12.299999999999999
      vertex -4.391571622463342 -0.8735379079415095 -12.299999999999999
    endloop
  endfacet
  facet normal 0 0 0
    outer loop
      vertex -5.460634059044322 -1.0861876480784978 -11.069999999999999
      vertex -5.143804808745641 -2.130633713982388 -11.069999999999999
      vertex -4.391571622463342 -0.8735379079415095 -12.299999999999999
    endloop
  endfacet
  facet normal 0 0 0
    outer loop
      vertex -4.6293020243258365 -3.0932007211310886 -11.069999999999999
      vertex -3.72299465263919 -2.487625495981286 -12.299999999999999
      vertex -4.136770013394975 -1.713506243966528 -12.299999999999999
    endloop
  endfacet
  facet normal 0 0 0
    outer loop
      vertex -5.143804808745641 -2.130633713982388 -11.069999999999999
      vertex -4.6293020243258365 -3.0932007211310886 -11.069999999999999
      vertex -4.136770013394975 -1.713506243966528 -12.299999999999999
    endloop
  endfacet
  facet normal 0 0 0
    outer loop
      vertex -3.936897759253673 -3.9368977592536716 -11.069999999999999
      vertex -3.1661466952619355 -3.1661466952619346 -12.299999999999999
      vertex -3.72299465263919 -2.487625495981286 -12.299999999999999
    endloop
  endfacet
  facet normal 0 0 0
    outer loop
      vertex -4.6293020243258365 -3.0932007211310886 -11.069999999999999
      vertex -3.936897759253673 -3.9368977592536716 -11.069999999999999
      vertex -3.72299465263919 -2.487625495981286 -12.299999999999999
    endloop
  endfacet
  facet normal 0 0 0
    outer loop
      vertex -3.0932007211310895 -4.629302024325835 -11.069999999999999
      vertex -2.4876254959812867 -3.7229946526391893 -12.299999999999999
      vertex -3.1661466952619355 -3.1661466952619346 -12.299999999999999
    endloop
  endfacet
  facet normal 0 0 0
    outer loop
      vertex -3.936897759253673 -3.9368977592536716 -11.069999999999999
      vertex -3.0932007211310895 -4.629302024325835 -11.069999999999999
      vertex -3.1661466952619355 -3.1661466952619346 -12.299999999999999
    endloop
  endfacet
  facet normal 0 0 0
    outer loop
      vertex -2.130633713982392 -5.14380480874564 -11.069999999999999
      vertex -1.7135062439665312 -4.136770013394973 -12.299999999999999
      vertex -2.4876254959812867 -3.7229946526391893 -12.299999999999999
    endloop
  endfacet
  facet normal 0 0 0
    outer loop
      vertex -3.0932007211310895 -4.629302024325835 -11.069999999999999
      vertex -2.130633713982392 -5.14380480874564 -11.069999999999999
      vertex -2.4876254959812867 -3.7229946526391893 -12.299999999999999
    endloop
  endfacet
  facet normal 0 0 0
    outer loop
      vertex -1.0861876480784995 -5.460634059044321 -11.069999999999999
      vertex -0.8735379079415109 -4.391571622463342 -12.299999999999999
      vertex -1.7135062439665312 -4.136770013394973 -12.299999999999999
    endloop
  endfacet
  facet normal 0 0 0
    outer loop
      vertex -2.130633713982392 -5.14380480874564 -11.069999999999999
      vertex -1.0861876480784995 -5.460634059044321 -11.069999999999999
      vertex -1.7135062439665312 -4.136770013394973 -12.299999999999999
    endloop
  endfacet
  facet normal 0 0 0
    outer loop
      vertex -1.0227541372216981e-15 -5.5676142048127915 -11.069999999999999
      vertex -8.225231717076195e-16 -4.477607596902183 -12.299999999999999
      vertex -0.8735379079415109 -4.391571622463342 -12.299999999999999
    endloop
  endfacet
  facet normal 0 0 0
    outer loop
      vertex -1.0861876480784995 -5.460634059044321 -11.069999999999999
      vertex -1.0227541372216981e-15 -5.5676142048127915 -11.069999999999999
      vertex -0.8735379079415109 -4.391571622463342 -12.299999999999999
    endloop
  endfacet
  facet normal 0 0 0
    outer loop
      vertex 1.0861876480784975 -5.460634059044322 -11.069999999999999
      vertex 0.8735379079415093 -4.391571622463342 -12.299999999999999
      vertex -8.225231717076195e-16 -4.477607596902183 -12.299999999999999
    endloop
  endfacet
  facet normal 0 0 0
    outer loop
      vertex -1.0227541372216981e-15 -5.5676142048127915 -11.069999999999999
      vertex 1.0861876480784975 -5.460634059044322 -11.069999999999999
      vertex -8.225231717076195e-16 -4.477607596902183 -12.299999999999999
    endloop
  endfacet
  facet normal 0 0 0
    outer loop
      vertex 2.13063371398239 -5.1438048087456405 -11.069999999999999
      vertex 1.7135062439665296 -4.136770013394974 -12.299999999999999
      vertex 0.8735379079415093 -4.391571622463342 -12.299999999999999
    endloop
  endfacet
  facet normal 0 0 0
    outer loop
      vertex 1.0861876480784975 -5.460634059044322 -11.069999999999999
      vertex 2.13063371398239 -5.1438048087456405 -11.069999999999999
      vertex 0.8735379079415093 -4.391571622463342 -12.299999999999999
    endloop
  endfacet
  facet normal 0 0 0
    outer loop
      vertex 3.0932007211310872 -4.6293020243258365 -11.069999999999999
      vertex 2.4876254959812854 -3.72299465263919 -12.299999999999999
      vertex 1.7135062439665296 -4.136770013394974 -12.299999999999999
    endloop
  endfacet
  facet normal 0 0 0
    outer loop
      vertex 2.13063371398239 -5.1438048087456405 -11.069999999999999
      vertex 3.0932007211310872 -4.6293020243258365 -11.069999999999999
      vertex 1.7135062439665296 -4.136770013394974 -12.299999999999999
    endloop
  endfacet
  facet normal 0 0 0
    outer loop
      vertex 3.936897759253671 -3.936897759253673 -11.069999999999999
      vertex 3.166146695261934 -3.1661466952619355 -12.299999999999999
      vertex 2.4876254959812854 -3.72299465263919 -12.299999999999999
    endloop
  endfacet
  facet normal 0 0 0
    outer loop
      vertex 3.0932007211310872 -4.6293020243258365 -11.069999999999999
      vertex 3.936897759253671 -3.936897759253673 -11.069999999999999
      vertex 2.4876254959812854 -3.72299465263919 -12.299999999999999
    endloop
  endfacet
  facet normal 0 0 0
    outer loop
      vertex 4.629302024325835 -3.0932007211310895 -11.069999999999999
      vertex 3.7229946526391893 -2.4876254959812867 -12.299999999999999
      vertex 3.166146695261934 -3.1661466952619355 -12.299999999999999
    endloop
  endfacet
  facet normal 0 0 0
    outer loop
      vertex 3.936897759253671 -3.936897759253673 -11.069999999999999
      vertex 4.629302024325835 -3.0932007211310895 -11.069999999999999
      vertex 3.166146695261934 -3.1661466952619355 -12.299999999999999
    endloop
  endfacet
  facet normal 0 0 0
    outer loop
      vertex 5.14380480874564 -2.1306337139823923 -11.069999999999999
      vertex 4.136770013394973 -1.7135062439665314 -12.299999999999999
      vertex 3.7229946526391893 -2.4876254959812867 -12.299999999999999
    endloop
  endfacet
  facet normal 0 0 0
    outer loop
      vertex 4.629302024325835 -3.0932007211310895 -11.069999999999999
      vertex 5.14380480874564 -2.1306337139823923 -11.069999999999999
      vertex 3.7229946526391893 -2.4876254959812867 -12.299999999999999
    endloop
  endfacet
  facet normal 0 0 0
    outer loop
      vertex 5.460634059044321 -1.0861876480785 -11.069999999999999
      vertex 4.391571622463342 -0.8735379079415112 -12.299999999999999
      vertex 4.136770013394973 -1.7135062439665314 -12.299999999999999
    endloop
  endfacet
  facet normal 0 0 0
    outer loop
      vertex 5.14380480874564 -2.1306337139823923 -11.069999999999999
      vertex 5.460634059044321 -1.0861876480785 -11.069999999999999
      vertex 4.136770013394973 -1.7135062439665314 -12.299999999999999
    endloop
  endfacet
  facet normal 0 0 0
    outer loop
      vertex 5.5676142048127915 0 -11.069999999999999
      vertex 4.477607596902183 0 -12.299999999999999
      vertex 4.391571622463342 -0.8735379079415112 -12.299999999999999
    endloop
  endfacet
  facet normal 0 0 0
    outer loop
      vertex 5.460634059044321 -1.0861876480785 -11.069999999999999
      vertex 5.5676142048127915 0 -11.069999999999999
      vertex 4.391571622463342 -0.8735379079415112 -12.299999999999999
    endloop
  endfacet
  facet normal 0 0 0
    outer loop
      vertex 6.473182850661321 1.2875961253064467 -9.840000000000002
      vertex 5.460634059044322 1.086187648078497 -11.069999999999999
      vertex 5.5676142048127915 0 -11.069999999999999
    endloop
  endfacet
  facet normal 0 0 0
    outer loop
      vertex 6.6000000000000005 0 -9.840000000000002
      vertex 6.473182850661321 1.2875961253064467 -9.840000000000002
      vertex 5.5676142048127915 0 -11.069999999999999
    endloop
  endfacet
  facet normal 0 0 0
    outer loop
      vertex 6.097604914574492 2.525710653609593 -9.840000000000002
      vertex 5.1438048087456405 2.1306337139823888 -11.069999999999999
      vertex 5.460634059044322 1.086187648078497 -11.069999999999999
    endloop
  endfacet
  facet normal 0 0 0
    outer loop
      vertex 6.473182850661321 1.2875961253064467 -9.840000000000002
      vertex 6.097604914574492 2.525710653609593 -9.840000000000002
      vertex 5.460634059044322 1.086187648078497 -11.069999999999999
    endloop
  endfacet
  facet normal 0 0 0
    outer loop
      vertex 5.487699441196798 3.666763537929375 -9.840000000000002
      vertex 4.629302024325835 3.0932007211310895 -11.069999999999999
      vertex 5.1438048087456405 2.1306337139823888 -11.069999999999999
    endloop
  endfacet
  facet normal 0 0 0
    outer loop
      vertex 6.097604914574492 2.525710653609593 -9.840000000000002
      vertex 5.487699441196798 3.666763537929375 -9.840000000000002
      vertex 5.1438048087456405 2.1306337139823888 -11.069999999999999
    endloop
  endfacet
  facet normal 0 0 0
    outer loop
      vertex 4.666904755831214 4.666904755831213 -9.840000000000002
      vertex 3.936897759253672 3.9368977592536716 -11.069999999999999
      vertex 4.629302024325835 3.0932007211310895 -11.069999999999999
    endloop
  endfacet
  facet normal 0 0 0
    outer loop
      vertex 5.487699441196798 3.666763537929375 -9.840000000000002
      vertex 4.666904755831214 4.666904755831213 -9.840000000000002
      vertex 4.629302024325835 3.0932007211310895 -11.069999999999999
    endloop
  endfacet
  facet normal 0 0 0
    outer loop
      vertex 3.6667635379293757 5.487699441196798 -9.840000000000002
      vertex 3.09320072113109 4.629302024325835 -11.069999999999999
      vertex 3.936897759253672 3.9368977592536716 -11.069999999999999
    endloop
  endfacet
  facet normal 0 0 0
    outer loop
      vertex 4.666904755831214 4.666904755831213 -9.840000000000002
      vertex 3.6667635379293757 5.487699441196798 -9.840000000000002
      vertex 3.936897759253672 3.9368977592536716 -11.069999999999999
    endloop
  endfacet
  facet normal 0 0 0
    outer loop
      vertex 2.5257106536095932 6.097604914574492 -9.840000000000002
      vertex 2.130633713982389 5.1438048087456405 -11.069999999999999
      vertex 3.09320072113109 4.629302024325835 -11.069999999999999
    endloop
  endfacet
  facet normal 0 0 0
    outer loop
      vertex 3.6667635379293757 5.487699441196798 -9.840000000000002
      vertex 2.5257106536095932 6.097604914574492 -9.840000000000002
      vertex 3.09320072113109 4.629302024325835 -11.069999999999999
    endloop
  endfacet
  facet normal 0 0 0
    outer loop
      vertex 1.2875961253064472 6.473182850661321 -9.840000000000002
      vertex 1.0861876480784978 5.460634059044322 -11.069999999999999
      vertex 2.130633713982389 5.1438048087456405 -11.069999999999999
    endloop
  endfacet
  facet normal 0 0 0
    outer loop
      vertex 2.5257106536095932 6.097604914574492 -9.840000000000002
      vertex 1.2875961253064472 6.473182850661321 -9.840000000000002
      vertex 2.130633713982389 5.1438048087456405 -11.069999999999999
    endloop
  endfacet
  facet normal 0 0 0
    outer loop
      vertex 4.0413344371862655e-16 6.6000000000000005 -9.840000000000002
      vertex 3.4091804574056603e-16 5.5676142048127915 -11.069999999999999
      vertex 1.0861876480784978 5.460634059044322 -11.069999999999999
    endloop
  endfacet
  facet normal 0 0 0
    outer loop
      vertex 1.2875961253064472 6.473182850661321 -9.840000000000002
      vertex 4.0413344371862655e-16 6.6000000000000005 -9.840000000000002
      vertex 1.0861876480784978 5.460634059044322 -11.069999999999999
    endloop
  endfacet
  facet normal 0 0 0
    outer loop
      vertex -1.287596125306446 6.473182850661321 -9.840000000000002
      vertex -1.0861876480784969 5.460634059044322 -11.069999999999999
      vertex 3.4091804574056603e-16 5.5676142048127915 -11.069999999999999
    endloop
  endfacet
  facet normal 0 0 0
    outer loop
      vertex 4.0413344371862655e-16 6.6000000000000005 -9.840000000000002
      vertex -1.287596125306446 6.473182850661321 -9.840000000000002
      vertex 3.4091804574056603e-16 5.5676142048127915 -11.069999999999999
    endloop
  endfacet
  facet normal 0 0 0
    outer loop
      vertex -2.525710653609593 6.097604914574492 -9.840000000000002
      vertex -2.1306337139823883 5.1438048087456405 -11.069999999999999
      vertex -1.0861876480784969 5.460634059044322 -11.069999999999999
    endloop
  endfacet
  facet normal 0 0 0
    outer loop
      vertex -1.287596125306446 6.473182850661321 -9.840000000000002
      vertex -2.525710653609593 6.097604914574492 -9.840000000000002
      vertex -1.0861876480784969 5.460634059044322 -11.069999999999999
    endloop
  endfacet
  facet normal 0 0 0
    outer loop
      vertex -3.666763537929373 5.4876994411968 -9.840000000000002
      vertex -3.0932007211310886 4.629302024325836 -11.069999999999999
      vertex -2.1306337139823883 5.1438048087456405 -11.069999999999999
    endloop
  endfacet
  facet normal 0 0 0
    outer loop
      vertex -2.525710653609593 6.097604914574492 -9.840000000000002
      vertex -3.666763537929373 5.4876994411968 -9.840000000000002
      vertex -2.1306337139823883 5.1438048087456405 -11.069999999999999
    endloop
  endfacet
  facet normal 0 0 0
    outer loop
      vertex -4.666904755831213 4.666904755831214 -9.840000000000002
      vertex -3.9368977592536716 3.936897759253672 -11.069999999999999
      vertex -3.0932007211310886 4.629302024325836 -11.069999999999999
    endloop
  endfacet
  facet normal 0 0 0
    outer loop
      vertex -3.666763537929373 5.4876994411968 -9.840000000000002
      vertex -4.666904755831213 4.666904755831214 -9.840000000000002
      vertex -3.0932007211310886 4.629302024325836 -11.069999999999999
    endloop
  endfacet
  facet normal 0 0 0
    outer loop
      vertex -5.4876994411968 3.666763537929375 -9.840000000000002
      vertex -4.629302024325836 3.0932007211310895 -11.069999999999999
      vertex -3.9368977592536716 3.936897759253672 -11.069999999999999
    endloop
  endfacet
  facet normal 0 0 0
    outer loop
      vertex -4.666904755831213 4.666904755831214 -9.840000000000002
      vertex -5.4876994411968 3.666763537929375 -9.840000000000002
      vertex -3.9368977592536716 3.936897759253672 -11.069999999999999
    endloop
  endfacet
  facet normal 0 0 0
    outer loop
      vertex -6.097604914574492 2.5257106536095937 -9.840000000000002
      vertex -5.1438048087456405 2.1306337139823897 -11.069999999999999
      vertex -4.629302024325836 3.0932007211310895 -11.069999999999999
    endloop
  endfacet
  facet normal 0 0 0
    outer loop
      vertex -5.4876994411968 3.666763537929375 -9.840000000000002
      vertex -6.097604914574492 2.5257106536095937 -9.840000000000002
      vertex -4.629302024325836 3.0932007211310895 -11.069999999999999
    endloop
  endfacet
  facet normal 0 0 0
    outer loop
      vertex -6.473182850661321 1.287596125306449 -9.840000000000002
      vertex -5.460634059044322 1.086187648078499 -11.069999999999999
      vertex -5.1438048087456405 2.1306337139823897 -11.069999999999999
    endloop
  endfacet
  facet normal 0 0 0
    outer loop
      vertex -6.097604914574492 2.5257106536095937 -9.840000000000002
      vertex -6.473182850661321 1.287596125306449 -9.840000000000002
      vertex -5.1438048087456405 2.1306337139823897 -11.069999999999999
    endloop
  endfacet
  facet normal 0 0 0
    outer loop
      vertex -6.6000000000000005 8.082668874372531e-16 -9.840000000000002
      vertex -5.5676142048127915 6.818360914811321e-16 -11.069999999999999
      vertex -5.460634059044322 1.086187648078499 -11.069999999999999
    endloop
  endfacet
  facet normal 0 0 0
    outer loop
      vertex -6.473182850661321 1.287596125306449 -9.840000000000002
      vertex -6.6000000000000005 8.082668874372531e-16 -9.840000000000002
      vertex -5.460634059044322 1.086187648078499 -11.069999999999999
    endloop
  endfacet
  facet normal 0 0 0
    outer loop
      vertex -6.473182850661321 -1.2875961253064472 -9.840000000000002
      vertex -5.460634059044322 -1.0861876480784978 -11.069999999999999
      vertex -5.5676142048127915 6.818360914811321e-16 -11.069999999999999
    endloop
  endfacet
  facet normal 0 0 0
    outer loop
      vertex -6.6000000000000005 8.082668874372531e-16 -9.840000000000002
      vertex -6.473182850661321 -1.2875961253064472 -9.840000000000002
      vertex -5.5676142048127915 6.818360914811321e-16 -11.069999999999999
    endloop
  endfacet
  facet normal 0 0 0
    outer loop
      vertex -6.097604914574493 -2.5257106536095915 -9.840000000000002
      vertex -5.143804808745641 -2.130633713982388 -11.069999999999999
      vertex -5.460634059044322 -1.0861876480784978 -11.069999999999999
    endloop
  endfacet
  facet normal 0 0 0
    outer loop
      vertex -6.473182850661321 -1.2875961253064472 -9.840000000000002
      vertex -6.097604914574493 -2.5257106536095915 -9.840000000000002
      vertex -5.460634059044322 -1.0861876480784978 -11.069999999999999
    endloop
  endfacet
  facet normal 0 0 0
    outer loop
      vertex -5.487699441196801 -3.666763537929373 -9.840000000000002
      vertex -4.6293020243258365 -3.0932007211310886 -11.069999999999999
      vertex -5.143804808745641 -2.130633713982388 -11.069999999999999
    endloop
  endfacet
  facet normal 0 0 0
    outer loop
      vertex -6.097604914574493 -2.5257106536095915 -9.840000000000002
      vertex -5.487699441196801 -3.666763537929373 -9.840000000000002
      vertex -5.143804808745641 -2.130633713982388 -11.069999999999999
    endloop
  endfacet
  facet normal 0 0 0
    outer loop
      vertex -4.666904755831214 -4.666904755831213 -9.840000000000002
      vertex -3.936897759253673 -3.9368977592536716 -11.069999999999999
      vertex -4.6293020243258365 -3.0932007211310886 -11.069999999999999
    endloop
  endfacet
  facet normal 0 0 0
    outer loop
      vertex -5.487699441196801 -3.666763537929373 -9.840000000000002
      vertex -4.666904755831214 -4.666904755831213 -9.840000000000002
      vertex -4.6293020243258365 -3.0932007211310886 -11.069999999999999
    endloop
  endfacet
  facet normal 0 0 0
    outer loop
      vertex -3.666763537929375 -5.487699441196798 -9.840000000000002
      vertex -3.0932007211310895 -4.629302024325835 -11.069999999999999
      vertex -3.936897759253673 -3.9368977592536716 -11.069999999999999
    endloop
  endfacet
  facet normal 0 0 0
    outer loop
      vertex -4.666904755831214 -4.666904755831213 -9.840000000000002
      vertex -3.666763537929375 -5.487699441196798 -9.840000000000002
      vertex -3.936897759253673 -3.9368977592536716 -11.069999999999999
    endloop
  endfacet
  facet normal 0 0 0
    outer loop
      vertex -2.5257106536095963 -6.097604914574491 -9.840000000000002
      vertex -2.130633713982392 -5.14380480874564 -11.069999999999999
      vertex -3.0932007211310895 -4.629302024325835 -11.069999999999999
    endloop
  endfacet
  facet normal 0 0 0
    outer loop
      vertex -3.666763537929375 -5.487699441196798 -9.840000000000002
      vertex -2.5257106536095963 -6.097604914574491 -9.840000000000002
      vertex -3.0932007211310895 -4.629302024325835 -11.069999999999999
    endloop
  endfacet
  facet normal 0 0 0
    outer loop
      vertex -1.2875961253064494 -6.4731828506613205 -9.840000000000002
      vertex -1.0861876480784995 -5.460634059044321 -11.069999999999999
      vertex -2.130633713982392 -5.14380480874564 -11.069999999999999
    endloop
  endfacet
  facet normal 0 0 0
    outer loop
      vertex -2.5257106536095963 -6.097604914574491 -9.840000000000002
      vertex -1.2875961253064494 -6.4731828506613205 -9.840000000000002
      vertex -2.130633713982392 -5.14380480874564 -11.069999999999999
    endloop
  endfacet
  facet normal 0 0 0
    outer loop
      vertex -1.2124003311558797e-15 -6.6000000000000005 -9.840000000000002
      vertex -1.0227541372216981e-15 -5.5676142048127915 -11.069999999999999
      vertex -1.0861876480784995 -5.460634059044321 -11.069999999999999
    endloop
  endfacet
  facet normal 0 0 0
    outer loop
      vertex -1.2875961253064494 -6.4731828506613205 -9.840000000000002
      vertex -1.2124003311558797e-15 -6.6000000000000005 -9.840000000000002
      vertex -1.0861876480784995 -5.460634059044321 -11.069999999999999
    endloop
  endfacet
  facet normal 0 0 0
    outer loop
      vertex 1.287596125306447 -6.473182850661321 -9.840000000000002
      vertex 1.0861876480784975 -5.460634059044322 -11.069999999999999
      vertex -1.0227541372216981e-15 -5.5676142048127915 -11.069999999999999
    endloop
  endfacet
  facet normal 0 0 0
    outer loop
      vertex -1.2124003311558797e-15 -6.6000000000000005 -9.840000000000002
      vertex 1.287596125306447 -6.473182850661321 -9.840000000000002
      vertex -1.0227541372216981e-15 -5.5676142048127915 -11.069999999999999
    endloop
  endfacet
  facet normal 0 0 0
    outer loop
      vertex 2.525710653609594 -6.097604914574492 -9.840000000000002
      vertex 2.13063371398239 -5.1438048087456405 -11.069999999999999
      vertex 1.0861876480784975 -5.460634059044322 -11.069999999999999
    endloop
  endfacet
  facet normal 0 0 0
    outer loop
      vertex 1.287596125306447 -6.473182850661321 -9.840000000000002
      vertex 2.525710653609594 -6.097604914574492 -9.840000000000002
      vertex 1.0861876480784975 -5.460634059044322 -11.069999999999999
    endloop
  endfacet
  facet normal 0 0 0
    outer loop
      vertex 3.6667635379293726 -5.487699441196801 -9.840000000000002
      vertex 3.0932007211310872 -4.6293020243258365 -11.069999999999999
      vertex 2.13063371398239 -5.1438048087456405 -11.069999999999999
    endloop
  endfacet
  facet normal 0 0 0
    outer loop
      vertex 2.525710653609594 -6.097604914574492 -9.840000000000002
      vertex 3.6667635379293726 -5.487699441196801 -9.840000000000002
      vertex 2.13063371398239 -5.1438048087456405 -11.069999999999999
    endloop
  endfacet
  facet normal 0 0 0
    outer loop
      vertex 4.6669047558312124 -4.666904755831214 -9.840000000000002
      vertex 3.936897759253671 -3.936897759253673 -11.069999999999999
      vertex 3.0932007211310872 -4.6293020243258365 -11.069999999999999
    endloop
  endfacet
  facet normal 0 0 0
    outer loop
      vertex 3.6667635379293726 -5.487699441196801 -9.840000000000002
      vertex 4.6669047558312124 -4.666904755831214 -9.840000000000002
      vertex 3.0932007211310872 -4.6293020243258365 -11.069999999999999
    endloop
  endfacet
  facet normal 0 0 0
    outer loop
      vertex 5.487699441196798 -3.666763537929375 -9.840000000000002
      vertex 4.629302024325835 -3.0932007211310895 -11.069999999999999
      vertex 3.936897759253671 -3.936897759253673 -11.069999999999999
    endloop
  endfacet
  facet normal 0 0 0
    outer loop
      vertex 4.6669047558312124 -4.666904755831214 -9.840000000000002
      vertex 5.487699441196798 -3.666763537929375 -9.840000000000002
      vertex 3.936897759253671 -3.936897759253673 -11.069999999999999
    endloop
  endfacet
  facet normal 0 0 0
    outer loop
      vertex 6.097604914574491 -2.5257106536095963 -9.840000000000002
      vertex 5.14380480874564 -2.1306337139823923 -11.069999999999999
      vertex 4.629302024325835 -3.0932007211310895 -11.069999999999999
    endloop
  endfacet
  facet normal 0 0 0
    outer loop
      vertex 5.487699441196798 -3.666763537929375 -9.840000000000002
      vertex 6.097604914574491 -2.5257106536095963 -9.840000000000002
      vertex 4.629302024325835 -3.0932007211310895 -11.069999999999999
    endloop
  endfacet
  facet normal 0 0 0
    outer loop
      vertex 6.4731828506613205 -1.2875961253064496 -9.840000000000002
      vertex 5.460634059044321 -1.0861876480785 -11.069999999999999
      vertex 5.14380480874564 -2.1306337139823923 -11.069999999999999
    endloop
  endfacet
  facet normal 0 0 0
    outer loop
      vertex 6.097604914574491 -2.5257106536095963 -9.840000000000002
      vertex 6.4731828506613205 -1.2875961253064496 -9.840000000000002
      vertex 5.14380480874564 -2.1306337139823923 -11.069999999999999
    endloop
  endfacet
  facet normal 0 0 0
    outer loop
      vertex 6.6000000000000005 0 -9.840000000000002
      vertex 5.5676142048127915 0 -11.069999999999999
      vertex 5.460634059044321 -1.0861876480785 -11.069999999999999
    endloop
  endfacet
  facet normal 0 0 0
    outer loop
      vertex 6.4731828506613205 -1.2875961253064496 -9.840000000000002
      vertex 6.6000000000000005 0 -9.840000000000002
      vertex 5.460634059044321 -1.0861876480785 -11.069999999999999
    endloop
  endfacet
  facet normal 0 0 0
    outer loop
      vertex 7.411893006758214 1.4743171847390077 -8.609999999999998
      vertex 6.473182850661321 1.2875961253064467 -9.840000000000002
      vertex 6.6000000000000005 0 -9.840000000000002
    endloop
  endfacet
  facet normal 0 0 0
    outer loop
      vertex 7.557100575276742 0 -8.609999999999998
      vertex 7.411893006758214 1.4743171847390077 -8.609999999999998
      vertex 6.6000000000000005 0 -9.840000000000002
    endloop
  endfacet
  facet normal 0 0 0
    outer loop
      vertex 6.981850546627453 2.8919771868750983 -8.609999999999998
      vertex 6.097604914574492 2.525710653609593 -9.840000000000002
      vertex 6.473182850661321 1.2875961253064467 -9.840000000000002
    endloop
  endfacet
  facet normal 0 0 0
    outer loop
      vertex 7.411893006758214 1.4743171847390077 -8.609999999999998
      vertex 6.981850546627453 2.8919771868750983 -8.609999999999998
      vertex 6.473182850661321 1.2875961253064467 -9.840000000000002
    endloop
  endfacet
  facet normal 0 0 0
    outer loop
      vertex 6.283499485456694 4.198500127559069 -8.609999999999998
      vertex 5.487699441196798 3.666763537929375 -9.840000000000002
      vertex 6.097604914574492 2.525710653609593 -9.840000000000002
    endloop
  endfacet
  facet normal 0 0 0
    outer loop
      vertex 6.981850546627453 2.8919771868750983 -8.609999999999998
      vertex 6.283499485456694 4.198500127559069 -8.609999999999998
      vertex 6.097604914574492 2.525710653609593 -9.840000000000002
    endloop
  endfacet
  facet normal 0 0 0
    outer loop
      vertex 5.343677062886944 5.343677062886943 -8.609999999999998
      vertex 4.666904755831214 4.666904755831213 -9.840000000000002
      vertex 5.487699441196798 3.666763537929375 -9.840000000000002
    endloop
  endfacet
  facet normal 0 0 0
    outer loop
      vertex 6.283499485456694 4.198500127559069 -8.609999999999998
      vertex 5.343677062886944 5.343677062886943 -8.609999999999998
      vertex 5.487699441196798 3.666763537929375 -9.840000000000002
    endloop
  endfacet
  facet normal 0 0 0
    outer loop
      vertex 4.19850012755907 6.283499485456694 -8.609999999999998
      vertex 3.6667635379293757 5.487699441196798 -9.840000000000002
      vertex 4.666904755831214 4.666904755831213 -9.840000000000002
    endloop
  endfacet
  facet normal 0 0 0
    outer loop
      vertex 5.343677062886944 5.343677062886943 -8.609999999999998
      vertex 4.19850012755907 6.283499485456694 -8.609999999999998
      vertex 4.666904755831214 4.666904755831213 -9.840000000000002
    endloop
  endfacet
  facet normal 0 0 0
    outer loop
      vertex 2.8919771868750987 6.981850546627453 -8.609999999999998
      vertex 2.5257106536095932 6.097604914574492 -9.840000000000002
      vertex 3.6667635379293757 5.487699441196798 -9.840000000000002
    endloop
  endfacet
  facet normal 0 0 0
    outer loop
      vertex 4.19850012755907 6.283499485456694 -8.609999999999998
      vertex 2.8919771868750987 6.981850546627453 -8.609999999999998
      vertex 3.6667635379293757 5.487699441196798 -9.840000000000002
    endloop
  endfacet
  facet normal 0 0 0
    outer loop
      vertex 1.4743171847390082 7.411893006758214 -8.609999999999998
      vertex 1.2875961253064472 6.473182850661321 -9.840000000000002
      vertex 2.5257106536095932 6.097604914574492 -9.840000000000002
    endloop
  endfacet
  facet normal 0 0 0
    outer loop
      vertex 2.8919771868750987 6.981850546627453 -8.609999999999998
      vertex 1.4743171847390082 7.411893006758214 -8.609999999999998
      vertex 2.5257106536095932 6.097604914574492 -9.840000000000002
    endloop
  endfacet
  facet normal 0 0 0
    outer loop
      vertex 4.627389515173642e-16 7.557100575276742 -8.609999999999998
      vertex 4.0413344371862655e-16 6.6000000000000005 -9.840000000000002
      vertex 1.2875961253064472 6.473182850661321 -9.840000000000002
    endloop
  endfacet
  facet normal 0 0 0
    outer loop
      vertex 1.4743171847390082 7.411893006758214 -8.609999999999998
      vertex 4.627389515173642e-16 7.557100575276742 -8.609999999999998
      vertex 1.2875961253064472 6.473182850661321 -9.840000000000002
    endloop
  endfacet
  facet normal 0 0 0
    outer loop
      vertex -1.4743171847390073 7.411893006758214 -8.609999999999998
      vertex -1.287596125306446 6.473182850661321 -9.840000000000002
      vertex 4.0413344371862655e-16 6.6000000000000005 -9.840000000000002
    endloop
  endfacet
  facet normal 0 0 0
    outer loop
      vertex 4.627389515173642e-16 7.557100575276742 -8.609999999999998
      vertex -1.4743171847390073 7.411893006758214 -8.609999999999998
      vertex 4.0413344371862655e-16 6.6000000000000005 -9.840000000000002
    endloop
  endfacet
  facet normal 0 0 0
    outer loop
      vertex -2.891977186875098 6.981850546627453 -8.609999999999998
      vertex -2.525710653609593 6.097604914574492 -9.840000000000002
      vertex -1.287596125306446 6.473182850661321 -9.840000000000002
    endloop
  endfacet
  facet normal 0 0 0
    outer loop
      vertex -1.4743171847390073 7.411893006758214 -8.609999999999998
      vertex -2.891977186875098 6.981850546627453 -8.609999999999998
      vertex -1.287596125306446 6.473182850661321 -9.840000000000002
    endloop
  endfacet
  facet normal 0 0 0
    outer loop
      vertex -4.198500127559068 6.283499485456695 -8.609999999999998
      vertex -3.666763537929373 5.4876994411968 -9.840000000000002
      vertex -2.525710653609593 6.097604914574492 -9.840000000000002
    endloop
  endfacet
  facet normal 0 0 0
    outer loop
      vertex -2.891977186875098 6.981850546627453 -8.609999999999998
      vertex -4.198500127559068 6.283499485456695 -8.609999999999998
      vertex -2.525710653609593 6.097604914574492 -9.840000000000002
    endloop
  endfacet
  facet normal 0 0 0
    outer loop
      vertex -5.343677062886943 5.343677062886944 -8.609999999999998
      vertex -4.666904755831213 4.666904755831214 -9.840000000000002
      vertex -3.666763537929373 5.4876994411968 -9.840000000000002
    endloop
  endfacet
  facet normal 0 0 0
    outer loop
      vertex -4.198500127559068 6.283499485456695 -8.609999999999998
      vertex -5.343677062886943 5.343677062886944 -8.609999999999998
      vertex -3.666763537929373 5.4876994411968 -9.840000000000002
    endloop
  endfacet
  facet normal 0 0 0
    outer loop
      vertex -6.283499485456695 4.198500127559069 -8.609999999999998
      vertex -5.4876994411968 3.666763537929375 -9.840000000000002
      vertex -4.666904755831213 4.666904755831214 -9.840000000000002
    endloop
  endfacet
  facet normal 0 0 0
    outer loop
      vertex -5.343677062886943 5.343677062886944 -8.609999999999998
      vertex -6.283499485456695 4.198500127559069 -8.609999999999998
      vertex -4.666904755831213 4.666904755831214 -9.840000000000002
    endloop
  endfacet
  facet normal 0 0 0
    outer loop
      vertex -6.981850546627453 2.8919771868750987 -8.609999999999998
      vertex -6.097604914574492 2.5257106536095937 -9.840000000000002
      vertex -5.4876994411968 3.666763537929375 -9.840000000000002
    endloop
  endfacet
  facet normal 0 0 0
    outer loop
      vertex -6.283499485456695 4.198500127559069 -8.609999999999998
      vertex -6.981850546627453 2.8919771868750987 -8.609999999999998
      vertex -5.4876994411968 3.666763537929375 -9.840000000000002
    endloop
  endfacet
  facet normal 0 0 0
    outer loop
      vertex -7.411893006758214 1.4743171847390104 -8.609999999999998
      vertex -6.473182850661321 1.287596125306449 -9.840000000000002
      vertex -6.097604914574492 2.5257106536095937 -9.840000000000002
    endloop
  endfacet
  facet normal 0 0 0
    outer loop
      vertex -6.981850546627453 2.8919771868750987 -8.609999999999998
      vertex -7.411893006758214 1.4743171847390104 -8.609999999999998
      vertex -6.097604914574492 2.5257106536095937 -9.840000000000002
    endloop
  endfacet
  facet normal 0 0 0
    outer loop
      vertex -7.557100575276742 9.254779030347284e-16 -8.609999999999998
      vertex -6.6000000000000005 8.082668874372531e-16 -9.840000000000002
      vertex -6.473182850661321 1.287596125306449 -9.840000000000002
    endloop
  endfacet
  facet normal 0 0 0
    outer loop
      vertex -7.411893006758214 1.4743171847390104 -8.609999999999998
      vertex -7.557100575276742 9.254779030347284e-16 -8.609999999999998
      vertex -6.473182850661321 1.287596125306449 -9.840000000000002
    endloop
  endfacet
  facet normal 0 0 0
    outer loop
      vertex -7.411893006758214 -1.4743171847390086 -8.609999999999998
      vertex -6.473182850661321 -1.2875961253064472 -9.840000000000002
      vertex -6.6000000000000005 8.082668874372531e-16 -9.840000000000002
    endloop
  endfacet
  facet normal 0 0 0
    outer loop
      vertex -7.557100575276742 9.254779030347284e-16 -8.609999999999998
      vertex -7.411893006758214 -1.4743171847390086 -8.609999999999998
      vertex -6.6000000000000005 8.082668874372531e-16 -9.840000000000002
    endloop
  endfacet
  facet normal 0 0 0
    outer loop
      vertex -6.981850546627454 -2.891977186875097 -8.609999999999998
      vertex -6.097604914574493 -2.5257106536095915 -9.840000000000002
      vertex -6.473182850661321 -1.2875961253064472 -9.840000000000002
    endloop
  endfacet
  facet normal 0 0 0
    outer loop
      vertex -7.411893006758214 -1.4743171847390086 -8.609999999999998
      vertex -6.981850546627454 -2.891977186875097 -8.609999999999998
      vertex -6.473182850661321 -1.2875961253064472 -9.840000000000002
    endloop
  endfacet
  facet normal 0 0 0
    outer loop
      vertex -6.283499485456696 -4.198500127559068 -8.609999999999998
      vertex -5.487699441196801 -3.666763537929373 -9.840000000000002
      vertex -6.097604914574493 -2.5257106536095915 -9.840000000000002
    endloop
  endfacet
  facet normal 0 0 0
    outer loop
      vertex -6.981850546627454 -2.891977186875097 -8.609999999999998
      vertex -6.283499485456696 -4.198500127559068 -8.609999999999998
      vertex -6.097604914574493 -2.5257106536095915 -9.840000000000002
    endloop
  endfacet
  facet normal 0 0 0
    outer loop
      vertex -5.343677062886945 -5.343677062886943 -8.609999999999998
      vertex -4.666904755831214 -4.666904755831213 -9.840000000000002
      vertex -5.487699441196801 -3.666763537929373 -9.840000000000002
    endloop
  endfacet
  facet normal 0 0 0
    outer loop
      vertex -6.283499485456696 -4.198500127559068 -8.609999999999998
      vertex -5.343677062886945 -5.343677062886943 -8.609999999999998
      vertex -5.487699441196801 -3.666763537929373 -9.840000000000002
    endloop
  endfacet
  facet normal 0 0 0
    outer loop
      vertex -4.198500127559069 -6.283499485456694 -8.609999999999998
      vertex -3.666763537929375 -5.487699441196798 -9.840000000000002
      vertex -4.666904755831214 -4.666904755831213 -9.840000000000002
    endloop
  endfacet
  facet normal 0 0 0
    outer loop
      vertex -5.343677062886945 -5.343677062886943 -8.609999999999998
      vertex -4.198500127559069 -6.283499485456694 -8.609999999999998
      vertex -4.666904755831214 -4.666904755831213 -9.840000000000002
    endloop
  endfacet
  facet normal 0 0 0
    outer loop
      vertex -2.8919771868751023 -6.981850546627451 -8.609999999999998
      vertex -2.5257106536095963 -6.097604914574491 -9.840000000000002
      vertex -3.666763537929375 -5.487699441196798 -9.840000000000002
    endloop
  endfacet
  facet normal 0 0 0
    outer loop
      vertex -4.198500127559069 -6.283499485456694 -8.609999999999998
      vertex -2.8919771868751023 -6.981850546627451 -8.609999999999998
      vertex -3.666763537929375 -5.487699441196798 -9.840000000000002
    endloop
  endfacet
  facet normal 0 0 0
    outer loop
      vertex -1.4743171847390106 -7.411893006758213 -8.609999999999998
      vertex -1.2875961253064494 -6.4731828506613205 -9.840000000000002
      vertex -2.5257106536095963 -6.097604914574491 -9.840000000000002
    endloop
  endfacet
  facet normal 0 0 0
    outer loop
      vertex -2.8919771868751023 -6.981850546627451 -8.609999999999998
      vertex -1.4743171847390106 -7.411893006758213 -8.609999999999998
      vertex -2.5257106536095963 -6.097604914574491 -9.840000000000002
    endloop
  endfacet
  facet normal 0 0 0
    outer loop
      vertex -1.3882168545520925e-15 -7.557100575276742 -8.609999999999998
      vertex -1.2124003311558797e-15 -6.6000000000000005 -9.840000000000002
      vertex -1.2875961253064494 -6.4731828506613205 -9.840000000000002
    endloop
  endfacet
  facet normal 0 0 0
    outer loop
      vertex -1.4743171847390106 -7.411893006758213 -8.609999999999998
      vertex -1.3882168545520925e-15 -7.557100575276742 -8.609999999999998
      vertex -1.2875961253064494 -6.4731828506613205 -9.840000000000002
    endloop
  endfacet
  facet normal 0 0 0
    outer loop
      vertex 1.474317184739008 -7.411893006758214 -8.609999999999998
      vertex 1.287596125306447 -6.473182850661321 -9.840000000000002
      vertex -1.2124003311558797e-15 -6.6000000000000005 -9.840000000000002
    endloop
  endfacet
  facet normal 0 0 0
    outer loop
      vertex -1.3882168545520925e-15 -7.557100575276742 -8.609999999999998
      vertex 1.474317184739008 -7.411893006758214 -8.609999999999998
      vertex -1.2124003311558797e-15 -6.6000000000000005 -9.840000000000002
    endloop
  endfacet
  facet normal 0 0 0
    outer loop
      vertex 2.8919771868751 -6.981850546627452 -8.609999999999998
      vertex 2.525710653609594 -6.097604914574492 -9.840000000000002
      vertex 1.287596125306447 -6.473182850661321 -9.840000000000002
    endloop
  endfacet
  facet normal 0 0 0
    outer loop
      vertex 1.474317184739008 -7.411893006758214 -8.609999999999998
      vertex 2.8919771868751 -6.981850546627452 -8.609999999999998
      vertex 1.287596125306447 -6.473182850661321 -9.840000000000002
    endloop
  endfacet
  facet normal 0 0 0
    outer loop
      vertex 4.198500127559067 -6.283499485456696 -8.609999999999998
      vertex 3.6667635379293726 -5.487699441196801 -9.840000000000002
      vertex 2.525710653609594 -6.097604914574492 -9.840000000000002
    endloop
  endfacet
  facet normal 0 0 0
    outer loop
      vertex 2.8919771868751 -6.981850546627452 -8.609999999999998
      vertex 4.198500127559067 -6.283499485456696 -8.609999999999998
      vertex 2.525710653609594 -6.097604914574492 -9.840000000000002
    endloop
  endfacet
  facet normal 0 0 0
    outer loop
      vertex 5.343677062886942 -5.343677062886945 -8.609999999999998
      vertex 4.6669047558312124 -4.666904755831214 -9.840000000000002
      vertex 3.6667635379293726 -5.487699441196801 -9.840000000000002
    endloop
  endfacet
  facet normal 0 0 0
    outer loop
      vertex 4.198500127559067 -6.283499485456696 -8.609999999999998
      vertex 5.343677062886942 -5.343677062886945 -8.609999999999998
      vertex 3.6667635379293726 -5.487699441196801 -9.840000000000002
    endloop
  endfacet
  facet normal 0 0 0
    outer loop
      vertex 6.283499485456694 -4.198500127559069 -8.609999999999998
      vertex 5.487699441196798 -3.666763537929375 -9.840000000000002
      vertex 4.6669047558312124 -4.666904755831214 -9.840000000000002
    endloop
  endfacet
  facet normal 0 0 0
    outer loop
      vertex 5.343677062886942 -5.343677062886945 -8.609999999999998
      vertex 6.283499485456694 -4.198500127559069 -8.609999999999998
      vertex 4.6669047558312124 -4.666904755831214 -9.840000000000002
    endloop
  endfacet
  facet normal 0 0 0
    outer loop
      vertex 6.981850546627451 -2.8919771868751027 -8.609999999999998
      vertex 6.097604914574491 -2.5257106536095963 -9.840000000000002
      vertex 5.487699441196798 -3.666763537929375 -9.840000000000002
    endloop
  endfacet
  facet normal 0 0 0
    outer loop
      vertex 6.283499485456694 -4.198500127559069 -8.609999999999998
      vertex 6.981850546627451 -2.8919771868751027 -8.609999999999998
      vertex 5.487699441196798 -3.666763537929375 -9.840000000000002
    endloop
  endfacet
  facet normal 0 0 0
    outer loop
      vertex 7.411893006758213 -1.4743171847390113 -8.609999999999998
      vertex 6.4731828506613205 -1.2875961253064496 -9.840000000000002
      vertex 6.097604914574491 -2.5257106536095963 -9.840000000000002
    endloop
  endfacet
  facet normal 0 0 0
    outer loop
      vertex 6.981850546627451 -2.8919771868751027 -8.609999999999998
      vertex 7.411893006758213 -1.4743171847390113 -8.609999999999998
      vertex 6.097604914574491 -2.5257106536095963 -9.840000000000002
    endloop
  endfacet
  facet normal 0 0 0
    outer loop
      vertex 7.557100575276742 0 -8.609999999999998
      vertex 6.6000000000000005 0 -9.840000000000002
      vertex 6.4731828506613205 -1.2875961253064496 -9.840000000000002
    endloop
  endfacet
  facet normal 0 0 0
    outer loop
      vertex 7.411893006758213 -1.4743171847390113 -8.609999999999998
      vertex 7.557100575276742 0 -8.609999999999998
      vertex 6.4731828506613205 -1.2875961253064496 -9.840000000000002
    endloop
  endfacet
  facet normal 0 0 0
    outer loop
      vertex 8.260702936304556 1.6431559772804314 -7.38
      vertex 7.411893006758214 1.4743171847390077 -8.609999999999998
      vertex 7.557100575276742 0 -8.609999999999998
    endloop
  endfacet
  facet normal 0 0 0
    outer loop
      vertex 8.422539674441618 0 -7.38
      vertex 8.260702936304556 1.6431559772804314 -7.38
      vertex 7.557100575276742 0 -8.609999999999998
    endloop
  endfacet
  facet normal 0 0 0
    outer loop
      vertex 7.781412016980888 3.223166391846464 -7.38
      vertex 6.981850546627453 2.8919771868750983 -8.609999999999998
      vertex 7.411893006758214 1.4743171847390077 -8.609999999999998
    endloop
  endfacet
  facet normal 0 0 0
    outer loop
      vertex 8.260702936304556 1.6431559772804314 -7.38
      vertex 7.781412016980888 3.223166391846464 -7.38
      vertex 7.411893006758214 1.4743171847390077 -8.609999999999998
    endloop
  endfacet
  facet normal 0 0 0
    outer loop
      vertex 7.003085797710778 4.679312329546374 -7.38
      vertex 6.283499485456694 4.198500127559069 -8.609999999999998
      vertex 6.981850546627453 2.8919771868750983 -8.609999999999998
    endloop
  endfacet
  facet normal 0 0 0
    outer loop
      vertex 7.781412016980888 3.223166391846464 -7.38
      vertex 7.003085797710778 4.679312329546374 -7.38
      vertex 6.981850546627453 2.8919771868750983 -8.609999999999998
    endloop
  endfacet
  facet normal 0 0 0
    outer loop
      vertex 5.9556349186104045 5.955634918610404 -7.38
      vertex 5.343677062886944 5.343677062886943 -8.609999999999998
      vertex 6.283499485456694 4.198500127559069 -8.609999999999998
    endloop
  endfacet
  facet normal 0 0 0
    outer loop
      vertex 7.003085797710778 4.679312329546374 -7.38
      vertex 5.9556349186104045 5.955634918610404 -7.38
      vertex 6.283499485456694 4.198500127559069 -8.609999999999998
    endloop
  endfacet
  facet normal 0 0 0
    outer loop
      vertex 4.679312329546375 7.003085797710778 -7.38
      vertex 4.19850012755907 6.283499485456694 -8.609999999999998
      vertex 5.343677062886944 5.343677062886943 -8.609999999999998
    endloop
  endfacet
  facet normal 0 0 0
    outer loop
      vertex 5.9556349186104045 5.955634918610404 -7.38
      vertex 4.679312329546375 7.003085797710778 -7.38
      vertex 5.343677062886944 5.343677062886943 -8.609999999999998
    endloop
  endfacet
  facet normal 0 0 0
    outer loop
      vertex 3.2231663918464646 7.781412016980888 -7.38
      vertex 2.8919771868750987 6.981850546627453 -8.609999999999998
      vertex 4.19850012755907 6.283499485456694 -8.609999999999998
    endloop
  endfacet
  facet normal 0 0 0
    outer loop
      vertex 4.679312329546375 7.003085797710778 -7.38
      vertex 3.2231663918464646 7.781412016980888 -7.38
      vertex 4.19850012755907 6.283499485456694 -8.609999999999998
    endloop
  endfacet
  facet normal 0 0 0
    outer loop
      vertex 1.643155977280432 8.260702936304556 -7.38
      vertex 1.4743171847390082 7.411893006758214 -8.609999999999998
      vertex 2.8919771868750987 6.981850546627453 -8.609999999999998
    endloop
  endfacet
  facet normal 0 0 0
    outer loop
      vertex 3.2231663918464646 7.781412016980888 -7.38
      vertex 1.643155977280432 8.260702936304556 -7.38
      vertex 2.8919771868750987 6.981850546627453 -8.609999999999998
    endloop
  endfacet
  facet normal 0 0 0
    outer loop
      vertex 5.157318126498259e-16 8.422539674441618 -7.38
      vertex 4.627389515173642e-16 7.557100575276742 -8.609999999999998
      vertex 1.4743171847390082 7.411893006758214 -8.609999999999998
    endloop
  endfacet
  facet normal 0 0 0
    outer loop
      vertex 1.643155977280432 8.260702936304556 -7.38
      vertex 5.157318126498259e-16 8.422539674441618 -7.38
      vertex 1.4743171847390082 7.411893006758214 -8.609999999999998
    endloop
  endfacet
  facet normal 0 0 0
    outer loop
      vertex -1.643155977280431 8.260702936304556 -7.38
      vertex -1.4743171847390073 7.411893006758214 -8.609999999999998
      vertex 4.627389515173642e-16 7.557100575276742 -8.609999999999998
    endloop
  endfacet
  facet normal 0 0 0
    outer loop
      vertex 5.157318126498259e-16 8.422539674441618 -7.38
      vertex -1.643155977280431 8.260702936304556 -7.38
      vertex 4.627389515173642e-16 7.557100575276742 -8.609999999999998
    endloop
  endfacet
  facet normal 0 0 0
    outer loop
      vertex -3.2231663918464637 7.781412016980888 -7.38
      vertex -2.891977186875098 6.981850546627453 -8.609999999999998
      vertex -1.4743171847390073 7.411893006758214 -8.609999999999998
    endloop
  endfacet
  facet normal 0 0 0
    outer loop
      vertex -1.643155977280431 8.260702936304556 -7.38
      vertex -3.2231663918464637 7.781412016980888 -7.38
      vertex -1.4743171847390073 7.411893006758214 -8.609999999999998
    endloop
  endfacet
  facet normal 0 0 0
    outer loop
      vertex -4.679312329546372 7.00308579771078 -7.38
      vertex -4.198500127559068 6.283499485456695 -8.609999999999998
      vertex -2.891977186875098 6.981850546627453 -8.609999999999998
    endloop
  endfacet
  facet normal 0 0 0
    outer loop
      vertex -3.2231663918464637 7.781412016980888 -7.38
      vertex -4.679312329546372 7.00308579771078 -7.38
      vertex -2.891977186875098 6.981850546627453 -8.609999999999998
    endloop
  endfacet
  facet normal 0 0 0
    outer loop
      vertex -5.955634918610404 5.9556349186104045 -7.38
      vertex -5.343677062886943 5.343677062886944 -8.609999999999998
      vertex -4.198500127559068 6.283499485456695 -8.609999999999998
    endloop
  endfacet
  facet normal 0 0 0
    outer loop
      vertex -4.679312329546372 7.00308579771078 -7.38
      vertex -5.955634918610404 5.9556349186104045 -7.38
      vertex -4.198500127559068 6.283499485456695 -8.609999999999998
    endloop
  endfacet
  facet normal 0 0 0
    outer loop
      vertex -7.00308579771078 4.679312329546374 -7.38
      vertex -6.283499485456695 4.198500127559069 -8.609999999999998
      vertex -5.343677062886943 5.343677062886944 -8.609999999999998
    endloop
  endfacet
  facet normal 0 0 0
    outer loop
      vertex -5.955634918610404 5.9556349186104045 -7.38
      vertex -7.00308579771078 4.679312329546374 -7.38
      vertex -5.343677062886943 5.343677062886944 -8.609999999999998
    endloop
  endfacet
  facet normal 0 0 0
    outer loop
      vertex -7.781412016980888 3.223166391846465 -7.38
      vertex -6.981850546627453 2.8919771868750987 -8.609999999999998
      vertex -6.283499485456695 4.198500127559069 -8.609999999999998
    endloop
  endfacet
  facet normal 0 0 0
    outer loop
      vertex -7.00308579771078 4.679312329546374 -7.38
      vertex -7.781412016980888 3.223166391846465 -7.38
      vertex -6.283499485456695 4.198500127559069 -8.609999999999998
    endloop
  endfacet
  facet normal 0 0 0
    outer loop
      vertex -8.260702936304556 1.6431559772804343 -7.38
      vertex -7.411893006758214 1.4743171847390104 -8.609999999999998
      vertex -6.981850546627453 2.8919771868750987 -8.609999999999998
    endloop
  endfacet
  facet normal 0 0 0
    outer loop
      vertex -7.781412016980888 3.223166391846465 -7.38
      vertex -8.260702936304556 1.6431559772804343 -7.38
      vertex -6.981850546627453 2.8919771868750987 -8.609999999999998
    endloop
  endfacet
  facet normal 0 0 0
    outer loop
      vertex -8.422539674441618 1.0314636252996517e-15 -7.38
      vertex -7.557100575276742 9.254779030347284e-16 -8.609999999999998
      vertex -7.411893006758214 1.4743171847390104 -8.609999999999998
    endloop
  endfacet
  facet normal 0 0 0
    outer loop
      vertex -8.260702936304556 1.6431559772804343 -7.38
      vertex -8.422539674441618 1.0314636252996517e-15 -7.38
      vertex -7.411893006758214 1.4743171847390104 -8.609999999999998
    endloop
  endfacet
  facet normal 0 0 0
    outer loop
      vertex -8.260702936304556 -1.6431559772804323 -7.38
      vertex -7.411893006758214 -1.4743171847390086 -8.609999999999998
      vertex -7.557100575276742 9.254779030347284e-16 -8.609999999999998
    endloop
  endfacet
  facet normal 0 0 0
    outer loop
      vertex -8.422539674441618 1.0314636252996517e-15 -7.38
      vertex -8.260702936304556 -1.6431559772804323 -7.38
      vertex -7.557100575276742 9.254779030347284e-16 -8.609999999999998
    endloop
  endfacet
  facet normal 0 0 0
    outer loop
      vertex -7.781412016980889 -3.223166391846463 -7.38
      vertex -6.981850546627454 -2.891977186875097 -8.609999999999998
      vertex -7.411893006758214 -1.4743171847390086 -8.609999999999998
    endloop
  endfacet
  facet normal 0 0 0
    outer loop
      vertex -8.260702936304556 -1.6431559772804323 -7.38
      vertex -7.781412016980889 -3.223166391846463 -7.38
      vertex -7.411893006758214 -1.4743171847390086 -8.609999999999998
    endloop
  endfacet
  facet normal 0 0 0
    outer loop
      vertex -7.0030857977107805 -4.679312329546372 -7.38
      vertex -6.283499485456696 -4.198500127559068 -8.609999999999998
      vertex -6.981850546627454 -2.891977186875097 -8.609999999999998
    endloop
  endfacet
  facet normal 0 0 0
    outer loop
      vertex -7.781412016980889 -3.223166391846463 -7.38
      vertex -7.0030857977107805 -4.679312329546372 -7.38
      vertex -6.981850546627454 -2.891977186875097 -8.609999999999998
    endloop
  endfacet
  facet normal 0 0 0
    outer loop
      vertex -5.955634918610406 -5.955634918610404 -7.38
      vertex -5.343677062886945 -5.343677062886943 -8.609999999999998
      vertex -6.283499485456696 -4.198500127559068 -8.609999999999998
    endloop
  endfacet
  facet normal 0 0 0
    outer loop
      vertex -7.0030857977107805 -4.679312329546372 -7.38
      vertex -5.955634918610406 -5.955634918610404 -7.38
      vertex -6.283499485456696 -4.198500127559068 -8.609999999999998
    endloop
  endfacet
  facet normal 0 0 0
    outer loop
      vertex -4.679312329546374 -7.003085797710778 -7.38
      vertex -4.198500127559069 -6.283499485456694 -8.609999999999998
      vertex -5.343677062886945 -5.343677062886943 -8.609999999999998
    endloop
  endfacet
  facet normal 0 0 0
    outer loop
      vertex -5.955634918610406 -5.955634918610404 -7.38
      vertex -4.679312329546374 -7.003085797710778 -7.38
      vertex -5.343677062886945 -5.343677062886943 -8.609999999999998
    endloop
  endfacet
  facet normal 0 0 0
    outer loop
      vertex -3.223166391846469 -7.781412016980886 -7.38
      vertex -2.8919771868751023 -6.981850546627451 -8.609999999999998
      vertex -4.198500127559069 -6.283499485456694 -8.609999999999998
    endloop
  endfacet
  facet normal 0 0 0
    outer loop
      vertex -4.679312329546374 -7.003085797710778 -7.38
      vertex -3.223166391846469 -7.781412016980886 -7.38
      vertex -4.198500127559069 -6.283499485456694 -8.609999999999998
    endloop
  endfacet
  facet normal 0 0 0
    outer loop
      vertex -1.6431559772804347 -8.260702936304554 -7.38
      vertex -1.4743171847390106 -7.411893006758213 -8.609999999999998
      vertex -2.8919771868751023 -6.981850546627451 -8.609999999999998
    endloop
  endfacet
  facet normal 0 0 0
    outer loop
      vertex -3.223166391846469 -7.781412016980886 -7.38
      vertex -1.6431559772804347 -8.260702936304554 -7.38
      vertex -2.8919771868751023 -6.981850546627451 -8.609999999999998
    endloop
  endfacet
  facet normal 0 0 0
    outer loop
      vertex -1.5471954379494776e-15 -8.422539674441618 -7.38
      vertex -1.3882168545520925e-15 -7.557100575276742 -8.609999999999998
      vertex -1.4743171847390106 -7.411893006758213 -8.609999999999998
    endloop
  endfacet
  facet normal 0 0 0
    outer loop
      vertex -1.6431559772804347 -8.260702936304554 -7.38
      vertex -1.5471954379494776e-15 -8.422539674441618 -7.38
      vertex -1.4743171847390106 -7.411893006758213 -8.609999999999998
    endloop
  endfacet
  facet normal 0 0 0
    outer loop
      vertex 1.6431559772804318 -8.260702936304556 -7.38
      vertex 1.474317184739008 -7.411893006758214 -8.609999999999998
      vertex -1.3882168545520925e-15 -7.557100575276742 -8.609999999999998
    endloop
  endfacet
  facet normal 0 0 0
    outer loop
      vertex -1.5471954379494776e-15 -8.422539674441618 -7.38
      vertex 1.6431559772804318 -8.260702936304556 -7.38
      vertex -1.3882168545520925e-15 -7.557100575276742 -8.609999999999998
    endloop
  endfacet
  facet normal 0 0 0
    outer loop
      vertex 3.2231663918464664 -7.781412016980887 -7.38
      vertex 2.8919771868751 -6.981850546627452 -8.609999999999998
      vertex 1.474317184739008 -7.411893006758214 -8.609999999999998
    endloop
  endfacet
  facet normal 0 0 0
    outer loop
      vertex 1.6431559772804318 -8.260702936304556 -7.38
      vertex 3.2231663918464664 -7.781412016980887 -7.38
      vertex 1.474317184739008 -7.411893006758214 -8.609999999999998
    endloop
  endfacet
  facet normal 0 0 0
    outer loop
      vertex 4.679312329546371 -7.0030857977107805 -7.38
      vertex 4.198500127559067 -6.283499485456696 -8.609999999999998
      vertex 2.8919771868751 -6.981850546627452 -8.609999999999998
    endloop
  endfacet
  facet normal 0 0 0
    outer loop
      vertex 3.2231663918464664 -7.781412016980887 -7.38
      vertex 4.679312329546371 -7.0030857977107805 -7.38
      vertex 2.8919771868751 -6.981850546627452 -8.609999999999998
    endloop
  endfacet
  facet normal 0 0 0
    outer loop
      vertex 5.955634918610403 -5.955634918610406 -7.38
      vertex 5.343677062886942 -5.343677062886945 -8.609999999999998
      vertex 4.198500127559067 -6.283499485456696 -8.609999999999998
    endloop
  endfacet
  facet normal 0 0 0
    outer loop
      vertex 4.679312329546371 -7.0030857977107805 -7.38
      vertex 5.955634918610403 -5.955634918610406 -7.38
      vertex 4.198500127559067 -6.283499485456696 -8.609999999999998
    endloop
  endfacet
  facet normal 0 0 0
    outer loop
      vertex 7.003085797710778 -4.679312329546374 -7.38
      vertex 6.283499485456694 -4.198500127559069 -8.609999999999998
      vertex 5.343677062886942 -5.343677062886945 -8.609999999999998
    endloop
  endfacet
  facet normal 0 0 0
    outer loop
      vertex 5.955634918610403 -5.955634918610406 -7.38
      vertex 7.003085797710778 -4.679312329546374 -7.38
      vertex 5.343677062886942 -5.343677062886945 -8.609999999999998
    endloop
  endfacet
  facet normal 0 0 0
    outer loop
      vertex 7.781412016980886 -3.2231663918464695 -7.38
      vertex 6.981850546627451 -2.8919771868751027 -8.609999999999998
      vertex 6.283499485456694 -4.198500127559069 -8.609999999999998
    endloop
  endfacet
  facet normal 0 0 0
    outer loop
      vertex 7.003085797710778 -4.679312329546374 -7.38
      vertex 7.781412016980886 -3.2231663918464695 -7.38
      vertex 6.283499485456694 -4.198500127559069 -8.609999999999998
    endloop
  endfacet
  facet normal 0 0 0
    outer loop
      vertex 8.260702936304554 -1.6431559772804352 -7.38
      vertex 7.411893006758213 -1.4743171847390113 -8.609999999999998
      vertex 6.981850546627451 -2.8919771868751027 -8.609999999999998
    endloop
  endfacet
  facet normal 0 0 0
    outer loop
      vertex 7.781412016980886 -3.2231663918464695 -7.38
      vertex 8.260702936304554 -1.6431559772804352 -7.38
      vertex 6.981850546627451 -2.8919771868751027 -8.609999999999998
    endloop
  endfacet
  facet normal 0 0 0
    outer loop
      vertex 8.422539674441618 0 -7.38
      vertex 7.557100575276742 0 -8.609999999999998
      vertex 7.411893006758213 -1.4743171847390113 -8.609999999999998
    endloop
  endfacet
  facet normal 0 0 0
    outer loop
      vertex 8.260702936304554 -1.6431559772804352 -7.38
      vertex 8.422539674441618 0 -7.38
      vertex 7.411893006758213 -1.4743171847390113 -8.609999999999998
    endloop
  endfacet
  facet normal 0 0 0
    outer loop
      vertex 9.00508926607124 1.791223624379377 -6.149999999999999
      vertex 8.260702936304556 1.6431559772804314 -7.38
      vertex 8.422539674441618 0 -7.38
    endloop
  endfacet
  facet normal 0 0 0
    outer loop
      vertex 9.18150939456287 0 -6.149999999999999
      vertex 9.00508926607124 1.791223624379377 -6.149999999999999
      vertex 8.422539674441618 0 -7.38
    endloop
  endfacet
  facet normal 0 0 0
    outer loop
      vertex 8.482608607196733 3.5136115294036365 -6.149999999999999
      vertex 7.781412016980888 3.223166391846464 -7.38
      vertex 8.260702936304556 1.6431559772804314 -7.38
    endloop
  endfacet
  facet normal 0 0 0
    outer loop
      vertex 9.00508926607124 1.791223624379377 -6.149999999999999
      vertex 8.482608607196733 3.5136115294036365 -6.149999999999999
      vertex 8.260702936304556 1.6431559772804314 -7.38
    endloop
  endfacet
  facet normal 0 0 0
    outer loop
      vertex 7.634146056649366 5.10097331380896 -6.149999999999999
      vertex 7.003085797710778 4.679312329546374 -7.38
      vertex 7.781412016980888 3.223166391846464 -7.38
    endloop
  endfacet
  facet normal 0 0 0
    outer loop
      vertex 8.482608607196733 3.5136115294036365 -6.149999999999999
      vertex 7.634146056649366 5.10097331380896 -6.149999999999999
      vertex 7.781412016980888 3.223166391846464 -7.38
    endloop
  endfacet
  facet normal 0 0 0
    outer loop
      vertex 6.492307554423398 6.492307554423397 -6.149999999999999
      vertex 5.9556349186104045 5.955634918610404 -7.38
      vertex 7.003085797710778 4.679312329546374 -7.38
    endloop
  endfacet
  facet normal 0 0 0
    outer loop
      vertex 7.634146056649366 5.10097331380896 -6.149999999999999
      vertex 6.492307554423398 6.492307554423397 -6.149999999999999
      vertex 7.003085797710778 4.679312329546374 -7.38
    endloop
  endfacet
  facet normal 0 0 0
    outer loop
      vertex 5.100973313808961 7.634146056649366 -6.149999999999999
      vertex 4.679312329546375 7.003085797710778 -7.38
      vertex 5.9556349186104045 5.955634918610404 -7.38
    endloop
  endfacet
  facet normal 0 0 0
    outer loop
      vertex 6.492307554423398 6.492307554423397 -6.149999999999999
      vertex 5.100973313808961 7.634146056649366 -6.149999999999999
      vertex 5.9556349186104045 5.955634918610404 -7.38
    endloop
  endfacet
  facet normal 0 0 0
    outer loop
      vertex 3.513611529403637 8.482608607196733 -6.149999999999999
      vertex 3.2231663918464646 7.781412016980888 -7.38
      vertex 4.679312329546375 7.003085797710778 -7.38
    endloop
  endfacet
  facet normal 0 0 0
    outer loop
      vertex 5.100973313808961 7.634146056649366 -6.149999999999999
      vertex 3.513611529403637 8.482608607196733 -6.149999999999999
      vertex 4.679312329546375 7.003085797710778 -7.38
    endloop
  endfacet
  facet normal 0 0 0
    outer loop
      vertex 1.791223624379378 9.00508926607124 -6.149999999999999
      vertex 1.643155977280432 8.260702936304556 -7.38
      vertex 3.2231663918464646 7.781412016980888 -7.38
    endloop
  endfacet
  facet normal 0 0 0
    outer loop
      vertex 3.513611529403637 8.482608607196733 -6.149999999999999
      vertex 1.791223624379378 9.00508926607124 -6.149999999999999
      vertex 3.2231663918464646 7.781412016980888 -7.38
    endloop
  endfacet
  facet normal 0 0 0
    outer loop
      vertex 5.622053045696386e-16 9.18150939456287 -6.149999999999999
      vertex 5.157318126498259e-16 8.422539674441618 -7.38
      vertex 1.643155977280432 8.260702936304556 -7.38
    endloop
  endfacet
  facet normal 0 0 0
    outer loop
      vertex 1.791223624379378 9.00508926607124 -6.149999999999999
      vertex 5.622053045696386e-16 9.18150939456287 -6.149999999999999
      vertex 1.643155977280432 8.260702936304556 -7.38
    endloop
  endfacet
  facet normal 0 0 0
    outer loop
      vertex -1.7912236243793764 9.00508926607124 -6.149999999999999
      vertex -1.643155977280431 8.260702936304556 -7.38
      vertex 5.157318126498259e-16 8.422539674441618 -7.38
    endloop
  endfacet
  facet normal 0 0 0
    outer loop
      vertex 5.622053045696386e-16 9.18150939456287 -6.149999999999999
      vertex -1.7912236243793764 9.00508926607124 -6.149999999999999
      vertex 5.157318126498259e-16 8.422539674441618 -7.38
    endloop
  endfacet
  facet normal 0 0 0
    outer loop
      vertex -3.513611529403636 8.482608607196733 -6.149999999999999
      vertex -3.2231663918464637 7.781412016980888 -7.38
      vertex -1.643155977280431 8.260702936304556 -7.38
    endloop
  endfacet
  facet normal 0 0 0
    outer loop
      vertex -1.7912236243793764 9.00508926607124 -6.149999999999999
      vertex -3.513611529403636 8.482608607196733 -6.149999999999999
      vertex -1.643155977280431 8.260702936304556 -7.38
    endloop
  endfacet
  facet normal 0 0 0
    outer loop
      vertex -5.100973313808958 7.634146056649367 -6.149999999999999
      vertex -4.679312329546372 7.00308579771078 -7.38
      vertex -3.2231663918464637 7.781412016980888 -7.38
    endloop
  endfacet
  facet normal 0 0 0
    outer loop
      vertex -3.513611529403636 8.482608607196733 -6.149999999999999
      vertex -5.100973313808958 7.634146056649367 -6.149999999999999
      vertex -3.2231663918464637 7.781412016980888 -7.38
    endloop
  endfacet
  facet normal 0 0 0
    outer loop
      vertex -6.492307554423397 6.492307554423398 -6.149999999999999
      vertex -5.955634918610404 5.9556349186104045 -7.38
      vertex -4.679312329546372 7.00308579771078 -7.38
    endloop
  endfacet
  facet normal 0 0 0
    outer loop
      vertex -5.100973313808958 7.634146056649367 -6.149999999999999
      vertex -6.492307554423397 6.492307554423398 -6.149999999999999
      vertex -4.679312329546372 7.00308579771078 -7.38
    endloop
  endfacet
  facet normal 0 0 0
    outer loop
      vertex -7.634146056649367 5.10097331380896 -6.149999999999999
      vertex -7.00308579771078 4.679312329546374 -7.38
      vertex -5.955634918610404 5.9556349186104045 -7.38
    endloop
  endfacet
  facet normal 0 0 0
    outer loop
      vertex -6.492307554423397 6.492307554423398 -6.149999999999999
      vertex -7.634146056649367 5.10097331380896 -6.149999999999999
      vertex -5.955634918610404 5.9556349186104045 -7.38
    endloop
  endfacet
  facet normal 0 0 0
    outer loop
      vertex -8.482608607196733 3.5136115294036374 -6.149999999999999
      vertex -7.781412016980888 3.223166391846465 -7.38
      vertex -7.00308579771078 4.679312329546374 -7.38
    endloop
  endfacet
  facet normal 0 0 0
    outer loop
      vertex -7.634146056649367 5.10097331380896 -6.149999999999999
      vertex -8.482608607196733 3.5136115294036374 -6.149999999999999
      vertex -7.00308579771078 4.679312329546374 -7.38
    endloop
  endfacet
  facet normal 0 0 0
    outer loop
      vertex -9.00508926607124 1.7912236243793804 -6.149999999999999
      vertex -8.260702936304556 1.6431559772804343 -7.38
      vertex -7.781412016980888 3.223166391846465 -7.38
    endloop
  endfacet
  facet normal 0 0 0
    outer loop
      vertex -8.482608607196733 3.5136115294036374 -6.149999999999999
      vertex -9.00508926607124 1.7912236243793804 -6.149999999999999
      vertex -7.781412016980888 3.223166391846465 -7.38
    endloop
  endfacet
  facet normal 0 0 0
    outer loop
      vertex -9.18150939456287 1.1244106091392772e-15 -6.149999999999999
      vertex -8.422539674441618 1.0314636252996517e-15 -7.38
      vertex -8.260702936304556 1.6431559772804343 -7.38
    endloop
  endfacet
  facet normal 0 0 0
    outer loop
      vertex -9.00508926607124 1.7912236243793804 -6.149999999999999
      vertex -9.18150939456287 1.1244106091392772e-15 -6.149999999999999
      vertex -8.260702936304556 1.6431559772804343 -7.38
    endloop
  endfacet
  facet normal 0 0 0
    outer loop
      vertex -9.00508926607124 -1.7912236243793782 -6.149999999999999
      vertex -8.260702936304556 -1.6431559772804323 -7.38
      vertex -8.422539674441618 1.0314636252996517e-15 -7.38
    endloop
  endfacet
  facet normal 0 0 0
    outer loop
      vertex -9.18150939456287 1.1244106091392772e-15 -6.149999999999999
      vertex -9.00508926607124 -1.7912236243793782 -6.149999999999999
      vertex -8.422539674441618 1.0314636252996517e-15 -7.38
    endloop
  endfacet
  facet normal 0 0 0
    outer loop
      vertex -8.482608607196733 -3.513611529403635 -6.149999999999999
      vertex -7.781412016980889 -3.223166391846463 -7.38
      vertex -8.260702936304556 -1.6431559772804323 -7.38
    endloop
  endfacet
  facet normal 0 0 0
    outer loop
      vertex -9.00508926607124 -1.7912236243793782 -6.149999999999999
      vertex -8.482608607196733 -3.513611529403635 -6.149999999999999
      vertex -8.260702936304556 -1.6431559772804323 -7.38
    endloop
  endfacet
  facet normal 0 0 0
    outer loop
      vertex -7.634146056649368 -5.100973313808958 -6.149999999999999
      vertex -7.0030857977107805 -4.679312329546372 -7.38
      vertex -7.781412016980889 -3.223166391846463 -7.38
    endloop
  endfacet
  facet normal 0 0 0
    outer loop
      vertex -8.482608607196733 -3.513611529403635 -6.149999999999999
      vertex -7.634146056649368 -5.100973313808958 -6.149999999999999
      vertex -7.781412016980889 -3.223166391846463 -7.38
    endloop
  endfacet
  facet normal 0 0 0
    outer loop
      vertex -6.492307554423399 -6.492307554423397 -6.149999999999999
      vertex -5.955634918610406 -5.955634918610404 -7.38
      vertex -7.0030857977107805 -4.679312329546372 -7.38
    endloop
  endfacet
  facet normal 0 0 0
    outer loop
      vertex -7.634146056649368 -5.100973313808958 -6.149999999999999
      vertex -6.492307554423399 -6.492307554423397 -6.149999999999999
      vertex -7.0030857977107805 -4.679312329546372 -7.38
    endloop
  endfacet
  facet normal 0 0 0
    outer loop
      vertex -5.10097331380896 -7.634146056649366 -6.149999999999999
      vertex -4.679312329546374 -7.003085797710778 -7.38
      vertex -5.955634918610406 -5.955634918610404 -7.38
    endloop
  endfacet
  facet normal 0 0 0
    outer loop
      vertex -6.492307554423399 -6.492307554423397 -6.149999999999999
      vertex -5.10097331380896 -7.634146056649366 -6.149999999999999
      vertex -5.955634918610406 -5.955634918610404 -7.38
    endloop
  endfacet
  facet normal 0 0 0
    outer loop
      vertex -3.513611529403642 -8.48260860719673 -6.149999999999999
      vertex -3.223166391846469 -7.781412016980886 -7.38
      vertex -4.679312329546374 -7.003085797710778 -7.38
    endloop
  endfacet
  facet normal 0 0 0
    outer loop
      vertex -5.10097331380896 -7.634146056649366 -6.149999999999999
      vertex -3.513611529403642 -8.48260860719673 -6.149999999999999
      vertex -4.679312329546374 -7.003085797710778 -7.38
    endloop
  endfacet
  facet normal 0 0 0
    outer loop
      vertex -1.7912236243793809 -9.00508926607124 -6.149999999999999
      vertex -1.6431559772804347 -8.260702936304554 -7.38
      vertex -3.223166391846469 -7.781412016980886 -7.38
    endloop
  endfacet
  facet normal 0 0 0
    outer loop
      vertex -3.513611529403642 -8.48260860719673 -6.149999999999999
      vertex -1.7912236243793809 -9.00508926607124 -6.149999999999999
      vertex -3.223166391846469 -7.781412016980886 -7.38
    endloop
  endfacet
  facet normal 0 0 0
    outer loop
      vertex -1.6866159137089157e-15 -9.18150939456287 -6.149999999999999
      vertex -1.5471954379494776e-15 -8.422539674441618 -7.38
      vertex -1.6431559772804347 -8.260702936304554 -7.38
    endloop
  endfacet
  facet normal 0 0 0
    outer loop
      vertex -1.7912236243793809 -9.00508926607124 -6.149999999999999
      vertex -1.6866159137089157e-15 -9.18150939456287 -6.149999999999999
      vertex -1.6431559772804347 -8.260702936304554 -7.38
    endloop
  endfacet
  facet normal 0 0 0
    outer loop
      vertex 1.7912236243793778 -9.00508926607124 -6.149999999999999
      vertex 1.6431559772804318 -8.260702936304556 -7.38
      vertex -1.5471954379494776e-15 -8.422539674441618 -7.38
    endloop
  endfacet
  facet normal 0 0 0
    outer loop
      vertex -1.6866159137089157e-15 -9.18150939456287 -6.149999999999999
      vertex 1.7912236243793778 -9.00508926607124 -6.149999999999999
      vertex -1.5471954379494776e-15 -8.422539674441618 -7.38
    endloop
  endfacet
  facet normal 0 0 0
    outer loop
      vertex 3.5136115294036383 -8.482608607196731 -6.149999999999999
      vertex 3.2231663918464664 -7.781412016980887 -7.38
      vertex 1.6431559772804318 -8.260702936304556 -7.38
    endloop
  endfacet
  facet normal 0 0 0
    outer loop
      vertex 1.7912236243793778 -9.00508926607124 -6.149999999999999
      vertex 3.5136115294036383 -8.482608607196731 -6.149999999999999
      vertex 1.6431559772804318 -8.260702936304556 -7.38
    endloop
  endfacet
  facet normal 0 0 0
    outer loop
      vertex 5.100973313808957 -7.634146056649368 -6.149999999999999
      vertex 4.679312329546371 -7.0030857977107805 -7.38
      vertex 3.2231663918464664 -7.781412016980887 -7.38
    endloop
  endfacet
  facet normal 0 0 0
    outer loop
      vertex 3.5136115294036383 -8.482608607196731 -6.149999999999999
      vertex 5.100973313808957 -7.634146056649368 -6.149999999999999
      vertex 3.2231663918464664 -7.781412016980887 -7.38
    endloop
  endfacet
  facet normal 0 0 0
    outer loop
      vertex 6.492307554423396 -6.492307554423399 -6.149999999999999
      vertex 5.955634918610403 -5.955634918610406 -7.38
      vertex 4.679312329546371 -7.0030857977107805 -7.38
    endloop
  endfacet
  facet normal 0 0 0
    outer loop
      vertex 5.100973313808957 -7.634146056649368 -6.149999999999999
      vertex 6.492307554423396 -6.492307554423399 -6.149999999999999
      vertex 4.679312329546371 -7.0030857977107805 -7.38
    endloop
  endfacet
  facet normal 0 0 0
    outer loop
      vertex 7.634146056649366 -5.10097331380896 -6.149999999999999
      vertex 7.003085797710778 -4.679312329546374 -7.38
      vertex 5.955634918610403 -5.955634918610406 -7.38
    endloop
  endfacet
  facet normal 0 0 0
    outer loop
      vertex 6.492307554423396 -6.492307554423399 -6.149999999999999
      vertex 7.634146056649366 -5.10097331380896 -6.149999999999999
      vertex 5.955634918610403 -5.955634918610406 -7.38
    endloop
  endfacet
  facet normal 0 0 0
    outer loop
      vertex 8.48260860719673 -3.5136115294036423 -6.149999999999999
      vertex 7.781412016980886 -3.2231663918464695 -7.38
      vertex 7.003085797710778 -4.679312329546374 -7.38
    endloop
  endfacet
  facet normal 0 0 0
    outer loop
      vertex 7.634146056649366 -5.10097331380896 -6.149999999999999
      vertex 8.48260860719673 -3.5136115294036423 -6.149999999999999
      vertex 7.003085797710778 -4.679312329546374 -7.38
    endloop
  endfacet
  facet normal 0 0 0
    outer loop
      vertex 9.00508926607124 -1.7912236243793813 -6.149999999999999
      vertex 8.260702936304554 -1.6431559772804352 -7.38
      vertex 7.781412016980886 -3.2231663918464695 -7.38
    endloop
  endfacet
  facet normal 0 0 0
    outer loop
      vertex 8.48260860719673 -3.5136115294036423 -6.149999999999999
      vertex 9.00508926607124 -1.7912236243793813 -6.149999999999999
      vertex 7.781412016980886 -3.2231663918464695 -7.38
    endloop
  endfacet
  facet normal 0 0 0
    outer loop
      vertex 9.18150939456287 0 -6.149999999999999
      vertex 8.422539674441618 0 -7.38
      vertex 8.260702936304554 -1.6431559772804352 -7.38
    endloop
  endfacet
  facet normal 0 0 0
    outer loop
      vertex 9.00508926607124 -1.7912236243793813 -6.149999999999999
      vertex 9.18150939456287 0 -6.149999999999999
      vertex 8.260702936304554 -1.6431559772804352 -7.38
    endloop
  endfacet
  facet normal 0 0 0
    outer loop
      vertex 9.632315339573072 1.915986647541874 -4.920000000000001
      vertex 9.00508926607124 1.791223624379377 -6.149999999999999
      vertex 9.18150939456287 0 -6.149999999999999
    endloop
  endfacet
  facet normal 0 0 0
    outer loop
      vertex 9.82102355330306 0 -4.920000000000001
      vertex 9.632315339573072 1.915986647541874 -4.920000000000001
      vertex 9.18150939456287 0 -6.149999999999999
    endloop
  endfacet
  facet normal 0 0 0
    outer loop
      vertex 9.073442649207967 3.7583430027164053 -4.920000000000001
      vertex 8.482608607196733 3.5136115294036365 -6.149999999999999
      vertex 9.00508926607124 1.791223624379377 -6.149999999999999
    endloop
  endfacet
  facet normal 0 0 0
    outer loop
      vertex 9.632315339573072 1.915986647541874 -4.920000000000001
      vertex 9.073442649207967 3.7583430027164053 -4.920000000000001
      vertex 9.00508926607124 1.791223624379377 -6.149999999999999
    endloop
  endfacet
  facet normal 0 0 0
    outer loop
      vertex 8.16588264627906 5.456268343999582 -4.920000000000001
      vertex 7.634146056649366 5.10097331380896 -6.149999999999999
      vertex 8.482608607196733 3.5136115294036365 -6.149999999999999
    endloop
  endfacet
  facet normal 0 0 0
    outer loop
      vertex 9.073442649207967 3.7583430027164053 -4.920000000000001
      vertex 8.16588264627906 5.456268343999582 -4.920000000000001
      vertex 8.482608607196733 3.5136115294036365 -6.149999999999999
    endloop
  endfacet
  facet normal 0 0 0
    outer loop
      vertex 6.944512352733398 6.944512352733397 -4.920000000000001
      vertex 6.492307554423398 6.492307554423397 -6.149999999999999
      vertex 7.634146056649366 5.10097331380896 -6.149999999999999
    endloop
  endfacet
  facet normal 0 0 0
    outer loop
      vertex 8.16588264627906 5.456268343999582 -4.920000000000001
      vertex 6.944512352733398 6.944512352733397 -4.920000000000001
      vertex 7.634146056649366 5.10097331380896 -6.149999999999999
    endloop
  endfacet
  facet normal 0 0 0
    outer loop
      vertex 5.456268343999583 8.16588264627906 -4.920000000000001
      vertex 5.100973313808961 7.634146056649366 -6.149999999999999
      vertex 6.492307554423398 6.492307554423397 -6.149999999999999
    endloop
  endfacet
  facet normal 0 0 0
    outer loop
      vertex 6.944512352733398 6.944512352733397 -4.920000000000001
      vertex 5.456268343999583 8.16588264627906 -4.920000000000001
      vertex 6.492307554423398 6.492307554423397 -6.149999999999999
    endloop
  endfacet
  facet normal 0 0 0
    outer loop
      vertex 3.758343002716406 9.073442649207967 -4.920000000000001
      vertex 3.513611529403637 8.482608607196733 -6.149999999999999
      vertex 5.100973313808961 7.634146056649366 -6.149999999999999
    endloop
  endfacet
  facet normal 0 0 0
    outer loop
      vertex 5.456268343999583 8.16588264627906 -4.920000000000001
      vertex 3.758343002716406 9.073442649207967 -4.920000000000001
      vertex 5.100973313808961 7.634146056649366 -6.149999999999999
    endloop
  endfacet
  facet normal 0 0 0
    outer loop
      vertex 1.9159866475418748 9.632315339573072 -4.920000000000001
      vertex 1.791223624379378 9.00508926607124 -6.149999999999999
      vertex 3.513611529403637 8.482608607196733 -6.149999999999999
    endloop
  endfacet
  facet normal 0 0 0
    outer loop
      vertex 3.758343002716406 9.073442649207967 -4.920000000000001
      vertex 1.9159866475418748 9.632315339573072 -4.920000000000001
      vertex 3.513611529403637 8.482608607196733 -6.149999999999999
    endloop
  endfacet
  facet normal 0 0 0
    outer loop
      vertex 6.013642529451678e-16 9.82102355330306 -4.920000000000001
      vertex 5.622053045696386e-16 9.18150939456287 -6.149999999999999
      vertex 1.791223624379378 9.00508926607124 -6.149999999999999
    endloop
  endfacet
  facet normal 0 0 0
    outer loop
      vertex 1.9159866475418748 9.632315339573072 -4.920000000000001
      vertex 6.013642529451678e-16 9.82102355330306 -4.920000000000001
      vertex 1.791223624379378 9.00508926607124 -6.149999999999999
    endloop
  endfacet
  facet normal 0 0 0
    outer loop
      vertex -1.9159866475418736 9.632315339573072 -4.920000000000001
      vertex -1.7912236243793764 9.00508926607124 -6.149999999999999
      vertex 5.622053045696386e-16 9.18150939456287 -6.149999999999999
    endloop
  endfacet
  facet normal 0 0 0
    outer loop
      vertex 6.013642529451678e-16 9.82102355330306 -4.920000000000001
      vertex -1.9159866475418736 9.632315339573072 -4.920000000000001
      vertex 5.622053045696386e-16 9.18150939456287 -6.149999999999999
    endloop
  endfacet
  facet normal 0 0 0
    outer loop
      vertex -3.758343002716405 9.073442649207967 -4.920000000000001
      vertex -3.513611529403636 8.482608607196733 -6.149999999999999
      vertex -1.7912236243793764 9.00508926607124 -6.149999999999999
    endloop
  endfacet
  facet normal 0 0 0
    outer loop
      vertex -1.9159866475418736 9.632315339573072 -4.920000000000001
      vertex -3.758343002716405 9.073442649207967 -4.920000000000001
      vertex -1.7912236243793764 9.00508926607124 -6.149999999999999
    endloop
  endfacet
  facet normal 0 0 0
    outer loop
      vertex -5.4562683439995805 8.165882646279062 -4.920000000000001
      vertex -5.100973313808958 7.634146056649367 -6.149999999999999
      vertex -3.513611529403636 8.482608607196733 -6.149999999999999
    endloop
  endfacet
  facet normal 0 0 0
    outer loop
      vertex -3.758343002716405 9.073442649207967 -4.920000000000001
      vertex -5.4562683439995805 8.165882646279062 -4.920000000000001
      vertex -3.513611529403636 8.482608607196733 -6.149999999999999
    endloop
  endfacet
  facet normal 0 0 0
    outer loop
      vertex -6.944512352733397 6.944512352733398 -4.920000000000001
      vertex -6.492307554423397 6.492307554423398 -6.149999999999999
      vertex -5.100973313808958 7.634146056649367 -6.149999999999999
    endloop
  endfacet
  facet normal 0 0 0
    outer loop
      vertex -5.4562683439995805 8.165882646279062 -4.920000000000001
      vertex -6.944512352733397 6.944512352733398 -4.920000000000001
      vertex -5.100973313808958 7.634146056649367 -6.149999999999999
    endloop
  endfacet
  facet normal 0 0 0
    outer loop
      vertex -8.165882646279062 5.456268343999582 -4.920000000000001
      vertex -7.634146056649367 5.10097331380896 -6.149999999999999
      vertex -6.492307554423397 6.492307554423398 -6.149999999999999
    endloop
  endfacet
  facet normal 0 0 0
    outer loop
      vertex -6.944512352733397 6.944512352733398 -4.920000000000001
      vertex -8.165882646279062 5.456268343999582 -4.920000000000001
      vertex -6.492307554423397 6.492307554423398 -6.149999999999999
    endloop
  endfacet
  facet normal 0 0 0
    outer loop
      vertex -9.073442649207967 3.7583430027164066 -4.920000000000001
      vertex -8.482608607196733 3.5136115294036374 -6.149999999999999
      vertex -7.634146056649367 5.10097331380896 -6.149999999999999
    endloop
  endfacet
  facet normal 0 0 0
    outer loop
      vertex -8.165882646279062 5.456268343999582 -4.920000000000001
      vertex -9.073442649207967 3.7583430027164066 -4.920000000000001
      vertex -7.634146056649367 5.10097331380896 -6.149999999999999
    endloop
  endfacet
  facet normal 0 0 0
    outer loop
      vertex -9.632315339573072 1.9159866475418779 -4.920000000000001
      vertex -9.00508926607124 1.7912236243793804 -6.149999999999999
      vertex -8.482608607196733 3.5136115294036374 -6.149999999999999
    endloop
  endfacet
  facet normal 0 0 0
    outer loop
      vertex -9.073442649207967 3.7583430027164066 -4.920000000000001
      vertex -9.632315339573072 1.9159866475418779 -4.920000000000001
      vertex -8.482608607196733 3.5136115294036374 -6.149999999999999
    endloop
  endfacet
  facet normal 0 0 0
    outer loop
      vertex -9.82102355330306 1.2027285058903356e-15 -4.920000000000001
      vertex -9.18150939456287 1.1244106091392772e-15 -6.149999999999999
      vertex -9.00508926607124 1.7912236243793804 -6.149999999999999
    endloop
  endfacet
  facet normal 0 0 0
    outer loop
      vertex -9.632315339573072 1.9159866475418779 -4.920000000000001
      vertex -9.82102355330306 1.2027285058903356e-15 -4.920000000000001
      vertex -9.00508926607124 1.7912236243793804 -6.149999999999999
    endloop
  endfacet
  facet normal 0 0 0
    outer loop
      vertex -9.632315339573072 -1.9159866475418754 -4.920000000000001
      vertex -9.00508926607124 -1.7912236243793782 -6.149999999999999
      vertex -9.18150939456287 1.1244106091392772e-15 -6.149999999999999
    endloop
  endfacet
  facet normal 0 0 0
    outer loop
      vertex -9.82102355330306 1.2027285058903356e-15 -4.920000000000001
      vertex -9.632315339573072 -1.9159866475418754 -4.920000000000001
      vertex -9.18150939456287 1.1244106091392772e-15 -6.149999999999999
    endloop
  endfacet
  facet normal 0 0 0
    outer loop
      vertex -9.073442649207967 -3.758343002716404 -4.920000000000001
      vertex -8.482608607196733 -3.513611529403635 -6.149999999999999
      vertex -9.00508926607124 -1.7912236243793782 -6.149999999999999
    endloop
  endfacet
  facet normal 0 0 0
    outer loop
      vertex -9.632315339573072 -1.9159866475418754 -4.920000000000001
      vertex -9.073442649207967 -3.758343002716404 -4.920000000000001
      vertex -9.00508926607124 -1.7912236243793782 -6.149999999999999
    endloop
  endfacet
  facet normal 0 0 0
    outer loop
      vertex -8.165882646279064 -5.4562683439995805 -4.920000000000001
      vertex -7.634146056649368 -5.100973313808958 -6.149999999999999
      vertex -8.482608607196733 -3.513611529403635 -6.149999999999999
    endloop
  endfacet
  facet normal 0 0 0
    outer loop
      vertex -9.073442649207967 -3.758343002716404 -4.920000000000001
      vertex -8.165882646279064 -5.4562683439995805 -4.920000000000001
      vertex -8.482608607196733 -3.513611529403635 -6.149999999999999
    endloop
  endfacet
  facet normal 0 0 0
    outer loop
      vertex -6.9445123527333985 -6.944512352733397 -4.920000000000001
      vertex -6.492307554423399 -6.492307554423397 -6.149999999999999
      vertex -7.634146056649368 -5.100973313808958 -6.149999999999999
    endloop
  endfacet
  facet normal 0 0 0
    outer loop
      vertex -8.165882646279064 -5.4562683439995805 -4.920000000000001
      vertex -6.9445123527333985 -6.944512352733397 -4.920000000000001
      vertex -7.634146056649368 -5.100973313808958 -6.149999999999999
    endloop
  endfacet
  facet normal 0 0 0
    outer loop
      vertex -5.456268343999582 -8.16588264627906 -4.920000000000001
      vertex -5.10097331380896 -7.634146056649366 -6.149999999999999
      vertex -6.492307554423399 -6.492307554423397 -6.149999999999999
    endloop
  endfacet
  facet normal 0 0 0
    outer loop
      vertex -6.9445123527333985 -6.944512352733397 -4.920000000000001
      vertex -5.456268343999582 -8.16588264627906 -4.920000000000001
      vertex -6.492307554423399 -6.492307554423397 -6.149999999999999
    endloop
  endfacet
  facet normal 0 0 0
    outer loop
      vertex -3.758343002716411 -9.073442649207966 -4.920000000000001
      vertex -3.513611529403642 -8.48260860719673 -6.149999999999999
      vertex -5.10097331380896 -7.634146056649366 -6.149999999999999
    endloop
  endfacet
  facet normal 0 0 0
    outer loop
      vertex -5.456268343999582 -8.16588264627906 -4.920000000000001
      vertex -3.758343002716411 -9.073442649207966 -4.920000000000001
      vertex -5.10097331380896 -7.634146056649366 -6.149999999999999
    endloop
  endfacet
  facet normal 0 0 0
    outer loop
      vertex -1.9159866475418783 -9.632315339573072 -4.920000000000001
      vertex -1.7912236243793809 -9.00508926607124 -6.149999999999999
      vertex -3.513611529403642 -8.48260860719673 -6.149999999999999
    endloop
  endfacet
  facet normal 0 0 0
    outer loop
      vertex -3.758343002716411 -9.073442649207966 -4.920000000000001
      vertex -1.9159866475418783 -9.632315339573072 -4.920000000000001
      vertex -3.513611529403642 -8.48260860719673 -6.149999999999999
    endloop
  endfacet
  facet normal 0 0 0
    outer loop
      vertex -1.8040927588355036e-15 -9.82102355330306 -4.920000000000001
      vertex -1.6866159137089157e-15 -9.18150939456287 -6.149999999999999
      vertex -1.7912236243793809 -9.00508926607124 -6.149999999999999
    endloop
  endfacet
  facet normal 0 0 0
    outer loop
      vertex -1.9159866475418783 -9.632315339573072 -4.920000000000001
      vertex -1.8040927588355036e-15 -9.82102355330306 -4.920000000000001
      vertex -1.7912236243793809 -9.00508926607124 -6.149999999999999
    endloop
  endfacet
  facet normal 0 0 0
    outer loop
      vertex 1.9159866475418745 -9.632315339573072 -4.920000000000001
      vertex 1.7912236243793778 -9.00508926607124 -6.149999999999999
      vertex -1.6866159137089157e-15 -9.18150939456287 -6.149999999999999
    endloop
  endfacet
  facet normal 0 0 0
    outer loop
      vertex -1.8040927588355036e-15 -9.82102355330306 -4.920000000000001
      vertex 1.9159866475418745 -9.632315339573072 -4.920000000000001
      vertex -1.6866159137089157e-15 -9.18150939456287 -6.149999999999999
    endloop
  endfacet
  facet normal 0 0 0
    outer loop
      vertex 3.7583430027164075 -9.073442649207966 -4.920000000000001
      vertex 3.5136115294036383 -8.482608607196731 -6.149999999999999
      vertex 1.7912236243793778 -9.00508926607124 -6.149999999999999
    endloop
  endfacet
  facet normal 0 0 0
    outer loop
      vertex 1.9159866475418745 -9.632315339573072 -4.920000000000001
      vertex 3.7583430027164075 -9.073442649207966 -4.920000000000001
      vertex 1.7912236243793778 -9.00508926607124 -6.149999999999999
    endloop
  endfacet
  facet normal 0 0 0
    outer loop
      vertex 5.45626834399958 -8.165882646279064 -4.920000000000001
      vertex 5.100973313808957 -7.634146056649368 -6.149999999999999
      vertex 3.5136115294036383 -8.482608607196731 -6.149999999999999
    endloop
  endfacet
  facet normal 0 0 0
    outer loop
      vertex 3.7583430027164075 -9.073442649207966 -4.920000000000001
      vertex 5.45626834399958 -8.165882646279064 -4.920000000000001
      vertex 3.5136115294036383 -8.482608607196731 -6.149999999999999
    endloop
  endfacet
  facet normal 0 0 0
    outer loop
      vertex 6.944512352733395 -6.9445123527333985 -4.920000000000001
      vertex 6.492307554423396 -6.492307554423399 -6.149999999999999
      vertex 5.100973313808957 -7.634146056649368 -6.149999999999999
    endloop
  endfacet
  facet normal 0 0 0
    outer loop
      vertex 5.45626834399958 -8.165882646279064 -4.920000000000001
      vertex 6.944512352733395 -6.9445123527333985 -4.920000000000001
      vertex 5.100973313808957 -7.634146056649368 -6.149999999999999
    endloop
  endfacet
  facet normal 0 0 0
    outer loop
      vertex 8.16588264627906 -5.456268343999582 -4.920000000000001
      vertex 7.634146056649366 -5.10097331380896 -6.149999999999999
      vertex 6.492307554423396 -6.492307554423399 -6.149999999999999
    endloop
  endfacet
  facet normal 0 0 0
    outer loop
      vertex 6.944512352733395 -6.9445123527333985 -4.920000000000001
      vertex 8.16588264627906 -5.456268343999582 -4.920000000000001
      vertex 6.492307554423396 -6.492307554423399 -6.149999999999999
    endloop
  endfacet
  facet normal 0 0 0
    outer loop
      vertex 9.073442649207966 -3.7583430027164115 -4.920000000000001
      vertex 8.48260860719673 -3.5136115294036423 -6.149999999999999
      vertex 7.634146056649366 -5.10097331380896 -6.149999999999999
    endloop
  endfacet
  facet normal 0 0 0
    outer loop
      vertex 8.16588264627906 -5.456268343999582 -4.920000000000001
      vertex 9.073442649207966 -3.7583430027164115 -4.920000000000001
      vertex 7.634146056649366 -5.10097331380896 -6.149999999999999
    endloop
  endfacet
  facet normal 0 0 0
    outer loop
      vertex 9.632315339573072 -1.9159866475418788 -4.920000000000001
      vertex 9.00508926607124 -1.7912236243793813 -6.149999999999999
      vertex 8.48260860719673 -3.5136115294036423 -6.149999999999999
    endloop
  endfacet
  facet normal 0 0 0
    outer loop
      vertex 9.073442649207966 -3.7583430027164115 -4.920000000000001
      vertex 9.632315339573072 -1.9159866475418788 -4.920000000000001
      vertex 8.48260860719673 -3.5136115294036423 -6.149999999999999
    endloop
  endfacet
  facet normal 0 0 0
    outer loop
      vertex 9.82102355330306 0 -4.920000000000001
      vertex 9.18150939456287 0 -6.149999999999999
      vertex 9.00508926607124 -1.7912236243793813 -6.149999999999999
    endloop
  endfacet
  facet normal 0 0 0
    outer loop
      vertex 9.632315339573072 -1.9159866475418788 -4.920000000000001
      vertex 9.82102355330306 0 -4.920000000000001
      vertex 9.00508926607124 -1.7912236243793813 -6.149999999999999
    endloop
  endfacet
  facet normal 0 0 0
    outer loop
      vertex 10.13164914479252 2.0153103168507673 -3.69
      vertex 9.632315339573072 1.915986647541874 -4.920000000000001
      vertex 9.82102355330306 0 -4.920000000000001
    endloop
  endfacet
  facet normal 0 0 0
    outer loop
      vertex 10.330139886099325 0 -3.69
      vertex 10.13164914479252 2.0153103168507673 -3.69
      vertex 9.82102355330306 0 -4.920000000000001
    endloop
  endfacet
  facet normal 0 0 0
    outer loop
      vertex 9.54380480874564 3.953173388424007 -3.69
      vertex 9.073442649207967 3.7583430027164053 -4.920000000000001
      vertex 9.632315339573072 1.915986647541874 -4.920000000000001
    endloop
  endfacet
  facet normal 0 0 0
    outer loop
      vertex 10.13164914479252 2.0153103168507673 -3.69
      vertex 9.54380480874564 3.953173388424007 -3.69
      vertex 9.632315339573072 1.915986647541874 -4.920000000000001
    endloop
  endfacet
  facet normal 0 0 0
    outer loop
      vertex 8.589197406126065 5.739118223645288 -3.69
      vertex 8.16588264627906 5.456268343999582 -4.920000000000001
      vertex 9.073442649207967 3.7583430027164053 -4.920000000000001
    endloop
  endfacet
  facet normal 0 0 0
    outer loop
      vertex 9.54380480874564 3.953173388424007 -3.69
      vertex 8.589197406126065 5.739118223645288 -3.69
      vertex 9.073442649207967 3.7583430027164053 -4.920000000000001
    endloop
  endfacet
  facet normal 0 0 0
    outer loop
      vertex 7.304511964066462 7.304511964066461 -3.69
      vertex 6.944512352733398 6.944512352733397 -4.920000000000001
      vertex 8.16588264627906 5.456268343999582 -4.920000000000001
    endloop
  endfacet
  facet normal 0 0 0
    outer loop
      vertex 8.589197406126065 5.739118223645288 -3.69
      vertex 7.304511964066462 7.304511964066461 -3.69
      vertex 8.16588264627906 5.456268343999582 -4.920000000000001
    endloop
  endfacet
  facet normal 0 0 0
    outer loop
      vertex 5.73911822364529 8.589197406126065 -3.69
      vertex 5.456268343999583 8.16588264627906 -4.920000000000001
      vertex 6.944512352733398 6.944512352733397 -4.920000000000001
    endloop
  endfacet
  facet normal 0 0 0
    outer loop
      vertex 7.304511964066462 7.304511964066461 -3.69
      vertex 5.73911822364529 8.589197406126065 -3.69
      vertex 6.944512352733398 6.944512352733397 -4.920000000000001
    endloop
  endfacet
  facet normal 0 0 0
    outer loop
      vertex 3.9531733884240077 9.54380480874564 -3.69
      vertex 3.758343002716406 9.073442649207967 -4.920000000000001
      vertex 5.456268343999583 8.16588264627906 -4.920000000000001
    endloop
  endfacet
  facet normal 0 0 0
    outer loop
      vertex 5.73911822364529 8.589197406126065 -3.69
      vertex 3.9531733884240077 9.54380480874564 -3.69
      vertex 5.456268343999583 8.16588264627906 -4.920000000000001
    endloop
  endfacet
  facet normal 0 0 0
    outer loop
      vertex 2.0153103168507687 10.13164914479252 -3.69
      vertex 1.9159866475418748 9.632315339573072 -4.920000000000001
      vertex 3.758343002716406 9.073442649207967 -4.920000000000001
    endloop
  endfacet
  facet normal 0 0 0
    outer loop
      vertex 3.9531733884240077 9.54380480874564 -3.69
      vertex 2.0153103168507687 10.13164914479252 -3.69
      vertex 3.758343002716406 9.073442649207967 -4.920000000000001
    endloop
  endfacet
  facet normal 0 0 0
    outer loop
      vertex 6.325386373127971e-16 10.330139886099325 -3.69
      vertex 6.013642529451678e-16 9.82102355330306 -4.920000000000001
      vertex 1.9159866475418748 9.632315339573072 -4.920000000000001
    endloop
  endfacet
  facet normal 0 0 0
    outer loop
      vertex 2.0153103168507687 10.13164914479252 -3.69
      vertex 6.325386373127971e-16 10.330139886099325 -3.69
      vertex 1.9159866475418748 9.632315339573072 -4.920000000000001
    endloop
  endfacet
  facet normal 0 0 0
    outer loop
      vertex -2.015310316850767 10.13164914479252 -3.69
      vertex -1.9159866475418736 9.632315339573072 -4.920000000000001
      vertex 6.013642529451678e-16 9.82102355330306 -4.920000000000001
    endloop
  endfacet
  facet normal 0 0 0
    outer loop
      vertex 6.325386373127971e-16 10.330139886099325 -3.69
      vertex -2.015310316850767 10.13164914479252 -3.69
      vertex 6.013642529451678e-16 9.82102355330306 -4.920000000000001
    endloop
  endfacet
  facet normal 0 0 0
    outer loop
      vertex -3.9531733884240063 9.54380480874564 -3.69
      vertex -3.758343002716405 9.073442649207967 -4.920000000000001
      vertex -1.9159866475418736 9.632315339573072 -4.920000000000001
    endloop
  endfacet
  facet normal 0 0 0
    outer loop
      vertex -2.015310316850767 10.13164914479252 -3.69
      vertex -3.9531733884240063 9.54380480874564 -3.69
      vertex -1.9159866475418736 9.632315339573072 -4.920000000000001
    endloop
  endfacet
  facet normal 0 0 0
    outer loop
      vertex -5.739118223645286 8.589197406126065 -3.69
      vertex -5.4562683439995805 8.165882646279062 -4.920000000000001
      vertex -3.758343002716405 9.073442649207967 -4.920000000000001
    endloop
  endfacet
  facet normal 0 0 0
    outer loop
      vertex -3.9531733884240063 9.54380480874564 -3.69
      vertex -5.739118223645286 8.589197406126065 -3.69
      vertex -3.758343002716405 9.073442649207967 -4.920000000000001
    endloop
  endfacet
  facet normal 0 0 0
    outer loop
      vertex -7.304511964066461 7.304511964066462 -3.69
      vertex -6.944512352733397 6.944512352733398 -4.920000000000001
      vertex -5.4562683439995805 8.165882646279062 -4.920000000000001
    endloop
  endfacet
  facet normal 0 0 0
    outer loop
      vertex -5.739118223645286 8.589197406126065 -3.69
      vertex -7.304511964066461 7.304511964066462 -3.69
      vertex -5.4562683439995805 8.165882646279062 -4.920000000000001
    endloop
  endfacet
  facet normal 0 0 0
    outer loop
      vertex -8.589197406126065 5.739118223645288 -3.69
      vertex -8.165882646279062 5.456268343999582 -4.920000000000001
      vertex -6.944512352733397 6.944512352733398 -4.920000000000001
    endloop
  endfacet
  facet normal 0 0 0
    outer loop
      vertex -7.304511964066461 7.304511964066462 -3.69
      vertex -8.589197406126065 5.739118223645288 -3.69
      vertex -6.944512352733397 6.944512352733398 -4.920000000000001
    endloop
  endfacet
  facet normal 0 0 0
    outer loop
      vertex -9.54380480874564 3.953173388424008 -3.69
      vertex -9.073442649207967 3.7583430027164066 -4.920000000000001
      vertex -8.165882646279062 5.456268343999582 -4.920000000000001
    endloop
  endfacet
  facet normal 0 0 0
    outer loop
      vertex -8.589197406126065 5.739118223645288 -3.69
      vertex -9.54380480874564 3.953173388424008 -3.69
      vertex -8.165882646279062 5.456268343999582 -4.920000000000001
    endloop
  endfacet
  facet normal 0 0 0
    outer loop
      vertex -10.13164914479252 2.0153103168507713 -3.69
      vertex -9.632315339573072 1.9159866475418779 -4.920000000000001
      vertex -9.073442649207967 3.7583430027164066 -4.920000000000001
    endloop
  endfacet
  facet normal 0 0 0
    outer loop
      vertex -9.54380480874564 3.953173388424008 -3.69
      vertex -10.13164914479252 2.0153103168507713 -3.69
      vertex -9.073442649207967 3.7583430027164066 -4.920000000000001
    endloop
  endfacet
  facet normal 0 0 0
    outer loop
      vertex -10.330139886099325 1.2650772746255941e-15 -3.69
      vertex -9.82102355330306 1.2027285058903356e-15 -4.920000000000001
      vertex -9.632315339573072 1.9159866475418779 -4.920000000000001
    endloop
  endfacet
  facet normal 0 0 0
    outer loop
      vertex -10.13164914479252 2.0153103168507713 -3.69
      vertex -10.330139886099325 1.2650772746255941e-15 -3.69
      vertex -9.632315339573072 1.9159866475418779 -4.920000000000001
    endloop
  endfacet
  facet normal 0 0 0
    outer loop
      vertex -10.13164914479252 -2.0153103168507687 -3.69
      vertex -9.632315339573072 -1.9159866475418754 -4.920000000000001
      vertex -9.82102355330306 1.2027285058903356e-15 -4.920000000000001
    endloop
  endfacet
  facet normal 0 0 0
    outer loop
      vertex -10.330139886099325 1.2650772746255941e-15 -3.69
      vertex -10.13164914479252 -2.0153103168507687 -3.69
      vertex -9.82102355330306 1.2027285058903356e-15 -4.920000000000001
    endloop
  endfacet
  facet normal 0 0 0
    outer loop
      vertex -9.54380480874564 -3.9531733884240055 -3.69
      vertex -9.073442649207967 -3.758343002716404 -4.920000000000001
      vertex -9.632315339573072 -1.9159866475418754 -4.920000000000001
    endloop
  endfacet
  facet normal 0 0 0
    outer loop
      vertex -10.13164914479252 -2.0153103168507687 -3.69
      vertex -9.54380480874564 -3.9531733884240055 -3.69
      vertex -9.632315339573072 -1.9159866475418754 -4.920000000000001
    endloop
  endfacet
  facet normal 0 0 0
    outer loop
      vertex -8.589197406126067 -5.739118223645286 -3.69
      vertex -8.165882646279064 -5.4562683439995805 -4.920000000000001
      vertex -9.073442649207967 -3.758343002716404 -4.920000000000001
    endloop
  endfacet
  facet normal 0 0 0
    outer loop
      vertex -9.54380480874564 -3.9531733884240055 -3.69
      vertex -8.589197406126067 -5.739118223645286 -3.69
      vertex -9.073442649207967 -3.758343002716404 -4.920000000000001
    endloop
  endfacet
  facet normal 0 0 0
    outer loop
      vertex -7.304511964066463 -7.304511964066461 -3.69
      vertex -6.9445123527333985 -6.944512352733397 -4.920000000000001
      vertex -8.165882646279064 -5.4562683439995805 -4.920000000000001
    endloop
  endfacet
  facet normal 0 0 0
    outer loop
      vertex -8.589197406126067 -5.739118223645286 -3.69
      vertex -7.304511964066463 -7.304511964066461 -3.69
      vertex -8.165882646279064 -5.4562683439995805 -4.920000000000001
    endloop
  endfacet
  facet normal 0 0 0
    outer loop
      vertex -5.739118223645288 -8.589197406126065 -3.69
      vertex -5.456268343999582 -8.16588264627906 -4.920000000000001
      vertex -6.9445123527333985 -6.944512352733397 -4.920000000000001
    endloop
  endfacet
  facet normal 0 0 0
    outer loop
      vertex -7.304511964066463 -7.304511964066461 -3.69
      vertex -5.739118223645288 -8.589197406126065 -3.69
      vertex -6.9445123527333985 -6.944512352733397 -4.920000000000001
    endloop
  endfacet
  facet normal 0 0 0
    outer loop
      vertex -3.9531733884240126 -9.543804808745639 -3.69
      vertex -3.758343002716411 -9.073442649207966 -4.920000000000001
      vertex -5.456268343999582 -8.16588264627906 -4.920000000000001
    endloop
  endfacet
  facet normal 0 0 0
    outer loop
      vertex -5.739118223645288 -8.589197406126065 -3.69
      vertex -3.9531733884240126 -9.543804808745639 -3.69
      vertex -5.456268343999582 -8.16588264627906 -4.920000000000001
    endloop
  endfacet
  facet normal 0 0 0
    outer loop
      vertex -2.0153103168507718 -10.131649144792519 -3.69
      vertex -1.9159866475418783 -9.632315339573072 -4.920000000000001
      vertex -3.758343002716411 -9.073442649207966 -4.920000000000001
    endloop
  endfacet
  facet normal 0 0 0
    outer loop
      vertex -3.9531733884240126 -9.543804808745639 -3.69
      vertex -2.0153103168507718 -10.131649144792519 -3.69
      vertex -3.758343002716411 -9.073442649207966 -4.920000000000001
    endloop
  endfacet
  facet normal 0 0 0
    outer loop
      vertex -1.897615911938391e-15 -10.330139886099325 -3.69
      vertex -1.8040927588355036e-15 -9.82102355330306 -4.920000000000001
      vertex -1.9159866475418783 -9.632315339573072 -4.920000000000001
    endloop
  endfacet
  facet normal 0 0 0
    outer loop
      vertex -2.0153103168507718 -10.131649144792519 -3.69
      vertex -1.897615911938391e-15 -10.330139886099325 -3.69
      vertex -1.9159866475418783 -9.632315339573072 -4.920000000000001
    endloop
  endfacet
  facet normal 0 0 0
    outer loop
      vertex 2.0153103168507682 -10.13164914479252 -3.69
      vertex 1.9159866475418745 -9.632315339573072 -4.920000000000001
      vertex -1.8040927588355036e-15 -9.82102355330306 -4.920000000000001
    endloop
  endfacet
  facet normal 0 0 0
    outer loop
      vertex -1.897615911938391e-15 -10.330139886099325 -3.69
      vertex 2.0153103168507682 -10.13164914479252 -3.69
      vertex -1.8040927588355036e-15 -9.82102355330306 -4.920000000000001
    endloop
  endfacet
  facet normal 0 0 0
    outer loop
      vertex 3.9531733884240094 -9.543804808745639 -3.69
      vertex 3.7583430027164075 -9.073442649207966 -4.920000000000001
      vertex 1.9159866475418745 -9.632315339573072 -4.920000000000001
    endloop
  endfacet
  facet normal 0 0 0
    outer loop
      vertex 2.0153103168507682 -10.13164914479252 -3.69
      vertex 3.9531733884240094 -9.543804808745639 -3.69
      vertex 1.9159866475418745 -9.632315339573072 -4.920000000000001
    endloop
  endfacet
  facet normal 0 0 0
    outer loop
      vertex 5.739118223645285 -8.589197406126067 -3.69
      vertex 5.45626834399958 -8.165882646279064 -4.920000000000001
      vertex 3.7583430027164075 -9.073442649207966 -4.920000000000001
    endloop
  endfacet
  facet normal 0 0 0
    outer loop
      vertex 3.9531733884240094 -9.543804808745639 -3.69
      vertex 5.739118223645285 -8.589197406126067 -3.69
      vertex 3.7583430027164075 -9.073442649207966 -4.920000000000001
    endloop
  endfacet
  facet normal 0 0 0
    outer loop
      vertex 7.30451196406646 -7.304511964066463 -3.69
      vertex 6.944512352733395 -6.9445123527333985 -4.920000000000001
      vertex 5.45626834399958 -8.165882646279064 -4.920000000000001
    endloop
  endfacet
  facet normal 0 0 0
    outer loop
      vertex 5.739118223645285 -8.589197406126067 -3.69
      vertex 7.30451196406646 -7.304511964066463 -3.69
      vertex 5.45626834399958 -8.165882646279064 -4.920000000000001
    endloop
  endfacet
  facet normal 0 0 0
    outer loop
      vertex 8.589197406126065 -5.739118223645288 -3.69
      vertex 8.16588264627906 -5.456268343999582 -4.920000000000001
      vertex 6.944512352733395 -6.9445123527333985 -4.920000000000001
    endloop
  endfacet
  facet normal 0 0 0
    outer loop
      vertex 7.30451196406646 -7.304511964066463 -3.69
      vertex 8.589197406126065 -5.739118223645288 -3.69
      vertex 6.944512352733395 -6.9445123527333985 -4.920000000000001
    endloop
  endfacet
  facet normal 0 0 0
    outer loop
      vertex 9.543804808745639 -3.953173388424013 -3.69
      vertex 9.073442649207966 -3.7583430027164115 -4.920000000000001
      vertex 8.16588264627906 -5.456268343999582 -4.920000000000001
    endloop
  endfacet
  facet normal 0 0 0
    outer loop
      vertex 8.589197406126065 -5.739118223645288 -3.69
      vertex 9.543804808745639 -3.953173388424013 -3.69
      vertex 8.16588264627906 -5.456268343999582 -4.920000000000001
    endloop
  endfacet
  facet normal 0 0 0
    outer loop
      vertex 10.131649144792519 -2.015310316850772 -3.69
      vertex 9.632315339573072 -1.9159866475418788 -4.920000000000001
      vertex 9.073442649207966 -3.7583430027164115 -4.920000000000001
    endloop
  endfacet
  facet normal 0 0 0
    outer loop
      vertex 9.543804808745639 -3.953173388424013 -3.69
      vertex 10.131649144792519 -2.015310316850772 -3.69
      vertex 9.073442649207966 -3.7583430027164115 -4.920000000000001
    endloop
  endfacet
  facet normal 0 0 0
    outer loop
      vertex 10.330139886099325 0 -3.69
      vertex 9.82102355330306 0 -4.920000000000001
      vertex 9.632315339573072 -1.9159866475418788 -4.920000000000001
    endloop
  endfacet
  facet normal 0 0 0
    outer loop
      vertex 10.131649144792519 -2.015310316850772 -3.69
      vertex 10.330139886099325 0 -3.69
      vertex 9.632315339573072 -1.9159866475418788 -4.920000000000001
    endloop
  endfacet
  facet normal 0 0 0
    outer loop
      vertex 10.49454694188079 2.087495176786458 -2.459999999999999
      vertex 10.13164914479252 2.0153103168507673 -3.69
      vertex 10.330139886099325 0 -3.69
    endloop
  endfacet
  facet normal 0 0 0
    outer loop
      vertex 10.7001472713438 0 -2.459999999999999
      vertex 10.49454694188079 2.087495176786458 -2.459999999999999
      vertex 10.330139886099325 0 -3.69
    endloop
  endfacet
  facet normal 0 0 0
    outer loop
      vertex 9.885647058851031 4.094769084609795 -2.459999999999999
      vertex 9.54380480874564 3.953173388424007 -3.69
      vertex 10.13164914479252 2.0153103168507673 -3.69
    endloop
  endfacet
  facet normal 0 0 0
    outer loop
      vertex 10.49454694188079 2.087495176786458 -2.459999999999999
      vertex 9.885647058851031 4.094769084609795 -2.459999999999999
      vertex 10.13164914479252 2.0153103168507673 -3.69
    endloop
  endfacet
  facet normal 0 0 0
    outer loop
      vertex 8.896847303284368 5.9446833128845356 -2.459999999999999
      vertex 8.589197406126065 5.739118223645288 -3.69
      vertex 9.54380480874564 3.953173388424007 -3.69
    endloop
  endfacet
  facet normal 0 0 0
    outer loop
      vertex 9.885647058851031 4.094769084609795 -2.459999999999999
      vertex 8.896847303284368 5.9446833128845356 -2.459999999999999
      vertex 9.54380480874564 3.953173388424007 -3.69
    endloop
  endfacet
  facet normal 0 0 0
    outer loop
      vertex 7.566146695261935 7.566146695261934 -2.459999999999999
      vertex 7.304511964066462 7.304511964066461 -3.69
      vertex 8.589197406126065 5.739118223645288 -3.69
    endloop
  endfacet
  facet normal 0 0 0
    outer loop
      vertex 8.896847303284368 5.9446833128845356 -2.459999999999999
      vertex 7.566146695261935 7.566146695261934 -2.459999999999999
      vertex 8.589197406126065 5.739118223645288 -3.69
    endloop
  endfacet
  facet normal 0 0 0
    outer loop
      vertex 5.944683312884536 8.896847303284368 -2.459999999999999
      vertex 5.73911822364529 8.589197406126065 -3.69
      vertex 7.304511964066462 7.304511964066461 -3.69
    endloop
  endfacet
  facet normal 0 0 0
    outer loop
      vertex 7.566146695261935 7.566146695261934 -2.459999999999999
      vertex 5.944683312884536 8.896847303284368 -2.459999999999999
      vertex 7.304511964066462 7.304511964066461 -3.69
    endloop
  endfacet
  facet normal 0 0 0
    outer loop
      vertex 4.094769084609796 9.885647058851031 -2.459999999999999
      vertex 3.9531733884240077 9.54380480874564 -3.69
      vertex 5.73911822364529 8.589197406126065 -3.69
    endloop
  endfacet
  facet normal 0 0 0
    outer loop
      vertex 5.944683312884536 8.896847303284368 -2.459999999999999
      vertex 4.094769084609796 9.885647058851031 -2.459999999999999
      vertex 5.73911822364529 8.589197406126065 -3.69
    endloop
  endfacet
  facet normal 0 0 0
    outer loop
      vertex 2.087495176786459 10.49454694188079 -2.459999999999999
      vertex 2.0153103168507687 10.13164914479252 -3.69
      vertex 3.9531733884240077 9.54380480874564 -3.69
    endloop
  endfacet
  facet normal 0 0 0
    outer loop
      vertex 4.094769084609796 9.885647058851031 -2.459999999999999
      vertex 2.087495176786459 10.49454694188079 -2.459999999999999
      vertex 3.9531733884240077 9.54380480874564 -3.69
    endloop
  endfacet
  facet normal 0 0 0
    outer loop
      vertex 6.551950553128236e-16 10.7001472713438 -2.459999999999999
      vertex 6.325386373127971e-16 10.330139886099325 -3.69
      vertex 2.0153103168507687 10.13164914479252 -3.69
    endloop
  endfacet
  facet normal 0 0 0
    outer loop
      vertex 2.087495176786459 10.49454694188079 -2.459999999999999
      vertex 6.551950553128236e-16 10.7001472713438 -2.459999999999999
      vertex 2.0153103168507687 10.13164914479252 -3.69
    endloop
  endfacet
  facet normal 0 0 0
    outer loop
      vertex -2.0874951767864576 10.49454694188079 -2.459999999999999
      vertex -2.015310316850767 10.13164914479252 -3.69
      vertex 6.325386373127971e-16 10.330139886099325 -3.69
    endloop
  endfacet
  facet normal 0 0 0
    outer loop
      vertex 6.551950553128236e-16 10.7001472713438 -2.459999999999999
      vertex -2.0874951767864576 10.49454694188079 -2.459999999999999
      vertex 6.325386373127971e-16 10.330139886099325 -3.69
    endloop
  endfacet
  facet normal 0 0 0
    outer loop
      vertex -4.094769084609795 9.885647058851031 -2.459999999999999
      vertex -3.9531733884240063 9.54380480874564 -3.69
      vertex -2.015310316850767 10.13164914479252 -3.69
    endloop
  endfacet
  facet normal 0 0 0
    outer loop
      vertex -2.0874951767864576 10.49454694188079 -2.459999999999999
      vertex -4.094769084609795 9.885647058851031 -2.459999999999999
      vertex -2.015310316850767 10.13164914479252 -3.69
    endloop
  endfacet
  facet normal 0 0 0
    outer loop
      vertex -5.944683312884534 8.896847303284368 -2.459999999999999
      vertex -5.739118223645286 8.589197406126065 -3.69
      vertex -3.9531733884240063 9.54380480874564 -3.69
    endloop
  endfacet
  facet normal 0 0 0
    outer loop
      vertex -4.094769084609795 9.885647058851031 -2.459999999999999
      vertex -5.944683312884534 8.896847303284368 -2.459999999999999
      vertex -3.9531733884240063 9.54380480874564 -3.69
    endloop
  endfacet
  facet normal 0 0 0
    outer loop
      vertex -7.566146695261934 7.566146695261935 -2.459999999999999
      vertex -7.304511964066461 7.304511964066462 -3.69
      vertex -5.739118223645286 8.589197406126065 -3.69
    endloop
  endfacet
  facet normal 0 0 0
    outer loop
      vertex -5.944683312884534 8.896847303284368 -2.459999999999999
      vertex -7.566146695261934 7.566146695261935 -2.459999999999999
      vertex -5.739118223645286 8.589197406126065 -3.69
    endloop
  endfacet
  facet normal 0 0 0
    outer loop
      vertex -8.896847303284368 5.9446833128845356 -2.459999999999999
      vertex -8.589197406126065 5.739118223645288 -3.69
      vertex -7.304511964066461 7.304511964066462 -3.69
    endloop
  endfacet
  facet normal 0 0 0
    outer loop
      vertex -7.566146695261934 7.566146695261935 -2.459999999999999
      vertex -8.896847303284368 5.9446833128845356 -2.459999999999999
      vertex -7.304511964066461 7.304511964066462 -3.69
    endloop
  endfacet
  facet normal 0 0 0
    outer loop
      vertex -9.885647058851031 4.094769084609797 -2.459999999999999
      vertex -9.54380480874564 3.953173388424008 -3.69
      vertex -8.589197406126065 5.739118223645288 -3.69
    endloop
  endfacet
  facet normal 0 0 0
    outer loop
      vertex -8.896847303284368 5.9446833128845356 -2.459999999999999
      vertex -9.885647058851031 4.094769084609797 -2.459999999999999
      vertex -8.589197406126065 5.739118223645288 -3.69
    endloop
  endfacet
  facet normal 0 0 0
    outer loop
      vertex -10.49454694188079 2.087495176786462 -2.459999999999999
      vertex -10.13164914479252 2.0153103168507713 -3.69
      vertex -9.54380480874564 3.953173388424008 -3.69
    endloop
  endfacet
  facet normal 0 0 0
    outer loop
      vertex -9.885647058851031 4.094769084609797 -2.459999999999999
      vertex -10.49454694188079 2.087495176786462 -2.459999999999999
      vertex -9.54380480874564 3.953173388424008 -3.69
    endloop
  endfacet
  facet normal 0 0 0
    outer loop
      vertex -10.7001472713438 1.3103901106256471e-15 -2.459999999999999
      vertex -10.330139886099325 1.2650772746255941e-15 -3.69
      vertex -10.13164914479252 2.0153103168507713 -3.69
    endloop
  endfacet
  facet normal 0 0 0
    outer loop
      vertex -10.49454694188079 2.087495176786462 -2.459999999999999
      vertex -10.7001472713438 1.3103901106256471e-15 -2.459999999999999
      vertex -10.13164914479252 2.0153103168507713 -3.69
    endloop
  endfacet
  facet normal 0 0 0
    outer loop
      vertex -10.49454694188079 -2.0874951767864593 -2.459999999999999
      vertex -10.13164914479252 -2.0153103168507687 -3.69
      vertex -10.330139886099325 1.2650772746255941e-15 -3.69
    endloop
  endfacet
  facet normal 0 0 0
    outer loop
      vertex -10.7001472713438 1.3103901106256471e-15 -2.459999999999999
      vertex -10.49454694188079 -2.0874951767864593 -2.459999999999999
      vertex -10.330139886099325 1.2650772746255941e-15 -3.69
    endloop
  endfacet
  facet normal 0 0 0
    outer loop
      vertex -9.885647058851031 -4.094769084609794 -2.459999999999999
      vertex -9.54380480874564 -3.9531733884240055 -3.69
      vertex -10.13164914479252 -2.0153103168507687 -3.69
    endloop
  endfacet
  facet normal 0 0 0
    outer loop
      vertex -10.49454694188079 -2.0874951767864593 -2.459999999999999
      vertex -9.885647058851031 -4.094769084609794 -2.459999999999999
      vertex -10.13164914479252 -2.0153103168507687 -3.69
    endloop
  endfacet
  facet normal 0 0 0
    outer loop
      vertex -8.89684730328437 -5.944683312884534 -2.459999999999999
      vertex -8.589197406126067 -5.739118223645286 -3.69
      vertex -9.54380480874564 -3.9531733884240055 -3.69
    endloop
  endfacet
  facet normal 0 0 0
    outer loop
      vertex -9.885647058851031 -4.094769084609794 -2.459999999999999
      vertex -8.89684730328437 -5.944683312884534 -2.459999999999999
      vertex -9.54380480874564 -3.9531733884240055 -3.69
    endloop
  endfacet
  facet normal 0 0 0
    outer loop
      vertex -7.566146695261937 -7.566146695261934 -2.459999999999999
      vertex -7.304511964066463 -7.304511964066461 -3.69
      vertex -8.589197406126067 -5.739118223645286 -3.69
    endloop
  endfacet
  facet normal 0 0 0
    outer loop
      vertex -8.89684730328437 -5.944683312884534 -2.459999999999999
      vertex -7.566146695261937 -7.566146695261934 -2.459999999999999
      vertex -8.589197406126067 -5.739118223645286 -3.69
    endloop
  endfacet
  facet normal 0 0 0
    outer loop
      vertex -5.9446833128845356 -8.896847303284368 -2.459999999999999
      vertex -5.739118223645288 -8.589197406126065 -3.69
      vertex -7.304511964066463 -7.304511964066461 -3.69
    endloop
  endfacet
  facet normal 0 0 0
    outer loop
      vertex -7.566146695261937 -7.566146695261934 -2.459999999999999
      vertex -5.9446833128845356 -8.896847303284368 -2.459999999999999
      vertex -7.304511964066463 -7.304511964066461 -3.69
    endloop
  endfacet
  facet normal 0 0 0
    outer loop
      vertex -4.094769084609801 -9.885647058851028 -2.459999999999999
      vertex -3.9531733884240126 -9.543804808745639 -3.69
      vertex -5.739118223645288 -8.589197406126065 -3.69
    endloop
  endfacet
  facet normal 0 0 0
    outer loop
      vertex -5.9446833128845356 -8.896847303284368 -2.459999999999999
      vertex -4.094769084609801 -9.885647058851028 -2.459999999999999
      vertex -5.739118223645288 -8.589197406126065 -3.69
    endloop
  endfacet
  facet normal 0 0 0
    outer loop
      vertex -2.0874951767864625 -10.49454694188079 -2.459999999999999
      vertex -2.0153103168507718 -10.131649144792519 -3.69
      vertex -3.9531733884240126 -9.543804808745639 -3.69
    endloop
  endfacet
  facet normal 0 0 0
    outer loop
      vertex -4.094769084609801 -9.885647058851028 -2.459999999999999
      vertex -2.0874951767864625 -10.49454694188079 -2.459999999999999
      vertex -3.9531733884240126 -9.543804808745639 -3.69
    endloop
  endfacet
  facet normal 0 0 0
    outer loop
      vertex -1.9655851659384705e-15 -10.7001472713438 -2.459999999999999
      vertex -1.897615911938391e-15 -10.330139886099325 -3.69
      vertex -2.0153103168507718 -10.131649144792519 -3.69
    endloop
  endfacet
  facet normal 0 0 0
    outer loop
      vertex -2.0874951767864625 -10.49454694188079 -2.459999999999999
      vertex -1.9655851659384705e-15 -10.7001472713438 -2.459999999999999
      vertex -2.0153103168507718 -10.131649144792519 -3.69
    endloop
  endfacet
  facet normal 0 0 0
    outer loop
      vertex 2.0874951767864585 -10.49454694188079 -2.459999999999999
      vertex 2.0153103168507682 -10.13164914479252 -3.69
      vertex -1.897615911938391e-15 -10.330139886099325 -3.69
    endloop
  endfacet
  facet normal 0 0 0
    outer loop
      vertex -1.9655851659384705e-15 -10.7001472713438 -2.459999999999999
      vertex 2.0874951767864585 -10.49454694188079 -2.459999999999999
      vertex -1.897615911938391e-15 -10.330139886099325 -3.69
    endloop
  endfacet
  facet normal 0 0 0
    outer loop
      vertex 4.094769084609798 -9.88564705885103 -2.459999999999999
      vertex 3.9531733884240094 -9.543804808745639 -3.69
      vertex 2.0153103168507682 -10.13164914479252 -3.69
    endloop
  endfacet
  facet normal 0 0 0
    outer loop
      vertex 2.0874951767864585 -10.49454694188079 -2.459999999999999
      vertex 4.094769084609798 -9.88564705885103 -2.459999999999999
      vertex 2.0153103168507682 -10.13164914479252 -3.69
    endloop
  endfacet
  facet normal 0 0 0
    outer loop
      vertex 5.944683312884533 -8.89684730328437 -2.459999999999999
      vertex 5.739118223645285 -8.589197406126067 -3.69
      vertex 3.9531733884240094 -9.543804808745639 -3.69
    endloop
  endfacet
  facet normal 0 0 0
    outer loop
      vertex 4.094769084609798 -9.88564705885103 -2.459999999999999
      vertex 5.944683312884533 -8.89684730328437 -2.459999999999999
      vertex 3.9531733884240094 -9.543804808745639 -3.69
    endloop
  endfacet
  facet normal 0 0 0
    outer loop
      vertex 7.566146695261933 -7.566146695261937 -2.459999999999999
      vertex 7.30451196406646 -7.304511964066463 -3.69
      vertex 5.739118223645285 -8.589197406126067 -3.69
    endloop
  endfacet
  facet normal 0 0 0
    outer loop
      vertex 5.944683312884533 -8.89684730328437 -2.459999999999999
      vertex 7.566146695261933 -7.566146695261937 -2.459999999999999
      vertex 5.739118223645285 -8.589197406126067 -3.69
    endloop
  endfacet
  facet normal 0 0 0
    outer loop
      vertex 8.896847303284368 -5.9446833128845356 -2.459999999999999
      vertex 8.589197406126065 -5.739118223645288 -3.69
      vertex 7.30451196406646 -7.304511964066463 -3.69
    endloop
  endfacet
  facet normal 0 0 0
    outer loop
      vertex 7.566146695261933 -7.566146695261937 -2.459999999999999
      vertex 8.896847303284368 -5.9446833128845356 -2.459999999999999
      vertex 7.30451196406646 -7.304511964066463 -3.69
    endloop
  endfacet
  facet normal 0 0 0
    outer loop
      vertex 9.885647058851028 -4.094769084609802 -2.459999999999999
      vertex 9.543804808745639 -3.953173388424013 -3.69
      vertex 8.589197406126065 -5.739118223645288 -3.69
    endloop
  endfacet
  facet normal 0 0 0
    outer loop
      vertex 8.896847303284368 -5.9446833128845356 -2.459999999999999
      vertex 9.885647058851028 -4.094769084609802 -2.459999999999999
      vertex 8.589197406126065 -5.739118223645288 -3.69
    endloop
  endfacet
  facet normal 0 0 0
    outer loop
      vertex 10.49454694188079 -2.0874951767864633 -2.459999999999999
      vertex 10.131649144792519 -2.015310316850772 -3.69
      vertex 9.543804808745639 -3.953173388424013 -3.69
    endloop
  endfacet
  facet normal 0 0 0
    outer loop
      vertex 9.885647058851028 -4.094769084609802 -2.459999999999999
      vertex 10.49454694188079 -2.0874951767864633 -2.459999999999999
      vertex 9.543804808745639 -3.953173388424013 -3.69
    endloop
  endfacet
  facet normal 0 0 0
    outer loop
      vertex 10.7001472713438 0 -2.459999999999999
      vertex 10.330139886099325 0 -3.69
      vertex 10.131649144792519 -2.015310316850772 -3.69
    endloop
  endfacet
  facet normal 0 0 0
    outer loop
      vertex 10.49454694188079 -2.0874951767864633 -2.459999999999999
      vertex 10.7001472713438 0 -2.459999999999999
      vertex 10.131649144792519 -2.015310316850772 -3.69
    endloop
  endfacet
  facet normal 0 0 0
    outer loop
      vertex 10.71479944891543 2.131306124382023 -1.2300000000000004
      vertex 10.49454694188079 2.087495176786458 -2.459999999999999
      vertex 10.7001472713438 0 -2.459999999999999
    endloop
  endfacet
  facet normal 0 0 0
    outer loop
      vertex 10.924714780089532 0 -1.2300000000000004
      vertex 10.71479944891543 2.131306124382023 -1.2300000000000004
      vertex 10.7001472713438 0 -2.459999999999999
    endloop
  endfacet
  facet normal 0 0 0
    outer loop
      vertex 10.093120383848262 4.1807073496542895 -1.2300000000000004
      vertex 9.885647058851031 4.094769084609795 -2.459999999999999
      vertex 10.49454694188079 2.087495176786458 -2.459999999999999
    endloop
  endfacet
  facet normal 0 0 0
    outer loop
      vertex 10.71479944891543 2.131306124382023 -1.2300000000000004
      vertex 10.093120383848262 4.1807073496542895 -1.2300000000000004
      vertex 10.49454694188079 2.087495176786458 -2.459999999999999
    endloop
  endfacet
  facet normal 0 0 0
    outer loop
      vertex 9.08356836271693 6.069446336047034 -1.2300000000000004
      vertex 8.896847303284368 5.9446833128845356 -2.459999999999999
      vertex 9.885647058851031 4.094769084609795 -2.459999999999999
    endloop
  endfacet
  facet normal 0 0 0
    outer loop
      vertex 10.093120383848262 4.1807073496542895 -1.2300000000000004
      vertex 9.08356836271693 6.069446336047034 -1.2300000000000004
      vertex 9.885647058851031 4.094769084609795 -2.459999999999999
    endloop
  endfacet
  facet normal 0 0 0
    outer loop
      vertex 7.7249399035302115 7.724939903530211 -1.2300000000000004
      vertex 7.566146695261935 7.566146695261934 -2.459999999999999
      vertex 8.896847303284368 5.9446833128845356 -2.459999999999999
    endloop
  endfacet
  facet normal 0 0 0
    outer loop
      vertex 9.08356836271693 6.069446336047034 -1.2300000000000004
      vertex 7.7249399035302115 7.724939903530211 -1.2300000000000004
      vertex 8.896847303284368 5.9446833128845356 -2.459999999999999
    endloop
  endfacet
  facet normal 0 0 0
    outer loop
      vertex 6.069446336047035 9.08356836271693 -1.2300000000000004
      vertex 5.944683312884536 8.896847303284368 -2.459999999999999
      vertex 7.566146695261935 7.566146695261934 -2.459999999999999
    endloop
  endfacet
  facet normal 0 0 0
    outer loop
      vertex 7.7249399035302115 7.724939903530211 -1.2300000000000004
      vertex 6.069446336047035 9.08356836271693 -1.2300000000000004
      vertex 7.566146695261935 7.566146695261934 -2.459999999999999
    endloop
  endfacet
  facet normal 0 0 0
    outer loop
      vertex 4.18070734965429 10.093120383848262 -1.2300000000000004
      vertex 4.094769084609796 9.885647058851031 -2.459999999999999
      vertex 5.944683312884536 8.896847303284368 -2.459999999999999
    endloop
  endfacet
  facet normal 0 0 0
    outer loop
      vertex 6.069446336047035 9.08356836271693 -1.2300000000000004
      vertex 4.18070734965429 10.093120383848262 -1.2300000000000004
      vertex 5.944683312884536 8.896847303284368 -2.459999999999999
    endloop
  endfacet
  facet normal 0 0 0
    outer loop
      vertex 2.1313061243820237 10.71479944891543 -1.2300000000000004
      vertex 2.087495176786459 10.49454694188079 -2.459999999999999
      vertex 4.094769084609796 9.885647058851031 -2.459999999999999
    endloop
  endfacet
  facet normal 0 0 0
    outer loop
      vertex 4.18070734965429 10.093120383848262 -1.2300000000000004
      vertex 2.1313061243820237 10.71479944891543 -1.2300000000000004
      vertex 4.094769084609796 9.885647058851031 -2.459999999999999
    endloop
  endfacet
  facet normal 0 0 0
    outer loop
      vertex 6.689458493517213e-16 10.924714780089532 -1.2300000000000004
      vertex 6.551950553128236e-16 10.7001472713438 -2.459999999999999
      vertex 2.087495176786459 10.49454694188079 -2.459999999999999
    endloop
  endfacet
  facet normal 0 0 0
    outer loop
      vertex 2.1313061243820237 10.71479944891543 -1.2300000000000004
      vertex 6.689458493517213e-16 10.924714780089532 -1.2300000000000004
      vertex 2.087495176786459 10.49454694188079 -2.459999999999999
    endloop
  endfacet
  facet normal 0 0 0
    outer loop
      vertex -2.1313061243820224 10.71479944891543 -1.2300000000000004
      vertex -2.0874951767864576 10.49454694188079 -2.459999999999999
      vertex 6.551950553128236e-16 10.7001472713438 -2.459999999999999
    endloop
  endfacet
  facet normal 0 0 0
    outer loop
      vertex 6.689458493517213e-16 10.924714780089532 -1.2300000000000004
      vertex -2.1313061243820224 10.71479944891543 -1.2300000000000004
      vertex 6.551950553128236e-16 10.7001472713438 -2.459999999999999
    endloop
  endfacet
  facet normal 0 0 0
    outer loop
      vertex -4.180707349654289 10.093120383848262 -1.2300000000000004
      vertex -4.094769084609795 9.885647058851031 -2.459999999999999
      vertex -2.0874951767864576 10.49454694188079 -2.459999999999999
    endloop
  endfacet
  facet normal 0 0 0
    outer loop
      vertex -2.1313061243820224 10.71479944891543 -1.2300000000000004
      vertex -4.180707349654289 10.093120383848262 -1.2300000000000004
      vertex -2.0874951767864576 10.49454694188079 -2.459999999999999
    endloop
  endfacet
  facet normal 0 0 0
    outer loop
      vertex -6.069446336047032 9.08356836271693 -1.2300000000000004
      vertex -5.944683312884534 8.896847303284368 -2.459999999999999
      vertex -4.094769084609795 9.885647058851031 -2.459999999999999
    endloop
  endfacet
  facet normal 0 0 0
    outer loop
      vertex -4.180707349654289 10.093120383848262 -1.2300000000000004
      vertex -6.069446336047032 9.08356836271693 -1.2300000000000004
      vertex -4.094769084609795 9.885647058851031 -2.459999999999999
    endloop
  endfacet
  facet normal 0 0 0
    outer loop
      vertex -7.724939903530211 7.7249399035302115 -1.2300000000000004
      vertex -7.566146695261934 7.566146695261935 -2.459999999999999
      vertex -5.944683312884534 8.896847303284368 -2.459999999999999
    endloop
  endfacet
  facet normal 0 0 0
    outer loop
      vertex -6.069446336047032 9.08356836271693 -1.2300000000000004
      vertex -7.724939903530211 7.7249399035302115 -1.2300000000000004
      vertex -5.944683312884534 8.896847303284368 -2.459999999999999
    endloop
  endfacet
  facet normal 0 0 0
    outer loop
      vertex -9.08356836271693 6.069446336047034 -1.2300000000000004
      vertex -8.896847303284368 5.9446833128845356 -2.459999999999999
      vertex -7.566146695261934 7.566146695261935 -2.459999999999999
    endloop
  endfacet
  facet normal 0 0 0
    outer loop
      vertex -7.724939903530211 7.7249399035302115 -1.2300000000000004
      vertex -9.08356836271693 6.069446336047034 -1.2300000000000004
      vertex -7.566146695261934 7.566146695261935 -2.459999999999999
    endloop
  endfacet
  facet normal 0 0 0
    outer loop
      vertex -10.093120383848262 4.18070734965429 -1.2300000000000004
      vertex -9.885647058851031 4.094769084609797 -2.459999999999999
      vertex -8.896847303284368 5.9446833128845356 -2.459999999999999
    endloop
  endfacet
  facet normal 0 0 0
    outer loop
      vertex -9.08356836271693 6.069446336047034 -1.2300000000000004
      vertex -10.093120383848262 4.18070734965429 -1.2300000000000004
      vertex -8.896847303284368 5.9446833128845356 -2.459999999999999
    endloop
  endfacet
  facet normal 0 0 0
    outer loop
      vertex -10.71479944891543 2.131306124382027 -1.2300000000000004
      vertex -10.49454694188079 2.087495176786462 -2.459999999999999
      vertex -9.885647058851031 4.094769084609797 -2.459999999999999
    endloop
  endfacet
  facet normal 0 0 0
    outer loop
      vertex -10.093120383848262 4.18070734965429 -1.2300000000000004
      vertex -10.71479944891543 2.131306124382027 -1.2300000000000004
      vertex -9.885647058851031 4.094769084609797 -2.459999999999999
    endloop
  endfacet
  facet normal 0 0 0
    outer loop
      vertex -10.924714780089532 1.3378916987034426e-15 -1.2300000000000004
      vertex -10.7001472713438 1.3103901106256471e-15 -2.459999999999999
      vertex -10.49454694188079 2.087495176786462 -2.459999999999999
    endloop
  endfacet
  facet normal 0 0 0
    outer loop
      vertex -10.71479944891543 2.131306124382027 -1.2300000000000004
      vertex -10.924714780089532 1.3378916987034426e-15 -1.2300000000000004
      vertex -10.49454694188079 2.087495176786462 -2.459999999999999
    endloop
  endfacet
  facet normal 0 0 0
    outer loop
      vertex -10.71479944891543 -2.1313061243820237 -1.2300000000000004
      vertex -10.49454694188079 -2.0874951767864593 -2.459999999999999
      vertex -10.7001472713438 1.3103901106256471e-15 -2.459999999999999
    endloop
  endfacet
  facet normal 0 0 0
    outer loop
      vertex -10.924714780089532 1.3378916987034426e-15 -1.2300000000000004
      vertex -10.71479944891543 -2.1313061243820237 -1.2300000000000004
      vertex -10.7001472713438 1.3103901106256471e-15 -2.459999999999999
    endloop
  endfacet
  facet normal 0 0 0
    outer loop
      vertex -10.093120383848262 -4.180707349654288 -1.2300000000000004
      vertex -9.885647058851031 -4.094769084609794 -2.459999999999999
      vertex -10.49454694188079 -2.0874951767864593 -2.459999999999999
    endloop
  endfacet
  facet normal 0 0 0
    outer loop
      vertex -10.71479944891543 -2.1313061243820237 -1.2300000000000004
      vertex -10.093120383848262 -4.180707349654288 -1.2300000000000004
      vertex -10.49454694188079 -2.0874951767864593 -2.459999999999999
    endloop
  endfacet
  facet normal 0 0 0
    outer loop
      vertex -9.083568362716932 -6.069446336047032 -1.2300000000000004
      vertex -8.89684730328437 -5.944683312884534 -2.459999999999999
      vertex -9.885647058851031 -4.094769084609794 -2.459999999999999
    endloop
  endfacet
  facet normal 0 0 0
    outer loop
      vertex -10.093120383848262 -4.180707349654288 -1.2300000000000004
      vertex -9.083568362716932 -6.069446336047032 -1.2300000000000004
      vertex -9.885647058851031 -4.094769084609794 -2.459999999999999
    endloop
  endfacet
  facet normal 0 0 0
    outer loop
      vertex -7.724939903530212 -7.724939903530211 -1.2300000000000004
      vertex -7.566146695261937 -7.566146695261934 -2.459999999999999
      vertex -8.89684730328437 -5.944683312884534 -2.459999999999999
    endloop
  endfacet
  facet normal 0 0 0
    outer loop
      vertex -9.083568362716932 -6.069446336047032 -1.2300000000000004
      vertex -7.724939903530212 -7.724939903530211 -1.2300000000000004
      vertex -8.89684730328437 -5.944683312884534 -2.459999999999999
    endloop
  endfacet
  facet normal 0 0 0
    outer loop
      vertex -6.069446336047034 -9.08356836271693 -1.2300000000000004
      vertex -5.9446833128845356 -8.896847303284368 -2.459999999999999
      vertex -7.566146695261937 -7.566146695261934 -2.459999999999999
    endloop
  endfacet
  facet normal 0 0 0
    outer loop
      vertex -7.724939903530212 -7.724939903530211 -1.2300000000000004
      vertex -6.069446336047034 -9.08356836271693 -1.2300000000000004
      vertex -7.566146695261937 -7.566146695261934 -2.459999999999999
    endloop
  endfacet
  facet normal 0 0 0
    outer loop
      vertex -4.180707349654296 -10.09312038384826 -1.2300000000000004
      vertex -4.094769084609801 -9.885647058851028 -2.459999999999999
      vertex -5.9446833128845356 -8.896847303284368 -2.459999999999999
    endloop
  endfacet
  facet normal 0 0 0
    outer loop
      vertex -6.069446336047034 -9.08356836271693 -1.2300000000000004
      vertex -4.180707349654296 -10.09312038384826 -1.2300000000000004
      vertex -5.9446833128845356 -8.896847303284368 -2.459999999999999
    endloop
  endfacet
  facet normal 0 0 0
    outer loop
      vertex -2.1313061243820273 -10.714799448915427 -1.2300000000000004
      vertex -2.0874951767864625 -10.49454694188079 -2.459999999999999
      vertex -4.094769084609801 -9.885647058851028 -2.459999999999999
    endloop
  endfacet
  facet normal 0 0 0
    outer loop
      vertex -4.180707349654296 -10.09312038384826 -1.2300000000000004
      vertex -2.1313061243820273 -10.714799448915427 -1.2300000000000004
      vertex -4.094769084609801 -9.885647058851028 -2.459999999999999
    endloop
  endfacet
  facet normal 0 0 0
    outer loop
      vertex -2.0068375480551638e-15 -10.924714780089532 -1.2300000000000004
      vertex -1.9655851659384705e-15 -10.7001472713438 -2.459999999999999
      vertex -2.0874951767864625 -10.49454694188079 -2.459999999999999
    endloop
  endfacet
  facet normal 0 0 0
    outer loop
      vertex -2.1313061243820273 -10.714799448915427 -1.2300000000000004
      vertex -2.0068375480551638e-15 -10.924714780089532 -1.2300000000000004
      vertex -2.0874951767864625 -10.49454694188079 -2.459999999999999
    endloop
  endfacet
  facet normal 0 0 0
    outer loop
      vertex 2.1313061243820233 -10.71479944891543 -1.2300000000000004
      vertex 2.0874951767864585 -10.49454694188079 -2.459999999999999
      vertex -1.9655851659384705e-15 -10.7001472713438 -2.459999999999999
    endloop
  endfacet
  facet normal 0 0 0
    outer loop
      vertex -2.0068375480551638e-15 -10.924714780089532 -1.2300000000000004
      vertex 2.1313061243820233 -10.71479944891543 -1.2300000000000004
      vertex -1.9655851659384705e-15 -10.7001472713438 -2.459999999999999
    endloop
  endfacet
  facet normal 0 0 0
    outer loop
      vertex 4.180707349654292 -10.09312038384826 -1.2300000000000004
      vertex 4.094769084609798 -9.88564705885103 -2.459999999999999
      vertex 2.0874951767864585 -10.49454694188079 -2.459999999999999
    endloop
  endfacet
  facet normal 0 0 0
    outer loop
      vertex 2.1313061243820233 -10.71479944891543 -1.2300000000000004
      vertex 4.180707349654292 -10.09312038384826 -1.2300000000000004
      vertex 2.0874951767864585 -10.49454694188079 -2.459999999999999
    endloop
  endfacet
  facet normal 0 0 0
    outer loop
      vertex 6.06944633604703 -9.083568362716932 -1.2300000000000004
      vertex 5.944683312884533 -8.89684730328437 -2.459999999999999
      vertex 4.094769084609798 -9.88564705885103 -2.459999999999999
    endloop
  endfacet
  facet normal 0 0 0
    outer loop
      vertex 4.180707349654292 -10.09312038384826 -1.2300000000000004
      vertex 6.06944633604703 -9.083568362716932 -1.2300000000000004
      vertex 4.094769084609798 -9.88564705885103 -2.459999999999999
    endloop
  endfacet
  facet normal 0 0 0
    outer loop
      vertex 7.72493990353021 -7.724939903530212 -1.2300000000000004
      vertex 7.566146695261933 -7.566146695261937 -2.459999999999999
      vertex 5.944683312884533 -8.89684730328437 -2.459999999999999
    endloop
  endfacet
  facet normal 0 0 0
    outer loop
      vertex 6.06944633604703 -9.083568362716932 -1.2300000000000004
      vertex 7.72493990353021 -7.724939903530212 -1.2300000000000004
      vertex 5.944683312884533 -8.89684730328437 -2.459999999999999
    endloop
  endfacet
  facet normal 0 0 0
    outer loop
      vertex 9.08356836271693 -6.069446336047034 -1.2300000000000004
      vertex 8.896847303284368 -5.9446833128845356 -2.459999999999999
      vertex 7.566146695261933 -7.566146695261937 -2.459999999999999
    endloop
  endfacet
  facet normal 0 0 0
    outer loop
      vertex 7.72493990353021 -7.724939903530212 -1.2300000000000004
      vertex 9.08356836271693 -6.069446336047034 -1.2300000000000004
      vertex 7.566146695261933 -7.566146695261937 -2.459999999999999
    endloop
  endfacet
  facet normal 0 0 0
    outer loop
      vertex 10.09312038384826 -4.180707349654296 -1.2300000000000004
      vertex 9.885647058851028 -4.094769084609802 -2.459999999999999
      vertex 8.896847303284368 -5.9446833128845356 -2.459999999999999
    endloop
  endfacet
  facet normal 0 0 0
    outer loop
      vertex 9.08356836271693 -6.069446336047034 -1.2300000000000004
      vertex 10.09312038384826 -4.180707349654296 -1.2300000000000004
      vertex 8.896847303284368 -5.9446833128845356 -2.459999999999999
    endloop
  endfacet
  facet normal 0 0 0
    outer loop
      vertex 10.714799448915427 -2.1313061243820277 -1.2300000000000004
      vertex 10.49454694188079 -2.0874951767864633 -2.459999999999999
      vertex 9.885647058851028 -4.094769084609802 -2.459999999999999
    endloop
  endfacet
  facet normal 0 0 0
    outer loop
      vertex 10.09312038384826 -4.180707349654296 -1.2300000000000004
      vertex 10.714799448915427 -2.1313061243820277 -1.2300000000000004
      vertex 9.885647058851028 -4.094769084609802 -2.459999999999999
    endloop
  endfacet
  facet normal 0 0 0
    outer loop
      vertex 10.924714780089532 0 -1.2300000000000004
      vertex 10.7001472713438 0 -2.459999999999999
      vertex 10.49454694188079 -2.0874951767864633 -2.459999999999999
    endloop
  endfacet
  facet normal 0 0 0
    outer loop
      vertex 10.714799448915427 -2.1313061243820277 -1.2300000000000004
      vertex 10.924714780089532 0 -1.2300000000000004
      vertex 10.49454694188079 -2.0874951767864633 -2.459999999999999
    endloop
  endfacet
  facet normal 0 0 0
    outer loop
      vertex 10.788638084435535 2.145993542177411 0
      vertex 10.71479944891543 2.131306124382023 -1.2300000000000004
      vertex 10.924714780089532 0 -1.2300000000000004
    endloop
  endfacet
  facet normal 0 0 0
    outer loop
      vertex 11 0 0
      vertex 10.788638084435535 2.145993542177411 0
      vertex 10.924714780089532 0 -1.2300000000000004
    endloop
  endfacet
  facet normal 0 0 0
    outer loop
      vertex 10.162674857624156 4.209517756015988 0
      vertex 10.093120383848262 4.1807073496542895 -1.2300000000000004
      vertex 10.71479944891543 2.131306124382023 -1.2300000000000004
    endloop
  endfacet
  facet normal 0 0 0
    outer loop
      vertex 10.788638084435535 2.145993542177411 0
      vertex 10.162674857624156 4.209517756015988 0
      vertex 10.71479944891543 2.131306124382023 -1.2300000000000004
    endloop
  endfacet
  facet normal 0 0 0
    outer loop
      vertex 9.146165735328 6.111272563215625 0
      vertex 9.08356836271693 6.069446336047034 -1.2300000000000004
      vertex 10.093120383848262 4.1807073496542895 -1.2300000000000004
    endloop
  endfacet
  facet normal 0 0 0
    outer loop
      vertex 10.162674857624156 4.209517756015988 0
      vertex 9.146165735328 6.111272563215625 0
      vertex 10.093120383848262 4.1807073496542895 -1.2300000000000004
    endloop
  endfacet
  facet normal 0 0 0
    outer loop
      vertex 7.778174593052023 7.7781745930520225 0
      vertex 7.7249399035302115 7.724939903530211 -1.2300000000000004
      vertex 9.08356836271693 6.069446336047034 -1.2300000000000004
    endloop
  endfacet
  facet normal 0 0 0
    outer loop
      vertex 9.146165735328 6.111272563215625 0
      vertex 7.778174593052023 7.7781745930520225 0
      vertex 9.08356836271693 6.069446336047034 -1.2300000000000004
    endloop
  endfacet
  facet normal 0 0 0
    outer loop
      vertex 6.111272563215626 9.146165735328 0
      vertex 6.069446336047035 9.08356836271693 -1.2300000000000004
      vertex 7.7249399035302115 7.724939903530211 -1.2300000000000004
    endloop
  endfacet
  facet normal 0 0 0
    outer loop
      vertex 7.778174593052023 7.7781745930520225 0
      vertex 6.111272563215626 9.146165735328 0
      vertex 7.7249399035302115 7.724939903530211 -1.2300000000000004
    endloop
  endfacet
  facet normal 0 0 0
    outer loop
      vertex 4.209517756015988 10.162674857624156 0
      vertex 4.18070734965429 10.093120383848262 -1.2300000000000004
      vertex 6.069446336047035 9.08356836271693 -1.2300000000000004
    endloop
  endfacet
  facet normal 0 0 0
    outer loop
      vertex 6.111272563215626 9.146165735328 0
      vertex 4.209517756015988 10.162674857624156 0
      vertex 6.069446336047035 9.08356836271693 -1.2300000000000004
    endloop
  endfacet
  facet normal 0 0 0
    outer loop
      vertex 2.1459935421774117 10.788638084435535 0
      vertex 2.1313061243820237 10.71479944891543 -1.2300000000000004
      vertex 4.18070734965429 10.093120383848262 -1.2300000000000004
    endloop
  endfacet
  facet normal 0 0 0
    outer loop
      vertex 4.209517756015988 10.162674857624156 0
      vertex 2.1459935421774117 10.788638084435535 0
      vertex 4.18070734965429 10.093120383848262 -1.2300000000000004
    endloop
  endfacet
  facet normal 0 0 0
    outer loop
      vertex 6.735557395310443e-16 11 0
      vertex 6.689458493517213e-16 10.924714780089532 -1.2300000000000004
      vertex 2.1313061243820237 10.71479944891543 -1.2300000000000004
    endloop
  endfacet
  facet normal 0 0 0
    outer loop
      vertex 2.1459935421774117 10.788638084435535 0
      vertex 6.735557395310443e-16 11 0
      vertex 2.1313061243820237 10.71479944891543 -1.2300000000000004
    endloop
  endfacet
  facet normal 0 0 0
    outer loop
      vertex -2.1459935421774103 10.788638084435535 0
      vertex -2.1313061243820224 10.71479944891543 -1.2300000000000004
      vertex 6.689458493517213e-16 10.924714780089532 -1.2300000000000004
    endloop
  endfacet
  facet normal 0 0 0
    outer loop
      vertex 6.735557395310443e-16 11 0
      vertex -2.1459935421774103 10.788638084435535 0
      vertex 6.689458493517213e-16 10.924714780089532 -1.2300000000000004
    endloop
  endfacet
  facet normal 0 0 0
    outer loop
      vertex -4.209517756015987 10.162674857624156 0
      vertex -4.180707349654289 10.093120383848262 -1.2300000000000004
      vertex -2.1313061243820224 10.71479944891543 -1.2300000000000004
    endloop
  endfacet
  facet normal 0 0 0
    outer loop
      vertex -2.1459935421774103 10.788638084435535 0
      vertex -4.209517756015987 10.162674857624156 0
      vertex -2.1313061243820224 10.71479944891543 -1.2300000000000004
    endloop
  endfacet
  facet normal 0 0 0
    outer loop
      vertex -6.111272563215622 9.146165735328 0
      vertex -6.069446336047032 9.08356836271693 -1.2300000000000004
      vertex -4.180707349654289 10.093120383848262 -1.2300000000000004
    endloop
  endfacet
  facet normal 0 0 0
    outer loop
      vertex -4.209517756015987 10.162674857624156 0
      vertex -6.111272563215622 9.146165735328 0
      vertex -4.180707349654289 10.093120383848262 -1.2300000000000004
    endloop
  endfacet
  facet normal 0 0 0
    outer loop
      vertex -7.7781745930520225 7.778174593052023 0
      vertex -7.724939903530211 7.7249399035302115 -1.2300000000000004
      vertex -6.069446336047032 9.08356836271693 -1.2300000000000004
    endloop
  endfacet
  facet normal 0 0 0
    outer loop
      vertex -6.111272563215622 9.146165735328 0
      vertex -7.7781745930520225 7.778174593052023 0
      vertex -6.069446336047032 9.08356836271693 -1.2300000000000004
    endloop
  endfacet
  facet normal 0 0 0
    outer loop
      vertex -9.146165735328 6.111272563215625 0
      vertex -9.08356836271693 6.069446336047034 -1.2300000000000004
      vertex -7.724939903530211 7.7249399035302115 -1.2300000000000004
    endloop
  endfacet
  facet normal 0 0 0
    outer loop
      vertex -7.7781745930520225 7.778174593052023 0
      vertex -9.146165735328 6.111272563215625 0
      vertex -7.724939903530211 7.7249399035302115 -1.2300000000000004
    endloop
  endfacet
  facet normal 0 0 0
    outer loop
      vertex -10.162674857624156 4.209517756015989 0
      vertex -10.093120383848262 4.18070734965429 -1.2300000000000004
      vertex -9.08356836271693 6.069446336047034 -1.2300000000000004
    endloop
  endfacet
  facet normal 0 0 0
    outer loop
      vertex -9.146165735328 6.111272563215625 0
      vertex -10.162674857624156 4.209517756015989 0
      vertex -9.08356836271693 6.069446336047034 -1.2300000000000004
    endloop
  endfacet
  facet normal 0 0 0
    outer loop
      vertex -10.788638084435535 2.145993542177415 0
      vertex -10.71479944891543 2.131306124382027 -1.2300000000000004
      vertex -10.093120383848262 4.18070734965429 -1.2300000000000004
    endloop
  endfacet
  facet normal 0 0 0
    outer loop
      vertex -10.162674857624156 4.209517756015989 0
      vertex -10.788638084435535 2.145993542177415 0
      vertex -10.093120383848262 4.18070734965429 -1.2300000000000004
    endloop
  endfacet
  facet normal 0 0 0
    outer loop
      vertex -11 1.3471114790620886e-15 0
      vertex -10.924714780089532 1.3378916987034426e-15 -1.2300000000000004
      vertex -10.71479944891543 2.131306124382027 -1.2300000000000004
    endloop
  endfacet
  facet normal 0 0 0
    outer loop
      vertex -10.788638084435535 2.145993542177415 0
      vertex -11 1.3471114790620886e-15 0
      vertex -10.71479944891543 2.131306124382027 -1.2300000000000004
    endloop
  endfacet
  facet normal 0 0 0
    outer loop
      vertex -10.788638084435535 -2.145993542177412 0
      vertex -10.71479944891543 -2.1313061243820237 -1.2300000000000004
      vertex -10.924714780089532 1.3378916987034426e-15 -1.2300000000000004
    endloop
  endfacet
  facet normal 0 0 0
    outer loop
      vertex -11 1.3471114790620886e-15 0
      vertex -10.788638084435535 -2.145993542177412 0
      vertex -10.924714780089532 1.3378916987034426e-15 -1.2300000000000004
    endloop
  endfacet
  facet normal 0 0 0
    outer loop
      vertex -10.162674857624156 -4.209517756015986 0
      vertex -10.093120383848262 -4.180707349654288 -1.2300000000000004
      vertex -10.71479944891543 -2.1313061243820237 -1.2300000000000004
    endloop
  endfacet
  facet normal 0 0 0
    outer loop
      vertex -10.788638084435535 -2.145993542177412 0
      vertex -10.162674857624156 -4.209517756015986 0
      vertex -10.71479944891543 -2.1313061243820237 -1.2300000000000004
    endloop
  endfacet
  facet normal 0 0 0
    outer loop
      vertex -9.146165735328001 -6.111272563215622 0
      vertex -9.083568362716932 -6.069446336047032 -1.2300000000000004
      vertex -10.093120383848262 -4.180707349654288 -1.2300000000000004
    endloop
  endfacet
  facet normal 0 0 0
    outer loop
      vertex -10.162674857624156 -4.209517756015986 0
      vertex -9.146165735328001 -6.111272563215622 0
      vertex -10.093120383848262 -4.180707349654288 -1.2300000000000004
    endloop
  endfacet
  facet normal 0 0 0
    outer loop
      vertex -7.778174593052026 -7.7781745930520225 0
      vertex -7.724939903530212 -7.724939903530211 -1.2300000000000004
      vertex -9.083568362716932 -6.069446336047032 -1.2300000000000004
    endloop
  endfacet
  facet normal 0 0 0
    outer loop
      vertex -9.146165735328001 -6.111272563215622 0
      vertex -7.778174593052026 -7.7781745930520225 0
      vertex -9.083568362716932 -6.069446336047032 -1.2300000000000004
    endloop
  endfacet
  facet normal 0 0 0
    outer loop
      vertex -6.111272563215625 -9.146165735328 0
      vertex -6.069446336047034 -9.08356836271693 -1.2300000000000004
      vertex -7.724939903530212 -7.724939903530211 -1.2300000000000004
    endloop
  endfacet
  facet normal 0 0 0
    outer loop
      vertex -7.778174593052026 -7.7781745930520225 0
      vertex -6.111272563215625 -9.146165735328 0
      vertex -7.724939903530212 -7.724939903530211 -1.2300000000000004
    endloop
  endfacet
  facet normal 0 0 0
    outer loop
      vertex -4.209517756015994 -10.162674857624152 0
      vertex -4.180707349654296 -10.09312038384826 -1.2300000000000004
      vertex -6.069446336047034 -9.08356836271693 -1.2300000000000004
    endloop
  endfacet
  facet normal 0 0 0
    outer loop
      vertex -6.111272563215625 -9.146165735328 0
      vertex -4.209517756015994 -10.162674857624152 0
      vertex -6.069446336047034 -9.08356836271693 -1.2300000000000004
    endloop
  endfacet
  facet normal 0 0 0
    outer loop
      vertex -2.1459935421774152 -10.788638084435533 0
      vertex -2.1313061243820273 -10.714799448915427 -1.2300000000000004
      vertex -4.180707349654296 -10.09312038384826 -1.2300000000000004
    endloop
  endfacet
  facet normal 0 0 0
    outer loop
      vertex -4.209517756015994 -10.162674857624152 0
      vertex -2.1459935421774152 -10.788638084435533 0
      vertex -4.180707349654296 -10.09312038384826 -1.2300000000000004
    endloop
  endfacet
  facet normal 0 0 0
    outer loop
      vertex -2.0206672185931327e-15 -11 0
      vertex -2.0068375480551638e-15 -10.924714780089532 -1.2300000000000004
      vertex -2.1313061243820273 -10.714799448915427 -1.2300000000000004
    endloop
  endfacet
  facet normal 0 0 0
    outer loop
      vertex -2.1459935421774152 -10.788638084435533 0
      vertex -2.0206672185931327e-15 -11 0
      vertex -2.1313061243820273 -10.714799448915427 -1.2300000000000004
    endloop
  endfacet
  facet normal 0 0 0
    outer loop
      vertex 2.1459935421774117 -10.788638084435535 0
      vertex 2.1313061243820233 -10.71479944891543 -1.2300000000000004
      vertex -2.0068375480551638e-15 -10.924714780089532 -1.2300000000000004
    endloop
  endfacet
  facet normal 0 0 0
    outer loop
      vertex -2.0206672185931327e-15 -11 0
      vertex 2.1459935421774117 -10.788638084435535 0
      vertex -2.0068375480551638e-15 -10.924714780089532 -1.2300000000000004
    endloop
  endfacet
  facet normal 0 0 0
    outer loop
      vertex 4.20951775601599 -10.162674857624154 0
      vertex 4.180707349654292 -10.09312038384826 -1.2300000000000004
      vertex 2.1313061243820233 -10.71479944891543 -1.2300000000000004
    endloop
  endfacet
  facet normal 0 0 0
    outer loop
      vertex 2.1459935421774117 -10.788638084435535 0
      vertex 4.20951775601599 -10.162674857624154 0
      vertex 2.1313061243820233 -10.71479944891543 -1.2300000000000004
    endloop
  endfacet
  facet normal 0 0 0
    outer loop
      vertex 6.11127256321562 -9.146165735328001 0
      vertex 6.06944633604703 -9.083568362716932 -1.2300000000000004
      vertex 4.180707349654292 -10.09312038384826 -1.2300000000000004
    endloop
  endfacet
  facet normal 0 0 0
    outer loop
      vertex 4.20951775601599 -10.162674857624154 0
      vertex 6.11127256321562 -9.146165735328001 0
      vertex 4.180707349654292 -10.09312038384826 -1.2300000000000004
    endloop
  endfacet
  facet normal 0 0 0
    outer loop
      vertex 7.778174593052022 -7.778174593052026 0
      vertex 7.72493990353021 -7.724939903530212 -1.2300000000000004
      vertex 6.06944633604703 -9.083568362716932 -1.2300000000000004
    endloop
  endfacet
  facet normal 0 0 0
    outer loop
      vertex 6.11127256321562 -9.146165735328001 0
      vertex 7.778174593052022 -7.778174593052026 0
      vertex 6.06944633604703 -9.083568362716932 -1.2300000000000004
    endloop
  endfacet
  facet normal 0 0 0
    outer loop
      vertex 9.146165735328 -6.111272563215625 0
      vertex 9.08356836271693 -6.069446336047034 -1.2300000000000004
      vertex 7.72493990353021 -7.724939903530212 -1.2300000000000004
    endloop
  endfacet
  facet normal 0 0 0
    outer loop
      vertex 7.778174593052022 -7.778174593052026 0
      vertex 9.146165735328 -6.111272563215625 0
      vertex 7.72493990353021 -7.724939903530212 -1.2300000000000004
    endloop
  endfacet
  facet normal 0 0 0
    outer loop
      vertex 10.162674857624152 -4.209517756015995 0
      vertex 10.09312038384826 -4.180707349654296 -1.2300000000000004
      vertex 9.08356836271693 -6.069446336047034 -1.2300000000000004
    endloop
  endfacet
  facet normal 0 0 0
    outer loop
      vertex 9.146165735328 -6.111272563215625 0
      vertex 10.162674857624152 -4.209517756015995 0
      vertex 9.08356836271693 -6.069446336047034 -1.2300000000000004
    endloop
  endfacet
  facet normal 0 0 0
    outer loop
      vertex 10.788638084435533 -2.145993542177416 0
      vertex 10.714799448915427 -2.1313061243820277 -1.2300000000000004
      vertex 10.09312038384826 -4.180707349654296 -1.2300000000000004
    endloop
  endfacet
  facet normal 0 0 0
    outer loop
      vertex 10.162674857624152 -4.209517756015995 0
      vertex 10.788638084435533 -2.145993542177416 0
      vertex 10.09312038384826 -4.180707349654296 -1.2300000000000004
    endloop
  endfacet
  facet normal 0 0 0
    outer loop
      vertex 11 0 0
      vertex 10.924714780089532 0 -1.2300000000000004
      vertex 10.714799448915427 -2.1313061243820277 -1.2300000000000004
    endloop
  endfacet
  facet normal 0 0 0
    outer loop
      vertex 10.788638084435533 -2.145993542177416 0
      vertex 11 0 0
      vertex 10.714799448915427 -2.1313061243820277 -1.2300000000000004
    endloop
  endfacet
  facet normal 0 0 0
    outer loop
      vertex 10.71479944891543 2.131306124382023 1.2299999999999989
      vertex 10.788638084435535 2.145993542177411 0
      vertex 11 0 0
    endloop
  endfacet
  facet normal 0 0 0
    outer loop
      vertex 10.924714780089532 0 1.2299999999999989
      vertex 10.71479944891543 2.131306124382023 1.2299999999999989
      vertex 11 0 0
    endloop
  endfacet
  facet normal 0 0 0
    outer loop
      vertex 10.093120383848262 4.1807073496542895 1.2299999999999989
      vertex 10.162674857624156 4.209517756015988 0
      vertex 10.788638084435535 2.145993542177411 0
    endloop
  endfacet
  facet normal 0 0 0
    outer loop
      vertex 10.71479944891543 2.131306124382023 1.2299999999999989
      vertex 10.093120383848262 4.1807073496542895 1.2299999999999989
      vertex 10.788638084435535 2.145993542177411 0
    endloop
  endfacet
  facet normal 0 0 0
    outer loop
      vertex 9.08356836271693 6.069446336047034 1.2299999999999989
      vertex 9.146165735328 6.111272563215625 0
      vertex 10.162674857624156 4.209517756015988 0
    endloop
  endfacet
  facet normal 0 0 0
    outer loop
      vertex 10.093120383848262 4.1807073496542895 1.2299999999999989
      vertex 9.08356836271693 6.069446336047034 1.2299999999999989
      vertex 10.162674857624156 4.209517756015988 0
    endloop
  endfacet
  facet normal 0 0 0
    outer loop
      vertex 7.7249399035302115 7.724939903530211 1.2299999999999989
      vertex 7.778174593052023 7.7781745930520225 0
      vertex 9.146165735328 6.111272563215625 0
    endloop
  endfacet
  facet normal 0 0 0
    outer loop
      vertex 9.08356836271693 6.069446336047034 1.2299999999999989
      vertex 7.7249399035302115 7.724939903530211 1.2299999999999989
      vertex 9.146165735328 6.111272563215625 0
    endloop
  endfacet
  facet normal 0 0 0
    outer loop
      vertex 6.069446336047035 9.08356836271693 1.2299999999999989
      vertex 6.111272563215626 9.146165735328 0
      vertex 7.778174593052023 7.7781745930520225 0
    endloop
  endfacet
  facet normal 0 0 0
    outer loop
      vertex 7.7249399035302115 7.724939903530211 1.2299999999999989
      vertex 6.069446336047035 9.08356836271693 1.2299999999999989
      vertex 7.778174593052023 7.7781745930520225 0
    endloop
  endfacet
  facet normal 0 0 0
    outer loop
      vertex 4.18070734965429 10.093120383848262 1.2299999999999989
      vertex 4.209517756015988 10.162674857624156 0
      vertex 6.111272563215626 9.146165735328 0
    endloop
  endfacet
  facet normal 0 0 0
    outer loop
      vertex 6.069446336047035 9.08356836271693 1.2299999999999989
      vertex 4.18070734965429 10.093120383848262 1.2299999999999989
      vertex 6.111272563215626 9.146165735328 0
    endloop
  endfacet
  facet normal 0 0 0
    outer loop
      vertex 2.1313061243820237 10.71479944891543 1.2299999999999989
      vertex 2.1459935421774117 10.788638084435535 0
      vertex 4.209517756015988 10.162674857624156 0
    endloop
  endfacet
  facet normal 0 0 0
    outer loop
      vertex 4.18070734965429 10.093120383848262 1.2299999999999989
      vertex 2.1313061243820237 10.71479944891543 1.2299999999999989
      vertex 4.209517756015988 10.162674857624156 0
    endloop
  endfacet
  facet normal 0 0 0
    outer loop
      vertex 6.689458493517213e-16 10.924714780089532 1.2299999999999989
      vertex 6.735557395310443e-16 11 0
      vertex 2.1459935421774117 10.788638084435535 0
    endloop
  endfacet
  facet normal 0 0 0
    outer loop
      vertex 2.1313061243820237 10.71479944891543 1.2299999999999989
      vertex 6.689458493517213e-16 10.924714780089532 1.2299999999999989
      vertex 2.1459935421774117 10.788638084435535 0
    endloop
  endfacet
  facet normal 0 0 0
    outer loop
      vertex -2.1313061243820224 10.71479944891543 1.2299999999999989
      vertex -2.1459935421774103 10.788638084435535 0
      vertex 6.735557395310443e-16 11 0
    endloop
  endfacet
  facet normal 0 0 0
    outer loop
      vertex 6.689458493517213e-16 10.924714780089532 1.2299999999999989
      vertex -2.1313061243820224 10.71479944891543 1.2299999999999989
      vertex 6.735557395310443e-16 11 0
    endloop
  endfacet
  facet normal 0 0 0
    outer loop
      vertex -4.180707349654289 10.093120383848262 1.2299999999999989
      vertex -4.209517756015987 10.162674857624156 0
      vertex -2.1459935421774103 10.788638084435535 0
    endloop
  endfacet
  facet normal 0 0 0
    outer loop
      vertex -2.1313061243820224 10.71479944891543 1.2299999999999989
      vertex -4.180707349654289 10.093120383848262 1.2299999999999989
      vertex -2.1459935421774103 10.788638084435535 0
    endloop
  endfacet
  facet normal 0 0 0
    outer loop
      vertex -6.069446336047032 9.08356836271693 1.2299999999999989
      vertex -6.111272563215622 9.146165735328 0
      vertex -4.209517756015987 10.162674857624156 0
    endloop
  endfacet
  facet normal 0 0 0
    outer loop
      vertex -4.180707349654289 10.093120383848262 1.2299999999999989
      vertex -6.069446336047032 9.08356836271693 1.2299999999999989
      vertex -4.209517756015987 10.162674857624156 0
    endloop
  endfacet
  facet normal 0 0 0
    outer loop
      vertex -7.724939903530211 7.7249399035302115 1.2299999999999989
      vertex -7.7781745930520225 7.778174593052023 0
      vertex -6.111272563215622 9.146165735328 0
    endloop
  endfacet
  facet normal 0 0 0
    outer loop
      vertex -6.069446336047032 9.08356836271693 1.2299999999999989
      vertex -7.724939903530211 7.7249399035302115 1.2299999999999989
      vertex -6.111272563215622 9.146165735328 0
    endloop
  endfacet
  facet normal 0 0 0
    outer loop
      vertex -9.08356836271693 6.069446336047034 1.2299999999999989
      vertex -9.146165735328 6.111272563215625 0
      vertex -7.7781745930520225 7.778174593052023 0
    endloop
  endfacet
  facet normal 0 0 0
    outer loop
      vertex -7.724939903530211 7.7249399035302115 1.2299999999999989
      vertex -9.08356836271693 6.069446336047034 1.2299999999999989
      vertex -7.7781745930520225 7.778174593052023 0
    endloop
  endfacet
  facet normal 0 0 0
    outer loop
      vertex -10.093120383848262 4.18070734965429 1.2299999999999989
      vertex -10.162674857624156 4.209517756015989 0
      vertex -9.146165735328 6.111272563215625 0
    endloop
  endfacet
  facet normal 0 0 0
    outer loop
      vertex -9.08356836271693 6.069446336047034 1.2299999999999989
      vertex -10.093120383848262 4.18070734965429 1.2299999999999989
      vertex -9.146165735328 6.111272563215625 0
    endloop
  endfacet
  facet normal 0 0 0
    outer loop
      vertex -10.71479944891543 2.131306124382027 1.2299999999999989
      vertex -10.788638084435535 2.145993542177415 0
      vertex -10.162674857624156 4.209517756015989 0
    endloop
  endfacet
  facet normal 0 0 0
    outer loop
      vertex -10.093120383848262 4.18070734965429 1.2299999999999989
      vertex -10.71479944891543 2.131306124382027 1.2299999999999989
      vertex -10.162674857624156 4.209517756015989 0
    endloop
  endfacet
  facet normal 0 0 0
    outer loop
      vertex -10.924714780089532 1.3378916987034426e-15 1.2299999999999989
      vertex -11 1.3471114790620886e-15 0
      vertex -10.788638084435535 2.145993542177415 0
    endloop
  endfacet
  facet normal 0 0 0
    outer loop
      vertex -10.71479944891543 2.131306124382027 1.2299999999999989
      vertex -10.924714780089532 1.3378916987034426e-15 1.2299999999999989
      vertex -10.788638084435535 2.145993542177415 0
    endloop
  endfacet
  facet normal 0 0 0
    outer loop
      vertex -10.71479944891543 -2.1313061243820237 1.2299999999999989
      vertex -10.788638084435535 -2.145993542177412 0
      vertex -11 1.3471114790620886e-15 0
    endloop
  endfacet
  facet normal 0 0 0
    outer loop
      vertex -10.924714780089532 1.3378916987034426e-15 1.2299999999999989
      vertex -10.71479944891543 -2.1313061243820237 1.2299999999999989
      vertex -11 1.3471114790620886e-15 0
    endloop
  endfacet
  facet normal 0 0 0
    outer loop
      vertex -10.093120383848262 -4.180707349654288 1.2299999999999989
      vertex -10.162674857624156 -4.209517756015986 0
      vertex -10.788638084435535 -2.145993542177412 0
    endloop
  endfacet
  facet normal 0 0 0
    outer loop
      vertex -10.71479944891543 -2.1313061243820237 1.2299999999999989
      vertex -10.093120383848262 -4.180707349654288 1.2299999999999989
      vertex -10.788638084435535 -2.145993542177412 0
    endloop
  endfacet
  facet normal 0 0 0
    outer loop
      vertex -9.083568362716932 -6.069446336047032 1.2299999999999989
      vertex -9.146165735328001 -6.111272563215622 0
      vertex -10.162674857624156 -4.209517756015986 0
    endloop
  endfacet
  facet normal 0 0 0
    outer loop
      vertex -10.093120383848262 -4.180707349654288 1.2299999999999989
      vertex -9.083568362716932 -6.069446336047032 1.2299999999999989
      vertex -10.162674857624156 -4.209517756015986 0
    endloop
  endfacet
  facet normal 0 0 0
    outer loop
      vertex -7.724939903530212 -7.724939903530211 1.2299999999999989
      vertex -7.778174593052026 -7.7781745930520225 0
      vertex -9.146165735328001 -6.111272563215622 0
    endloop
  endfacet
  facet normal 0 0 0
    outer loop
      vertex -9.083568362716932 -6.069446336047032 1.2299999999999989
      vertex -7.724939903530212 -7.724939903530211 1.2299999999999989
      vertex -9.146165735328001 -6.111272563215622 0
    endloop
  endfacet
  facet normal 0 0 0
    outer loop
      vertex -6.069446336047034 -9.08356836271693 1.2299999999999989
      vertex -6.111272563215625 -9.146165735328 0
      vertex -7.778174593052026 -7.7781745930520225 0
    endloop
  endfacet
  facet normal 0 0 0
    outer loop
      vertex -7.724939903530212 -7.724939903530211 1.2299999999999989
      vertex -6.069446336047034 -9.08356836271693 1.2299999999999989
      vertex -7.778174593052026 -7.7781745930520225 0
    endloop
  endfacet
  facet normal 0 0 0
    outer loop
      vertex -4.180707349654296 -10.09312038384826 1.2299999999999989
      vertex -4.209517756015994 -10.162674857624152 0
      vertex -6.111272563215625 -9.146165735328 0
    endloop
  endfacet
  facet normal 0 0 0
    outer loop
      vertex -6.069446336047034 -9.08356836271693 1.2299999999999989
      vertex -4.180707349654296 -10.09312038384826 1.2299999999999989
      vertex -6.111272563215625 -9.146165735328 0
    endloop
  endfacet
  facet normal 0 0 0
    outer loop
      vertex -2.1313061243820273 -10.714799448915427 1.2299999999999989
      vertex -2.1459935421774152 -10.788638084435533 0
      vertex -4.209517756015994 -10.162674857624152 0
    endloop
  endfacet
  facet normal 0 0 0
    outer loop
      vertex -4.180707349654296 -10.09312038384826 1.2299999999999989
      vertex -2.1313061243820273 -10.714799448915427 1.2299999999999989
      vertex -4.209517756015994 -10.162674857624152 0
    endloop
  endfacet
  facet normal 0 0 0
    outer loop
      vertex -2.0068375480551638e-15 -10.924714780089532 1.2299999999999989
      vertex -2.0206672185931327e-15 -11 0
      vertex -2.1459935421774152 -10.788638084435533 0
    endloop
  endfacet
  facet normal 0 0 0
    outer loop
      vertex -2.1313061243820273 -10.714799448915427 1.2299999999999989
      vertex -2.0068375480551638e-15 -10.924714780089532 1.2299999999999989
      vertex -2.1459935421774152 -10.788638084435533 0
    endloop
  endfacet
  facet normal 0 0 0
    outer loop
      vertex 2.1313061243820233 -10.71479944891543 1.2299999999999989
      vertex 2.1459935421774117 -10.788638084435535 0
      vertex -2.0206672185931327e-15 -11 0
    endloop
  endfacet
  facet normal 0 0 0
    outer loop
      vertex -2.0068375480551638e-15 -10.924714780089532 1.2299999999999989
      vertex 2.1313061243820233 -10.71479944891543 1.2299999999999989
      vertex -2.0206672185931327e-15 -11 0
    endloop
  endfacet
  facet normal 0 0 0
    outer loop
      vertex 4.180707349654292 -10.09312038384826 1.2299999999999989
      vertex 4.20951775601599 -10.162674857624154 0
      vertex 2.1459935421774117 -10.788638084435535 0
    endloop
  endfacet
  facet normal 0 0 0
    outer loop
      vertex 2.1313061243820233 -10.71479944891543 1.2299999999999989
      vertex 4.180707349654292 -10.09312038384826 1.2299999999999989
      vertex 2.1459935421774117 -10.788638084435535 0
    endloop
  endfacet
  facet normal 0 0 0
    outer loop
      vertex 6.06944633604703 -9.083568362716932 1.2299999999999989
      vertex 6.11127256321562 -9.146165735328001 0
      vertex 4.20951775601599 -10.162674857624154 0
    endloop
  endfacet
  facet normal 0 0 0
    outer loop
      vertex 4.180707349654292 -10.09312038384826 1.2299999999999989
      vertex 6.06944633604703 -9.083568362716932 1.2299999999999989
      vertex 4.20951775601599 -10.162674857624154 0
    endloop
  endfacet
  facet normal 0 0 0
    outer loop
      vertex 7.72493990353021 -7.724939903530212 1.2299999999999989
      vertex 7.778174593052022 -7.778174593052026 0
      vertex 6.11127256321562 -9.146165735328001 0
    endloop
  endfacet
  facet normal 0 0 0
    outer loop
      vertex 6.06944633604703 -9.083568362716932 1.2299999999999989
      vertex 7.72493990353021 -7.724939903530212 1.2299999999999989
      vertex 6.11127256321562 -9.146165735328001 0
    endloop
  endfacet
  facet normal 0 0 0
    outer loop
      vertex 9.08356836271693 -6.069446336047034 1.2299999999999989
      vertex 9.146165735328 -6.111272563215625 0
      vertex 7.778174593052022 -7.778174593052026 0
    endloop
  endfacet
  facet normal 0 0 0
    outer loop
      vertex 7.72493990353021 -7.724939903530212 1.2299999999999989
      vertex 9.08356836271693 -6.069446336047034 1.2299999999999989
      vertex 7.778174593052022 -7.778174593052026 0
    endloop
  endfacet
  facet normal 0 0 0
    outer loop
      vertex 10.09312038384826 -4.180707349654296 1.2299999999999989
      vertex 10.162674857624152 -4.209517756015995 0
      vertex 9.146165735328 -6.111272563215625 0
    endloop
  endfacet
  facet normal 0 0 0
    outer loop
      vertex 9.08356836271693 -6.069446336047034 1.2299999999999989
      vertex 10.09312038384826 -4.180707349654296 1.2299999999999989
      vertex 9.146165735328 -6.111272563215625 0
    endloop
  endfacet
  facet normal 0 0 0
    outer loop
      vertex 10.714799448915427 -2.1313061243820277 1.2299999999999989
      vertex 10.788638084435533 -2.145993542177416 0
      vertex 10.162674857624152 -4.209517756015995 0
    endloop
  endfacet
  facet normal 0 0 0
    outer loop
      vertex 10.09312038384826 -4.180707349654296 1.2299999999999989
      vertex 10.714799448915427 -2.1313061243820277 1.2299999999999989
      vertex 10.162674857624152 -4.209517756015995 0
    endloop
  endfacet
  facet normal 0 0 0
    outer loop
      vertex 10.924714780089532 0 1.2299999999999989
      vertex 11 0 0
      vertex 10.788638084435533 -2.145993542177416 0
    endloop
  endfacet
  facet normal 0 0 0
    outer loop
      vertex 10.714799448915427 -2.1313061243820277 1.2299999999999989
      vertex 10.924714780089532 0 1.2299999999999989
      vertex 10.788638084435533 -2.145993542177416 0
    endloop
  endfacet
  facet normal 0 0 0
    outer loop
      vertex 10.49454694188079 2.087495176786458 2.460000000000001
      vertex 10.71479944891543 2.131306124382023 1.2299999999999989
      vertex 10.924714780089532 0 1.2299999999999989
    endloop
  endfacet
  facet normal 0 0 0
    outer loop
      vertex 10.7001472713438 0 2.460000000000001
      vertex 10.49454694188079 2.087495176786458 2.460000000000001
      vertex 10.924714780089532 0 1.2299999999999989
    endloop
  endfacet
  facet normal 0 0 0
    outer loop
      vertex 9.885647058851031 4.094769084609795 2.460000000000001
      vertex 10.093120383848262 4.1807073496542895 1.2299999999999989
      vertex 10.71479944891543 2.131306124382023 1.2299999999999989
    endloop
  endfacet
  facet normal 0 0 0
    outer loop
      vertex 10.49454694188079 2.087495176786458 2.460000000000001
      vertex 9.885647058851031 4.094769084609795 2.460000000000001
      vertex 10.71479944891543 2.131306124382023 1.2299999999999989
    endloop
  endfacet
  facet normal 0 0 0
    outer loop
      vertex 8.896847303284368 5.9446833128845356 2.460000000000001
      vertex 9.08356836271693 6.069446336047034 1.2299999999999989
      vertex 10.093120383848262 4.1807073496542895 1.2299999999999989
    endloop
  endfacet
  facet normal 0 0 0
    outer loop
      vertex 9.885647058851031 4.094769084609795 2.460000000000001
      vertex 8.896847303284368 5.9446833128845356 2.460000000000001
      vertex 10.093120383848262 4.1807073496542895 1.2299999999999989
    endloop
  endfacet
  facet normal 0 0 0
    outer loop
      vertex 7.566146695261935 7.566146695261934 2.460000000000001
      vertex 7.7249399035302115 7.724939903530211 1.2299999999999989
      vertex 9.08356836271693 6.069446336047034 1.2299999999999989
    endloop
  endfacet
  facet normal 0 0 0
    outer loop
      vertex 8.896847303284368 5.9446833128845356 2.460000000000001
      vertex 7.566146695261935 7.566146695261934 2.460000000000001
      vertex 9.08356836271693 6.069446336047034 1.2299999999999989
    endloop
  endfacet
  facet normal 0 0 0
    outer loop
      vertex 5.944683312884536 8.896847303284368 2.460000000000001
      vertex 6.069446336047035 9.08356836271693 1.2299999999999989
      vertex 7.7249399035302115 7.724939903530211 1.2299999999999989
    endloop
  endfacet
  facet normal 0 0 0
    outer loop
      vertex 7.566146695261935 7.566146695261934 2.460000000000001
      vertex 5.944683312884536 8.896847303284368 2.460000000000001
      vertex 7.7249399035302115 7.724939903530211 1.2299999999999989
    endloop
  endfacet
  facet normal 0 0 0
    outer loop
      vertex 4.094769084609796 9.885647058851031 2.460000000000001
      vertex 4.18070734965429 10.093120383848262 1.2299999999999989
      vertex 6.069446336047035 9.08356836271693 1.2299999999999989
    endloop
  endfacet
  facet normal 0 0 0
    outer loop
      vertex 5.944683312884536 8.896847303284368 2.460000000000001
      vertex 4.094769084609796 9.885647058851031 2.460000000000001
      vertex 6.069446336047035 9.08356836271693 1.2299999999999989
    endloop
  endfacet
  facet normal 0 0 0
    outer loop
      vertex 2.087495176786459 10.49454694188079 2.460000000000001
      vertex 2.1313061243820237 10.71479944891543 1.2299999999999989
      vertex 4.18070734965429 10.093120383848262 1.2299999999999989
    endloop
  endfacet
  facet normal 0 0 0
    outer loop
      vertex 4.094769084609796 9.885647058851031 2.460000000000001
      vertex 2.087495176786459 10.49454694188079 2.460000000000001
      vertex 4.18070734965429 10.093120383848262 1.2299999999999989
    endloop
  endfacet
  facet normal 0 0 0
    outer loop
      vertex 6.551950553128236e-16 10.7001472713438 2.460000000000001
      vertex 6.689458493517213e-16 10.924714780089532 1.2299999999999989
      vertex 2.1313061243820237 10.71479944891543 1.2299999999999989
    endloop
  endfacet
  facet normal 0 0 0
    outer loop
      vertex 2.087495176786459 10.49454694188079 2.460000000000001
      vertex 6.551950553128236e-16 10.7001472713438 2.460000000000001
      vertex 2.1313061243820237 10.71479944891543 1.2299999999999989
    endloop
  endfacet
  facet normal 0 0 0
    outer loop
      vertex -2.0874951767864576 10.49454694188079 2.460000000000001
      vertex -2.1313061243820224 10.71479944891543 1.2299999999999989
      vertex 6.689458493517213e-16 10.924714780089532 1.2299999999999989
    endloop
  endfacet
  facet normal 0 0 0
    outer loop
      vertex 6.551950553128236e-16 10.7001472713438 2.460000000000001
      vertex -2.0874951767864576 10.49454694188079 2.460000000000001
      vertex 6.689458493517213e-16 10.924714780089532 1.2299999999999989
    endloop
  endfacet
  facet normal 0 0 0
    outer loop
      vertex -4.094769084609795 9.885647058851031 2.460000000000001
      vertex -4.180707349654289 10.093120383848262 1.2299999999999989
      vertex -2.1313061243820224 10.71479944891543 1.2299999999999989
    endloop
  endfacet
  facet normal 0 0 0
    outer loop
      vertex -2.0874951767864576 10.49454694188079 2.460000000000001
      vertex -4.094769084609795 9.885647058851031 2.460000000000001
      vertex -2.1313061243820224 10.71479944891543 1.2299999999999989
    endloop
  endfacet
  facet normal 0 0 0
    outer loop
      vertex -5.944683312884534 8.896847303284368 2.460000000000001
      vertex -6.069446336047032 9.08356836271693 1.2299999999999989
      vertex -4.180707349654289 10.093120383848262 1.2299999999999989
    endloop
  endfacet
  facet normal 0 0 0
    outer loop
      vertex -4.094769084609795 9.885647058851031 2.460000000000001
      vertex -5.944683312884534 8.896847303284368 2.460000000000001
      vertex -4.180707349654289 10.093120383848262 1.2299999999999989
    endloop
  endfacet
  facet normal 0 0 0
    outer loop
      vertex -7.566146695261934 7.566146695261935 2.460000000000001
      vertex -7.724939903530211 7.7249399035302115 1.2299999999999989
      vertex -6.069446336047032 9.08356836271693 1.2299999999999989
    endloop
  endfacet
  facet normal 0 0 0
    outer loop
      vertex -5.944683312884534 8.896847303284368 2.460000000000001
      vertex -7.566146695261934 7.566146695261935 2.460000000000001
      vertex -6.069446336047032 9.08356836271693 1.2299999999999989
    endloop
  endfacet
  facet normal 0 0 0
    outer loop
      vertex -8.896847303284368 5.9446833128845356 2.460000000000001
      vertex -9.08356836271693 6.069446336047034 1.2299999999999989
      vertex -7.724939903530211 7.7249399035302115 1.2299999999999989
    endloop
  endfacet
  facet normal 0 0 0
    outer loop
      vertex -7.566146695261934 7.566146695261935 2.460000000000001
      vertex -8.896847303284368 5.9446833128845356 2.460000000000001
      vertex -7.724939903530211 7.7249399035302115 1.2299999999999989
    endloop
  endfacet
  facet normal 0 0 0
    outer loop
      vertex -9.885647058851031 4.094769084609797 2.460000000000001
      vertex -10.093120383848262 4.18070734965429 1.2299999999999989
      vertex -9.08356836271693 6.069446336047034 1.2299999999999989
    endloop
  endfacet
  facet normal 0 0 0
    outer loop
      vertex -8.896847303284368 5.9446833128845356 2.460000000000001
      vertex -9.885647058851031 4.094769084609797 2.460000000000001
      vertex -9.08356836271693 6.069446336047034 1.2299999999999989
    endloop
  endfacet
  facet normal 0 0 0
    outer loop
      vertex -10.49454694188079 2.087495176786462 2.460000000000001
      vertex -10.71479944891543 2.131306124382027 1.2299999999999989
      vertex -10.093120383848262 4.18070734965429 1.2299999999999989
    endloop
  endfacet
  facet normal 0 0 0
    outer loop
      vertex -9.885647058851031 4.094769084609797 2.460000000000001
      vertex -10.49454694188079 2.087495176786462 2.460000000000001
      vertex -10.093120383848262 4.18070734965429 1.2299999999999989
    endloop
  endfacet
  facet normal 0 0 0
    outer loop
      vertex -10.7001472713438 1.3103901106256471e-15 2.460000000000001
      vertex -10.924714780089532 1.3378916987034426e-15 1.2299999999999989
      vertex -10.71479944891543 2.131306124382027 1.2299999999999989
    endloop
  endfacet
  facet normal 0 0 0
    outer loop
      vertex -10.49454694188079 2.087495176786462 2.460000000000001
      vertex -10.7001472713438 1.3103901106256471e-15 2.460000000000001
      vertex -10.71479944891543 2.131306124382027 1.2299999999999989
    endloop
  endfacet
  facet normal 0 0 0
    outer loop
      vertex -10.49454694188079 -2.0874951767864593 2.460000000000001
      vertex -10.71479944891543 -2.1313061243820237 1.2299999999999989
      vertex -10.924714780089532 1.3378916987034426e-15 1.2299999999999989
    endloop
  endfacet
  facet normal 0 0 0
    outer loop
      vertex -10.7001472713438 1.3103901106256471e-15 2.460000000000001
      vertex -10.49454694188079 -2.0874951767864593 2.460000000000001
      vertex -10.924714780089532 1.3378916987034426e-15 1.2299999999999989
    endloop
  endfacet
  facet normal 0 0 0
    outer loop
      vertex -9.885647058851031 -4.094769084609794 2.460000000000001
      vertex -10.093120383848262 -4.180707349654288 1.2299999999999989
      vertex -10.71479944891543 -2.1313061243820237 1.2299999999999989
    endloop
  endfacet
  facet normal 0 0 0
    outer loop
      vertex -10.49454694188079 -2.0874951767864593 2.460000000000001
      vertex -9.885647058851031 -4.094769084609794 2.460000000000001
      vertex -10.71479944891543 -2.1313061243820237 1.2299999999999989
    endloop
  endfacet
  facet normal 0 0 0
    outer loop
      vertex -8.89684730328437 -5.944683312884534 2.460000000000001
      vertex -9.083568362716932 -6.069446336047032 1.2299999999999989
      vertex -10.093120383848262 -4.180707349654288 1.2299999999999989
    endloop
  endfacet
  facet normal 0 0 0
    outer loop
      vertex -9.885647058851031 -4.094769084609794 2.460000000000001
      vertex -8.89684730328437 -5.944683312884534 2.460000000000001
      vertex -10.093120383848262 -4.180707349654288 1.2299999999999989
    endloop
  endfacet
  facet normal 0 0 0
    outer loop
      vertex -7.566146695261937 -7.566146695261934 2.460000000000001
      vertex -7.724939903530212 -7.724939903530211 1.2299999999999989
      vertex -9.083568362716932 -6.069446336047032 1.2299999999999989
    endloop
  endfacet
  facet normal 0 0 0
    outer loop
      vertex -8.89684730328437 -5.944683312884534 2.460000000000001
      vertex -7.566146695261937 -7.566146695261934 2.460000000000001
      vertex -9.083568362716932 -6.069446336047032 1.2299999999999989
    endloop
  endfacet
  facet normal 0 0 0
    outer loop
      vertex -5.9446833128845356 -8.896847303284368 2.460000000000001
      vertex -6.069446336047034 -9.08356836271693 1.2299999999999989
      vertex -7.724939903530212 -7.724939903530211 1.2299999999999989
    endloop
  endfacet
  facet normal 0 0 0
    outer loop
      vertex -7.566146695261937 -7.566146695261934 2.460000000000001
      vertex -5.9446833128845356 -8.896847303284368 2.460000000000001
      vertex -7.724939903530212 -7.724939903530211 1.2299999999999989
    endloop
  endfacet
  facet normal 0 0 0
    outer loop
      vertex -4.094769084609801 -9.885647058851028 2.460000000000001
      vertex -4.180707349654296 -10.09312038384826 1.2299999999999989
      vertex -6.069446336047034 -9.08356836271693 1.2299999999999989
    endloop
  endfacet
  facet normal 0 0 0
    outer loop
      vertex -5.9446833128845356 -8.896847303284368 2.460000000000001
      vertex -4.094769084609801 -9.885647058851028 2.460000000000001
      vertex -6.069446336047034 -9.08356836271693 1.2299999999999989
    endloop
  endfacet
  facet normal 0 0 0
    outer loop
      vertex -2.0874951767864625 -10.49454694188079 2.460000000000001
      vertex -2.1313061243820273 -10.714799448915427 1.2299999999999989
      vertex -4.180707349654296 -10.09312038384826 1.2299999999999989
    endloop
  endfacet
  facet normal 0 0 0
    outer loop
      vertex -4.094769084609801 -9.885647058851028 2.460000000000001
      vertex -2.0874951767864625 -10.49454694188079 2.460000000000001
      vertex -4.180707349654296 -10.09312038384826 1.2299999999999989
    endloop
  endfacet
  facet normal 0 0 0
    outer loop
      vertex -1.9655851659384705e-15 -10.7001472713438 2.460000000000001
      vertex -2.0068375480551638e-15 -10.924714780089532 1.2299999999999989
      vertex -2.1313061243820273 -10.714799448915427 1.2299999999999989
    endloop
  endfacet
  facet normal 0 0 0
    outer loop
      vertex -2.0874951767864625 -10.49454694188079 2.460000000000001
      vertex -1.9655851659384705e-15 -10.7001472713438 2.460000000000001
      vertex -2.1313061243820273 -10.714799448915427 1.2299999999999989
    endloop
  endfacet
  facet normal 0 0 0
    outer loop
      vertex 2.0874951767864585 -10.49454694188079 2.460000000000001
      vertex 2.1313061243820233 -10.71479944891543 1.2299999999999989
      vertex -2.0068375480551638e-15 -10.924714780089532 1.2299999999999989
    endloop
  endfacet
  facet normal 0 0 0
    outer loop
      vertex -1.9655851659384705e-15 -10.7001472713438 2.460000000000001
      vertex 2.0874951767864585 -10.49454694188079 2.460000000000001
      vertex -2.0068375480551638e-15 -10.924714780089532 1.2299999999999989
    endloop
  endfacet
  facet normal 0 0 0
    outer loop
      vertex 4.094769084609798 -9.88564705885103 2.460000000000001
      vertex 4.180707349654292 -10.09312038384826 1.2299999999999989
      vertex 2.1313061243820233 -10.71479944891543 1.2299999999999989
    endloop
  endfacet
  facet normal 0 0 0
    outer loop
      vertex 2.0874951767864585 -10.49454694188079 2.460000000000001
      vertex 4.094769084609798 -9.88564705885103 2.460000000000001
      vertex 2.1313061243820233 -10.71479944891543 1.2299999999999989
    endloop
  endfacet
  facet normal 0 0 0
    outer loop
      vertex 5.944683312884533 -8.89684730328437 2.460000000000001
      vertex 6.06944633604703 -9.083568362716932 1.2299999999999989
      vertex 4.180707349654292 -10.09312038384826 1.2299999999999989
    endloop
  endfacet
  facet normal 0 0 0
    outer loop
      vertex 4.094769084609798 -9.88564705885103 2.460000000000001
      vertex 5.944683312884533 -8.89684730328437 2.460000000000001
      vertex 4.180707349654292 -10.09312038384826 1.2299999999999989
    endloop
  endfacet
  facet normal 0 0 0
    outer loop
      vertex 7.566146695261933 -7.566146695261937 2.460000000000001
      vertex 7.72493990353021 -7.724939903530212 1.2299999999999989
      vertex 6.06944633604703 -9.083568362716932 1.2299999999999989
    endloop
  endfacet
  facet normal 0 0 0
    outer loop
      vertex 5.944683312884533 -8.89684730328437 2.460000000000001
      vertex 7.566146695261933 -7.566146695261937 2.460000000000001
      vertex 6.06944633604703 -9.083568362716932 1.2299999999999989
    endloop
  endfacet
  facet normal 0 0 0
    outer loop
      vertex 8.896847303284368 -5.9446833128845356 2.460000000000001
      vertex 9.08356836271693 -6.069446336047034 1.2299999999999989
      vertex 7.72493990353021 -7.724939903530212 1.2299999999999989
    endloop
  endfacet
  facet normal 0 0 0
    outer loop
      vertex 7.566146695261933 -7.566146695261937 2.460000000000001
      vertex 8.896847303284368 -5.9446833128845356 2.460000000000001
      vertex 7.72493990353021 -7.724939903530212 1.2299999999999989
    endloop
  endfacet
  facet normal 0 0 0
    outer loop
      vertex 9.885647058851028 -4.094769084609802 2.460000000000001
      vertex 10.09312038384826 -4.180707349654296 1.2299999999999989
      vertex 9.08356836271693 -6.069446336047034 1.2299999999999989
    endloop
  endfacet
  facet normal 0 0 0
    outer loop
      vertex 8.896847303284368 -5.9446833128845356 2.460000000000001
      vertex 9.885647058851028 -4.094769084609802 2.460000000000001
      vertex 9.08356836271693 -6.069446336047034 1.2299999999999989
    endloop
  endfacet
  facet normal 0 0 0
    outer loop
      vertex 10.49454694188079 -2.0874951767864633 2.460000000000001
      vertex 10.714799448915427 -2.1313061243820277 1.2299999999999989
      vertex 10.09312038384826 -4.180707349654296 1.2299999999999989
    endloop
  endfacet
  facet normal 0 0 0
    outer loop
      vertex 9.885647058851028 -4.094769084609802 2.460000000000001
      vertex 10.49454694188079 -2.0874951767864633 2.460000000000001
      vertex 10.09312038384826 -4.180707349654296 1.2299999999999989
    endloop
  endfacet
  facet normal 0 0 0
    outer loop
      vertex 10.7001472713438 0 2.460000000000001
      vertex 10.924714780089532 0 1.2299999999999989
      vertex 10.714799448915427 -2.1313061243820277 1.2299999999999989
    endloop
  endfacet
  facet normal 0 0 0
    outer loop
      vertex 10.49454694188079 -2.0874951767864633 2.460000000000001
      vertex 10.7001472713438 0 2.460000000000001
      vertex 10.714799448915427 -2.1313061243820277 1.2299999999999989
    endloop
  endfacet
  facet normal 0 0 0
    outer loop
      vertex 10.13164914479252 2.0153103168507673 3.69
      vertex 10.49454694188079 2.087495176786458 2.460000000000001
      vertex 10.7001472713438 0 2.460000000000001
    endloop
  endfacet
  facet normal 0 0 0
    outer loop
      vertex 10.330139886099325 0 3.69
      vertex 10.13164914479252 2.0153103168507673 3.69
      vertex 10.7001472713438 0 2.460000000000001
    endloop
  endfacet
  facet normal 0 0 0
    outer loop
      vertex 9.54380480874564 3.953173388424007 3.69
      vertex 9.885647058851031 4.094769084609795 2.460000000000001
      vertex 10.49454694188079 2.087495176786458 2.460000000000001
    endloop
  endfacet
  facet normal 0 0 0
    outer loop
      vertex 10.13164914479252 2.0153103168507673 3.69
      vertex 9.54380480874564 3.953173388424007 3.69
      vertex 10.49454694188079 2.087495176786458 2.460000000000001
    endloop
  endfacet
  facet normal 0 0 0
    outer loop
      vertex 8.589197406126065 5.739118223645288 3.69
      vertex 8.896847303284368 5.9446833128845356 2.460000000000001
      vertex 9.885647058851031 4.094769084609795 2.460000000000001
    endloop
  endfacet
  facet normal 0 0 0
    outer loop
      vertex 9.54380480874564 3.953173388424007 3.69
      vertex 8.589197406126065 5.739118223645288 3.69
      vertex 9.885647058851031 4.094769084609795 2.460000000000001
    endloop
  endfacet
  facet normal 0 0 0
    outer loop
      vertex 7.304511964066462 7.304511964066461 3.69
      vertex 7.566146695261935 7.566146695261934 2.460000000000001
      vertex 8.896847303284368 5.9446833128845356 2.460000000000001
    endloop
  endfacet
  facet normal 0 0 0
    outer loop
      vertex 8.589197406126065 5.739118223645288 3.69
      vertex 7.304511964066462 7.304511964066461 3.69
      vertex 8.896847303284368 5.9446833128845356 2.460000000000001
    endloop
  endfacet
  facet normal 0 0 0
    outer loop
      vertex 5.73911822364529 8.589197406126065 3.69
      vertex 5.944683312884536 8.896847303284368 2.460000000000001
      vertex 7.566146695261935 7.566146695261934 2.460000000000001
    endloop
  endfacet
  facet normal 0 0 0
    outer loop
      vertex 7.304511964066462 7.304511964066461 3.69
      vertex 5.73911822364529 8.589197406126065 3.69
      vertex 7.566146695261935 7.566146695261934 2.460000000000001
    endloop
  endfacet
  facet normal 0 0 0
    outer loop
      vertex 3.9531733884240077 9.54380480874564 3.69
      vertex 4.094769084609796 9.885647058851031 2.460000000000001
      vertex 5.944683312884536 8.896847303284368 2.460000000000001
    endloop
  endfacet
  facet normal 0 0 0
    outer loop
      vertex 5.73911822364529 8.589197406126065 3.69
      vertex 3.9531733884240077 9.54380480874564 3.69
      vertex 5.944683312884536 8.896847303284368 2.460000000000001
    endloop
  endfacet
  facet normal 0 0 0
    outer loop
      vertex 2.0153103168507687 10.13164914479252 3.69
      vertex 2.087495176786459 10.49454694188079 2.460000000000001
      vertex 4.094769084609796 9.885647058851031 2.460000000000001
    endloop
  endfacet
  facet normal 0 0 0
    outer loop
      vertex 3.9531733884240077 9.54380480874564 3.69
      vertex 2.0153103168507687 10.13164914479252 3.69
      vertex 4.094769084609796 9.885647058851031 2.460000000000001
    endloop
  endfacet
  facet normal 0 0 0
    outer loop
      vertex 6.325386373127971e-16 10.330139886099325 3.69
      vertex 6.551950553128236e-16 10.7001472713438 2.460000000000001
      vertex 2.087495176786459 10.49454694188079 2.460000000000001
    endloop
  endfacet
  facet normal 0 0 0
    outer loop
      vertex 2.0153103168507687 10.13164914479252 3.69
      vertex 6.325386373127971e-16 10.330139886099325 3.69
      vertex 2.087495176786459 10.49454694188079 2.460000000000001
    endloop
  endfacet
  facet normal 0 0 0
    outer loop
      vertex -2.015310316850767 10.13164914479252 3.69
      vertex -2.0874951767864576 10.49454694188079 2.460000000000001
      vertex 6.551950553128236e-16 10.7001472713438 2.460000000000001
    endloop
  endfacet
  facet normal 0 0 0
    outer loop
      vertex 6.325386373127971e-16 10.330139886099325 3.69
      vertex -2.015310316850767 10.13164914479252 3.69
      vertex 6.551950553128236e-16 10.7001472713438 2.460000000000001
    endloop
  endfacet
  facet normal 0 0 0
    outer loop
      vertex -3.9531733884240063 9.54380480874564 3.69
      vertex -4.094769084609795 9.885647058851031 2.460000000000001
      vertex -2.0874951767864576 10.49454694188079 2.460000000000001
    endloop
  endfacet
  facet normal 0 0 0
    outer loop
      vertex -2.015310316850767 10.13164914479252 3.69
      vertex -3.9531733884240063 9.54380480874564 3.69
      vertex -2.0874951767864576 10.49454694188079 2.460000000000001
    endloop
  endfacet
  facet normal 0 0 0
    outer loop
      vertex -5.739118223645286 8.589197406126065 3.69
      vertex -5.944683312884534 8.896847303284368 2.460000000000001
      vertex -4.094769084609795 9.885647058851031 2.460000000000001
    endloop
  endfacet
  facet normal 0 0 0
    outer loop
      vertex -3.9531733884240063 9.54380480874564 3.69
      vertex -5.739118223645286 8.589197406126065 3.69
      vertex -4.094769084609795 9.885647058851031 2.460000000000001
    endloop
  endfacet
  facet normal 0 0 0
    outer loop
      vertex -7.304511964066461 7.304511964066462 3.69
      vertex -7.566146695261934 7.566146695261935 2.460000000000001
      vertex -5.944683312884534 8.896847303284368 2.460000000000001
    endloop
  endfacet
  facet normal 0 0 0
    outer loop
      vertex -5.739118223645286 8.589197406126065 3.69
      vertex -7.304511964066461 7.304511964066462 3.69
      vertex -5.944683312884534 8.896847303284368 2.460000000000001
    endloop
  endfacet
  facet normal 0 0 0
    outer loop
      vertex -8.589197406126065 5.739118223645288 3.69
      vertex -8.896847303284368 5.9446833128845356 2.460000000000001
      vertex -7.566146695261934 7.566146695261935 2.460000000000001
    endloop
  endfacet
  facet normal 0 0 0
    outer loop
      vertex -7.304511964066461 7.304511964066462 3.69
      vertex -8.589197406126065 5.739118223645288 3.69
      vertex -7.566146695261934 7.566146695261935 2.460000000000001
    endloop
  endfacet
  facet normal 0 0 0
    outer loop
      vertex -9.54380480874564 3.953173388424008 3.69
      vertex -9.885647058851031 4.094769084609797 2.460000000000001
      vertex -8.896847303284368 5.9446833128845356 2.460000000000001
    endloop
  endfacet
  facet normal 0 0 0
    outer loop
      vertex -8.589197406126065 5.739118223645288 3.69
      vertex -9.54380480874564 3.953173388424008 3.69
      vertex -8.896847303284368 5.9446833128845356 2.460000000000001
    endloop
  endfacet
  facet normal 0 0 0
    outer loop
      vertex -10.13164914479252 2.0153103168507713 3.69
      vertex -10.49454694188079 2.087495176786462 2.460000000000001
      vertex -9.885647058851031 4.094769084609797 2.460000000000001
    endloop
  endfacet
  facet normal 0 0 0
    outer loop
      vertex -9.54380480874564 3.953173388424008 3.69
      vertex -10.13164914479252 2.0153103168507713 3.69
      vertex -9.885647058851031 4.094769084609797 2.460000000000001
    endloop
  endfacet
  facet normal 0 0 0
    outer loop
      vertex -10.330139886099325 1.2650772746255941e-15 3.69
      vertex -10.7001472713438 1.3103901106256471e-15 2.460000000000001
      vertex -10.49454694188079 2.087495176786462 2.460000000000001
    endloop
  endfacet
  facet normal 0 0 0
    outer loop
      vertex -10.13164914479252 2.0153103168507713 3.69
      vertex -10.330139886099325 1.2650772746255941e-15 3.69
      vertex -10.49454694188079 2.087495176786462 2.460000000000001
    endloop
  endfacet
  facet normal 0 0 0
    outer loop
      vertex -10.13164914479252 -2.0153103168507687 3.69
      vertex -10.49454694188079 -2.0874951767864593 2.460000000000001
      vertex -10.7001472713438 1.3103901106256471e-15 2.460000000000001
    endloop
  endfacet
  facet normal 0 0 0
    outer loop
      vertex -10.330139886099325 1.2650772746255941e-15 3.69
      vertex -10.13164914479252 -2.0153103168507687 3.69
      vertex -10.7001472713438 1.3103901106256471e-15 2.460000000000001
    endloop
  endfacet
  facet normal 0 0 0
    outer loop
      vertex -9.54380480874564 -3.9531733884240055 3.69
      vertex -9.885647058851031 -4.094769084609794 2.460000000000001
      vertex -10.49454694188079 -2.0874951767864593 2.460000000000001
    endloop
  endfacet
  facet normal 0 0 0
    outer loop
      vertex -10.13164914479252 -2.0153103168507687 3.69
      vertex -9.54380480874564 -3.9531733884240055 3.69
      vertex -10.49454694188079 -2.0874951767864593 2.460000000000001
    endloop
  endfacet
  facet normal 0 0 0
    outer loop
      vertex -8.589197406126067 -5.739118223645286 3.69
      vertex -8.89684730328437 -5.944683312884534 2.460000000000001
      vertex -9.885647058851031 -4.094769084609794 2.460000000000001
    endloop
  endfacet
  facet normal 0 0 0
    outer loop
      vertex -9.54380480874564 -3.9531733884240055 3.69
      vertex -8.589197406126067 -5.739118223645286 3.69
      vertex -9.885647058851031 -4.094769084609794 2.460000000000001
    endloop
  endfacet
  facet normal 0 0 0
    outer loop
      vertex -7.304511964066463 -7.304511964066461 3.69
      vertex -7.566146695261937 -7.566146695261934 2.460000000000001
      vertex -8.89684730328437 -5.944683312884534 2.460000000000001
    endloop
  endfacet
  facet normal 0 0 0
    outer loop
      vertex -8.589197406126067 -5.739118223645286 3.69
      vertex -7.304511964066463 -7.304511964066461 3.69
      vertex -8.89684730328437 -5.944683312884534 2.460000000000001
    endloop
  endfacet
  facet normal 0 0 0
    outer loop
      vertex -5.739118223645288 -8.589197406126065 3.69
      vertex -5.9446833128845356 -8.896847303284368 2.460000000000001
      vertex -7.566146695261937 -7.566146695261934 2.460000000000001
    endloop
  endfacet
  facet normal 0 0 0
    outer loop
      vertex -7.304511964066463 -7.304511964066461 3.69
      vertex -5.739118223645288 -8.589197406126065 3.69
      vertex -7.566146695261937 -7.566146695261934 2.460000000000001
    endloop
  endfacet
  facet normal 0 0 0
    outer loop
      vertex -3.9531733884240126 -9.543804808745639 3.69
      vertex -4.094769084609801 -9.885647058851028 2.460000000000001
      vertex -5.9446833128845356 -8.896847303284368 2.460000000000001
    endloop
  endfacet
  facet normal 0 0 0
    outer loop
      vertex -5.739118223645288 -8.589197406126065 3.69
      vertex -3.9531733884240126 -9.543804808745639 3.69
      vertex -5.9446833128845356 -8.896847303284368 2.460000000000001
    endloop
  endfacet
  facet normal 0 0 0
    outer loop
      vertex -2.0153103168507718 -10.131649144792519 3.69
      vertex -2.0874951767864625 -10.49454694188079 2.460000000000001
      vertex -4.094769084609801 -9.885647058851028 2.460000000000001
    endloop
  endfacet
  facet normal 0 0 0
    outer loop
      vertex -3.9531733884240126 -9.543804808745639 3.69
      vertex -2.0153103168507718 -10.131649144792519 3.69
      vertex -4.094769084609801 -9.885647058851028 2.460000000000001
    endloop
  endfacet
  facet normal 0 0 0
    outer loop
      vertex -1.897615911938391e-15 -10.330139886099325 3.69
      vertex -1.9655851659384705e-15 -10.7001472713438 2.460000000000001
      vertex -2.0874951767864625 -10.49454694188079 2.460000000000001
    endloop
  endfacet
  facet normal 0 0 0
    outer loop
      vertex -2.0153103168507718 -10.131649144792519 3.69
      vertex -1.897615911938391e-15 -10.330139886099325 3.69
      vertex -2.0874951767864625 -10.49454694188079 2.460000000000001
    endloop
  endfacet
  facet normal 0 0 0
    outer loop
      vertex 2.0153103168507682 -10.13164914479252 3.69
      vertex 2.0874951767864585 -10.49454694188079 2.460000000000001
      vertex -1.9655851659384705e-15 -10.7001472713438 2.460000000000001
    endloop
  endfacet
  facet normal 0 0 0
    outer loop
      vertex -1.897615911938391e-15 -10.330139886099325 3.69
      vertex 2.0153103168507682 -10.13164914479252 3.69
      vertex -1.9655851659384705e-15 -10.7001472713438 2.460000000000001
    endloop
  endfacet
  facet normal 0 0 0
    outer loop
      vertex 3.9531733884240094 -9.543804808745639 3.69
      vertex 4.094769084609798 -9.88564705885103 2.460000000000001
      vertex 2.0874951767864585 -10.49454694188079 2.460000000000001
    endloop
  endfacet
  facet normal 0 0 0
    outer loop
      vertex 2.0153103168507682 -10.13164914479252 3.69
      vertex 3.9531733884240094 -9.543804808745639 3.69
      vertex 2.0874951767864585 -10.49454694188079 2.460000000000001
    endloop
  endfacet
  facet normal 0 0 0
    outer loop
      vertex 5.739118223645285 -8.589197406126067 3.69
      vertex 5.944683312884533 -8.89684730328437 2.460000000000001
      vertex 4.094769084609798 -9.88564705885103 2.460000000000001
    endloop
  endfacet
  facet normal 0 0 0
    outer loop
      vertex 3.9531733884240094 -9.543804808745639 3.69
      vertex 5.739118223645285 -8.589197406126067 3.69
      vertex 4.094769084609798 -9.88564705885103 2.460000000000001
    endloop
  endfacet
  facet normal 0 0 0
    outer loop
      vertex 7.30451196406646 -7.304511964066463 3.69
      vertex 7.566146695261933 -7.566146695261937 2.460000000000001
      vertex 5.944683312884533 -8.89684730328437 2.460000000000001
    endloop
  endfacet
  facet normal 0 0 0
    outer loop
      vertex 5.739118223645285 -8.589197406126067 3.69
      vertex 7.30451196406646 -7.304511964066463 3.69
      vertex 5.944683312884533 -8.89684730328437 2.460000000000001
    endloop
  endfacet
  facet normal 0 0 0
    outer loop
      vertex 8.589197406126065 -5.739118223645288 3.69
      vertex 8.896847303284368 -5.9446833128845356 2.460000000000001
      vertex 7.566146695261933 -7.566146695261937 2.460000000000001
    endloop
  endfacet
  facet normal 0 0 0
    outer loop
      vertex 7.30451196406646 -7.304511964066463 3.69
      vertex 8.589197406126065 -5.739118223645288 3.69
      vertex 7.566146695261933 -7.566146695261937 2.460000000000001
    endloop
  endfacet
  facet normal 0 0 0
    outer loop
      vertex 9.543804808745639 -3.953173388424013 3.69
      vertex 9.885647058851028 -4.094769084609802 2.460000000000001
      vertex 8.896847303284368 -5.9446833128845356 2.460000000000001
    endloop
  endfacet
  facet normal 0 0 0
    outer loop
      vertex 8.589197406126065 -5.739118223645288 3.69
      vertex 9.543804808745639 -3.953173388424013 3.69
      vertex 8.896847303284368 -5.9446833128845356 2.460000000000001
    endloop
  endfacet
  facet normal 0 0 0
    outer loop
      vertex 10.131649144792519 -2.015310316850772 3.69
      vertex 10.49454694188079 -2.0874951767864633 2.460000000000001
      vertex 9.885647058851028 -4.094769084609802 2.460000000000001
    endloop
  endfacet
  facet normal 0 0 0
    outer loop
      vertex 9.543804808745639 -3.953173388424013 3.69
      vertex 10.131649144792519 -2.015310316850772 3.69
      vertex 9.885647058851028 -4.094769084609802 2.460000000000001
    endloop
  endfacet
  facet normal 0 0 0
    outer loop
      vertex 10.330139886099325 0 3.69
      vertex 10.7001472713438 0 2.460000000000001
      vertex 10.49454694188079 -2.0874951767864633 2.460000000000001
    endloop
  endfacet
  facet normal 0 0 0
    outer loop
      vertex 10.131649144792519 -2.015310316850772 3.69
      vertex 10.330139886099325 0 3.69
      vertex 10.49454694188079 -2.0874951767864633 2.460000000000001
    endloop
  endfacet
  facet normal 0 0 0
    outer loop
      vertex 9.632315339573074 1.9159866475418745 4.919999999999998
      vertex 10.13164914479252 2.0153103168507673 3.69
      vertex 10.330139886099325 0 3.69
    endloop
  endfacet
  facet normal 0 0 0
    outer loop
      vertex 9.821023553303062 0 4.919999999999998
      vertex 9.632315339573074 1.9159866475418745 4.919999999999998
      vertex 10.330139886099325 0 3.69
    endloop
  endfacet
  facet normal 0 0 0
    outer loop
      vertex 9.073442649207971 3.758343002716406 4.919999999999998
      vertex 9.54380480874564 3.953173388424007 3.69
      vertex 10.13164914479252 2.0153103168507673 3.69
    endloop
  endfacet
  facet normal 0 0 0
    outer loop
      vertex 9.632315339573074 1.9159866475418745 4.919999999999998
      vertex 9.073442649207971 3.758343002716406 4.919999999999998
      vertex 10.13164914479252 2.0153103168507673 3.69
    endloop
  endfacet
  facet normal 0 0 0
    outer loop
      vertex 8.165882646279062 5.456268343999583 4.919999999999998
      vertex 8.589197406126065 5.739118223645288 3.69
      vertex 9.54380480874564 3.953173388424007 3.69
    endloop
  endfacet
  facet normal 0 0 0
    outer loop
      vertex 9.073442649207971 3.758343002716406 4.919999999999998
      vertex 8.165882646279062 5.456268343999583 4.919999999999998
      vertex 9.54380480874564 3.953173388424007 3.69
    endloop
  endfacet
  facet normal 0 0 0
    outer loop
      vertex 6.9445123527333985 6.944512352733398 4.919999999999998
      vertex 7.304511964066462 7.304511964066461 3.69
      vertex 8.589197406126065 5.739118223645288 3.69
    endloop
  endfacet
  facet normal 0 0 0
    outer loop
      vertex 8.165882646279062 5.456268343999583 4.919999999999998
      vertex 6.9445123527333985 6.944512352733398 4.919999999999998
      vertex 8.589197406126065 5.739118223645288 3.69
    endloop
  endfacet
  facet normal 0 0 0
    outer loop
      vertex 5.456268343999585 8.165882646279062 4.919999999999998
      vertex 5.73911822364529 8.589197406126065 3.69
      vertex 7.304511964066462 7.304511964066461 3.69
    endloop
  endfacet
  facet normal 0 0 0
    outer loop
      vertex 6.9445123527333985 6.944512352733398 4.919999999999998
      vertex 5.456268343999585 8.165882646279062 4.919999999999998
      vertex 7.304511964066462 7.304511964066461 3.69
    endloop
  endfacet
  facet normal 0 0 0
    outer loop
      vertex 3.7583430027164066 9.073442649207971 4.919999999999998
      vertex 3.9531733884240077 9.54380480874564 3.69
      vertex 5.73911822364529 8.589197406126065 3.69
    endloop
  endfacet
  facet normal 0 0 0
    outer loop
      vertex 5.456268343999585 8.165882646279062 4.919999999999998
      vertex 3.7583430027164066 9.073442649207971 4.919999999999998
      vertex 5.73911822364529 8.589197406126065 3.69
    endloop
  endfacet
  facet normal 0 0 0
    outer loop
      vertex 1.9159866475418754 9.632315339573074 4.919999999999998
      vertex 2.0153103168507687 10.13164914479252 3.69
      vertex 3.9531733884240077 9.54380480874564 3.69
    endloop
  endfacet
  facet normal 0 0 0
    outer loop
      vertex 3.7583430027164066 9.073442649207971 4.919999999999998
      vertex 1.9159866475418754 9.632315339573074 4.919999999999998
      vertex 3.9531733884240077 9.54380480874564 3.69
    endloop
  endfacet
  facet normal 0 0 0
    outer loop
      vertex 6.013642529451681e-16 9.821023553303062 4.919999999999998
      vertex 6.325386373127971e-16 10.330139886099325 3.69
      vertex 2.0153103168507687 10.13164914479252 3.69
    endloop
  endfacet
  facet normal 0 0 0
    outer loop
      vertex 1.9159866475418754 9.632315339573074 4.919999999999998
      vertex 6.013642529451681e-16 9.821023553303062 4.919999999999998
      vertex 2.0153103168507687 10.13164914479252 3.69
    endloop
  endfacet
  facet normal 0 0 0
    outer loop
      vertex -1.9159866475418739 9.632315339573074 4.919999999999998
      vertex -2.015310316850767 10.13164914479252 3.69
      vertex 6.325386373127971e-16 10.330139886099325 3.69
    endloop
  endfacet
  facet normal 0 0 0
    outer loop
      vertex 6.013642529451681e-16 9.821023553303062 4.919999999999998
      vertex -1.9159866475418739 9.632315339573074 4.919999999999998
      vertex 6.325386373127971e-16 10.330139886099325 3.69
    endloop
  endfacet
  facet normal 0 0 0
    outer loop
      vertex -3.7583430027164058 9.073442649207971 4.919999999999998
      vertex -3.9531733884240063 9.54380480874564 3.69
      vertex -2.015310316850767 10.13164914479252 3.69
    endloop
  endfacet
  facet normal 0 0 0
    outer loop
      vertex -1.9159866475418739 9.632315339573074 4.919999999999998
      vertex -3.7583430027164058 9.073442649207971 4.919999999999998
      vertex -2.015310316850767 10.13164914479252 3.69
    endloop
  endfacet
  facet normal 0 0 0
    outer loop
      vertex -5.456268343999581 8.165882646279064 4.919999999999998
      vertex -5.739118223645286 8.589197406126065 3.69
      vertex -3.9531733884240063 9.54380480874564 3.69
    endloop
  endfacet
  facet normal 0 0 0
    outer loop
      vertex -3.7583430027164058 9.073442649207971 4.919999999999998
      vertex -5.456268343999581 8.165882646279064 4.919999999999998
      vertex -3.9531733884240063 9.54380480874564 3.69
    endloop
  endfacet
  facet normal 0 0 0
    outer loop
      vertex -6.944512352733398 6.9445123527333985 4.919999999999998
      vertex -7.304511964066461 7.304511964066462 3.69
      vertex -5.739118223645286 8.589197406126065 3.69
    endloop
  endfacet
  facet normal 0 0 0
    outer loop
      vertex -5.456268343999581 8.165882646279064 4.919999999999998
      vertex -6.944512352733398 6.9445123527333985 4.919999999999998
      vertex -5.739118223645286 8.589197406126065 3.69
    endloop
  endfacet
  facet normal 0 0 0
    outer loop
      vertex -8.165882646279064 5.456268343999583 4.919999999999998
      vertex -8.589197406126065 5.739118223645288 3.69
      vertex -7.304511964066461 7.304511964066462 3.69
    endloop
  endfacet
  facet normal 0 0 0
    outer loop
      vertex -6.944512352733398 6.9445123527333985 4.919999999999998
      vertex -8.165882646279064 5.456268343999583 4.919999999999998
      vertex -7.304511964066461 7.304511964066462 3.69
    endloop
  endfacet
  facet normal 0 0 0
    outer loop
      vertex -9.073442649207971 3.758343002716407 4.919999999999998
      vertex -9.54380480874564 3.953173388424008 3.69
      vertex -8.589197406126065 5.739118223645288 3.69
    endloop
  endfacet
  facet normal 0 0 0
    outer loop
      vertex -8.165882646279064 5.456268343999583 4.919999999999998
      vertex -9.073442649207971 3.758343002716407 4.919999999999998
      vertex -8.589197406126065 5.739118223645288 3.69
    endloop
  endfacet
  facet normal 0 0 0
    outer loop
      vertex -9.632315339573074 1.915986647541878 4.919999999999998
      vertex -10.13164914479252 2.0153103168507713 3.69
      vertex -9.54380480874564 3.953173388424008 3.69
    endloop
  endfacet
  facet normal 0 0 0
    outer loop
      vertex -9.073442649207971 3.758343002716407 4.919999999999998
      vertex -9.632315339573074 1.915986647541878 4.919999999999998
      vertex -9.54380480874564 3.953173388424008 3.69
    endloop
  endfacet
  facet normal 0 0 0
    outer loop
      vertex -9.821023553303062 1.2027285058903362e-15 4.919999999999998
      vertex -10.330139886099325 1.2650772746255941e-15 3.69
      vertex -10.13164914479252 2.0153103168507713 3.69
    endloop
  endfacet
  facet normal 0 0 0
    outer loop
      vertex -9.632315339573074 1.915986647541878 4.919999999999998
      vertex -9.821023553303062 1.2027285058903362e-15 4.919999999999998
      vertex -10.13164914479252 2.0153103168507713 3.69
    endloop
  endfacet
  facet normal 0 0 0
    outer loop
      vertex -9.632315339573074 -1.9159866475418756 4.919999999999998
      vertex -10.13164914479252 -2.0153103168507687 3.69
      vertex -10.330139886099325 1.2650772746255941e-15 3.69
    endloop
  endfacet
  facet normal 0 0 0
    outer loop
      vertex -9.821023553303062 1.2027285058903362e-15 4.919999999999998
      vertex -9.632315339573074 -1.9159866475418756 4.919999999999998
      vertex -10.330139886099325 1.2650772746255941e-15 3.69
    endloop
  endfacet
  facet normal 0 0 0
    outer loop
      vertex -9.073442649207971 -3.758343002716405 4.919999999999998
      vertex -9.54380480874564 -3.9531733884240055 3.69
      vertex -10.13164914479252 -2.0153103168507687 3.69
    endloop
  endfacet
  facet normal 0 0 0
    outer loop
      vertex -9.632315339573074 -1.9159866475418756 4.919999999999998
      vertex -9.073442649207971 -3.758343002716405 4.919999999999998
      vertex -10.13164914479252 -2.0153103168507687 3.69
    endloop
  endfacet
  facet normal 0 0 0
    outer loop
      vertex -8.165882646279064 -5.456268343999581 4.919999999999998
      vertex -8.589197406126067 -5.739118223645286 3.69
      vertex -9.54380480874564 -3.9531733884240055 3.69
    endloop
  endfacet
  facet normal 0 0 0
    outer loop
      vertex -9.073442649207971 -3.758343002716405 4.919999999999998
      vertex -8.165882646279064 -5.456268343999581 4.919999999999998
      vertex -9.54380480874564 -3.9531733884240055 3.69
    endloop
  endfacet
  facet normal 0 0 0
    outer loop
      vertex -6.944512352733399 -6.944512352733398 4.919999999999998
      vertex -7.304511964066463 -7.304511964066461 3.69
      vertex -8.589197406126067 -5.739118223645286 3.69
    endloop
  endfacet
  facet normal 0 0 0
    outer loop
      vertex -8.165882646279064 -5.456268343999581 4.919999999999998
      vertex -6.944512352733399 -6.944512352733398 4.919999999999998
      vertex -8.589197406126067 -5.739118223645286 3.69
    endloop
  endfacet
  facet normal 0 0 0
    outer loop
      vertex -5.456268343999583 -8.165882646279062 4.919999999999998
      vertex -5.739118223645288 -8.589197406126065 3.69
      vertex -7.304511964066463 -7.304511964066461 3.69
    endloop
  endfacet
  facet normal 0 0 0
    outer loop
      vertex -6.944512352733399 -6.944512352733398 4.919999999999998
      vertex -5.456268343999583 -8.165882646279062 4.919999999999998
      vertex -7.304511964066463 -7.304511964066461 3.69
    endloop
  endfacet
  facet normal 0 0 0
    outer loop
      vertex -3.7583430027164115 -9.073442649207967 4.919999999999998
      vertex -3.9531733884240126 -9.543804808745639 3.69
      vertex -5.739118223645288 -8.589197406126065 3.69
    endloop
  endfacet
  facet normal 0 0 0
    outer loop
      vertex -5.456268343999583 -8.165882646279062 4.919999999999998
      vertex -3.7583430027164115 -9.073442649207967 4.919999999999998
      vertex -5.739118223645288 -8.589197406126065 3.69
    endloop
  endfacet
  facet normal 0 0 0
    outer loop
      vertex -1.9159866475418785 -9.632315339573074 4.919999999999998
      vertex -2.0153103168507718 -10.131649144792519 3.69
      vertex -3.9531733884240126 -9.543804808745639 3.69
    endloop
  endfacet
  facet normal 0 0 0
    outer loop
      vertex -3.7583430027164115 -9.073442649207967 4.919999999999998
      vertex -1.9159866475418785 -9.632315339573074 4.919999999999998
      vertex -3.9531733884240126 -9.543804808745639 3.69
    endloop
  endfacet
  facet normal 0 0 0
    outer loop
      vertex -1.804092758835504e-15 -9.821023553303062 4.919999999999998
      vertex -1.897615911938391e-15 -10.330139886099325 3.69
      vertex -2.0153103168507718 -10.131649144792519 3.69
    endloop
  endfacet
  facet normal 0 0 0
    outer loop
      vertex -1.9159866475418785 -9.632315339573074 4.919999999999998
      vertex -1.804092758835504e-15 -9.821023553303062 4.919999999999998
      vertex -2.0153103168507718 -10.131649144792519 3.69
    endloop
  endfacet
  facet normal 0 0 0
    outer loop
      vertex 1.915986647541875 -9.632315339573074 4.919999999999998
      vertex 2.0153103168507682 -10.13164914479252 3.69
      vertex -1.897615911938391e-15 -10.330139886099325 3.69
    endloop
  endfacet
  facet normal 0 0 0
    outer loop
      vertex -1.804092758835504e-15 -9.821023553303062 4.919999999999998
      vertex 1.915986647541875 -9.632315339573074 4.919999999999998
      vertex -1.897615911938391e-15 -10.330139886099325 3.69
    endloop
  endfacet
  facet normal 0 0 0
    outer loop
      vertex 3.758343002716408 -9.073442649207967 4.919999999999998
      vertex 3.9531733884240094 -9.543804808745639 3.69
      vertex 2.0153103168507682 -10.13164914479252 3.69
    endloop
  endfacet
  facet normal 0 0 0
    outer loop
      vertex 1.915986647541875 -9.632315339573074 4.919999999999998
      vertex 3.758343002716408 -9.073442649207967 4.919999999999998
      vertex 2.0153103168507682 -10.13164914479252 3.69
    endloop
  endfacet
  facet normal 0 0 0
    outer loop
      vertex 5.4562683439995805 -8.165882646279064 4.919999999999998
      vertex 5.739118223645285 -8.589197406126067 3.69
      vertex 3.9531733884240094 -9.543804808745639 3.69
    endloop
  endfacet
  facet normal 0 0 0
    outer loop
      vertex 3.758343002716408 -9.073442649207967 4.919999999999998
      vertex 5.4562683439995805 -8.165882646279064 4.919999999999998
      vertex 3.9531733884240094 -9.543804808745639 3.69
    endloop
  endfacet
  facet normal 0 0 0
    outer loop
      vertex 6.944512352733397 -6.944512352733399 4.919999999999998
      vertex 7.30451196406646 -7.304511964066463 3.69
      vertex 5.739118223645285 -8.589197406126067 3.69
    endloop
  endfacet
  facet normal 0 0 0
    outer loop
      vertex 5.4562683439995805 -8.165882646279064 4.919999999999998
      vertex 6.944512352733397 -6.944512352733399 4.919999999999998
      vertex 5.739118223645285 -8.589197406126067 3.69
    endloop
  endfacet
  facet normal 0 0 0
    outer loop
      vertex 8.165882646279062 -5.456268343999583 4.919999999999998
      vertex 8.589197406126065 -5.739118223645288 3.69
      vertex 7.30451196406646 -7.304511964066463 3.69
    endloop
  endfacet
  facet normal 0 0 0
    outer loop
      vertex 6.944512352733397 -6.944512352733399 4.919999999999998
      vertex 8.165882646279062 -5.456268343999583 4.919999999999998
      vertex 7.30451196406646 -7.304511964066463 3.69
    endloop
  endfacet
  facet normal 0 0 0
    outer loop
      vertex 9.073442649207967 -3.758343002716412 4.919999999999998
      vertex 9.543804808745639 -3.953173388424013 3.69
      vertex 8.589197406126065 -5.739118223645288 3.69
    endloop
  endfacet
  facet normal 0 0 0
    outer loop
      vertex 8.165882646279062 -5.456268343999583 4.919999999999998
      vertex 9.073442649207967 -3.758343002716412 4.919999999999998
      vertex 8.589197406126065 -5.739118223645288 3.69
    endloop
  endfacet
  facet normal 0 0 0
    outer loop
      vertex 9.632315339573074 -1.9159866475418792 4.919999999999998
      vertex 10.131649144792519 -2.015310316850772 3.69
      vertex 9.543804808745639 -3.953173388424013 3.69
    endloop
  endfacet
  facet normal 0 0 0
    outer loop
      vertex 9.073442649207967 -3.758343002716412 4.919999999999998
      vertex 9.632315339573074 -1.9159866475418792 4.919999999999998
      vertex 9.543804808745639 -3.953173388424013 3.69
    endloop
  endfacet
  facet normal 0 0 0
    outer loop
      vertex 9.821023553303062 0 4.919999999999998
      vertex 10.330139886099325 0 3.69
      vertex 10.131649144792519 -2.015310316850772 3.69
    endloop
  endfacet
  facet normal 0 0 0
    outer loop
      vertex 9.632315339573074 -1.9159866475418792 4.919999999999998
      vertex 9.821023553303062 0 4.919999999999998
      vertex 10.131649144792519 -2.015310316850772 3.69
    endloop
  endfacet
  facet normal 0 0 0
    outer loop
      vertex 9.00508926607124 1.791223624379377 6.150000000000001
      vertex 9.632315339573074 1.9159866475418745 4.919999999999998
      vertex 9.821023553303062 0 4.919999999999998
    endloop
  endfacet
  facet normal 0 0 0
    outer loop
      vertex 9.18150939456287 0 6.150000000000001
      vertex 9.00508926607124 1.791223624379377 6.150000000000001
      vertex 9.821023553303062 0 4.919999999999998
    endloop
  endfacet
  facet normal 0 0 0
    outer loop
      vertex 8.482608607196733 3.5136115294036365 6.150000000000001
      vertex 9.073442649207971 3.758343002716406 4.919999999999998
      vertex 9.632315339573074 1.9159866475418745 4.919999999999998
    endloop
  endfacet
  facet normal 0 0 0
    outer loop
      vertex 9.00508926607124 1.791223624379377 6.150000000000001
      vertex 8.482608607196733 3.5136115294036365 6.150000000000001
      vertex 9.632315339573074 1.9159866475418745 4.919999999999998
    endloop
  endfacet
  facet normal 0 0 0
    outer loop
      vertex 7.634146056649366 5.10097331380896 6.150000000000001
      vertex 8.165882646279062 5.456268343999583 4.919999999999998
      vertex 9.073442649207971 3.758343002716406 4.919999999999998
    endloop
  endfacet
  facet normal 0 0 0
    outer loop
      vertex 8.482608607196733 3.5136115294036365 6.150000000000001
      vertex 7.634146056649366 5.10097331380896 6.150000000000001
      vertex 9.073442649207971 3.758343002716406 4.919999999999998
    endloop
  endfacet
  facet normal 0 0 0
    outer loop
      vertex 6.492307554423398 6.492307554423397 6.150000000000001
      vertex 6.9445123527333985 6.944512352733398 4.919999999999998
      vertex 8.165882646279062 5.456268343999583 4.919999999999998
    endloop
  endfacet
  facet normal 0 0 0
    outer loop
      vertex 7.634146056649366 5.10097331380896 6.150000000000001
      vertex 6.492307554423398 6.492307554423397 6.150000000000001
      vertex 8.165882646279062 5.456268343999583 4.919999999999998
    endloop
  endfacet
  facet normal 0 0 0
    outer loop
      vertex 5.100973313808961 7.634146056649366 6.150000000000001
      vertex 5.456268343999585 8.165882646279062 4.919999999999998
      vertex 6.9445123527333985 6.944512352733398 4.919999999999998
    endloop
  endfacet
  facet normal 0 0 0
    outer loop
      vertex 6.492307554423398 6.492307554423397 6.150000000000001
      vertex 5.100973313808961 7.634146056649366 6.150000000000001
      vertex 6.9445123527333985 6.944512352733398 4.919999999999998
    endloop
  endfacet
  facet normal 0 0 0
    outer loop
      vertex 3.513611529403637 8.482608607196733 6.150000000000001
      vertex 3.7583430027164066 9.073442649207971 4.919999999999998
      vertex 5.456268343999585 8.165882646279062 4.919999999999998
    endloop
  endfacet
  facet normal 0 0 0
    outer loop
      vertex 5.100973313808961 7.634146056649366 6.150000000000001
      vertex 3.513611529403637 8.482608607196733 6.150000000000001
      vertex 5.456268343999585 8.165882646279062 4.919999999999998
    endloop
  endfacet
  facet normal 0 0 0
    outer loop
      vertex 1.791223624379378 9.00508926607124 6.150000000000001
      vertex 1.9159866475418754 9.632315339573074 4.919999999999998
      vertex 3.7583430027164066 9.073442649207971 4.919999999999998
    endloop
  endfacet
  facet normal 0 0 0
    outer loop
      vertex 3.513611529403637 8.482608607196733 6.150000000000001
      vertex 1.791223624379378 9.00508926607124 6.150000000000001
      vertex 3.7583430027164066 9.073442649207971 4.919999999999998
    endloop
  endfacet
  facet normal 0 0 0
    outer loop
      vertex 5.622053045696386e-16 9.18150939456287 6.150000000000001
      vertex 6.013642529451681e-16 9.821023553303062 4.919999999999998
      vertex 1.9159866475418754 9.632315339573074 4.919999999999998
    endloop
  endfacet
  facet normal 0 0 0
    outer loop
      vertex 1.791223624379378 9.00508926607124 6.150000000000001
      vertex 5.622053045696386e-16 9.18150939456287 6.150000000000001
      vertex 1.9159866475418754 9.632315339573074 4.919999999999998
    endloop
  endfacet
  facet normal 0 0 0
    outer loop
      vertex -1.7912236243793764 9.00508926607124 6.150000000000001
      vertex -1.9159866475418739 9.632315339573074 4.919999999999998
      vertex 6.013642529451681e-16 9.821023553303062 4.919999999999998
    endloop
  endfacet
  facet normal 0 0 0
    outer loop
      vertex 5.622053045696386e-16 9.18150939456287 6.150000000000001
      vertex -1.7912236243793764 9.00508926607124 6.150000000000001
      vertex 6.013642529451681e-16 9.821023553303062 4.919999999999998
    endloop
  endfacet
  facet normal 0 0 0
    outer loop
      vertex -3.513611529403636 8.482608607196733 6.150000000000001
      vertex -3.7583430027164058 9.073442649207971 4.919999999999998
      vertex -1.9159866475418739 9.632315339573074 4.919999999999998
    endloop
  endfacet
  facet normal 0 0 0
    outer loop
      vertex -1.7912236243793764 9.00508926607124 6.150000000000001
      vertex -3.513611529403636 8.482608607196733 6.150000000000001
      vertex -1.9159866475418739 9.632315339573074 4.919999999999998
    endloop
  endfacet
  facet normal 0 0 0
    outer loop
      vertex -5.100973313808958 7.634146056649367 6.150000000000001
      vertex -5.456268343999581 8.165882646279064 4.919999999999998
      vertex -3.7583430027164058 9.073442649207971 4.919999999999998
    endloop
  endfacet
  facet normal 0 0 0
    outer loop
      vertex -3.513611529403636 8.482608607196733 6.150000000000001
      vertex -5.100973313808958 7.634146056649367 6.150000000000001
      vertex -3.7583430027164058 9.073442649207971 4.919999999999998
    endloop
  endfacet
  facet normal 0 0 0
    outer loop
      vertex -6.492307554423397 6.492307554423398 6.150000000000001
      vertex -6.944512352733398 6.9445123527333985 4.919999999999998
      vertex -5.456268343999581 8.165882646279064 4.919999999999998
    endloop
  endfacet
  facet normal 0 0 0
    outer loop
      vertex -5.100973313808958 7.634146056649367 6.150000000000001
      vertex -6.492307554423397 6.492307554423398 6.150000000000001
      vertex -5.456268343999581 8.165882646279064 4.919999999999998
    endloop
  endfacet
  facet normal 0 0 0
    outer loop
      vertex -7.634146056649367 5.10097331380896 6.150000000000001
      vertex -8.165882646279064 5.456268343999583 4.919999999999998
      vertex -6.944512352733398 6.9445123527333985 4.919999999999998
    endloop
  endfacet
  facet normal 0 0 0
    outer loop
      vertex -6.492307554423397 6.492307554423398 6.150000000000001
      vertex -7.634146056649367 5.10097331380896 6.150000000000001
      vertex -6.944512352733398 6.9445123527333985 4.919999999999998
    endloop
  endfacet
  facet normal 0 0 0
    outer loop
      vertex -8.482608607196733 3.5136115294036374 6.150000000000001
      vertex -9.073442649207971 3.758343002716407 4.919999999999998
      vertex -8.165882646279064 5.456268343999583 4.919999999999998
    endloop
  endfacet
  facet normal 0 0 0
    outer loop
      vertex -7.634146056649367 5.10097331380896 6.150000000000001
      vertex -8.482608607196733 3.5136115294036374 6.150000000000001
      vertex -8.165882646279064 5.456268343999583 4.919999999999998
    endloop
  endfacet
  facet normal 0 0 0
    outer loop
      vertex -9.00508926607124 1.7912236243793804 6.150000000000001
      vertex -9.632315339573074 1.915986647541878 4.919999999999998
      vertex -9.073442649207971 3.758343002716407 4.919999999999998
    endloop
  endfacet
  facet normal 0 0 0
    outer loop
      vertex -8.482608607196733 3.5136115294036374 6.150000000000001
      vertex -9.00508926607124 1.7912236243793804 6.150000000000001
      vertex -9.073442649207971 3.758343002716407 4.919999999999998
    endloop
  endfacet
  facet normal 0 0 0
    outer loop
      vertex -9.18150939456287 1.1244106091392772e-15 6.150000000000001
      vertex -9.821023553303062 1.2027285058903362e-15 4.919999999999998
      vertex -9.632315339573074 1.915986647541878 4.919999999999998
    endloop
  endfacet
  facet normal 0 0 0
    outer loop
      vertex -9.00508926607124 1.7912236243793804 6.150000000000001
      vertex -9.18150939456287 1.1244106091392772e-15 6.150000000000001
      vertex -9.632315339573074 1.915986647541878 4.919999999999998
    endloop
  endfacet
  facet normal 0 0 0
    outer loop
      vertex -9.00508926607124 -1.7912236243793782 6.150000000000001
      vertex -9.632315339573074 -1.9159866475418756 4.919999999999998
      vertex -9.821023553303062 1.2027285058903362e-15 4.919999999999998
    endloop
  endfacet
  facet normal 0 0 0
    outer loop
      vertex -9.18150939456287 1.1244106091392772e-15 6.150000000000001
      vertex -9.00508926607124 -1.7912236243793782 6.150000000000001
      vertex -9.821023553303062 1.2027285058903362e-15 4.919999999999998
    endloop
  endfacet
  facet normal 0 0 0
    outer loop
      vertex -8.482608607196733 -3.513611529403635 6.150000000000001
      vertex -9.073442649207971 -3.758343002716405 4.919999999999998
      vertex -9.632315339573074 -1.9159866475418756 4.919999999999998
    endloop
  endfacet
  facet normal 0 0 0
    outer loop
      vertex -9.00508926607124 -1.7912236243793782 6.150000000000001
      vertex -8.482608607196733 -3.513611529403635 6.150000000000001
      vertex -9.632315339573074 -1.9159866475418756 4.919999999999998
    endloop
  endfacet
  facet normal 0 0 0
    outer loop
      vertex -7.634146056649368 -5.100973313808958 6.150000000000001
      vertex -8.165882646279064 -5.456268343999581 4.919999999999998
      vertex -9.073442649207971 -3.758343002716405 4.919999999999998
    endloop
  endfacet
  facet normal 0 0 0
    outer loop
      vertex -8.482608607196733 -3.513611529403635 6.150000000000001
      vertex -7.634146056649368 -5.100973313808958 6.150000000000001
      vertex -9.073442649207971 -3.758343002716405 4.919999999999998
    endloop
  endfacet
  facet normal 0 0 0
    outer loop
      vertex -6.492307554423399 -6.492307554423397 6.150000000000001
      vertex -6.944512352733399 -6.944512352733398 4.919999999999998
      vertex -8.165882646279064 -5.456268343999581 4.919999999999998
    endloop
  endfacet
  facet normal 0 0 0
    outer loop
      vertex -7.634146056649368 -5.100973313808958 6.150000000000001
      vertex -6.492307554423399 -6.492307554423397 6.150000000000001
      vertex -8.165882646279064 -5.456268343999581 4.919999999999998
    endloop
  endfacet
  facet normal 0 0 0
    outer loop
      vertex -5.10097331380896 -7.634146056649366 6.150000000000001
      vertex -5.456268343999583 -8.165882646279062 4.919999999999998
      vertex -6.944512352733399 -6.944512352733398 4.919999999999998
    endloop
  endfacet
  facet normal 0 0 0
    outer loop
      vertex -6.492307554423399 -6.492307554423397 6.150000000000001
      vertex -5.10097331380896 -7.634146056649366 6.150000000000001
      vertex -6.944512352733399 -6.944512352733398 4.919999999999998
    endloop
  endfacet
  facet normal 0 0 0
    outer loop
      vertex -3.513611529403642 -8.48260860719673 6.150000000000001
      vertex -3.7583430027164115 -9.073442649207967 4.919999999999998
      vertex -5.456268343999583 -8.165882646279062 4.919999999999998
    endloop
  endfacet
  facet normal 0 0 0
    outer loop
      vertex -5.10097331380896 -7.634146056649366 6.150000000000001
      vertex -3.513611529403642 -8.48260860719673 6.150000000000001
      vertex -5.456268343999583 -8.165882646279062 4.919999999999998
    endloop
  endfacet
  facet normal 0 0 0
    outer loop
      vertex -1.7912236243793809 -9.00508926607124 6.150000000000001
      vertex -1.9159866475418785 -9.632315339573074 4.919999999999998
      vertex -3.7583430027164115 -9.073442649207967 4.919999999999998
    endloop
  endfacet
  facet normal 0 0 0
    outer loop
      vertex -3.513611529403642 -8.48260860719673 6.150000000000001
      vertex -1.7912236243793809 -9.00508926607124 6.150000000000001
      vertex -3.7583430027164115 -9.073442649207967 4.919999999999998
    endloop
  endfacet
  facet normal 0 0 0
    outer loop
      vertex -1.6866159137089157e-15 -9.18150939456287 6.150000000000001
      vertex -1.804092758835504e-15 -9.821023553303062 4.919999999999998
      vertex -1.9159866475418785 -9.632315339573074 4.919999999999998
    endloop
  endfacet
  facet normal 0 0 0
    outer loop
      vertex -1.7912236243793809 -9.00508926607124 6.150000000000001
      vertex -1.6866159137089157e-15 -9.18150939456287 6.150000000000001
      vertex -1.9159866475418785 -9.632315339573074 4.919999999999998
    endloop
  endfacet
  facet normal 0 0 0
    outer loop
      vertex 1.7912236243793778 -9.00508926607124 6.150000000000001
      vertex 1.915986647541875 -9.632315339573074 4.919999999999998
      vertex -1.804092758835504e-15 -9.821023553303062 4.919999999999998
    endloop
  endfacet
  facet normal 0 0 0
    outer loop
      vertex -1.6866159137089157e-15 -9.18150939456287 6.150000000000001
      vertex 1.7912236243793778 -9.00508926607124 6.150000000000001
      vertex -1.804092758835504e-15 -9.821023553303062 4.919999999999998
    endloop
  endfacet
  facet normal 0 0 0
    outer loop
      vertex 3.5136115294036383 -8.482608607196731 6.150000000000001
      vertex 3.758343002716408 -9.073442649207967 4.919999999999998
      vertex 1.915986647541875 -9.632315339573074 4.919999999999998
    endloop
  endfacet
  facet normal 0 0 0
    outer loop
      vertex 1.7912236243793778 -9.00508926607124 6.150000000000001
      vertex 3.5136115294036383 -8.482608607196731 6.150000000000001
      vertex 1.915986647541875 -9.632315339573074 4.919999999999998
    endloop
  endfacet
  facet normal 0 0 0
    outer loop
      vertex 5.100973313808957 -7.634146056649368 6.150000000000001
      vertex 5.4562683439995805 -8.165882646279064 4.919999999999998
      vertex 3.758343002716408 -9.073442649207967 4.919999999999998
    endloop
  endfacet
  facet normal 0 0 0
    outer loop
      vertex 3.5136115294036383 -8.482608607196731 6.150000000000001
      vertex 5.100973313808957 -7.634146056649368 6.150000000000001
      vertex 3.758343002716408 -9.073442649207967 4.919999999999998
    endloop
  endfacet
  facet normal 0 0 0
    outer loop
      vertex 6.492307554423396 -6.492307554423399 6.150000000000001
      vertex 6.944512352733397 -6.944512352733399 4.919999999999998
      vertex 5.4562683439995805 -8.165882646279064 4.919999999999998
    endloop
  endfacet
  facet normal 0 0 0
    outer loop
      vertex 5.100973313808957 -7.634146056649368 6.150000000000001
      vertex 6.492307554423396 -6.492307554423399 6.150000000000001
      vertex 5.4562683439995805 -8.165882646279064 4.919999999999998
    endloop
  endfacet
  facet normal 0 0 0
    outer loop
      vertex 7.634146056649366 -5.10097331380896 6.150000000000001
      vertex 8.165882646279062 -5.456268343999583 4.919999999999998
      vertex 6.944512352733397 -6.944512352733399 4.919999999999998
    endloop
  endfacet
  facet normal 0 0 0
    outer loop
      vertex 6.492307554423396 -6.492307554423399 6.150000000000001
      vertex 7.634146056649366 -5.10097331380896 6.150000000000001
      vertex 6.944512352733397 -6.944512352733399 4.919999999999998
    endloop
  endfacet
  facet normal 0 0 0
    outer loop
      vertex 8.48260860719673 -3.5136115294036423 6.150000000000001
      vertex 9.073442649207967 -3.758343002716412 4.919999999999998
      vertex 8.165882646279062 -5.456268343999583 4.919999999999998
    endloop
  endfacet
  facet normal 0 0 0
    outer loop
      vertex 7.634146056649366 -5.10097331380896 6.150000000000001
      vertex 8.48260860719673 -3.5136115294036423 6.150000000000001
      vertex 8.165882646279062 -5.456268343999583 4.919999999999998
    endloop
  endfacet
  facet normal 0 0 0
    outer loop
      vertex 9.00508926607124 -1.7912236243793813 6.150000000000001
      vertex 9.632315339573074 -1.9159866475418792 4.919999999999998
      vertex 9.073442649207967 -3.758343002716412 4.919999999999998
    endloop
  endfacet
  facet normal 0 0 0
    outer loop
      vertex 8.48260860719673 -3.5136115294036423 6.150000000000001
      vertex 9.00508926607124 -1.7912236243793813 6.150000000000001
      vertex 9.073442649207967 -3.758343002716412 4.919999999999998
    endloop
  endfacet
  facet normal 0 0 0
    outer loop
      vertex 9.18150939456287 0 6.150000000000001
      vertex 9.821023553303062 0 4.919999999999998
      vertex 9.632315339573074 -1.9159866475418792 4.919999999999998
    endloop
  endfacet
  facet normal 0 0 0
    outer loop
      vertex 9.00508926607124 -1.7912236243793813 6.150000000000001
      vertex 9.18150939456287 0 6.150000000000001
      vertex 9.632315339573074 -1.9159866475418792 4.919999999999998
    endloop
  endfacet
  facet normal 0 0 0
    outer loop
      vertex 8.260702936304556 1.6431559772804316 7.38
      vertex 9.00508926607124 1.791223624379377 6.150000000000001
      vertex 9.18150939456287 0 6.150000000000001
    endloop
  endfacet
  facet normal 0 0 0
    outer loop
      vertex 8.42253967444162 0 7.38
      vertex 8.260702936304556 1.6431559772804316 7.38
      vertex 9.18150939456287 0 6.150000000000001
    endloop
  endfacet
  facet normal 0 0 0
    outer loop
      vertex 7.781412016980889 3.2231663918464646 7.38
      vertex 8.482608607196733 3.5136115294036365 6.150000000000001
      vertex 9.00508926607124 1.791223624379377 6.150000000000001
    endloop
  endfacet
  facet normal 0 0 0
    outer loop
      vertex 8.260702936304556 1.6431559772804316 7.38
      vertex 7.781412016980889 3.2231663918464646 7.38
      vertex 9.00508926607124 1.791223624379377 6.150000000000001
    endloop
  endfacet
  facet normal 0 0 0
    outer loop
      vertex 7.00308579771078 4.679312329546375 7.38
      vertex 7.634146056649366 5.10097331380896 6.150000000000001
      vertex 8.482608607196733 3.5136115294036365 6.150000000000001
    endloop
  endfacet
  facet normal 0 0 0
    outer loop
      vertex 7.781412016980889 3.2231663918464646 7.38
      vertex 7.00308579771078 4.679312329546375 7.38
      vertex 8.482608607196733 3.5136115294036365 6.150000000000001
    endloop
  endfacet
  facet normal 0 0 0
    outer loop
      vertex 5.955634918610406 5.9556349186104045 7.38
      vertex 6.492307554423398 6.492307554423397 6.150000000000001
      vertex 7.634146056649366 5.10097331380896 6.150000000000001
    endloop
  endfacet
  facet normal 0 0 0
    outer loop
      vertex 7.00308579771078 4.679312329546375 7.38
      vertex 5.955634918610406 5.9556349186104045 7.38
      vertex 7.634146056649366 5.10097331380896 6.150000000000001
    endloop
  endfacet
  facet normal 0 0 0
    outer loop
      vertex 4.679312329546376 7.00308579771078 7.38
      vertex 5.100973313808961 7.634146056649366 6.150000000000001
      vertex 6.492307554423398 6.492307554423397 6.150000000000001
    endloop
  endfacet
  facet normal 0 0 0
    outer loop
      vertex 5.955634918610406 5.9556349186104045 7.38
      vertex 4.679312329546376 7.00308579771078 7.38
      vertex 6.492307554423398 6.492307554423397 6.150000000000001
    endloop
  endfacet
  facet normal 0 0 0
    outer loop
      vertex 3.223166391846465 7.781412016980889 7.38
      vertex 3.513611529403637 8.482608607196733 6.150000000000001
      vertex 5.100973313808961 7.634146056649366 6.150000000000001
    endloop
  endfacet
  facet normal 0 0 0
    outer loop
      vertex 4.679312329546376 7.00308579771078 7.38
      vertex 3.223166391846465 7.781412016980889 7.38
      vertex 5.100973313808961 7.634146056649366 6.150000000000001
    endloop
  endfacet
  facet normal 0 0 0
    outer loop
      vertex 1.643155977280432 8.260702936304556 7.38
      vertex 1.791223624379378 9.00508926607124 6.150000000000001
      vertex 3.513611529403637 8.482608607196733 6.150000000000001
    endloop
  endfacet
  facet normal 0 0 0
    outer loop
      vertex 3.223166391846465 7.781412016980889 7.38
      vertex 1.643155977280432 8.260702936304556 7.38
      vertex 3.513611529403637 8.482608607196733 6.150000000000001
    endloop
  endfacet
  facet normal 0 0 0
    outer loop
      vertex 5.15731812649826e-16 8.42253967444162 7.38
      vertex 5.622053045696386e-16 9.18150939456287 6.150000000000001
      vertex 1.791223624379378 9.00508926607124 6.150000000000001
    endloop
  endfacet
  facet normal 0 0 0
    outer loop
      vertex 1.643155977280432 8.260702936304556 7.38
      vertex 5.15731812649826e-16 8.42253967444162 7.38
      vertex 1.791223624379378 9.00508926607124 6.150000000000001
    endloop
  endfacet
  facet normal 0 0 0
    outer loop
      vertex -1.6431559772804312 8.260702936304556 7.38
      vertex -1.7912236243793764 9.00508926607124 6.150000000000001
      vertex 5.622053045696386e-16 9.18150939456287 6.150000000000001
    endloop
  endfacet
  facet normal 0 0 0
    outer loop
      vertex 5.15731812649826e-16 8.42253967444162 7.38
      vertex -1.6431559772804312 8.260702936304556 7.38
      vertex 5.622053045696386e-16 9.18150939456287 6.150000000000001
    endloop
  endfacet
  facet normal 0 0 0
    outer loop
      vertex -3.223166391846464 7.781412016980889 7.38
      vertex -3.513611529403636 8.482608607196733 6.150000000000001
      vertex -1.7912236243793764 9.00508926607124 6.150000000000001
    endloop
  endfacet
  facet normal 0 0 0
    outer loop
      vertex -1.6431559772804312 8.260702936304556 7.38
      vertex -3.223166391846464 7.781412016980889 7.38
      vertex -1.7912236243793764 9.00508926607124 6.150000000000001
    endloop
  endfacet
  facet normal 0 0 0
    outer loop
      vertex -4.679312329546373 7.00308579771078 7.38
      vertex -5.100973313808958 7.634146056649367 6.150000000000001
      vertex -3.513611529403636 8.482608607196733 6.150000000000001
    endloop
  endfacet
  facet normal 0 0 0
    outer loop
      vertex -3.223166391846464 7.781412016980889 7.38
      vertex -4.679312329546373 7.00308579771078 7.38
      vertex -3.513611529403636 8.482608607196733 6.150000000000001
    endloop
  endfacet
  facet normal 0 0 0
    outer loop
      vertex -5.9556349186104045 5.955634918610406 7.38
      vertex -6.492307554423397 6.492307554423398 6.150000000000001
      vertex -5.100973313808958 7.634146056649367 6.150000000000001
    endloop
  endfacet
  facet normal 0 0 0
    outer loop
      vertex -4.679312329546373 7.00308579771078 7.38
      vertex -5.9556349186104045 5.955634918610406 7.38
      vertex -5.100973313808958 7.634146056649367 6.150000000000001
    endloop
  endfacet
  facet normal 0 0 0
    outer loop
      vertex -7.00308579771078 4.679312329546375 7.38
      vertex -7.634146056649367 5.10097331380896 6.150000000000001
      vertex -6.492307554423397 6.492307554423398 6.150000000000001
    endloop
  endfacet
  facet normal 0 0 0
    outer loop
      vertex -5.9556349186104045 5.955634918610406 7.38
      vertex -7.00308579771078 4.679312329546375 7.38
      vertex -6.492307554423397 6.492307554423398 6.150000000000001
    endloop
  endfacet
  facet normal 0 0 0
    outer loop
      vertex -7.781412016980889 3.223166391846466 7.38
      vertex -8.482608607196733 3.5136115294036374 6.150000000000001
      vertex -7.634146056649367 5.10097331380896 6.150000000000001
    endloop
  endfacet
  facet normal 0 0 0
    outer loop
      vertex -7.00308579771078 4.679312329546375 7.38
      vertex -7.781412016980889 3.223166391846466 7.38
      vertex -7.634146056649367 5.10097331380896 6.150000000000001
    endloop
  endfacet
  facet normal 0 0 0
    outer loop
      vertex -8.260702936304556 1.6431559772804345 7.38
      vertex -9.00508926607124 1.7912236243793804 6.150000000000001
      vertex -8.482608607196733 3.5136115294036374 6.150000000000001
    endloop
  endfacet
  facet normal 0 0 0
    outer loop
      vertex -7.781412016980889 3.223166391846466 7.38
      vertex -8.260702936304556 1.6431559772804345 7.38
      vertex -8.482608607196733 3.5136115294036374 6.150000000000001
    endloop
  endfacet
  facet normal 0 0 0
    outer loop
      vertex -8.42253967444162 1.031463625299652e-15 7.38
      vertex -9.18150939456287 1.1244106091392772e-15 6.150000000000001
      vertex -9.00508926607124 1.7912236243793804 6.150000000000001
    endloop
  endfacet
  facet normal 0 0 0
    outer loop
      vertex -8.260702936304556 1.6431559772804345 7.38
      vertex -8.42253967444162 1.031463625299652e-15 7.38
      vertex -9.00508926607124 1.7912236243793804 6.150000000000001
    endloop
  endfacet
  facet normal 0 0 0
    outer loop
      vertex -8.260702936304556 -1.6431559772804323 7.38
      vertex -9.00508926607124 -1.7912236243793782 6.150000000000001
      vertex -9.18150939456287 1.1244106091392772e-15 6.150000000000001
    endloop
  endfacet
  facet normal 0 0 0
    outer loop
      vertex -8.42253967444162 1.031463625299652e-15 7.38
      vertex -8.260702936304556 -1.6431559772804323 7.38
      vertex -9.18150939456287 1.1244106091392772e-15 6.150000000000001
    endloop
  endfacet
  facet normal 0 0 0
    outer loop
      vertex -7.78141201698089 -3.2231663918464633 7.38
      vertex -8.482608607196733 -3.513611529403635 6.150000000000001
      vertex -9.00508926607124 -1.7912236243793782 6.150000000000001
    endloop
  endfacet
  facet normal 0 0 0
    outer loop
      vertex -8.260702936304556 -1.6431559772804323 7.38
      vertex -7.78141201698089 -3.2231663918464633 7.38
      vertex -9.00508926607124 -1.7912236243793782 6.150000000000001
    endloop
  endfacet
  facet normal 0 0 0
    outer loop
      vertex -7.0030857977107805 -4.679312329546373 7.38
      vertex -7.634146056649368 -5.100973313808958 6.150000000000001
      vertex -8.482608607196733 -3.513611529403635 6.150000000000001
    endloop
  endfacet
  facet normal 0 0 0
    outer loop
      vertex -7.78141201698089 -3.2231663918464633 7.38
      vertex -7.0030857977107805 -4.679312329546373 7.38
      vertex -8.482608607196733 -3.513611529403635 6.150000000000001
    endloop
  endfacet
  facet normal 0 0 0
    outer loop
      vertex -5.955634918610407 -5.9556349186104045 7.38
      vertex -6.492307554423399 -6.492307554423397 6.150000000000001
      vertex -7.634146056649368 -5.100973313808958 6.150000000000001
    endloop
  endfacet
  facet normal 0 0 0
    outer loop
      vertex -7.0030857977107805 -4.679312329546373 7.38
      vertex -5.955634918610407 -5.9556349186104045 7.38
      vertex -7.634146056649368 -5.100973313808958 6.150000000000001
    endloop
  endfacet
  facet normal 0 0 0
    outer loop
      vertex -4.679312329546375 -7.00308579771078 7.38
      vertex -5.10097331380896 -7.634146056649366 6.150000000000001
      vertex -6.492307554423399 -6.492307554423397 6.150000000000001
    endloop
  endfacet
  facet normal 0 0 0
    outer loop
      vertex -5.955634918610407 -5.9556349186104045 7.38
      vertex -4.679312329546375 -7.00308579771078 7.38
      vertex -6.492307554423399 -6.492307554423397 6.150000000000001
    endloop
  endfacet
  facet normal 0 0 0
    outer loop
      vertex -3.2231663918464695 -7.781412016980887 7.38
      vertex -3.513611529403642 -8.48260860719673 6.150000000000001
      vertex -5.10097331380896 -7.634146056649366 6.150000000000001
    endloop
  endfacet
  facet normal 0 0 0
    outer loop
      vertex -4.679312329546375 -7.00308579771078 7.38
      vertex -3.2231663918464695 -7.781412016980887 7.38
      vertex -5.10097331380896 -7.634146056649366 6.150000000000001
    endloop
  endfacet
  facet normal 0 0 0
    outer loop
      vertex -1.643155977280435 -8.260702936304556 7.38
      vertex -1.7912236243793809 -9.00508926607124 6.150000000000001
      vertex -3.513611529403642 -8.48260860719673 6.150000000000001
    endloop
  endfacet
  facet normal 0 0 0
    outer loop
      vertex -3.2231663918464695 -7.781412016980887 7.38
      vertex -1.643155977280435 -8.260702936304556 7.38
      vertex -3.513611529403642 -8.48260860719673 6.150000000000001
    endloop
  endfacet
  facet normal 0 0 0
    outer loop
      vertex -1.5471954379494778e-15 -8.42253967444162 7.38
      vertex -1.6866159137089157e-15 -9.18150939456287 6.150000000000001
      vertex -1.7912236243793809 -9.00508926607124 6.150000000000001
    endloop
  endfacet
  facet normal 0 0 0
    outer loop
      vertex -1.643155977280435 -8.260702936304556 7.38
      vertex -1.5471954379494778e-15 -8.42253967444162 7.38
      vertex -1.7912236243793809 -9.00508926607124 6.150000000000001
    endloop
  endfacet
  facet normal 0 0 0
    outer loop
      vertex 1.6431559772804318 -8.260702936304556 7.38
      vertex 1.7912236243793778 -9.00508926607124 6.150000000000001
      vertex -1.6866159137089157e-15 -9.18150939456287 6.150000000000001
    endloop
  endfacet
  facet normal 0 0 0
    outer loop
      vertex -1.5471954379494778e-15 -8.42253967444162 7.38
      vertex 1.6431559772804318 -8.260702936304556 7.38
      vertex -1.6866159137089157e-15 -9.18150939456287 6.150000000000001
    endloop
  endfacet
  facet normal 0 0 0
    outer loop
      vertex 3.223166391846467 -7.781412016980888 7.38
      vertex 3.5136115294036383 -8.482608607196731 6.150000000000001
      vertex 1.7912236243793778 -9.00508926607124 6.150000000000001
    endloop
  endfacet
  facet normal 0 0 0
    outer loop
      vertex 1.6431559772804318 -8.260702936304556 7.38
      vertex 3.223166391846467 -7.781412016980888 7.38
      vertex 1.7912236243793778 -9.00508926607124 6.150000000000001
    endloop
  endfacet
  facet normal 0 0 0
    outer loop
      vertex 4.679312329546372 -7.0030857977107805 7.38
      vertex 5.100973313808957 -7.634146056649368 6.150000000000001
      vertex 3.5136115294036383 -8.482608607196731 6.150000000000001
    endloop
  endfacet
  facet normal 0 0 0
    outer loop
      vertex 3.223166391846467 -7.781412016980888 7.38
      vertex 4.679312329546372 -7.0030857977107805 7.38
      vertex 3.5136115294036383 -8.482608607196731 6.150000000000001
    endloop
  endfacet
  facet normal 0 0 0
    outer loop
      vertex 5.955634918610404 -5.955634918610407 7.38
      vertex 6.492307554423396 -6.492307554423399 6.150000000000001
      vertex 5.100973313808957 -7.634146056649368 6.150000000000001
    endloop
  endfacet
  facet normal 0 0 0
    outer loop
      vertex 4.679312329546372 -7.0030857977107805 7.38
      vertex 5.955634918610404 -5.955634918610407 7.38
      vertex 5.100973313808957 -7.634146056649368 6.150000000000001
    endloop
  endfacet
  facet normal 0 0 0
    outer loop
      vertex 7.00308579771078 -4.679312329546375 7.38
      vertex 7.634146056649366 -5.10097331380896 6.150000000000001
      vertex 6.492307554423396 -6.492307554423399 6.150000000000001
    endloop
  endfacet
  facet normal 0 0 0
    outer loop
      vertex 5.955634918610404 -5.955634918610407 7.38
      vertex 7.00308579771078 -4.679312329546375 7.38
      vertex 6.492307554423396 -6.492307554423399 6.150000000000001
    endloop
  endfacet
  facet normal 0 0 0
    outer loop
      vertex 7.781412016980887 -3.2231663918464695 7.38
      vertex 8.48260860719673 -3.5136115294036423 6.150000000000001
      vertex 7.634146056649366 -5.10097331380896 6.150000000000001
    endloop
  endfacet
  facet normal 0 0 0
    outer loop
      vertex 7.00308579771078 -4.679312329546375 7.38
      vertex 7.781412016980887 -3.2231663918464695 7.38
      vertex 7.634146056649366 -5.10097331380896 6.150000000000001
    endloop
  endfacet
  facet normal 0 0 0
    outer loop
      vertex 8.260702936304556 -1.6431559772804356 7.38
      vertex 9.00508926607124 -1.7912236243793813 6.150000000000001
      vertex 8.48260860719673 -3.5136115294036423 6.150000000000001
    endloop
  endfacet
  facet normal 0 0 0
    outer loop
      vertex 7.781412016980887 -3.2231663918464695 7.38
      vertex 8.260702936304556 -1.6431559772804356 7.38
      vertex 8.48260860719673 -3.5136115294036423 6.150000000000001
    endloop
  endfacet
  facet normal 0 0 0
    outer loop
      vertex 8.42253967444162 0 7.38
      vertex 9.18150939456287 0 6.150000000000001
      vertex 9.00508926607124 -1.7912236243793813 6.150000000000001
    endloop
  endfacet
  facet normal 0 0 0
    outer loop
      vertex 8.260702936304556 -1.6431559772804356 7.38
      vertex 8.42253967444162 0 7.38
      vertex 9.00508926607124 -1.7912236243793813 6.150000000000001
    endloop
  endfacet
  facet normal 0 0 0
    outer loop
      vertex 7.411893006758215 1.474317184739008 8.609999999999998
      vertex 8.260702936304556 1.6431559772804316 7.38
      vertex 8.42253967444162 0 7.38
    endloop
  endfacet
  facet normal 0 0 0
    outer loop
      vertex 7.557100575276745 0 8.609999999999998
      vertex 7.411893006758215 1.474317184739008 8.609999999999998
      vertex 8.42253967444162 0 7.38
    endloop
  endfacet
  facet normal 0 0 0
    outer loop
      vertex 6.981850546627455 2.8919771868750987 8.609999999999998
      vertex 7.781412016980889 3.2231663918464646 7.38
      vertex 8.260702936304556 1.6431559772804316 7.38
    endloop
  endfacet
  facet normal 0 0 0
    outer loop
      vertex 7.411893006758215 1.474317184739008 8.609999999999998
      vertex 6.981850546627455 2.8919771868750987 8.609999999999998
      vertex 8.260702936304556 1.6431559772804316 7.38
    endloop
  endfacet
  facet normal 0 0 0
    outer loop
      vertex 6.283499485456696 4.19850012755907 8.609999999999998
      vertex 7.00308579771078 4.679312329546375 7.38
      vertex 7.781412016980889 3.2231663918464646 7.38
    endloop
  endfacet
  facet normal 0 0 0
    outer loop
      vertex 6.981850546627455 2.8919771868750987 8.609999999999998
      vertex 6.283499485456696 4.19850012755907 8.609999999999998
      vertex 7.781412016980889 3.2231663918464646 7.38
    endloop
  endfacet
  facet normal 0 0 0
    outer loop
      vertex 5.343677062886946 5.343677062886945 8.609999999999998
      vertex 5.955634918610406 5.9556349186104045 7.38
      vertex 7.00308579771078 4.679312329546375 7.38
    endloop
  endfacet
  facet normal 0 0 0
    outer loop
      vertex 6.283499485456696 4.19850012755907 8.609999999999998
      vertex 5.343677062886946 5.343677062886945 8.609999999999998
      vertex 7.00308579771078 4.679312329546375 7.38
    endloop
  endfacet
  facet normal 0 0 0
    outer loop
      vertex 4.198500127559071 6.283499485456696 8.609999999999998
      vertex 4.679312329546376 7.00308579771078 7.38
      vertex 5.955634918610406 5.9556349186104045 7.38
    endloop
  endfacet
  facet normal 0 0 0
    outer loop
      vertex 5.343677062886946 5.343677062886945 8.609999999999998
      vertex 4.198500127559071 6.283499485456696 8.609999999999998
      vertex 5.955634918610406 5.9556349186104045 7.38
    endloop
  endfacet
  facet normal 0 0 0
    outer loop
      vertex 2.8919771868750996 6.981850546627455 8.609999999999998
      vertex 3.223166391846465 7.781412016980889 7.38
      vertex 4.679312329546376 7.00308579771078 7.38
    endloop
  endfacet
  facet normal 0 0 0
    outer loop
      vertex 4.198500127559071 6.283499485456696 8.609999999999998
      vertex 2.8919771868750996 6.981850546627455 8.609999999999998
      vertex 4.679312329546376 7.00308579771078 7.38
    endloop
  endfacet
  facet normal 0 0 0
    outer loop
      vertex 1.4743171847390089 7.411893006758215 8.609999999999998
      vertex 1.643155977280432 8.260702936304556 7.38
      vertex 3.223166391846465 7.781412016980889 7.38
    endloop
  endfacet
  facet normal 0 0 0
    outer loop
      vertex 2.8919771868750996 6.981850546627455 8.609999999999998
      vertex 1.4743171847390089 7.411893006758215 8.609999999999998
      vertex 3.223166391846465 7.781412016980889 7.38
    endloop
  endfacet
  facet normal 0 0 0
    outer loop
      vertex 4.627389515173644e-16 7.557100575276745 8.609999999999998
      vertex 5.15731812649826e-16 8.42253967444162 7.38
      vertex 1.643155977280432 8.260702936304556 7.38
    endloop
  endfacet
  facet normal 0 0 0
    outer loop
      vertex 1.4743171847390089 7.411893006758215 8.609999999999998
      vertex 4.627389515173644e-16 7.557100575276745 8.609999999999998
      vertex 1.643155977280432 8.260702936304556 7.38
    endloop
  endfacet
  facet normal 0 0 0
    outer loop
      vertex -1.4743171847390075 7.411893006758215 8.609999999999998
      vertex -1.6431559772804312 8.260702936304556 7.38
      vertex 5.15731812649826e-16 8.42253967444162 7.38
    endloop
  endfacet
  facet normal 0 0 0
    outer loop
      vertex 4.627389515173644e-16 7.557100575276745 8.609999999999998
      vertex -1.4743171847390075 7.411893006758215 8.609999999999998
      vertex 5.15731812649826e-16 8.42253967444162 7.38
    endloop
  endfacet
  facet normal 0 0 0
    outer loop
      vertex -2.8919771868750983 6.981850546627455 8.609999999999998
      vertex -3.223166391846464 7.781412016980889 7.38
      vertex -1.6431559772804312 8.260702936304556 7.38
    endloop
  endfacet
  facet normal 0 0 0
    outer loop
      vertex -1.4743171847390075 7.411893006758215 8.609999999999998
      vertex -2.8919771868750983 6.981850546627455 8.609999999999998
      vertex -1.6431559772804312 8.260702936304556 7.38
    endloop
  endfacet
  facet normal 0 0 0
    outer loop
      vertex -4.198500127559069 6.283499485456696 8.609999999999998
      vertex -4.679312329546373 7.00308579771078 7.38
      vertex -3.223166391846464 7.781412016980889 7.38
    endloop
  endfacet
  facet normal 0 0 0
    outer loop
      vertex -2.8919771868750983 6.981850546627455 8.609999999999998
      vertex -4.198500127559069 6.283499485456696 8.609999999999998
      vertex -3.223166391846464 7.781412016980889 7.38
    endloop
  endfacet
  facet normal 0 0 0
    outer loop
      vertex -5.343677062886945 5.343677062886946 8.609999999999998
      vertex -5.9556349186104045 5.955634918610406 7.38
      vertex -4.679312329546373 7.00308579771078 7.38
    endloop
  endfacet
  facet normal 0 0 0
    outer loop
      vertex -4.198500127559069 6.283499485456696 8.609999999999998
      vertex -5.343677062886945 5.343677062886946 8.609999999999998
      vertex -4.679312329546373 7.00308579771078 7.38
    endloop
  endfacet
  facet normal 0 0 0
    outer loop
      vertex -6.283499485456696 4.19850012755907 8.609999999999998
      vertex -7.00308579771078 4.679312329546375 7.38
      vertex -5.9556349186104045 5.955634918610406 7.38
    endloop
  endfacet
  facet normal 0 0 0
    outer loop
      vertex -5.343677062886945 5.343677062886946 8.609999999999998
      vertex -6.283499485456696 4.19850012755907 8.609999999999998
      vertex -5.9556349186104045 5.955634918610406 7.38
    endloop
  endfacet
  facet normal 0 0 0
    outer loop
      vertex -6.981850546627455 2.8919771868751 8.609999999999998
      vertex -7.781412016980889 3.223166391846466 7.38
      vertex -7.00308579771078 4.679312329546375 7.38
    endloop
  endfacet
  facet normal 0 0 0
    outer loop
      vertex -6.283499485456696 4.19850012755907 8.609999999999998
      vertex -6.981850546627455 2.8919771868751 8.609999999999998
      vertex -7.00308579771078 4.679312329546375 7.38
    endloop
  endfacet
  facet normal 0 0 0
    outer loop
      vertex -7.411893006758215 1.4743171847390106 8.609999999999998
      vertex -8.260702936304556 1.6431559772804345 7.38
      vertex -7.781412016980889 3.223166391846466 7.38
    endloop
  endfacet
  facet normal 0 0 0
    outer loop
      vertex -6.981850546627455 2.8919771868751 8.609999999999998
      vertex -7.411893006758215 1.4743171847390106 8.609999999999998
      vertex -7.781412016980889 3.223166391846466 7.38
    endloop
  endfacet
  facet normal 0 0 0
    outer loop
      vertex -7.557100575276745 9.254779030347288e-16 8.609999999999998
      vertex -8.42253967444162 1.031463625299652e-15 7.38
      vertex -8.260702936304556 1.6431559772804345 7.38
    endloop
  endfacet
  facet normal 0 0 0
    outer loop
      vertex -7.411893006758215 1.4743171847390106 8.609999999999998
      vertex -7.557100575276745 9.254779030347288e-16 8.609999999999998
      vertex -8.260702936304556 1.6431559772804345 7.38
    endloop
  endfacet
  facet normal 0 0 0
    outer loop
      vertex -7.411893006758215 -1.474317184739009 8.609999999999998
      vertex -8.260702936304556 -1.6431559772804323 7.38
      vertex -8.42253967444162 1.031463625299652e-15 7.38
    endloop
  endfacet
  facet normal 0 0 0
    outer loop
      vertex -7.557100575276745 9.254779030347288e-16 8.609999999999998
      vertex -7.411893006758215 -1.474317184739009 8.609999999999998
      vertex -8.42253967444162 1.031463625299652e-15 7.38
    endloop
  endfacet
  facet normal 0 0 0
    outer loop
      vertex -6.981850546627456 -2.891977186875098 8.609999999999998
      vertex -7.78141201698089 -3.2231663918464633 7.38
      vertex -8.260702936304556 -1.6431559772804323 7.38
    endloop
  endfacet
  facet normal 0 0 0
    outer loop
      vertex -7.411893006758215 -1.474317184739009 8.609999999999998
      vertex -6.981850546627456 -2.891977186875098 8.609999999999998
      vertex -8.260702936304556 -1.6431559772804323 7.38
    endloop
  endfacet
  facet normal 0 0 0
    outer loop
      vertex -6.283499485456698 -4.198500127559069 8.609999999999998
      vertex -7.0030857977107805 -4.679312329546373 7.38
      vertex -7.78141201698089 -3.2231663918464633 7.38
    endloop
  endfacet
  facet normal 0 0 0
    outer loop
      vertex -6.981850546627456 -2.891977186875098 8.609999999999998
      vertex -6.283499485456698 -4.198500127559069 8.609999999999998
      vertex -7.78141201698089 -3.2231663918464633 7.38
    endloop
  endfacet
  facet normal 0 0 0
    outer loop
      vertex -5.343677062886946 -5.343677062886945 8.609999999999998
      vertex -5.955634918610407 -5.9556349186104045 7.38
      vertex -7.0030857977107805 -4.679312329546373 7.38
    endloop
  endfacet
  facet normal 0 0 0
    outer loop
      vertex -6.283499485456698 -4.198500127559069 8.609999999999998
      vertex -5.343677062886946 -5.343677062886945 8.609999999999998
      vertex -7.0030857977107805 -4.679312329546373 7.38
    endloop
  endfacet
  facet normal 0 0 0
    outer loop
      vertex -4.19850012755907 -6.283499485456696 8.609999999999998
      vertex -4.679312329546375 -7.00308579771078 7.38
      vertex -5.955634918610407 -5.9556349186104045 7.38
    endloop
  endfacet
  facet normal 0 0 0
    outer loop
      vertex -5.343677062886946 -5.343677062886945 8.609999999999998
      vertex -4.19850012755907 -6.283499485456696 8.609999999999998
      vertex -5.955634918610407 -5.9556349186104045 7.38
    endloop
  endfacet
  facet normal 0 0 0
    outer loop
      vertex -2.891977186875103 -6.981850546627453 8.609999999999998
      vertex -3.2231663918464695 -7.781412016980887 7.38
      vertex -4.679312329546375 -7.00308579771078 7.38
    endloop
  endfacet
  facet normal 0 0 0
    outer loop
      vertex -4.19850012755907 -6.283499485456696 8.609999999999998
      vertex -2.891977186875103 -6.981850546627453 8.609999999999998
      vertex -4.679312329546375 -7.00308579771078 7.38
    endloop
  endfacet
  facet normal 0 0 0
    outer loop
      vertex -1.4743171847390113 -7.4118930067582145 8.609999999999998
      vertex -1.643155977280435 -8.260702936304556 7.38
      vertex -3.2231663918464695 -7.781412016980887 7.38
    endloop
  endfacet
  facet normal 0 0 0
    outer loop
      vertex -2.891977186875103 -6.981850546627453 8.609999999999998
      vertex -1.4743171847390113 -7.4118930067582145 8.609999999999998
      vertex -3.2231663918464695 -7.781412016980887 7.38
    endloop
  endfacet
  facet normal 0 0 0
    outer loop
      vertex -1.3882168545520927e-15 -7.557100575276745 8.609999999999998
      vertex -1.5471954379494778e-15 -8.42253967444162 7.38
      vertex -1.643155977280435 -8.260702936304556 7.38
    endloop
  endfacet
  facet normal 0 0 0
    outer loop
      vertex -1.4743171847390113 -7.4118930067582145 8.609999999999998
      vertex -1.3882168545520927e-15 -7.557100575276745 8.609999999999998
      vertex -1.643155977280435 -8.260702936304556 7.38
    endloop
  endfacet
  facet normal 0 0 0
    outer loop
      vertex 1.4743171847390086 -7.411893006758215 8.609999999999998
      vertex 1.6431559772804318 -8.260702936304556 7.38
      vertex -1.5471954379494778e-15 -8.42253967444162 7.38
    endloop
  endfacet
  facet normal 0 0 0
    outer loop
      vertex -1.3882168545520927e-15 -7.557100575276745 8.609999999999998
      vertex 1.4743171847390086 -7.411893006758215 8.609999999999998
      vertex -1.5471954379494778e-15 -8.42253967444162 7.38
    endloop
  endfacet
  facet normal 0 0 0
    outer loop
      vertex 2.891977186875101 -6.981850546627454 8.609999999999998
      vertex 3.223166391846467 -7.781412016980888 7.38
      vertex 1.6431559772804318 -8.260702936304556 7.38
    endloop
  endfacet
  facet normal 0 0 0
    outer loop
      vertex 1.4743171847390086 -7.411893006758215 8.609999999999998
      vertex 2.891977186875101 -6.981850546627454 8.609999999999998
      vertex 1.6431559772804318 -8.260702936304556 7.38
    endloop
  endfacet
  facet normal 0 0 0
    outer loop
      vertex 4.198500127559068 -6.283499485456698 8.609999999999998
      vertex 4.679312329546372 -7.0030857977107805 7.38
      vertex 3.223166391846467 -7.781412016980888 7.38
    endloop
  endfacet
  facet normal 0 0 0
    outer loop
      vertex 2.891977186875101 -6.981850546627454 8.609999999999998
      vertex 4.198500127559068 -6.283499485456698 8.609999999999998
      vertex 3.223166391846467 -7.781412016980888 7.38
    endloop
  endfacet
  facet normal 0 0 0
    outer loop
      vertex 5.343677062886944 -5.343677062886946 8.609999999999998
      vertex 5.955634918610404 -5.955634918610407 7.38
      vertex 4.679312329546372 -7.0030857977107805 7.38
    endloop
  endfacet
  facet normal 0 0 0
    outer loop
      vertex 4.198500127559068 -6.283499485456698 8.609999999999998
      vertex 5.343677062886944 -5.343677062886946 8.609999999999998
      vertex 4.679312329546372 -7.0030857977107805 7.38
    endloop
  endfacet
  facet normal 0 0 0
    outer loop
      vertex 6.283499485456696 -4.19850012755907 8.609999999999998
      vertex 7.00308579771078 -4.679312329546375 7.38
      vertex 5.955634918610404 -5.955634918610407 7.38
    endloop
  endfacet
  facet normal 0 0 0
    outer loop
      vertex 5.343677062886944 -5.343677062886946 8.609999999999998
      vertex 6.283499485456696 -4.19850012755907 8.609999999999998
      vertex 5.955634918610404 -5.955634918610407 7.38
    endloop
  endfacet
  facet normal 0 0 0
    outer loop
      vertex 6.981850546627453 -2.8919771868751036 8.609999999999998
      vertex 7.781412016980887 -3.2231663918464695 7.38
      vertex 7.00308579771078 -4.679312329546375 7.38
    endloop
  endfacet
  facet normal 0 0 0
    outer loop
      vertex 6.283499485456696 -4.19850012755907 8.609999999999998
      vertex 6.981850546627453 -2.8919771868751036 8.609999999999998
      vertex 7.00308579771078 -4.679312329546375 7.38
    endloop
  endfacet
  facet normal 0 0 0
    outer loop
      vertex 7.4118930067582145 -1.4743171847390117 8.609999999999998
      vertex 8.260702936304556 -1.6431559772804356 7.38
      vertex 7.781412016980887 -3.2231663918464695 7.38
    endloop
  endfacet
  facet normal 0 0 0
    outer loop
      vertex 6.981850546627453 -2.8919771868751036 8.609999999999998
      vertex 7.4118930067582145 -1.4743171847390117 8.609999999999998
      vertex 7.781412016980887 -3.2231663918464695 7.38
    endloop
  endfacet
  facet normal 0 0 0
    outer loop
      vertex 7.557100575276745 0 8.609999999999998
      vertex 8.42253967444162 0 7.38
      vertex 8.260702936304556 -1.6431559772804356 7.38
    endloop
  endfacet
  facet normal 0 0 0
    outer loop
      vertex 7.4118930067582145 -1.4743171847390117 8.609999999999998
      vertex 7.557100575276745 0 8.609999999999998
      vertex 8.260702936304556 -1.6431559772804356 7.38
    endloop
  endfacet
  facet normal 0 0 0
    outer loop
      vertex 6.473182850661321 1.2875961253064467 9.840000000000002
      vertex 7.411893006758215 1.474317184739008 8.609999999999998
      vertex 7.557100575276745 0 8.609999999999998
    endloop
  endfacet
  facet normal 0 0 0
    outer loop
      vertex 6.6000000000000005 0 9.840000000000002
      vertex 6.473182850661321 1.2875961253064467 9.840000000000002
      vertex 7.557100575276745 0 8.609999999999998
    endloop
  endfacet
  facet normal 0 0 0
    outer loop
      vertex 6.097604914574492 2.525710653609593 9.840000000000002
      vertex 6.981850546627455 2.8919771868750987 8.609999999999998
      vertex 7.411893006758215 1.474317184739008 8.609999999999998
    endloop
  endfacet
  facet normal 0 0 0
    outer loop
      vertex 6.473182850661321 1.2875961253064467 9.840000000000002
      vertex 6.097604914574492 2.525710653609593 9.840000000000002
      vertex 7.411893006758215 1.474317184739008 8.609999999999998
    endloop
  endfacet
  facet normal 0 0 0
    outer loop
      vertex 5.487699441196798 3.666763537929375 9.840000000000002
      vertex 6.283499485456696 4.19850012755907 8.609999999999998
      vertex 6.981850546627455 2.8919771868750987 8.609999999999998
    endloop
  endfacet
  facet normal 0 0 0
    outer loop
      vertex 6.097604914574492 2.525710653609593 9.840000000000002
      vertex 5.487699441196798 3.666763537929375 9.840000000000002
      vertex 6.981850546627455 2.8919771868750987 8.609999999999998
    endloop
  endfacet
  facet normal 0 0 0
    outer loop
      vertex 4.666904755831214 4.666904755831213 9.840000000000002
      vertex 5.343677062886946 5.343677062886945 8.609999999999998
      vertex 6.283499485456696 4.19850012755907 8.609999999999998
    endloop
  endfacet
  facet normal 0 0 0
    outer loop
      vertex 5.487699441196798 3.666763537929375 9.840000000000002
      vertex 4.666904755831214 4.666904755831213 9.840000000000002
      vertex 6.283499485456696 4.19850012755907 8.609999999999998
    endloop
  endfacet
  facet normal 0 0 0
    outer loop
      vertex 3.6667635379293757 5.487699441196798 9.840000000000002
      vertex 4.198500127559071 6.283499485456696 8.609999999999998
      vertex 5.343677062886946 5.343677062886945 8.609999999999998
    endloop
  endfacet
  facet normal 0 0 0
    outer loop
      vertex 4.666904755831214 4.666904755831213 9.840000000000002
      vertex 3.6667635379293757 5.487699441196798 9.840000000000002
      vertex 5.343677062886946 5.343677062886945 8.609999999999998
    endloop
  endfacet
  facet normal 0 0 0
    outer loop
      vertex 2.5257106536095932 6.097604914574492 9.840000000000002
      vertex 2.8919771868750996 6.981850546627455 8.609999999999998
      vertex 4.198500127559071 6.283499485456696 8.609999999999998
    endloop
  endfacet
  facet normal 0 0 0
    outer loop
      vertex 3.6667635379293757 5.487699441196798 9.840000000000002
      vertex 2.5257106536095932 6.097604914574492 9.840000000000002
      vertex 4.198500127559071 6.283499485456696 8.609999999999998
    endloop
  endfacet
  facet normal 0 0 0
    outer loop
      vertex 1.2875961253064472 6.473182850661321 9.840000000000002
      vertex 1.4743171847390089 7.411893006758215 8.609999999999998
      vertex 2.8919771868750996 6.981850546627455 8.609999999999998
    endloop
  endfacet
  facet normal 0 0 0
    outer loop
      vertex 2.5257106536095932 6.097604914574492 9.840000000000002
      vertex 1.2875961253064472 6.473182850661321 9.840000000000002
      vertex 2.8919771868750996 6.981850546627455 8.609999999999998
    endloop
  endfacet
  facet normal 0 0 0
    outer loop
      vertex 4.0413344371862655e-16 6.6000000000000005 9.840000000000002
      vertex 4.627389515173644e-16 7.557100575276745 8.609999999999998
      vertex 1.4743171847390089 7.411893006758215 8.609999999999998
    endloop
  endfacet
  facet normal 0 0 0
    outer loop
      vertex 1.2875961253064472 6.473182850661321 9.840000000000002
      vertex 4.0413344371862655e-16 6.6000000000000005 9.840000000000002
      vertex 1.4743171847390089 7.411893006758215 8.609999999999998
    endloop
  endfacet
  facet normal 0 0 0
    outer loop
      vertex -1.287596125306446 6.473182850661321 9.840000000000002
      vertex -1.4743171847390075 7.411893006758215 8.609999999999998
      vertex 4.627389515173644e-16 7.557100575276745 8.609999999999998
    endloop
  endfacet
  facet normal 0 0 0
    outer loop
      vertex 4.0413344371862655e-16 6.6000000000000005 9.840000000000002
      vertex -1.287596125306446 6.473182850661321 9.840000000000002
      vertex 4.627389515173644e-16 7.557100575276745 8.609999999999998
    endloop
  endfacet
  facet normal 0 0 0
    outer loop
      vertex -2.525710653609593 6.097604914574492 9.840000000000002
      vertex -2.8919771868750983 6.981850546627455 8.609999999999998
      vertex -1.4743171847390075 7.411893006758215 8.609999999999998
    endloop
  endfacet
  facet normal 0 0 0
    outer loop
      vertex -1.287596125306446 6.473182850661321 9.840000000000002
      vertex -2.525710653609593 6.097604914574492 9.840000000000002
      vertex -1.4743171847390075 7.411893006758215 8.609999999999998
    endloop
  endfacet
  facet normal 0 0 0
    outer loop
      vertex -3.666763537929373 5.4876994411968 9.840000000000002
      vertex -4.198500127559069 6.283499485456696 8.609999999999998
      vertex -2.8919771868750983 6.981850546627455 8.609999999999998
    endloop
  endfacet
  facet normal 0 0 0
    outer loop
      vertex -2.525710653609593 6.097604914574492 9.840000000000002
      vertex -3.666763537929373 5.4876994411968 9.840000000000002
      vertex -2.8919771868750983 6.981850546627455 8.609999999999998
    endloop
  endfacet
  facet normal 0 0 0
    outer loop
      vertex -4.666904755831213 4.666904755831214 9.840000000000002
      vertex -5.343677062886945 5.343677062886946 8.609999999999998
      vertex -4.198500127559069 6.283499485456696 8.609999999999998
    endloop
  endfacet
  facet normal 0 0 0
    outer loop
      vertex -3.666763537929373 5.4876994411968 9.840000000000002
      vertex -4.666904755831213 4.666904755831214 9.840000000000002
      vertex -4.198500127559069 6.283499485456696 8.609999999999998
    endloop
  endfacet
  facet normal 0 0 0
    outer loop
      vertex -5.4876994411968 3.666763537929375 9.840000000000002
      vertex -6.283499485456696 4.19850012755907 8.609999999999998
      vertex -5.343677062886945 5.343677062886946 8.609999999999998
    endloop
  endfacet
  facet normal 0 0 0
    outer loop
      vertex -4.666904755831213 4.666904755831214 9.840000000000002
      vertex -5.4876994411968 3.666763537929375 9.840000000000002
      vertex -5.343677062886945 5.343677062886946 8.609999999999998
    endloop
  endfacet
  facet normal 0 0 0
    outer loop
      vertex -6.097604914574492 2.5257106536095937 9.840000000000002
      vertex -6.981850546627455 2.8919771868751 8.609999999999998
      vertex -6.283499485456696 4.19850012755907 8.609999999999998
    endloop
  endfacet
  facet normal 0 0 0
    outer loop
      vertex -5.4876994411968 3.666763537929375 9.840000000000002
      vertex -6.097604914574492 2.5257106536095937 9.840000000000002
      vertex -6.283499485456696 4.19850012755907 8.609999999999998
    endloop
  endfacet
  facet normal 0 0 0
    outer loop
      vertex -6.473182850661321 1.287596125306449 9.840000000000002
      vertex -7.411893006758215 1.4743171847390106 8.609999999999998
      vertex -6.981850546627455 2.8919771868751 8.609999999999998
    endloop
  endfacet
  facet normal 0 0 0
    outer loop
      vertex -6.097604914574492 2.5257106536095937 9.840000000000002
      vertex -6.473182850661321 1.287596125306449 9.840000000000002
      vertex -6.981850546627455 2.8919771868751 8.609999999999998
    endloop
  endfacet
  facet normal 0 0 0
    outer loop
      vertex -6.6000000000000005 8.082668874372531e-16 9.840000000000002
      vertex -7.557100575276745 9.254779030347288e-16 8.609999999999998
      vertex -7.411893006758215 1.4743171847390106 8.609999999999998
    endloop
  endfacet
  facet normal 0 0 0
    outer loop
      vertex -6.473182850661321 1.287596125306449 9.840000000000002
      vertex -6.6000000000000005 8.082668874372531e-16 9.840000000000002
      vertex -7.411893006758215 1.4743171847390106 8.609999999999998
    endloop
  endfacet
  facet normal 0 0 0
    outer loop
      vertex -6.473182850661321 -1.2875961253064472 9.840000000000002
      vertex -7.411893006758215 -1.474317184739009 8.609999999999998
      vertex -7.557100575276745 9.254779030347288e-16 8.609999999999998
    endloop
  endfacet
  facet normal 0 0 0
    outer loop
      vertex -6.6000000000000005 8.082668874372531e-16 9.840000000000002
      vertex -6.473182850661321 -1.2875961253064472 9.840000000000002
      vertex -7.557100575276745 9.254779030347288e-16 8.609999999999998
    endloop
  endfacet
  facet normal 0 0 0
    outer loop
      vertex -6.097604914574493 -2.5257106536095915 9.840000000000002
      vertex -6.981850546627456 -2.891977186875098 8.609999999999998
      vertex -7.411893006758215 -1.474317184739009 8.609999999999998
    endloop
  endfacet
  facet normal 0 0 0
    outer loop
      vertex -6.473182850661321 -1.2875961253064472 9.840000000000002
      vertex -6.097604914574493 -2.5257106536095915 9.840000000000002
      vertex -7.411893006758215 -1.474317184739009 8.609999999999998
    endloop
  endfacet
  facet normal 0 0 0
    outer loop
      vertex -5.487699441196801 -3.666763537929373 9.840000000000002
      vertex -6.283499485456698 -4.198500127559069 8.609999999999998
      vertex -6.981850546627456 -2.891977186875098 8.609999999999998
    endloop
  endfacet
  facet normal 0 0 0
    outer loop
      vertex -6.097604914574493 -2.5257106536095915 9.840000000000002
      vertex -5.487699441196801 -3.666763537929373 9.840000000000002
      vertex -6.981850546627456 -2.891977186875098 8.609999999999998
    endloop
  endfacet
  facet normal 0 0 0
    outer loop
      vertex -4.666904755831214 -4.666904755831213 9.840000000000002
      vertex -5.343677062886946 -5.343677062886945 8.609999999999998
      vertex -6.283499485456698 -4.198500127559069 8.609999999999998
    endloop
  endfacet
  facet normal 0 0 0
    outer loop
      vertex -5.487699441196801 -3.666763537929373 9.840000000000002
      vertex -4.666904755831214 -4.666904755831213 9.840000000000002
      vertex -6.283499485456698 -4.198500127559069 8.609999999999998
    endloop
  endfacet
  facet normal 0 0 0
    outer loop
      vertex -3.666763537929375 -5.487699441196798 9.840000000000002
      vertex -4.19850012755907 -6.283499485456696 8.609999999999998
      vertex -5.343677062886946 -5.343677062886945 8.609999999999998
    endloop
  endfacet
  facet normal 0 0 0
    outer loop
      vertex -4.666904755831214 -4.666904755831213 9.840000000000002
      vertex -3.666763537929375 -5.487699441196798 9.840000000000002
      vertex -5.343677062886946 -5.343677062886945 8.609999999999998
    endloop
  endfacet
  facet normal 0 0 0
    outer loop
      vertex -2.5257106536095963 -6.097604914574491 9.840000000000002
      vertex -2.891977186875103 -6.981850546627453 8.609999999999998
      vertex -4.19850012755907 -6.283499485456696 8.609999999999998
    endloop
  endfacet
  facet normal 0 0 0
    outer loop
      vertex -3.666763537929375 -5.487699441196798 9.840000000000002
      vertex -2.5257106536095963 -6.097604914574491 9.840000000000002
      vertex -4.19850012755907 -6.283499485456696 8.609999999999998
    endloop
  endfacet
  facet normal 0 0 0
    outer loop
      vertex -1.2875961253064494 -6.4731828506613205 9.840000000000002
      vertex -1.4743171847390113 -7.4118930067582145 8.609999999999998
      vertex -2.891977186875103 -6.981850546627453 8.609999999999998
    endloop
  endfacet
  facet normal 0 0 0
    outer loop
      vertex -2.5257106536095963 -6.097604914574491 9.840000000000002
      vertex -1.2875961253064494 -6.4731828506613205 9.840000000000002
      vertex -2.891977186875103 -6.981850546627453 8.609999999999998
    endloop
  endfacet
  facet normal 0 0 0
    outer loop
      vertex -1.2124003311558797e-15 -6.6000000000000005 9.840000000000002
      vertex -1.3882168545520927e-15 -7.557100575276745 8.609999999999998
      vertex -1.4743171847390113 -7.4118930067582145 8.609999999999998
    endloop
  endfacet
  facet normal 0 0 0
    outer loop
      vertex -1.2875961253064494 -6.4731828506613205 9.840000000000002
      vertex -1.2124003311558797e-15 -6.6000000000000005 9.840000000000002
      vertex -1.4743171847390113 -7.4118930067582145 8.609999999999998
    endloop
  endfacet
  facet normal 0 0 0
    outer loop
      vertex 1.287596125306447 -6.473182850661321 9.840000000000002
      vertex 1.4743171847390086 -7.411893006758215 8.609999999999998
      vertex -1.3882168545520927e-15 -7.557100575276745 8.609999999999998
    endloop
  endfacet
  facet normal 0 0 0
    outer loop
      vertex -1.2124003311558797e-15 -6.6000000000000005 9.840000000000002
      vertex 1.287596125306447 -6.473182850661321 9.840000000000002
      vertex -1.3882168545520927e-15 -7.557100575276745 8.609999999999998
    endloop
  endfacet
  facet normal 0 0 0
    outer loop
      vertex 2.525710653609594 -6.097604914574492 9.840000000000002
      vertex 2.891977186875101 -6.981850546627454 8.609999999999998
      vertex 1.4743171847390086 -7.411893006758215 8.609999999999998
    endloop
  endfacet
  facet normal 0 0 0
    outer loop
      vertex 1.287596125306447 -6.473182850661321 9.840000000000002
      vertex 2.525710653609594 -6.097604914574492 9.840000000000002
      vertex 1.4743171847390086 -7.411893006758215 8.609999999999998
    endloop
  endfacet
  facet normal 0 0 0
    outer loop
      vertex 3.6667635379293726 -5.487699441196801 9.840000000000002
      vertex 4.198500127559068 -6.283499485456698 8.609999999999998
      vertex 2.891977186875101 -6.981850546627454 8.609999999999998
    endloop
  endfacet
  facet normal 0 0 0
    outer loop
      vertex 2.525710653609594 -6.097604914574492 9.840000000000002
      vertex 3.6667635379293726 -5.487699441196801 9.840000000000002
      vertex 2.891977186875101 -6.981850546627454 8.609999999999998
    endloop
  endfacet
  facet normal 0 0 0
    outer loop
      vertex 4.6669047558312124 -4.666904755831214 9.840000000000002
      vertex 5.343677062886944 -5.343677062886946 8.609999999999998
      vertex 4.198500127559068 -6.283499485456698 8.609999999999998
    endloop
  endfacet
  facet normal 0 0 0
    outer loop
      vertex 3.6667635379293726 -5.487699441196801 9.840000000000002
      vertex 4.6669047558312124 -4.666904755831214 9.840000000000002
      vertex 4.198500127559068 -6.283499485456698 8.609999999999998
    endloop
  endfacet
  facet normal 0 0 0
    outer loop
      vertex 5.487699441196798 -3.666763537929375 9.840000000000002
      vertex 6.283499485456696 -4.19850012755907 8.609999999999998
      vertex 5.343677062886944 -5.343677062886946 8.609999999999998
    endloop
  endfacet
  facet normal 0 0 0
    outer loop
      vertex 4.6669047558312124 -4.666904755831214 9.840000000000002
      vertex 5.487699441196798 -3.666763537929375 9.840000000000002
      vertex 5.343677062886944 -5.343677062886946 8.609999999999998
    endloop
  endfacet
  facet normal 0 0 0
    outer loop
      vertex 6.097604914574491 -2.5257106536095963 9.840000000000002
      vertex 6.981850546627453 -2.8919771868751036 8.609999999999998
      vertex 6.283499485456696 -4.19850012755907 8.609999999999998
    endloop
  endfacet
  facet normal 0 0 0
    outer loop
      vertex 5.487699441196798 -3.666763537929375 9.840000000000002
      vertex 6.097604914574491 -2.5257106536095963 9.840000000000002
      vertex 6.283499485456696 -4.19850012755907 8.609999999999998
    endloop
  endfacet
  facet normal 0 0 0
    outer loop
      vertex 6.4731828506613205 -1.2875961253064496 9.840000000000002
      vertex 7.4118930067582145 -1.4743171847390117 8.609999999999998
      vertex 6.981850546627453 -2.8919771868751036 8.609999999999998
    endloop
  endfacet
  facet normal 0 0 0
    outer loop
      vertex 6.097604914574491 -2.5257106536095963 9.840000000000002
      vertex 6.4731828506613205 -1.2875961253064496 9.840000000000002
      vertex 6.981850546627453 -2.8919771868751036 8.609999999999998
    endloop
  endfacet
  facet normal 0 0 0
    outer loop
      vertex 6.6000000000000005 0 9.840000000000002
      vertex 7.557100575276745 0 8.609999999999998
      vertex 7.4118930067582145 -1.4743171847390117 8.609999999999998
    endloop
  endfacet
  facet normal 0 0 0
    outer loop
      vertex 6.4731828506613205 -1.2875961253064496 9.840000000000002
      vertex 6.6000000000000005 0 9.840000000000002
      vertex 7.4118930067582145 -1.4743171847390117 8.609999999999998
    endloop
  endfacet
  facet normal 0 0 0
    outer loop
      vertex 5.460634059044322 1.086187648078497 11.069999999999999
      vertex 6.473182850661321 1.2875961253064467 9.840000000000002
      vertex 6.6000000000000005 0 9.840000000000002
    endloop
  endfacet
  facet normal 0 0 0
    outer loop
      vertex 5.5676142048127915 0 11.069999999999999
      vertex 5.460634059044322 1.086187648078497 11.069999999999999
      vertex 6.6000000000000005 0 9.840000000000002
    endloop
  endfacet
  facet normal 0 0 0
    outer loop
      vertex 5.1438048087456405 2.1306337139823888 11.069999999999999
      vertex 6.097604914574492 2.525710653609593 9.840000000000002
      vertex 6.473182850661321 1.2875961253064467 9.840000000000002
    endloop
  endfacet
  facet normal 0 0 0
    outer loop
      vertex 5.460634059044322 1.086187648078497 11.069999999999999
      vertex 5.1438048087456405 2.1306337139823888 11.069999999999999
      vertex 6.473182850661321 1.2875961253064467 9.840000000000002
    endloop
  endfacet
  facet normal 0 0 0
    outer loop
      vertex 4.629302024325835 3.0932007211310895 11.069999999999999
      vertex 5.487699441196798 3.666763537929375 9.840000000000002
      vertex 6.097604914574492 2.525710653609593 9.840000000000002
    endloop
  endfacet
  facet normal 0 0 0
    outer loop
      vertex 5.1438048087456405 2.1306337139823888 11.069999999999999
      vertex 4.629302024325835 3.0932007211310895 11.069999999999999
      vertex 6.097604914574492 2.525710653609593 9.840000000000002
    endloop
  endfacet
  facet normal 0 0 0
    outer loop
      vertex 3.936897759253672 3.9368977592536716 11.069999999999999
      vertex 4.666904755831214 4.666904755831213 9.840000000000002
      vertex 5.487699441196798 3.666763537929375 9.840000000000002
    endloop
  endfacet
  facet normal 0 0 0
    outer loop
      vertex 4.629302024325835 3.0932007211310895 11.069999999999999
      vertex 3.936897759253672 3.9368977592536716 11.069999999999999
      vertex 5.487699441196798 3.666763537929375 9.840000000000002
    endloop
  endfacet
  facet normal 0 0 0
    outer loop
      vertex 3.09320072113109 4.629302024325835 11.069999999999999
      vertex 3.6667635379293757 5.487699441196798 9.840000000000002
      vertex 4.666904755831214 4.666904755831213 9.840000000000002
    endloop
  endfacet
  facet normal 0 0 0
    outer loop
      vertex 3.936897759253672 3.9368977592536716 11.069999999999999
      vertex 3.09320072113109 4.629302024325835 11.069999999999999
      vertex 4.666904755831214 4.666904755831213 9.840000000000002
    endloop
  endfacet
  facet normal 0 0 0
    outer loop
      vertex 2.130633713982389 5.1438048087456405 11.069999999999999
      vertex 2.5257106536095932 6.097604914574492 9.840000000000002
      vertex 3.6667635379293757 5.487699441196798 9.840000000000002
    endloop
  endfacet
  facet normal 0 0 0
    outer loop
      vertex 3.09320072113109 4.629302024325835 11.069999999999999
      vertex 2.130633713982389 5.1438048087456405 11.069999999999999
      vertex 3.6667635379293757 5.487699441196798 9.840000000000002
    endloop
  endfacet
  facet normal 0 0 0
    outer loop
      vertex 1.0861876480784978 5.460634059044322 11.069999999999999
      vertex 1.2875961253064472 6.473182850661321 9.840000000000002
      vertex 2.5257106536095932 6.097604914574492 9.840000000000002
    endloop
  endfacet
  facet normal 0 0 0
    outer loop
      vertex 2.130633713982389 5.1438048087456405 11.069999999999999
      vertex 1.0861876480784978 5.460634059044322 11.069999999999999
      vertex 2.5257106536095932 6.097604914574492 9.840000000000002
    endloop
  endfacet
  facet normal 0 0 0
    outer loop
      vertex 3.4091804574056603e-16 5.5676142048127915 11.069999999999999
      vertex 4.0413344371862655e-16 6.6000000000000005 9.840000000000002
      vertex 1.2875961253064472 6.473182850661321 9.840000000000002
    endloop
  endfacet
  facet normal 0 0 0
    outer loop
      vertex 1.0861876480784978 5.460634059044322 11.069999999999999
      vertex 3.4091804574056603e-16 5.5676142048127915 11.069999999999999
      vertex 1.2875961253064472 6.473182850661321 9.840000000000002
    endloop
  endfacet
  facet normal 0 0 0
    outer loop
      vertex -1.0861876480784969 5.460634059044322 11.069999999999999
      vertex -1.287596125306446 6.473182850661321 9.840000000000002
      vertex 4.0413344371862655e-16 6.6000000000000005 9.840000000000002
    endloop
  endfacet
  facet normal 0 0 0
    outer loop
      vertex 3.4091804574056603e-16 5.5676142048127915 11.069999999999999
      vertex -1.0861876480784969 5.460634059044322 11.069999999999999
      vertex 4.0413344371862655e-16 6.6000000000000005 9.840000000000002
    endloop
  endfacet
  facet normal 0 0 0
    outer loop
      vertex -2.1306337139823883 5.1438048087456405 11.069999999999999
      vertex -2.525710653609593 6.097604914574492 9.840000000000002
      vertex -1.287596125306446 6.473182850661321 9.840000000000002
    endloop
  endfacet
  facet normal 0 0 0
    outer loop
      vertex -1.0861876480784969 5.460634059044322 11.069999999999999
      vertex -2.1306337139823883 5.1438048087456405 11.069999999999999
      vertex -1.287596125306446 6.473182850661321 9.840000000000002
    endloop
  endfacet
  facet normal 0 0 0
    outer loop
      vertex -3.0932007211310886 4.629302024325836 11.069999999999999
      vertex -3.666763537929373 5.4876994411968 9.840000000000002
      vertex -2.525710653609593 6.097604914574492 9.840000000000002
    endloop
  endfacet
  facet normal 0 0 0
    outer loop
      vertex -2.1306337139823883 5.1438048087456405 11.069999999999999
      vertex -3.0932007211310886 4.629302024325836 11.069999999999999
      vertex -2.525710653609593 6.097604914574492 9.840000000000002
    endloop
  endfacet
  facet normal 0 0 0
    outer loop
      vertex -3.9368977592536716 3.936897759253672 11.069999999999999
      vertex -4.666904755831213 4.666904755831214 9.840000000000002
      vertex -3.666763537929373 5.4876994411968 9.840000000000002
    endloop
  endfacet
  facet normal 0 0 0
    outer loop
      vertex -3.0932007211310886 4.629302024325836 11.069999999999999
      vertex -3.9368977592536716 3.936897759253672 11.069999999999999
      vertex -3.666763537929373 5.4876994411968 9.840000000000002
    endloop
  endfacet
  facet normal 0 0 0
    outer loop
      vertex -4.629302024325836 3.0932007211310895 11.069999999999999
      vertex -5.4876994411968 3.666763537929375 9.840000000000002
      vertex -4.666904755831213 4.666904755831214 9.840000000000002
    endloop
  endfacet
  facet normal 0 0 0
    outer loop
      vertex -3.9368977592536716 3.936897759253672 11.069999999999999
      vertex -4.629302024325836 3.0932007211310895 11.069999999999999
      vertex -4.666904755831213 4.666904755831214 9.840000000000002
    endloop
  endfacet
  facet normal 0 0 0
    outer loop
      vertex -5.1438048087456405 2.1306337139823897 11.069999999999999
      vertex -6.097604914574492 2.5257106536095937 9.840000000000002
      vertex -5.4876994411968 3.666763537929375 9.840000000000002
    endloop
  endfacet
  facet normal 0 0 0
    outer loop
      vertex -4.629302024325836 3.0932007211310895 11.069999999999999
      vertex -5.1438048087456405 2.1306337139823897 11.069999999999999
      vertex -5.4876994411968 3.666763537929375 9.840000000000002
    endloop
  endfacet
  facet normal 0 0 0
    outer loop
      vertex -5.460634059044322 1.086187648078499 11.069999999999999
      vertex -6.473182850661321 1.287596125306449 9.840000000000002
      vertex -6.097604914574492 2.5257106536095937 9.840000000000002
    endloop
  endfacet
  facet normal 0 0 0
    outer loop
      vertex -5.1438048087456405 2.1306337139823897 11.069999999999999
      vertex -5.460634059044322 1.086187648078499 11.069999999999999
      vertex -6.097604914574492 2.5257106536095937 9.840000000000002
    endloop
  endfacet
  facet normal 0 0 0
    outer loop
      vertex -5.5676142048127915 6.818360914811321e-16 11.069999999999999
      vertex -6.6000000000000005 8.082668874372531e-16 9.840000000000002
      vertex -6.473182850661321 1.287596125306449 9.840000000000002
    endloop
  endfacet
  facet normal 0 0 0
    outer loop
      vertex -5.460634059044322 1.086187648078499 11.069999999999999
      vertex -5.5676142048127915 6.818360914811321e-16 11.069999999999999
      vertex -6.473182850661321 1.287596125306449 9.840000000000002
    endloop
  endfacet
  facet normal 0 0 0
    outer loop
      vertex -5.460634059044322 -1.0861876480784978 11.069999999999999
      vertex -6.473182850661321 -1.2875961253064472 9.840000000000002
      vertex -6.6000000000000005 8.082668874372531e-16 9.840000000000002
    endloop
  endfacet
  facet normal 0 0 0
    outer loop
      vertex -5.5676142048127915 6.818360914811321e-16 11.069999999999999
      vertex -5.460634059044322 -1.0861876480784978 11.069999999999999
      vertex -6.6000000000000005 8.082668874372531e-16 9.840000000000002
    endloop
  endfacet
  facet normal 0 0 0
    outer loop
      vertex -5.143804808745641 -2.130633713982388 11.069999999999999
      vertex -6.097604914574493 -2.5257106536095915 9.840000000000002
      vertex -6.473182850661321 -1.2875961253064472 9.840000000000002
    endloop
  endfacet
  facet normal 0 0 0
    outer loop
      vertex -5.460634059044322 -1.0861876480784978 11.069999999999999
      vertex -5.143804808745641 -2.130633713982388 11.069999999999999
      vertex -6.473182850661321 -1.2875961253064472 9.840000000000002
    endloop
  endfacet
  facet normal 0 0 0
    outer loop
      vertex -4.6293020243258365 -3.0932007211310886 11.069999999999999
      vertex -5.487699441196801 -3.666763537929373 9.840000000000002
      vertex -6.097604914574493 -2.5257106536095915 9.840000000000002
    endloop
  endfacet
  facet normal 0 0 0
    outer loop
      vertex -5.143804808745641 -2.130633713982388 11.069999999999999
      vertex -4.6293020243258365 -3.0932007211310886 11.069999999999999
      vertex -6.097604914574493 -2.5257106536095915 9.840000000000002
    endloop
  endfacet
  facet normal 0 0 0
    outer loop
      vertex -3.936897759253673 -3.9368977592536716 11.069999999999999
      vertex -4.666904755831214 -4.666904755831213 9.840000000000002
      vertex -5.487699441196801 -3.666763537929373 9.840000000000002
    endloop
  endfacet
  facet normal 0 0 0
    outer loop
      vertex -4.6293020243258365 -3.0932007211310886 11.069999999999999
      vertex -3.936897759253673 -3.9368977592536716 11.069999999999999
      vertex -5.487699441196801 -3.666763537929373 9.840000000000002
    endloop
  endfacet
  facet normal 0 0 0
    outer loop
      vertex -3.0932007211310895 -4.629302024325835 11.069999999999999
      vertex -3.666763537929375 -5.487699441196798 9.840000000000002
      vertex -4.666904755831214 -4.666904755831213 9.840000000000002
    endloop
  endfacet
  facet normal 0 0 0
    outer loop
      vertex -3.936897759253673 -3.9368977592536716 11.069999999999999
      vertex -3.0932007211310895 -4.629302024325835 11.069999999999999
      vertex -4.666904755831214 -4.666904755831213 9.840000000000002
    endloop
  endfacet
  facet normal 0 0 0
    outer loop
      vertex -2.130633713982392 -5.14380480874564 11.069999999999999
      vertex -2.5257106536095963 -6.097604914574491 9.840000000000002
      vertex -3.666763537929375 -5.487699441196798 9.840000000000002
    endloop
  endfacet
  facet normal 0 0 0
    outer loop
      vertex -3.0932007211310895 -4.629302024325835 11.069999999999999
      vertex -2.130633713982392 -5.14380480874564 11.069999999999999
      vertex -3.666763537929375 -5.487699441196798 9.840000000000002
    endloop
  endfacet
  facet normal 0 0 0
    outer loop
      vertex -1.0861876480784995 -5.460634059044321 11.069999999999999
      vertex -1.2875961253064494 -6.4731828506613205 9.840000000000002
      vertex -2.5257106536095963 -6.097604914574491 9.840000000000002
    endloop
  endfacet
  facet normal 0 0 0
    outer loop
      vertex -2.130633713982392 -5.14380480874564 11.069999999999999
      vertex -1.0861876480784995 -5.460634059044321 11.069999999999999
      vertex -2.5257106536095963 -6.097604914574491 9.840000000000002
    endloop
  endfacet
  facet normal 0 0 0
    outer loop
      vertex -1.0227541372216981e-15 -5.5676142048127915 11.069999999999999
      vertex -1.2124003311558797e-15 -6.6000000000000005 9.840000000000002
      vertex -1.2875961253064494 -6.4731828506613205 9.840000000000002
    endloop
  endfacet
  facet normal 0 0 0
    outer loop
      vertex -1.0861876480784995 -5.460634059044321 11.069999999999999
      vertex -1.0227541372216981e-15 -5.5676142048127915 11.069999999999999
      vertex -1.2875961253064494 -6.4731828506613205 9.840000000000002
    endloop
  endfacet
  facet normal 0 0 0
    outer loop
      vertex 1.0861876480784975 -5.460634059044322 11.069999999999999
      vertex 1.287596125306447 -6.473182850661321 9.840000000000002
      vertex -1.2124003311558797e-15 -6.6000000000000005 9.840000000000002
    endloop
  endfacet
  facet normal 0 0 0
    outer loop
      vertex -1.0227541372216981e-15 -5.5676142048127915 11.069999999999999
      vertex 1.0861876480784975 -5.460634059044322 11.069999999999999
      vertex -1.2124003311558797e-15 -6.6000000000000005 9.840000000000002
    endloop
  endfacet
  facet normal 0 0 0
    outer loop
      vertex 2.13063371398239 -5.1438048087456405 11.069999999999999
      vertex 2.525710653609594 -6.097604914574492 9.840000000000002
      vertex 1.287596125306447 -6.473182850661321 9.840000000000002
    endloop
  endfacet
  facet normal 0 0 0
    outer loop
      vertex 1.0861876480784975 -5.460634059044322 11.069999999999999
      vertex 2.13063371398239 -5.1438048087456405 11.069999999999999
      vertex 1.287596125306447 -6.473182850661321 9.840000000000002
    endloop
  endfacet
  facet normal 0 0 0
    outer loop
      vertex 3.0932007211310872 -4.6293020243258365 11.069999999999999
      vertex 3.6667635379293726 -5.487699441196801 9.840000000000002
      vertex 2.525710653609594 -6.097604914574492 9.840000000000002
    endloop
  endfacet
  facet normal 0 0 0
    outer loop
      vertex 2.13063371398239 -5.1438048087456405 11.069999999999999
      vertex 3.0932007211310872 -4.6293020243258365 11.069999999999999
      vertex 2.525710653609594 -6.097604914574492 9.840000000000002
    endloop
  endfacet
  facet normal 0 0 0
    outer loop
      vertex 3.936897759253671 -3.936897759253673 11.069999999999999
      vertex 4.6669047558312124 -4.666904755831214 9.840000000000002
      vertex 3.6667635379293726 -5.487699441196801 9.840000000000002
    endloop
  endfacet
  facet normal 0 0 0
    outer loop
      vertex 3.0932007211310872 -4.6293020243258365 11.069999999999999
      vertex 3.936897759253671 -3.936897759253673 11.069999999999999
      vertex 3.6667635379293726 -5.487699441196801 9.840000000000002
    endloop
  endfacet
  facet normal 0 0 0
    outer loop
      vertex 4.629302024325835 -3.0932007211310895 11.069999999999999
      vertex 5.487699441196798 -3.666763537929375 9.840000000000002
      vertex 4.6669047558312124 -4.666904755831214 9.840000000000002
    endloop
  endfacet
  facet normal 0 0 0
    outer loop
      vertex 3.936897759253671 -3.936897759253673 11.069999999999999
      vertex 4.629302024325835 -3.0932007211310895 11.069999999999999
      vertex 4.6669047558312124 -4.666904755831214 9.840000000000002
    endloop
  endfacet
  facet normal 0 0 0
    outer loop
      vertex 5.14380480874564 -2.1306337139823923 11.069999999999999
      vertex 6.097604914574491 -2.5257106536095963 9.840000000000002
      vertex 5.487699441196798 -3.666763537929375 9.840000000000002
    endloop
  endfacet
  facet normal 0 0 0
    outer loop
      vertex 4.629302024325835 -3.0932007211310895 11.069999999999999
      vertex 5.14380480874564 -2.1306337139823923 11.069999999999999
      vertex 5.487699441196798 -3.666763537929375 9.840000000000002
    endloop
  endfacet
  facet normal 0 0 0
    outer loop
      vertex 5.460634059044321 -1.0861876480785 11.069999999999999
      vertex 6.4731828506613205 -1.2875961253064496 9.840000000000002
      vertex 6.097604914574491 -2.5257106536095963 9.840000000000002
    endloop
  endfacet
  facet normal 0 0 0
    outer loop
      vertex 5.14380480874564 -2.1306337139823923 11.069999999999999
      vertex 5.460634059044321 -1.0861876480785 11.069999999999999
      vertex 6.097604914574491 -2.5257106536095963 9.840000000000002
    endloop
  endfacet
  facet normal 0 0 0
    outer loop
      vertex 5.5676142048127915 0 11.069999999999999
      vertex 6.6000000000000005 0 9.840000000000002
      vertex 6.4731828506613205 -1.2875961253064496 9.840000000000002
    endloop
  endfacet
  facet normal 0 0 0
    outer loop
      vertex 5.460634059044321 -1.0861876480785 11.069999999999999
      vertex 5.5676142048127915 0 11.069999999999999
      vertex 6.4731828506613205 -1.2875961253064496 9.840000000000002
    endloop
  endfacet
  facet normal 0 0 0
    outer loop
      vertex 4.391571622463344 0.8735379079415094 12.299999999999997
      vertex 5.460634059044322 1.086187648078497 11.069999999999999
      vertex 5.5676142048127915 0 11.069999999999999
    endloop
  endfacet
  facet normal 0 0 0
    outer loop
      vertex 4.4776075969021845 0 12.299999999999997
      vertex 4.391571622463344 0.8735379079415094 12.299999999999997
      vertex 5.5676142048127915 0 11.069999999999999
    endloop
  endfacet
  facet normal 0 0 0
    outer loop
      vertex 4.136770013394977 1.7135062439665294 12.299999999999997
      vertex 5.1438048087456405 2.1306337139823888 11.069999999999999
      vertex 5.460634059044322 1.086187648078497 11.069999999999999
    endloop
  endfacet
  facet normal 0 0 0
    outer loop
      vertex 4.391571622463344 0.8735379079415094 12.299999999999997
      vertex 4.136770013394977 1.7135062439665294 12.299999999999997
      vertex 5.460634059044322 1.086187648078497 11.069999999999999
    endloop
  endfacet
  facet normal 0 0 0
    outer loop
      vertex 3.722994652639191 2.4876254959812876 12.299999999999997
      vertex 4.629302024325835 3.0932007211310895 11.069999999999999
      vertex 5.1438048087456405 2.1306337139823888 11.069999999999999
    endloop
  endfacet
  facet normal 0 0 0
    outer loop
      vertex 4.136770013394977 1.7135062439665294 12.299999999999997
      vertex 3.722994652639191 2.4876254959812876 12.299999999999997
      vertex 5.1438048087456405 2.1306337139823888 11.069999999999999
    endloop
  endfacet
  facet normal 0 0 0
    outer loop
      vertex 3.1661466952619364 3.166146695261936 12.299999999999997
      vertex 3.936897759253672 3.9368977592536716 11.069999999999999
      vertex 4.629302024325835 3.0932007211310895 11.069999999999999
    endloop
  endfacet
  facet normal 0 0 0
    outer loop
      vertex 3.722994652639191 2.4876254959812876 12.299999999999997
      vertex 3.1661466952619364 3.166146695261936 12.299999999999997
      vertex 4.629302024325835 3.0932007211310895 11.069999999999999
    endloop
  endfacet
  facet normal 0 0 0
    outer loop
      vertex 2.487625495981288 3.722994652639191 12.299999999999997
      vertex 3.09320072113109 4.629302024325835 11.069999999999999
      vertex 3.936897759253672 3.9368977592536716 11.069999999999999
    endloop
  endfacet
  facet normal 0 0 0
    outer loop
      vertex 3.1661466952619364 3.166146695261936 12.299999999999997
      vertex 2.487625495981288 3.722994652639191 12.299999999999997
      vertex 3.936897759253672 3.9368977592536716 11.069999999999999
    endloop
  endfacet
  facet normal 0 0 0
    outer loop
      vertex 1.7135062439665296 4.136770013394977 12.299999999999997
      vertex 2.130633713982389 5.1438048087456405 11.069999999999999
      vertex 3.09320072113109 4.629302024325835 11.069999999999999
    endloop
  endfacet
  facet normal 0 0 0
    outer loop
      vertex 2.487625495981288 3.722994652639191 12.299999999999997
      vertex 1.7135062439665296 4.136770013394977 12.299999999999997
      vertex 3.09320072113109 4.629302024325835 11.069999999999999
    endloop
  endfacet
  facet normal 0 0 0
    outer loop
      vertex 0.8735379079415098 4.391571622463344 12.299999999999997
      vertex 1.0861876480784978 5.460634059044322 11.069999999999999
      vertex 2.130633713982389 5.1438048087456405 11.069999999999999
    endloop
  endfacet
  facet normal 0 0 0
    outer loop
      vertex 1.7135062439665296 4.136770013394977 12.299999999999997
      vertex 0.8735379079415098 4.391571622463344 12.299999999999997
      vertex 2.130633713982389 5.1438048087456405 11.069999999999999
    endloop
  endfacet
  facet normal 0 0 0
    outer loop
      vertex 2.7417439056920665e-16 4.4776075969021845 12.299999999999997
      vertex 3.4091804574056603e-16 5.5676142048127915 11.069999999999999
      vertex 1.0861876480784978 5.460634059044322 11.069999999999999
    endloop
  endfacet
  facet normal 0 0 0
    outer loop
      vertex 0.8735379079415098 4.391571622463344 12.299999999999997
      vertex 2.7417439056920665e-16 4.4776075969021845 12.299999999999997
      vertex 1.0861876480784978 5.460634059044322 11.069999999999999
    endloop
  endfacet
  facet normal 0 0 0
    outer loop
      vertex -0.8735379079415092 4.391571622463344 12.299999999999997
      vertex -1.0861876480784969 5.460634059044322 11.069999999999999
      vertex 3.4091804574056603e-16 5.5676142048127915 11.069999999999999
    endloop
  endfacet
  facet normal 0 0 0
    outer loop
      vertex 2.7417439056920665e-16 4.4776075969021845 12.299999999999997
      vertex -0.8735379079415092 4.391571622463344 12.299999999999997
      vertex 3.4091804574056603e-16 5.5676142048127915 11.069999999999999
    endloop
  endfacet
  facet normal 0 0 0
    outer loop
      vertex -1.7135062439665292 4.136770013394977 12.299999999999997
      vertex -2.1306337139823883 5.1438048087456405 11.069999999999999
      vertex -1.0861876480784969 5.460634059044322 11.069999999999999
    endloop
  endfacet
  facet normal 0 0 0
    outer loop
      vertex -0.8735379079415092 4.391571622463344 12.299999999999997
      vertex -1.7135062439665292 4.136770013394977 12.299999999999997
      vertex -1.0861876480784969 5.460634059044322 11.069999999999999
    endloop
  endfacet
  facet normal 0 0 0
    outer loop
      vertex -2.4876254959812867 3.7229946526391915 12.299999999999997
      vertex -3.0932007211310886 4.629302024325836 11.069999999999999
      vertex -2.1306337139823883 5.1438048087456405 11.069999999999999
    endloop
  endfacet
  facet normal 0 0 0
    outer loop
      vertex -1.7135062439665292 4.136770013394977 12.299999999999997
      vertex -2.4876254959812867 3.7229946526391915 12.299999999999997
      vertex -2.1306337139823883 5.1438048087456405 11.069999999999999
    endloop
  endfacet
  facet normal 0 0 0
    outer loop
      vertex -3.166146695261936 3.1661466952619364 12.299999999999997
      vertex -3.9368977592536716 3.936897759253672 11.069999999999999
      vertex -3.0932007211310886 4.629302024325836 11.069999999999999
    endloop
  endfacet
  facet normal 0 0 0
    outer loop
      vertex -2.4876254959812867 3.7229946526391915 12.299999999999997
      vertex -3.166146695261936 3.1661466952619364 12.299999999999997
      vertex -3.0932007211310886 4.629302024325836 11.069999999999999
    endloop
  endfacet
  facet normal 0 0 0
    outer loop
      vertex -3.7229946526391915 2.4876254959812876 12.299999999999997
      vertex -4.629302024325836 3.0932007211310895 11.069999999999999
      vertex -3.9368977592536716 3.936897759253672 11.069999999999999
    endloop
  endfacet
  facet normal 0 0 0
    outer loop
      vertex -3.166146695261936 3.1661466952619364 12.299999999999997
      vertex -3.7229946526391915 2.4876254959812876 12.299999999999997
      vertex -3.9368977592536716 3.936897759253672 11.069999999999999
    endloop
  endfacet
  facet normal 0 0 0
    outer loop
      vertex -4.136770013394977 1.71350624396653 12.299999999999997
      vertex -5.1438048087456405 2.1306337139823897 11.069999999999999
      vertex -4.629302024325836 3.0932007211310895 11.069999999999999
    endloop
  endfacet
  facet normal 0 0 0
    outer loop
      vertex -3.7229946526391915 2.4876254959812876 12.299999999999997
      vertex -4.136770013394977 1.71350624396653 12.299999999999997
      vertex -4.629302024325836 3.0932007211310895 11.069999999999999
    endloop
  endfacet
  facet normal 0 0 0
    outer loop
      vertex -4.391571622463344 0.873537907941511 12.299999999999997
      vertex -5.460634059044322 1.086187648078499 11.069999999999999
      vertex -5.1438048087456405 2.1306337139823897 11.069999999999999
    endloop
  endfacet
  facet normal 0 0 0
    outer loop
      vertex -4.136770013394977 1.71350624396653 12.299999999999997
      vertex -4.391571622463344 0.873537907941511 12.299999999999997
      vertex -5.1438048087456405 2.1306337139823897 11.069999999999999
    endloop
  endfacet
  facet normal 0 0 0
    outer loop
      vertex -4.4776075969021845 5.483487811384133e-16 12.299999999999997
      vertex -5.5676142048127915 6.818360914811321e-16 11.069999999999999
      vertex -5.460634059044322 1.086187648078499 11.069999999999999
    endloop
  endfacet
  facet normal 0 0 0
    outer loop
      vertex -4.391571622463344 0.873537907941511 12.299999999999997
      vertex -4.4776075969021845 5.483487811384133e-16 12.299999999999997
      vertex -5.460634059044322 1.086187648078499 11.069999999999999
    endloop
  endfacet
  facet normal 0 0 0
    outer loop
      vertex -4.391571622463344 -0.87353790794151 12.299999999999997
      vertex -5.460634059044322 -1.0861876480784978 11.069999999999999
      vertex -5.5676142048127915 6.818360914811321e-16 11.069999999999999
    endloop
  endfacet
  facet normal 0 0 0
    outer loop
      vertex -4.4776075969021845 5.483487811384133e-16 12.299999999999997
      vertex -4.391571622463344 -0.87353790794151 12.299999999999997
      vertex -5.5676142048127915 6.818360914811321e-16 11.069999999999999
    endloop
  endfacet
  facet normal 0 0 0
    outer loop
      vertex -4.136770013394977 -1.7135062439665287 12.299999999999997
      vertex -5.143804808745641 -2.130633713982388 11.069999999999999
      vertex -5.460634059044322 -1.0861876480784978 11.069999999999999
    endloop
  endfacet
  facet normal 0 0 0
    outer loop
      vertex -4.391571622463344 -0.87353790794151 12.299999999999997
      vertex -4.136770013394977 -1.7135062439665287 12.299999999999997
      vertex -5.460634059044322 -1.0861876480784978 11.069999999999999
    endloop
  endfacet
  facet normal 0 0 0
    outer loop
      vertex -3.722994652639192 -2.4876254959812867 12.299999999999997
      vertex -4.6293020243258365 -3.0932007211310886 11.069999999999999
      vertex -5.143804808745641 -2.130633713982388 11.069999999999999
    endloop
  endfacet
  facet normal 0 0 0
    outer loop
      vertex -4.136770013394977 -1.7135062439665287 12.299999999999997
      vertex -3.722994652639192 -2.4876254959812867 12.299999999999997
      vertex -5.143804808745641 -2.130633713982388 11.069999999999999
    endloop
  endfacet
  facet normal 0 0 0
    outer loop
      vertex -3.166146695261937 -3.166146695261936 12.299999999999997
      vertex -3.936897759253673 -3.9368977592536716 11.069999999999999
      vertex -4.6293020243258365 -3.0932007211310886 11.069999999999999
    endloop
  endfacet
  facet normal 0 0 0
    outer loop
      vertex -3.722994652639192 -2.4876254959812867 12.299999999999997
      vertex -3.166146695261937 -3.166146695261936 12.299999999999997
      vertex -4.6293020243258365 -3.0932007211310886 11.069999999999999
    endloop
  endfacet
  facet normal 0 0 0
    outer loop
      vertex -2.4876254959812876 -3.722994652639191 12.299999999999997
      vertex -3.0932007211310895 -4.629302024325835 11.069999999999999
      vertex -3.936897759253673 -3.9368977592536716 11.069999999999999
    endloop
  endfacet
  facet normal 0 0 0
    outer loop
      vertex -3.166146695261937 -3.166146695261936 12.299999999999997
      vertex -2.4876254959812876 -3.722994652639191 12.299999999999997
      vertex -3.936897759253673 -3.9368977592536716 11.069999999999999
    endloop
  endfacet
  facet normal 0 0 0
    outer loop
      vertex -1.7135062439665318 -4.136770013394975 12.299999999999997
      vertex -2.130633713982392 -5.14380480874564 11.069999999999999
      vertex -3.0932007211310895 -4.629302024325835 11.069999999999999
    endloop
  endfacet
  facet normal 0 0 0
    outer loop
      vertex -2.4876254959812876 -3.722994652639191 12.299999999999997
      vertex -1.7135062439665318 -4.136770013394975 12.299999999999997
      vertex -3.0932007211310895 -4.629302024325835 11.069999999999999
    endloop
  endfacet
  facet normal 0 0 0
    outer loop
      vertex -0.8735379079415113 -4.391571622463344 12.299999999999997
      vertex -1.0861876480784995 -5.460634059044321 11.069999999999999
      vertex -2.130633713982392 -5.14380480874564 11.069999999999999
    endloop
  endfacet
  facet normal 0 0 0
    outer loop
      vertex -1.7135062439665318 -4.136770013394975 12.299999999999997
      vertex -0.8735379079415113 -4.391571622463344 12.299999999999997
      vertex -2.130633713982392 -5.14380480874564 11.069999999999999
    endloop
  endfacet
  facet normal 0 0 0
    outer loop
      vertex -8.225231717076199e-16 -4.4776075969021845 12.299999999999997
      vertex -1.0227541372216981e-15 -5.5676142048127915 11.069999999999999
      vertex -1.0861876480784995 -5.460634059044321 11.069999999999999
    endloop
  endfacet
  facet normal 0 0 0
    outer loop
      vertex -0.8735379079415113 -4.391571622463344 12.299999999999997
      vertex -8.225231717076199e-16 -4.4776075969021845 12.299999999999997
      vertex -1.0861876480784995 -5.460634059044321 11.069999999999999
    endloop
  endfacet
  facet normal 0 0 0
    outer loop
      vertex 0.8735379079415097 -4.391571622463344 12.299999999999997
      vertex 1.0861876480784975 -5.460634059044322 11.069999999999999
      vertex -1.0227541372216981e-15 -5.5676142048127915 11.069999999999999
    endloop
  endfacet
  facet normal 0 0 0
    outer loop
      vertex -8.225231717076199e-16 -4.4776075969021845 12.299999999999997
      vertex 0.8735379079415097 -4.391571622463344 12.299999999999997
      vertex -1.0227541372216981e-15 -5.5676142048127915 11.069999999999999
    endloop
  endfacet
  facet normal 0 0 0
    outer loop
      vertex 1.7135062439665305 -4.136770013394976 12.299999999999997
      vertex 2.13063371398239 -5.1438048087456405 11.069999999999999
      vertex 1.0861876480784975 -5.460634059044322 11.069999999999999
    endloop
  endfacet
  facet normal 0 0 0
    outer loop
      vertex 0.8735379079415097 -4.391571622463344 12.299999999999997
      vertex 1.7135062439665305 -4.136770013394976 12.299999999999997
      vertex 1.0861876480784975 -5.460634059044322 11.069999999999999
    endloop
  endfacet
  facet normal 0 0 0
    outer loop
      vertex 2.4876254959812862 -3.722994652639192 12.299999999999997
      vertex 3.0932007211310872 -4.6293020243258365 11.069999999999999
      vertex 2.13063371398239 -5.1438048087456405 11.069999999999999
    endloop
  endfacet
  facet normal 0 0 0
    outer loop
      vertex 1.7135062439665305 -4.136770013394976 12.299999999999997
      vertex 2.4876254959812862 -3.722994652639192 12.299999999999997
      vertex 2.13063371398239 -5.1438048087456405 11.069999999999999
    endloop
  endfacet
  facet normal 0 0 0
    outer loop
      vertex 3.1661466952619355 -3.166146695261937 12.299999999999997
      vertex 3.936897759253671 -3.936897759253673 11.069999999999999
      vertex 3.0932007211310872 -4.6293020243258365 11.069999999999999
    endloop
  endfacet
  facet normal 0 0 0
    outer loop
      vertex 2.4876254959812862 -3.722994652639192 12.299999999999997
      vertex 3.1661466952619355 -3.166146695261937 12.299999999999997
      vertex 3.0932007211310872 -4.6293020243258365 11.069999999999999
    endloop
  endfacet
  facet normal 0 0 0
    outer loop
      vertex 3.722994652639191 -2.4876254959812876 12.299999999999997
      vertex 4.629302024325835 -3.0932007211310895 11.069999999999999
      vertex 3.936897759253671 -3.936897759253673 11.069999999999999
    endloop
  endfacet
  facet normal 0 0 0
    outer loop
      vertex 3.1661466952619355 -3.166146695261937 12.299999999999997
      vertex 3.722994652639191 -2.4876254959812876 12.299999999999997
      vertex 3.936897759253671 -3.936897759253673 11.069999999999999
    endloop
  endfacet
  facet normal 0 0 0
    outer loop
      vertex 4.136770013394975 -1.713506243966532 12.299999999999997
      vertex 5.14380480874564 -2.1306337139823923 11.069999999999999
      vertex 4.629302024325835 -3.0932007211310895 11.069999999999999
    endloop
  endfacet
  facet normal 0 0 0
    outer loop
      vertex 3.722994652639191 -2.4876254959812876 12.299999999999997
      vertex 4.136770013394975 -1.713506243966532 12.299999999999997
      vertex 4.629302024325835 -3.0932007211310895 11.069999999999999
    endloop
  endfacet
  facet normal 0 0 0
    outer loop
      vertex 4.391571622463344 -0.8735379079415115 12.299999999999997
      vertex 5.460634059044321 -1.0861876480785 11.069999999999999
      vertex 5.14380480874564 -2.1306337139823923 11.069999999999999
    endloop
  endfacet
  facet normal 0 0 0
    outer loop
      vertex 4.136770013394975 -1.713506243966532 12.299999999999997
      vertex 4.391571622463344 -0.8735379079415115 12.299999999999997
      vertex 5.14380480874564 -2.1306337139823923 11.069999999999999
    endloop
  endfacet
  facet normal 0 0 0
    outer loop
      vertex 4.4776075969021845 0 12.299999999999997
      vertex 5.5676142048127915 0 11.069999999999999
      vertex 5.460634059044321 -1.0861876480785 11.069999999999999
    endloop
  endfacet
  facet normal 0 0 0
    outer loop
      vertex 4.391571622463344 -0.8735379079415115 12.299999999999997
      vertex 4.4776075969021845 0 12.299999999999997
      vertex 5.460634059044321 -1.0861876480785 11.069999999999999
    endloop
  endfacet
  facet normal 0 0 0
    outer loop
      vertex 3.2842874956083885 0.6532854009068726 13.53
      vertex 4.391571622463344 0.8735379079415094 12.299999999999997
      vertex 4.4776075969021845 0 12.299999999999997
    endloop
  endfacet
  facet normal 0 0 0
    outer loop
      vertex 3.348630491536454 0 13.53
      vertex 3.2842874956083885 0.6532854009068726 13.53
      vertex 4.4776075969021845 0 12.299999999999997
    endloop
  endfacet
  facet normal 0 0 0
    outer loop
      vertex 3.0937311730737393 1.281465410223568 13.53
      vertex 4.136770013394977 1.7135062439665294 12.299999999999997
      vertex 4.391571622463344 0.8735379079415094 12.299999999999997
    endloop
  endfacet
  facet normal 0 0 0
    outer loop
      vertex 3.2842874956083885 0.6532854009068726 13.53
      vertex 3.0937311730737393 1.281465410223568 13.53
      vertex 4.391571622463344 0.8735379079415094 12.299999999999997
    endloop
  endfacet
  facet normal 0 0 0
    outer loop
      vertex 2.784284496542297 1.8603994224794527 13.53
      vertex 3.722994652639191 2.4876254959812876 12.299999999999997
      vertex 4.136770013394977 1.7135062439665294 12.299999999999997
    endloop
  endfacet
  facet normal 0 0 0
    outer loop
      vertex 3.0937311730737393 1.281465410223568 13.53
      vertex 2.784284496542297 1.8603994224794527 13.53
      vertex 4.136770013394977 1.7135062439665294 12.299999999999997
    endloop
  endfacet
  facet normal 0 0 0
    outer loop
      vertex 2.367839328253469 2.3678393282534684 13.53
      vertex 3.1661466952619364 3.166146695261936 12.299999999999997
      vertex 3.722994652639191 2.4876254959812876 12.299999999999997
    endloop
  endfacet
  facet normal 0 0 0
    outer loop
      vertex 2.784284496542297 1.8603994224794527 13.53
      vertex 2.367839328253469 2.3678393282534684 13.53
      vertex 3.722994652639191 2.4876254959812876 12.299999999999997
    endloop
  endfacet
  facet normal 0 0 0
    outer loop
      vertex 1.8603994224794533 2.784284496542297 13.53
      vertex 2.487625495981288 3.722994652639191 12.299999999999997
      vertex 3.1661466952619364 3.166146695261936 12.299999999999997
    endloop
  endfacet
  facet normal 0 0 0
    outer loop
      vertex 2.367839328253469 2.3678393282534684 13.53
      vertex 1.8603994224794533 2.784284496542297 13.53
      vertex 3.1661466952619364 3.166146695261936 12.299999999999997
    endloop
  endfacet
  facet normal 0 0 0
    outer loop
      vertex 1.2814654102235683 3.0937311730737393 13.53
      vertex 1.7135062439665296 4.136770013394977 12.299999999999997
      vertex 2.487625495981288 3.722994652639191 12.299999999999997
    endloop
  endfacet
  facet normal 0 0 0
    outer loop
      vertex 1.8603994224794533 2.784284496542297 13.53
      vertex 1.2814654102235683 3.0937311730737393 13.53
      vertex 2.487625495981288 3.722994652639191 12.299999999999997
    endloop
  endfacet
  facet normal 0 0 0
    outer loop
      vertex 0.6532854009068729 3.2842874956083885 13.53
      vertex 0.8735379079415098 4.391571622463344 12.299999999999997
      vertex 1.7135062439665296 4.136770013394977 12.299999999999997
    endloop
  endfacet
  facet normal 0 0 0
    outer loop
      vertex 1.2814654102235683 3.0937311730737393 13.53
      vertex 0.6532854009068729 3.2842874956083885 13.53
      vertex 1.7135062439665296 4.136770013394977 12.299999999999997
    endloop
  endfacet
  facet normal 0 0 0
    outer loop
      vertex 2.0504448064936733e-16 3.348630491536454 13.53
      vertex 2.7417439056920665e-16 4.4776075969021845 12.299999999999997
      vertex 0.8735379079415098 4.391571622463344 12.299999999999997
    endloop
  endfacet
  facet normal 0 0 0
    outer loop
      vertex 0.6532854009068729 3.2842874956083885 13.53
      vertex 2.0504448064936733e-16 3.348630491536454 13.53
      vertex 0.8735379079415098 4.391571622463344 12.299999999999997
    endloop
  endfacet
  facet normal 0 0 0
    outer loop
      vertex -0.6532854009068725 3.2842874956083885 13.53
      vertex -0.8735379079415092 4.391571622463344 12.299999999999997
      vertex 2.7417439056920665e-16 4.4776075969021845 12.299999999999997
    endloop
  endfacet
  facet normal 0 0 0
    outer loop
      vertex 2.0504448064936733e-16 3.348630491536454 13.53
      vertex -0.6532854009068725 3.2842874956083885 13.53
      vertex 2.7417439056920665e-16 4.4776075969021845 12.299999999999997
    endloop
  endfacet
  facet normal 0 0 0
    outer loop
      vertex -1.2814654102235679 3.0937311730737393 13.53
      vertex -1.7135062439665292 4.136770013394977 12.299999999999997
      vertex -0.8735379079415092 4.391571622463344 12.299999999999997
    endloop
  endfacet
  facet normal 0 0 0
    outer loop
      vertex -0.6532854009068725 3.2842874956083885 13.53
      vertex -1.2814654102235679 3.0937311730737393 13.53
      vertex -0.8735379079415092 4.391571622463344 12.299999999999997
    endloop
  endfacet
  facet normal 0 0 0
    outer loop
      vertex -1.860399422479452 2.784284496542297 13.53
      vertex -2.4876254959812867 3.7229946526391915 12.299999999999997
      vertex -1.7135062439665292 4.136770013394977 12.299999999999997
    endloop
  endfacet
  facet normal 0 0 0
    outer loop
      vertex -1.2814654102235679 3.0937311730737393 13.53
      vertex -1.860399422479452 2.784284496542297 13.53
      vertex -1.7135062439665292 4.136770013394977 12.299999999999997
    endloop
  endfacet
  facet normal 0 0 0
    outer loop
      vertex -2.3678393282534684 2.367839328253469 13.53
      vertex -3.166146695261936 3.1661466952619364 12.299999999999997
      vertex -2.4876254959812867 3.7229946526391915 12.299999999999997
    endloop
  endfacet
  facet normal 0 0 0
    outer loop
      vertex -1.860399422479452 2.784284496542297 13.53
      vertex -2.3678393282534684 2.367839328253469 13.53
      vertex -2.4876254959812867 3.7229946526391915 12.299999999999997
    endloop
  endfacet
  facet normal 0 0 0
    outer loop
      vertex -2.784284496542297 1.8603994224794527 13.53
      vertex -3.7229946526391915 2.4876254959812876 12.299999999999997
      vertex -3.166146695261936 3.1661466952619364 12.299999999999997
    endloop
  endfacet
  facet normal 0 0 0
    outer loop
      vertex -2.3678393282534684 2.367839328253469 13.53
      vertex -2.784284496542297 1.8603994224794527 13.53
      vertex -3.166146695261936 3.1661466952619364 12.299999999999997
    endloop
  endfacet
  facet normal 0 0 0
    outer loop
      vertex -3.0937311730737393 1.2814654102235683 13.53
      vertex -4.136770013394977 1.71350624396653 12.299999999999997
      vertex -3.7229946526391915 2.4876254959812876 12.299999999999997
    endloop
  endfacet
  facet normal 0 0 0
    outer loop
      vertex -2.784284496542297 1.8603994224794527 13.53
      vertex -3.0937311730737393 1.2814654102235683 13.53
      vertex -3.7229946526391915 2.4876254959812876 12.299999999999997
    endloop
  endfacet
  facet normal 0 0 0
    outer loop
      vertex -3.2842874956083885 0.6532854009068738 13.53
      vertex -4.391571622463344 0.873537907941511 12.299999999999997
      vertex -4.136770013394977 1.71350624396653 12.299999999999997
    endloop
  endfacet
  facet normal 0 0 0
    outer loop
      vertex -3.0937311730737393 1.2814654102235683 13.53
      vertex -3.2842874956083885 0.6532854009068738 13.53
      vertex -4.136770013394977 1.71350624396653 12.299999999999997
    endloop
  endfacet
  facet normal 0 0 0
    outer loop
      vertex -3.348630491536454 4.1008896129873466e-16 13.53
      vertex -4.4776075969021845 5.483487811384133e-16 12.299999999999997
      vertex -4.391571622463344 0.873537907941511 12.299999999999997
    endloop
  endfacet
  facet normal 0 0 0
    outer loop
      vertex -3.2842874956083885 0.6532854009068738 13.53
      vertex -3.348630491536454 4.1008896129873466e-16 13.53
      vertex -4.391571622463344 0.873537907941511 12.299999999999997
    endloop
  endfacet
  facet normal 0 0 0
    outer loop
      vertex -3.2842874956083885 -0.6532854009068729 13.53
      vertex -4.391571622463344 -0.87353790794151 12.299999999999997
      vertex -4.4776075969021845 5.483487811384133e-16 12.299999999999997
    endloop
  endfacet
  facet normal 0 0 0
    outer loop
      vertex -3.348630491536454 4.1008896129873466e-16 13.53
      vertex -3.2842874956083885 -0.6532854009068729 13.53
      vertex -4.4776075969021845 5.483487811384133e-16 12.299999999999997
    endloop
  endfacet
  facet normal 0 0 0
    outer loop
      vertex -3.09373117307374 -1.2814654102235674 13.53
      vertex -4.136770013394977 -1.7135062439665287 12.299999999999997
      vertex -4.391571622463344 -0.87353790794151 12.299999999999997
    endloop
  endfacet
  facet normal 0 0 0
    outer loop
      vertex -3.2842874956083885 -0.6532854009068729 13.53
      vertex -3.09373117307374 -1.2814654102235674 13.53
      vertex -4.391571622463344 -0.87353790794151 12.299999999999997
    endloop
  endfacet
  facet normal 0 0 0
    outer loop
      vertex -2.7842844965422975 -1.860399422479452 13.53
      vertex -3.722994652639192 -2.4876254959812867 12.299999999999997
      vertex -4.136770013394977 -1.7135062439665287 12.299999999999997
    endloop
  endfacet
  facet normal 0 0 0
    outer loop
      vertex -3.09373117307374 -1.2814654102235674 13.53
      vertex -2.7842844965422975 -1.860399422479452 13.53
      vertex -4.136770013394977 -1.7135062439665287 12.299999999999997
    endloop
  endfacet
  facet normal 0 0 0
    outer loop
      vertex -2.367839328253469 -2.3678393282534684 13.53
      vertex -3.166146695261937 -3.166146695261936 12.299999999999997
      vertex -3.722994652639192 -2.4876254959812867 12.299999999999997
    endloop
  endfacet
  facet normal 0 0 0
    outer loop
      vertex -2.7842844965422975 -1.860399422479452 13.53
      vertex -2.367839328253469 -2.3678393282534684 13.53
      vertex -3.722994652639192 -2.4876254959812867 12.299999999999997
    endloop
  endfacet
  facet normal 0 0 0
    outer loop
      vertex -1.8603994224794527 -2.784284496542297 13.53
      vertex -2.4876254959812876 -3.722994652639191 12.299999999999997
      vertex -3.166146695261937 -3.166146695261936 12.299999999999997
    endloop
  endfacet
  facet normal 0 0 0
    outer loop
      vertex -2.367839328253469 -2.3678393282534684 13.53
      vertex -1.8603994224794527 -2.784284496542297 13.53
      vertex -3.166146695261937 -3.166146695261936 12.299999999999997
    endloop
  endfacet
  facet normal 0 0 0
    outer loop
      vertex -1.2814654102235699 -3.093731173073739 13.53
      vertex -1.7135062439665318 -4.136770013394975 12.299999999999997
      vertex -2.4876254959812876 -3.722994652639191 12.299999999999997
    endloop
  endfacet
  facet normal 0 0 0
    outer loop
      vertex -1.8603994224794527 -2.784284496542297 13.53
      vertex -1.2814654102235699 -3.093731173073739 13.53
      vertex -2.4876254959812876 -3.722994652639191 12.299999999999997
    endloop
  endfacet
  facet normal 0 0 0
    outer loop
      vertex -0.653285400906874 -3.284287495608388 13.53
      vertex -0.8735379079415113 -4.391571622463344 12.299999999999997
      vertex -1.7135062439665318 -4.136770013394975 12.299999999999997
    endloop
  endfacet
  facet normal 0 0 0
    outer loop
      vertex -1.2814654102235699 -3.093731173073739 13.53
      vertex -0.653285400906874 -3.284287495608388 13.53
      vertex -1.7135062439665318 -4.136770013394975 12.299999999999997
    endloop
  endfacet
  facet normal 0 0 0
    outer loop
      vertex -6.151334419481019e-16 -3.348630491536454 13.53
      vertex -8.225231717076199e-16 -4.4776075969021845 12.299999999999997
      vertex -0.8735379079415113 -4.391571622463344 12.299999999999997
    endloop
  endfacet
  facet normal 0 0 0
    outer loop
      vertex -0.653285400906874 -3.284287495608388 13.53
      vertex -6.151334419481019e-16 -3.348630491536454 13.53
      vertex -0.8735379079415113 -4.391571622463344 12.299999999999997
    endloop
  endfacet
  facet normal 0 0 0
    outer loop
      vertex 0.6532854009068728 -3.2842874956083885 13.53
      vertex 0.8735379079415097 -4.391571622463344 12.299999999999997
      vertex -8.225231717076199e-16 -4.4776075969021845 12.299999999999997
    endloop
  endfacet
  facet normal 0 0 0
    outer loop
      vertex -6.151334419481019e-16 -3.348630491536454 13.53
      vertex 0.6532854009068728 -3.2842874956083885 13.53
      vertex -8.225231717076199e-16 -4.4776075969021845 12.299999999999997
    endloop
  endfacet
  facet normal 0 0 0
    outer loop
      vertex 1.2814654102235687 -3.0937311730737393 13.53
      vertex 1.7135062439665305 -4.136770013394976 12.299999999999997
      vertex 0.8735379079415097 -4.391571622463344 12.299999999999997
    endloop
  endfacet
  facet normal 0 0 0
    outer loop
      vertex 0.6532854009068728 -3.2842874956083885 13.53
      vertex 1.2814654102235687 -3.0937311730737393 13.53
      vertex 0.8735379079415097 -4.391571622463344 12.299999999999997
    endloop
  endfacet
  facet normal 0 0 0
    outer loop
      vertex 1.8603994224794518 -2.7842844965422975 13.53
      vertex 2.4876254959812862 -3.722994652639192 12.299999999999997
      vertex 1.7135062439665305 -4.136770013394976 12.299999999999997
    endloop
  endfacet
  facet normal 0 0 0
    outer loop
      vertex 1.2814654102235687 -3.0937311730737393 13.53
      vertex 1.8603994224794518 -2.7842844965422975 13.53
      vertex 1.7135062439665305 -4.136770013394976 12.299999999999997
    endloop
  endfacet
  facet normal 0 0 0
    outer loop
      vertex 2.367839328253468 -2.367839328253469 13.53
      vertex 3.1661466952619355 -3.166146695261937 12.299999999999997
      vertex 2.4876254959812862 -3.722994652639192 12.299999999999997
    endloop
  endfacet
  facet normal 0 0 0
    outer loop
      vertex 1.8603994224794518 -2.7842844965422975 13.53
      vertex 2.367839328253468 -2.367839328253469 13.53
      vertex 2.4876254959812862 -3.722994652639192 12.299999999999997
    endloop
  endfacet
  facet normal 0 0 0
    outer loop
      vertex 2.784284496542297 -1.8603994224794527 13.53
      vertex 3.722994652639191 -2.4876254959812876 12.299999999999997
      vertex 3.1661466952619355 -3.166146695261937 12.299999999999997
    endloop
  endfacet
  facet normal 0 0 0
    outer loop
      vertex 2.367839328253468 -2.367839328253469 13.53
      vertex 2.784284496542297 -1.8603994224794527 13.53
      vertex 3.1661466952619355 -3.166146695261937 12.299999999999997
    endloop
  endfacet
  facet normal 0 0 0
    outer loop
      vertex 3.093731173073739 -1.2814654102235699 13.53
      vertex 4.136770013394975 -1.713506243966532 12.299999999999997
      vertex 3.722994652639191 -2.4876254959812876 12.299999999999997
    endloop
  endfacet
  facet normal 0 0 0
    outer loop
      vertex 2.784284496542297 -1.8603994224794527 13.53
      vertex 3.093731173073739 -1.2814654102235699 13.53
      vertex 3.722994652639191 -2.4876254959812876 12.299999999999997
    endloop
  endfacet
  facet normal 0 0 0
    outer loop
      vertex 3.284287495608388 -0.6532854009068741 13.53
      vertex 4.391571622463344 -0.8735379079415115 12.299999999999997
      vertex 4.136770013394975 -1.713506243966532 12.299999999999997
    endloop
  endfacet
  facet normal 0 0 0
    outer loop
      vertex 3.093731173073739 -1.2814654102235699 13.53
      vertex 3.284287495608388 -0.6532854009068741 13.53
      vertex 4.136770013394975 -1.713506243966532 12.299999999999997
    endloop
  endfacet
  facet normal 0 0 0
    outer loop
      vertex 3.348630491536454 0 13.53
      vertex 4.4776075969021845 0 12.299999999999997
      vertex 4.391571622463344 -0.8735379079415115 12.299999999999997
    endloop
  endfacet
  facet normal 0 0 0
    outer loop
      vertex 3.284287495608388 -0.6532854009068741 13.53
      vertex 3.348630491536454 0 13.53
      vertex 4.391571622463344 -0.8735379079415115 12.299999999999997
    endloop
  endfacet
  facet normal 0 0 0
    outer loop
      vertex 2.157727616887108 0.42919870843548236 14.76
      vertex 3.2842874956083885 0.6532854009068726 13.53
      vertex 3.348630491536454 0 13.53
    endloop
  endfacet
  facet normal 0 0 0
    outer loop
      vertex 2.200000000000001 0 14.76
      vertex 2.157727616887108 0.42919870843548236 14.76
      vertex 3.348630491536454 0 13.53
    endloop
  endfacet
  facet normal 0 0 0
    outer loop
      vertex 2.0325349715248318 0.8419035512031979 14.76
      vertex 3.0937311730737393 1.281465410223568 13.53
      vertex 3.2842874956083885 0.6532854009068726 13.53
    endloop
  endfacet
  facet normal 0 0 0
    outer loop
      vertex 2.157727616887108 0.42919870843548236 14.76
      vertex 2.0325349715248318 0.8419035512031979 14.76
      vertex 3.2842874956083885 0.6532854009068726 13.53
    endloop
  endfacet
  facet normal 0 0 0
    outer loop
      vertex 1.8292331470656005 1.2222545126431255 14.76
      vertex 2.784284496542297 1.8603994224794527 13.53
      vertex 3.0937311730737393 1.281465410223568 13.53
    endloop
  endfacet
  facet normal 0 0 0
    outer loop
      vertex 2.0325349715248318 0.8419035512031979 14.76
      vertex 1.8292331470656005 1.2222545126431255 14.76
      vertex 3.0937311730737393 1.281465410223568 13.53
    endloop
  endfacet
  facet normal 0 0 0
    outer loop
      vertex 1.5556349186104055 1.5556349186104053 14.76
      vertex 2.367839328253469 2.3678393282534684 13.53
      vertex 2.784284496542297 1.8603994224794527 13.53
    endloop
  endfacet
  facet normal 0 0 0
    outer loop
      vertex 1.8292331470656005 1.2222545126431255 14.76
      vertex 1.5556349186104055 1.5556349186104053 14.76
      vertex 2.784284496542297 1.8603994224794527 13.53
    endloop
  endfacet
  facet normal 0 0 0
    outer loop
      vertex 1.2222545126431257 1.8292331470656005 14.76
      vertex 1.8603994224794533 2.784284496542297 13.53
      vertex 2.367839328253469 2.3678393282534684 13.53
    endloop
  endfacet
  facet normal 0 0 0
    outer loop
      vertex 1.5556349186104055 1.5556349186104053 14.76
      vertex 1.2222545126431257 1.8292331470656005 14.76
      vertex 2.367839328253469 2.3678393282534684 13.53
    endloop
  endfacet
  facet normal 0 0 0
    outer loop
      vertex 0.841903551203198 2.0325349715248318 14.76
      vertex 1.2814654102235683 3.0937311730737393 13.53
      vertex 1.8603994224794533 2.784284496542297 13.53
    endloop
  endfacet
  facet normal 0 0 0
    outer loop
      vertex 1.2222545126431257 1.8292331470656005 14.76
      vertex 0.841903551203198 2.0325349715248318 14.76
      vertex 1.8603994224794533 2.784284496542297 13.53
    endloop
  endfacet
  facet normal 0 0 0
    outer loop
      vertex 0.4291987084354825 2.157727616887108 14.76
      vertex 0.6532854009068729 3.2842874956083885 13.53
      vertex 1.2814654102235683 3.0937311730737393 13.53
    endloop
  endfacet
  facet normal 0 0 0
    outer loop
      vertex 0.841903551203198 2.0325349715248318 14.76
      vertex 0.4291987084354825 2.157727616887108 14.76
      vertex 1.2814654102235683 3.0937311730737393 13.53
    endloop
  endfacet
  facet normal 0 0 0
    outer loop
      vertex 1.3471114790620892e-16 2.200000000000001 14.76
      vertex 2.0504448064936733e-16 3.348630491536454 13.53
      vertex 0.6532854009068729 3.2842874956083885 13.53
    endloop
  endfacet
  facet normal 0 0 0
    outer loop
      vertex 0.4291987084354825 2.157727616887108 14.76
      vertex 1.3471114790620892e-16 2.200000000000001 14.76
      vertex 0.6532854009068729 3.2842874956083885 13.53
    endloop
  endfacet
  facet normal 0 0 0
    outer loop
      vertex -0.42919870843548225 2.157727616887108 14.76
      vertex -0.6532854009068725 3.2842874956083885 13.53
      vertex 2.0504448064936733e-16 3.348630491536454 13.53
    endloop
  endfacet
  facet normal 0 0 0
    outer loop
      vertex 1.3471114790620892e-16 2.200000000000001 14.76
      vertex -0.42919870843548225 2.157727616887108 14.76
      vertex 2.0504448064936733e-16 3.348630491536454 13.53
    endloop
  endfacet
  facet normal 0 0 0
    outer loop
      vertex -0.8419035512031978 2.0325349715248318 14.76
      vertex -1.2814654102235679 3.0937311730737393 13.53
      vertex -0.6532854009068725 3.2842874956083885 13.53
    endloop
  endfacet
  facet normal 0 0 0
    outer loop
      vertex -0.42919870843548225 2.157727616887108 14.76
      vertex -0.8419035512031978 2.0325349715248318 14.76
      vertex -0.6532854009068725 3.2842874956083885 13.53
    endloop
  endfacet
  facet normal 0 0 0
    outer loop
      vertex -1.2222545126431248 1.8292331470656007 14.76
      vertex -1.860399422479452 2.784284496542297 13.53
      vertex -1.2814654102235679 3.0937311730737393 13.53
    endloop
  endfacet
  facet normal 0 0 0
    outer loop
      vertex -0.8419035512031978 2.0325349715248318 14.76
      vertex -1.2222545126431248 1.8292331470656007 14.76
      vertex -1.2814654102235679 3.0937311730737393 13.53
    endloop
  endfacet
  facet normal 0 0 0
    outer loop
      vertex -1.5556349186104053 1.5556349186104055 14.76
      vertex -2.3678393282534684 2.367839328253469 13.53
      vertex -1.860399422479452 2.784284496542297 13.53
    endloop
  endfacet
  facet normal 0 0 0
    outer loop
      vertex -1.2222545126431248 1.8292331470656007 14.76
      vertex -1.5556349186104053 1.5556349186104055 14.76
      vertex -1.860399422479452 2.784284496542297 13.53
    endloop
  endfacet
  facet normal 0 0 0
    outer loop
      vertex -1.8292331470656007 1.2222545126431255 14.76
      vertex -2.784284496542297 1.8603994224794527 13.53
      vertex -2.3678393282534684 2.367839328253469 13.53
    endloop
  endfacet
  facet normal 0 0 0
    outer loop
      vertex -1.5556349186104053 1.5556349186104055 14.76
      vertex -1.8292331470656007 1.2222545126431255 14.76
      vertex -2.3678393282534684 2.367839328253469 13.53
    endloop
  endfacet
  facet normal 0 0 0
    outer loop
      vertex -2.0325349715248318 0.8419035512031982 14.76
      vertex -3.0937311730737393 1.2814654102235683 13.53
      vertex -2.784284496542297 1.8603994224794527 13.53
    endloop
  endfacet
  facet normal 0 0 0
    outer loop
      vertex -1.8292331470656007 1.2222545126431255 14.76
      vertex -2.0325349715248318 0.8419035512031982 14.76
      vertex -2.784284496542297 1.8603994224794527 13.53
    endloop
  endfacet
  facet normal 0 0 0
    outer loop
      vertex -2.157727616887108 0.42919870843548313 14.76
      vertex -3.2842874956083885 0.6532854009068738 13.53
      vertex -3.0937311730737393 1.2814654102235683 13.53
    endloop
  endfacet
  facet normal 0 0 0
    outer loop
      vertex -2.0325349715248318 0.8419035512031982 14.76
      vertex -2.157727616887108 0.42919870843548313 14.76
      vertex -3.0937311730737393 1.2814654102235683 13.53
    endloop
  endfacet
  facet normal 0 0 0
    outer loop
      vertex -2.200000000000001 2.6942229581241785e-16 14.76
      vertex -3.348630491536454 4.1008896129873466e-16 13.53
      vertex -3.2842874956083885 0.6532854009068738 13.53
    endloop
  endfacet
  facet normal 0 0 0
    outer loop
      vertex -2.157727616887108 0.42919870843548313 14.76
      vertex -2.200000000000001 2.6942229581241785e-16 14.76
      vertex -3.2842874956083885 0.6532854009068738 13.53
    endloop
  endfacet
  facet normal 0 0 0
    outer loop
      vertex -2.157727616887108 -0.42919870843548263 14.76
      vertex -3.2842874956083885 -0.6532854009068729 13.53
      vertex -3.348630491536454 4.1008896129873466e-16 13.53
    endloop
  endfacet
  facet normal 0 0 0
    outer loop
      vertex -2.200000000000001 2.6942229581241785e-16 14.76
      vertex -2.157727616887108 -0.42919870843548263 14.76
      vertex -3.348630491536454 4.1008896129873466e-16 13.53
    endloop
  endfacet
  facet normal 0 0 0
    outer loop
      vertex -2.032534971524832 -0.8419035512031976 14.76
      vertex -3.09373117307374 -1.2814654102235674 13.53
      vertex -3.2842874956083885 -0.6532854009068729 13.53
    endloop
  endfacet
  facet normal 0 0 0
    outer loop
      vertex -2.157727616887108 -0.42919870843548263 14.76
      vertex -2.032534971524832 -0.8419035512031976 14.76
      vertex -3.2842874956083885 -0.6532854009068729 13.53
    endloop
  endfacet
  facet normal 0 0 0
    outer loop
      vertex -1.829233147065601 -1.2222545126431248 14.76
      vertex -2.7842844965422975 -1.860399422479452 13.53
      vertex -3.09373117307374 -1.2814654102235674 13.53
    endloop
  endfacet
  facet normal 0 0 0
    outer loop
      vertex -2.032534971524832 -0.8419035512031976 14.76
      vertex -1.829233147065601 -1.2222545126431248 14.76
      vertex -3.09373117307374 -1.2814654102235674 13.53
    endloop
  endfacet
  facet normal 0 0 0
    outer loop
      vertex -1.5556349186104057 -1.5556349186104053 14.76
      vertex -2.367839328253469 -2.3678393282534684 13.53
      vertex -2.7842844965422975 -1.860399422479452 13.53
    endloop
  endfacet
  facet normal 0 0 0
    outer loop
      vertex -1.829233147065601 -1.2222545126431248 14.76
      vertex -1.5556349186104057 -1.5556349186104053 14.76
      vertex -2.7842844965422975 -1.860399422479452 13.53
    endloop
  endfacet
  facet normal 0 0 0
    outer loop
      vertex -1.2222545126431255 -1.8292331470656005 14.76
      vertex -1.8603994224794527 -2.784284496542297 13.53
      vertex -2.367839328253469 -2.3678393282534684 13.53
    endloop
  endfacet
  facet normal 0 0 0
    outer loop
      vertex -1.5556349186104057 -1.5556349186104053 14.76
      vertex -1.2222545126431255 -1.8292331470656005 14.76
      vertex -2.367839328253469 -2.3678393282534684 13.53
    endloop
  endfacet
  facet normal 0 0 0
    outer loop
      vertex -0.8419035512031992 -2.0325349715248313 14.76
      vertex -1.2814654102235699 -3.093731173073739 13.53
      vertex -1.8603994224794527 -2.784284496542297 13.53
    endloop
  endfacet
  facet normal 0 0 0
    outer loop
      vertex -1.2222545126431255 -1.8292331470656005 14.76
      vertex -0.8419035512031992 -2.0325349715248313 14.76
      vertex -1.8603994224794527 -2.784284496542297 13.53
    endloop
  endfacet
  facet normal 0 0 0
    outer loop
      vertex -0.4291987084354833 -2.157727616887108 14.76
      vertex -0.653285400906874 -3.284287495608388 13.53
      vertex -1.2814654102235699 -3.093731173073739 13.53
    endloop
  endfacet
  facet normal 0 0 0
    outer loop
      vertex -0.8419035512031992 -2.0325349715248313 14.76
      vertex -0.4291987084354833 -2.157727616887108 14.76
      vertex -1.2814654102235699 -3.093731173073739 13.53
    endloop
  endfacet
  facet normal 0 0 0
    outer loop
      vertex -4.0413344371862675e-16 -2.200000000000001 14.76
      vertex -6.151334419481019e-16 -3.348630491536454 13.53
      vertex -0.653285400906874 -3.284287495608388 13.53
    endloop
  endfacet
  facet normal 0 0 0
    outer loop
      vertex -0.4291987084354833 -2.157727616887108 14.76
      vertex -4.0413344371862675e-16 -2.200000000000001 14.76
      vertex -0.653285400906874 -3.284287495608388 13.53
    endloop
  endfacet
  facet normal 0 0 0
    outer loop
      vertex 0.42919870843548247 -2.157727616887108 14.76
      vertex 0.6532854009068728 -3.2842874956083885 13.53
      vertex -6.151334419481019e-16 -3.348630491536454 13.53
    endloop
  endfacet
  facet normal 0 0 0
    outer loop
      vertex -4.0413344371862675e-16 -2.200000000000001 14.76
      vertex 0.42919870843548247 -2.157727616887108 14.76
      vertex -6.151334419481019e-16 -3.348630491536454 13.53
    endloop
  endfacet
  facet normal 0 0 0
    outer loop
      vertex 0.8419035512031985 -2.0325349715248318 14.76
      vertex 1.2814654102235687 -3.0937311730737393 13.53
      vertex 0.6532854009068728 -3.2842874956083885 13.53
    endloop
  endfacet
  facet normal 0 0 0
    outer loop
      vertex 0.42919870843548247 -2.157727616887108 14.76
      vertex 0.8419035512031985 -2.0325349715248318 14.76
      vertex 0.6532854009068728 -3.2842874956083885 13.53
    endloop
  endfacet
  facet normal 0 0 0
    outer loop
      vertex 1.2222545126431246 -1.829233147065601 14.76
      vertex 1.8603994224794518 -2.7842844965422975 13.53
      vertex 1.2814654102235687 -3.0937311730737393 13.53
    endloop
  endfacet
  facet normal 0 0 0
    outer loop
      vertex 0.8419035512031985 -2.0325349715248318 14.76
      vertex 1.2222545126431246 -1.829233147065601 14.76
      vertex 1.2814654102235687 -3.0937311730737393 13.53
    endloop
  endfacet
  facet normal 0 0 0
    outer loop
      vertex 1.555634918610405 -1.5556349186104057 14.76
      vertex 2.367839328253468 -2.367839328253469 13.53
      vertex 1.8603994224794518 -2.7842844965422975 13.53
    endloop
  endfacet
  facet normal 0 0 0
    outer loop
      vertex 1.2222545126431246 -1.829233147065601 14.76
      vertex 1.555634918610405 -1.5556349186104057 14.76
      vertex 1.8603994224794518 -2.7842844965422975 13.53
    endloop
  endfacet
  facet normal 0 0 0
    outer loop
      vertex 1.8292331470656005 -1.2222545126431255 14.76
      vertex 2.784284496542297 -1.8603994224794527 13.53
      vertex 2.367839328253468 -2.367839328253469 13.53
    endloop
  endfacet
  facet normal 0 0 0
    outer loop
      vertex 1.555634918610405 -1.5556349186104057 14.76
      vertex 1.8292331470656005 -1.2222545126431255 14.76
      vertex 2.367839328253468 -2.367839328253469 13.53
    endloop
  endfacet
  facet normal 0 0 0
    outer loop
      vertex 2.0325349715248313 -0.8419035512031993 14.76
      vertex 3.093731173073739 -1.2814654102235699 13.53
      vertex 2.784284496542297 -1.8603994224794527 13.53
    endloop
  endfacet
  facet normal 0 0 0
    outer loop
      vertex 1.8292331470656005 -1.2222545126431255 14.76
      vertex 2.0325349715248313 -0.8419035512031993 14.76
      vertex 2.784284496542297 -1.8603994224794527 13.53
    endloop
  endfacet
  facet normal 0 0 0
    outer loop
      vertex 2.157727616887108 -0.4291987084354834 14.76
      vertex 3.284287495608388 -0.6532854009068741 13.53
      vertex 3.093731173073739 -1.2814654102235699 13.53
    endloop
  endfacet
  facet normal 0 0 0
    outer loop
      vertex 2.0325349715248313 -0.8419035512031993 14.76
      vertex 2.157727616887108 -0.4291987084354834 14.76
      vertex 3.093731173073739 -1.2814654102235699 13.53
    endloop
  endfacet
  facet normal 0 0 0
    outer loop
      vertex 2.200000000000001 0 14.76
      vertex 3.348630491536454 0 13.53
      vertex 3.284287495608388 -0.6532854009068741 13.53
    endloop
  endfacet
  facet normal 0 0 0
    outer loop
      vertex 2.157727616887108 -0.4291987084354834 14.76
      vertex 2.200000000000001 0 14.76
      vertex 3.284287495608388 -0.6532854009068741 13.53
    endloop
  endfacet
  facet normal 0 0 0
    outer loop
      vertex 0 0 -14.76
      vertex 2.2 0 -14.76
      vertex 2.157727616887107 0.4291987084354822 -14.76
    endloop
  endfacet
  facet normal 0 0 0
    outer loop
      vertex 0 0 14.76
      vertex 2.157727616887108 0.42919870843548236 14.76
      vertex 2.200000000000001 0 14.76
    endloop
  endfacet
  facet normal 0 0 0
    outer loop
      vertex 0 0 -14.76
      vertex 2.157727616887107 0.4291987084354822 -14.76
      vertex 2.032534971524831 0.8419035512031976 -14.76
    endloop
  endfacet
  facet normal 0 0 0
    outer loop
      vertex 0 0 14.76
      vertex 2.0325349715248318 0.8419035512031979 14.76
      vertex 2.157727616887108 0.42919870843548236 14.76
    endloop
  endfacet
  facet normal 0 0 0
    outer loop
      vertex 0 0 -14.76
      vertex 2.032534971524831 0.8419035512031976 -14.76
      vertex 1.8292331470655996 1.2222545126431248 -14.76
    endloop
  endfacet
  facet normal 0 0 0
    outer loop
      vertex 0 0 14.76
      vertex 1.8292331470656005 1.2222545126431255 14.76
      vertex 2.0325349715248318 0.8419035512031979 14.76
    endloop
  endfacet
  facet normal 0 0 0
    outer loop
      vertex 0 0 -14.76
      vertex 1.8292331470655996 1.2222545126431248 -14.76
      vertex 1.5556349186104048 1.5556349186104046 -14.76
    endloop
  endfacet
  facet normal 0 0 0
    outer loop
      vertex 0 0 14.76
      vertex 1.5556349186104055 1.5556349186104053 14.76
      vertex 1.8292331470656005 1.2222545126431255 14.76
    endloop
  endfacet
  facet normal 0 0 0
    outer loop
      vertex 0 0 -14.76
      vertex 1.5556349186104048 1.5556349186104046 -14.76
      vertex 1.2222545126431252 1.8292331470655996 -14.76
    endloop
  endfacet
  facet normal 0 0 0
    outer loop
      vertex 0 0 14.76
      vertex 1.2222545126431257 1.8292331470656005 14.76
      vertex 1.5556349186104055 1.5556349186104053 14.76
    endloop
  endfacet
  facet normal 0 0 0
    outer loop
      vertex 0 0 -14.76
      vertex 1.2222545126431252 1.8292331470655996 -14.76
      vertex 0.8419035512031977 2.032534971524831 -14.76
    endloop
  endfacet
  facet normal 0 0 0
    outer loop
      vertex 0 0 14.76
      vertex 0.841903551203198 2.0325349715248318 14.76
      vertex 1.2222545126431257 1.8292331470656005 14.76
    endloop
  endfacet
  facet normal 0 0 0
    outer loop
      vertex 0 0 -14.76
      vertex 0.8419035512031977 2.032534971524831 -14.76
      vertex 0.42919870843548236 2.157727616887107 -14.76
    endloop
  endfacet
  facet normal 0 0 0
    outer loop
      vertex 0 0 14.76
      vertex 0.4291987084354825 2.157727616887108 14.76
      vertex 0.841903551203198 2.0325349715248318 14.76
    endloop
  endfacet
  facet normal 0 0 0
    outer loop
      vertex 0 0 -14.76
      vertex 0.42919870843548236 2.157727616887107 -14.76
      vertex 1.3471114790620887e-16 2.2 -14.76
    endloop
  endfacet
  facet normal 0 0 0
    outer loop
      vertex 0 0 14.76
      vertex 1.3471114790620892e-16 2.200000000000001 14.76
      vertex 0.4291987084354825 2.157727616887108 14.76
    endloop
  endfacet
  facet normal 0 0 0
    outer loop
      vertex 0 0 -14.76
      vertex 1.3471114790620887e-16 2.2 -14.76
      vertex -0.4291987084354821 2.157727616887107 -14.76
    endloop
  endfacet
  facet normal 0 0 0
    outer loop
      vertex 0 0 14.76
      vertex -0.42919870843548225 2.157727616887108 14.76
      vertex 1.3471114790620892e-16 2.200000000000001 14.76
    endloop
  endfacet
  facet normal 0 0 0
    outer loop
      vertex 0 0 -14.76
      vertex -0.4291987084354821 2.157727616887107 -14.76
      vertex -0.8419035512031975 2.032534971524831 -14.76
    endloop
  endfacet
  facet normal 0 0 0
    outer loop
      vertex 0 0 14.76
      vertex -0.8419035512031978 2.0325349715248318 14.76
      vertex -0.42919870843548225 2.157727616887108 14.76
    endloop
  endfacet
  facet normal 0 0 0
    outer loop
      vertex 0 0 -14.76
      vertex -0.8419035512031975 2.032534971524831 -14.76
      vertex -1.2222545126431243 1.8292331470655998 -14.76
    endloop
  endfacet
  facet normal 0 0 0
    outer loop
      vertex 0 0 14.76
      vertex -1.2222545126431248 1.8292331470656007 14.76
      vertex -0.8419035512031978 2.0325349715248318 14.76
    endloop
  endfacet
  facet normal 0 0 0
    outer loop
      vertex 0 0 -14.76
      vertex -1.2222545126431243 1.8292331470655998 -14.76
      vertex -1.5556349186104046 1.5556349186104048 -14.76
    endloop
  endfacet
  facet normal 0 0 0
    outer loop
      vertex 0 0 14.76
      vertex -1.5556349186104053 1.5556349186104055 14.76
      vertex -1.2222545126431248 1.8292331470656007 14.76
    endloop
  endfacet
  facet normal 0 0 0
    outer loop
      vertex 0 0 -14.76
      vertex -1.5556349186104046 1.5556349186104048 -14.76
      vertex -1.8292331470655998 1.2222545126431248 -14.76
    endloop
  endfacet
  facet normal 0 0 0
    outer loop
      vertex 0 0 14.76
      vertex -1.8292331470656007 1.2222545126431255 14.76
      vertex -1.5556349186104053 1.5556349186104055 14.76
    endloop
  endfacet
  facet normal 0 0 0
    outer loop
      vertex 0 0 -14.76
      vertex -1.8292331470655998 1.2222545126431248 -14.76
      vertex -2.032534971524831 0.8419035512031978 -14.76
    endloop
  endfacet
  facet normal 0 0 0
    outer loop
      vertex 0 0 14.76
      vertex -2.0325349715248318 0.8419035512031982 14.76
      vertex -1.8292331470656007 1.2222545126431255 14.76
    endloop
  endfacet
  facet normal 0 0 0
    outer loop
      vertex 0 0 -14.76
      vertex -2.032534971524831 0.8419035512031978 -14.76
      vertex -2.157727616887107 0.42919870843548297 -14.76
    endloop
  endfacet
  facet normal 0 0 0
    outer loop
      vertex 0 0 14.76
      vertex -2.157727616887108 0.42919870843548313 14.76
      vertex -2.0325349715248318 0.8419035512031982 14.76
    endloop
  endfacet
  facet normal 0 0 0
    outer loop
      vertex 0 0 -14.76
      vertex -2.157727616887107 0.42919870843548297 -14.76
      vertex -2.2 2.6942229581241775e-16 -14.76
    endloop
  endfacet
  facet normal 0 0 0
    outer loop
      vertex 0 0 14.76
      vertex -2.200000000000001 2.6942229581241785e-16 14.76
      vertex -2.157727616887108 0.42919870843548313 14.76
    endloop
  endfacet
  facet normal 0 0 0
    outer loop
      vertex 0 0 -14.76
      vertex -2.2 2.6942229581241775e-16 -14.76
      vertex -2.157727616887107 -0.4291987084354824 -14.76
    endloop
  endfacet
  facet normal 0 0 0
    outer loop
      vertex 0 0 14.76
      vertex -2.157727616887108 -0.42919870843548263 14.76
      vertex -2.200000000000001 2.6942229581241785e-16 14.76
    endloop
  endfacet
  facet normal 0 0 0
    outer loop
      vertex 0 0 -14.76
      vertex -2.157727616887107 -0.4291987084354824 -14.76
      vertex -2.0325349715248313 -0.8419035512031973 -14.76
    endloop
  endfacet
  facet normal 0 0 0
    outer loop
      vertex 0 0 14.76
      vertex -2.032534971524832 -0.8419035512031976 14.76
      vertex -2.157727616887108 -0.42919870843548263 14.76
    endloop
  endfacet
  facet normal 0 0 0
    outer loop
      vertex 0 0 -14.76
      vertex -2.0325349715248313 -0.8419035512031973 -14.76
      vertex -1.8292331470656003 -1.2222545126431243 -14.76
    endloop
  endfacet
  facet normal 0 0 0
    outer loop
      vertex 0 0 14.76
      vertex -1.829233147065601 -1.2222545126431248 14.76
      vertex -2.032534971524832 -0.8419035512031976 14.76
    endloop
  endfacet
  facet normal 0 0 0
    outer loop
      vertex 0 0 -14.76
      vertex -1.8292331470656003 -1.2222545126431243 -14.76
      vertex -1.555634918610405 -1.5556349186104046 -14.76
    endloop
  endfacet
  facet normal 0 0 0
    outer loop
      vertex 0 0 14.76
      vertex -1.5556349186104057 -1.5556349186104053 14.76
      vertex -1.829233147065601 -1.2222545126431248 14.76
    endloop
  endfacet
  facet normal 0 0 0
    outer loop
      vertex 0 0 -14.76
      vertex -1.555634918610405 -1.5556349186104046 -14.76
      vertex -1.2222545126431248 -1.8292331470655996 -14.76
    endloop
  endfacet
  facet normal 0 0 0
    outer loop
      vertex 0 0 14.76
      vertex -1.2222545126431255 -1.8292331470656005 14.76
      vertex -1.5556349186104057 -1.5556349186104053 14.76
    endloop
  endfacet
  facet normal 0 0 0
    outer loop
      vertex 0 0 -14.76
      vertex -1.2222545126431248 -1.8292331470655996 -14.76
      vertex -0.8419035512031988 -2.0325349715248304 -14.76
    endloop
  endfacet
  facet normal 0 0 0
    outer loop
      vertex 0 0 14.76
      vertex -0.8419035512031992 -2.0325349715248313 14.76
      vertex -1.2222545126431255 -1.8292331470656005 14.76
    endloop
  endfacet
  facet normal 0 0 0
    outer loop
      vertex 0 0 -14.76
      vertex -0.8419035512031988 -2.0325349715248304 -14.76
      vertex -0.4291987084354831 -2.1577276168871067 -14.76
    endloop
  endfacet
  facet normal 0 0 0
    outer loop
      vertex 0 0 14.76
      vertex -0.4291987084354833 -2.157727616887108 14.76
      vertex -0.8419035512031992 -2.0325349715248313 14.76
    endloop
  endfacet
  facet normal 0 0 0
    outer loop
      vertex 0 0 -14.76
      vertex -0.4291987084354831 -2.1577276168871067 -14.76
      vertex -4.0413344371862655e-16 -2.2 -14.76
    endloop
  endfacet
  facet normal 0 0 0
    outer loop
      vertex 0 0 14.76
      vertex -4.0413344371862675e-16 -2.200000000000001 14.76
      vertex -0.4291987084354833 -2.157727616887108 14.76
    endloop
  endfacet
  facet normal 0 0 0
    outer loop
      vertex 0 0 -14.76
      vertex -4.0413344371862655e-16 -2.2 -14.76
      vertex 0.4291987084354823 -2.157727616887107 -14.76
    endloop
  endfacet
  facet normal 0 0 0
    outer loop
      vertex 0 0 14.76
      vertex 0.42919870843548247 -2.157727616887108 14.76
      vertex -4.0413344371862675e-16 -2.200000000000001 14.76
    endloop
  endfacet
  facet normal 0 0 0
    outer loop
      vertex 0 0 -14.76
      vertex 0.4291987084354823 -2.157727616887107 -14.76
      vertex 0.841903551203198 -2.032534971524831 -14.76
    endloop
  endfacet
  facet normal 0 0 0
    outer loop
      vertex 0 0 14.76
      vertex 0.8419035512031985 -2.0325349715248318 14.76
      vertex 0.42919870843548247 -2.157727616887108 14.76
    endloop
  endfacet
  facet normal 0 0 0
    outer loop
      vertex 0 0 -14.76
      vertex 0.841903551203198 -2.032534971524831 -14.76
      vertex 1.2222545126431241 -1.8292331470656003 -14.76
    endloop
  endfacet
  facet normal 0 0 0
    outer loop
      vertex 0 0 14.76
      vertex 1.2222545126431246 -1.829233147065601 14.76
      vertex 0.8419035512031985 -2.0325349715248318 14.76
    endloop
  endfacet
  facet normal 0 0 0
    outer loop
      vertex 0 0 -14.76
      vertex 1.2222545126431241 -1.8292331470656003 -14.76
      vertex 1.5556349186104044 -1.555634918610405 -14.76
    endloop
  endfacet
  facet normal 0 0 0
    outer loop
      vertex 0 0 14.76
      vertex 1.555634918610405 -1.5556349186104057 14.76
      vertex 1.2222545126431246 -1.829233147065601 14.76
    endloop
  endfacet
  facet normal 0 0 0
    outer loop
      vertex 0 0 -14.76
      vertex 1.5556349186104044 -1.555634918610405 -14.76
      vertex 1.8292331470655996 -1.2222545126431248 -14.76
    endloop
  endfacet
  facet normal 0 0 0
    outer loop
      vertex 0 0 14.76
      vertex 1.8292331470656005 -1.2222545126431255 14.76
      vertex 1.555634918610405 -1.5556349186104057 14.76
    endloop
  endfacet
  facet normal 0 0 0
    outer loop
      vertex 0 0 -14.76
      vertex 1.8292331470655996 -1.2222545126431248 -14.76
      vertex 2.0325349715248304 -0.8419035512031989 -14.76
    endloop
  endfacet
  facet normal 0 0 0
    outer loop
      vertex 0 0 14.76
      vertex 2.0325349715248313 -0.8419035512031993 14.76
      vertex 1.8292331470656005 -1.2222545126431255 14.76
    endloop
  endfacet
  facet normal 0 0 0
    outer loop
      vertex 0 0 -14.76
      vertex 2.0325349715248304 -0.8419035512031989 -14.76
      vertex 2.1577276168871067 -0.42919870843548324 -14.76
    endloop
  endfacet
  facet normal 0 0 0
    outer loop
      vertex 0 0 14.76
      vertex 2.157727616887108 -0.4291987084354834 14.76
      vertex 2.0325349715248313 -0.8419035512031993 14.76
    endloop
  endfacet
  facet normal 0 0 0
    outer loop
      vertex 0 0 -14.76
      vertex 2.1577276168871067 -0.42919870843548324 -14.76
      vertex 2.2 0 -14.76
    endloop
  endfacet
  facet normal 0 0 0
    outer loop
      vertex 0 0 14.76
      vertex 2.200000000000001 0 14.76
      vertex 2.157727616887108 -0.4291987084354834 14.76
    endloop
  endfacet
endsolid hollow_shell
