solid squat_disc
  facet normal 0 0 0
    outer loop
      vertex 6 0 -9
      vertex 5.884711682419383 1.1705419320967696 -9
      vertex 8.701111379222587 1.7307586632752459 -8.25
    endloop
  endfacet
  facet normal 0 0 0
    outer loop
      vertex 6 0 -9
      vertex 8.701111379222587 1.7307586632752459 -8.25
      vertex 8.871576228841136 0 -8.25
    endloop
  endfacet
  facet normal 0 0 0
    outer loop
      vertex 5.884711682419383 1.1705419320967696 -9
      vertex 5.54327719506772 2.2961005941905386 -9
      vertex 8.196267698939993 3.395005241741465 -8.25
    endloop
  endfacet
  facet normal 0 0 0
    outer loop
      vertex 5.884711682419383 1.1705419320967696 -9
      vertex 8.196267698939993 3.395005241741465 -8.25
      vertex 8.701111379222587 1.7307586632752459 -8.25
    endloop
  endfacet
  facet normal 0 0 0
    outer loop
      vertex 5.54327719506772 2.2961005941905386 -9
      vertex 4.988817673815271 3.333421398117613 -9
      vertex 7.376446047507015 4.928783672708433 -8.25
    endloop
  endfacet
  facet normal 0 0 0
    outer loop
      vertex 5.54327719506772 2.2961005941905386 -9
      vertex 7.376446047507015 4.928783672708433 -8.25
      vertex 8.196267698939993 3.395005241741465 -8.25
    endloop
  endfacet
  facet normal 0 0 0
    outer loop
      vertex 4.988817673815271 3.333421398117613 -9
      vertex 4.242640687119286 4.242640687119285 -9
      vertex 6.273151711226945 6.273151711226944 -8.25
    endloop
  endfacet
  facet normal 0 0 0
    outer loop
      vertex 4.988817673815271 3.333421398117613 -9
      vertex 6.273151711226945 6.273151711226944 -8.25
      vertex 7.376446047507015 4.928783672708433 -8.25
    endloop
  endfacet
  facet normal 0 0 0
    outer loop
      vertex 4.242640687119286 4.242640687119285 -9
      vertex 3.333421398117614 4.988817673815271 -9
      vertex 4.928783672708434 7.376446047507015 -8.25
    endloop
  endfacet
  facet normal 0 0 0
    outer loop
      vertex 4.242640687119286 4.242640687119285 -9
      vertex 4.928783672708434 7.376446047507015 -8.25
      vertex 6.273151711226945 6.273151711226944 -8.25
    endloop
  endfacet
  facet normal 0 0 0
    outer loop
      vertex 3.333421398117614 4.988817673815271 -9
      vertex 2.296100594190539 5.54327719506772 -9
      vertex 3.3950052417414653 8.196267698939993 -8.25
    endloop
  endfacet
  facet normal 0 0 0
    outer loop
      vertex 3.333421398117614 4.988817673815271 -9
      vertex 3.3950052417414653 8.196267698939993 -8.25
      vertex 4.928783672708434 7.376446047507015 -8.25
    endloop
  endfacet
  facet normal 0 0 0
    outer loop
      vertex 2.296100594190539 5.54327719506772 -9
      vertex 1.17054193209677 5.884711682419383 -9
      vertex 1.7307586632752465 8.701111379222587 -8.25
    endloop
  endfacet
  facet normal 0 0 0
    outer loop
      vertex 2.296100594190539 5.54327719506772 -9
      vertex 1.7307586632752465 8.701111379222587 -8.25
      vertex 3.3950052417414653 8.196267698939993 -8.25
    endloop
  endfacet
  facet normal 0 0 0
    outer loop
      vertex 1.17054193209677 5.884711682419383 -9
      vertex 3.6739403974420594e-16 6 -9
      vertex 5.432273716021022e-16 8.871576228841136 -8.25
    endloop
  endfacet
  facet normal 0 0 0
    outer loop
      vertex 1.17054193209677 5.884711682419383 -9
      vertex 5.432273716021022e-16 8.871576228841136 -8.25
      vertex 1.7307586632752465 8.701111379222587 -8.25
    endloop
  endfacet
  facet normal 0 0 0
    outer loop
      vertex 3.6739403974420594e-16 6 -9
      vertex -1.1705419320967692 5.884711682419383 -9
      vertex -1.7307586632752454 8.701111379222587 -8.25
    endloop
  endfacet
  facet normal 0 0 0
    outer loop
      vertex 3.6739403974420594e-16 6 -9
      vertex -1.7307586632752454 8.701111379222587 -8.25
      vertex 5.432273716021022e-16 8.871576228841136 -8.25
    endloop
  endfacet
  facet normal 0 0 0
    outer loop
      vertex -1.1705419320967692 5.884711682419383 -9
      vertex -2.2961005941905386 5.54327719506772 -9
      vertex -3.3950052417414645 8.196267698939993 -8.25
    endloop
  endfacet
  facet normal 0 0 0
    outer loop
      vertex -1.1705419320967692 5.884711682419383 -9
      vertex -3.3950052417414645 8.196267698939993 -8.25
      vertex -1.7307586632752454 8.701111379222587 -8.25
    endloop
  endfacet
  facet normal 0 0 0
    outer loop
      vertex -2.2961005941905386 5.54327719506772 -9
      vertex -3.3334213981176117 4.988817673815272 -9
      vertex -4.928783672708431 7.376446047507017 -8.25
    endloop
  endfacet
  facet normal 0 0 0
    outer loop
      vertex -2.2961005941905386 5.54327719506772 -9
      vertex -4.928783672708431 7.376446047507017 -8.25
      vertex -3.3950052417414645 8.196267698939993 -8.25
    endloop
  endfacet
  facet normal 0 0 0
    outer loop
      vertex -3.3334213981176117 4.988817673815272 -9
      vertex -4.242640687119285 4.242640687119286 -9
      vertex -6.273151711226944 6.273151711226945 -8.25
    endloop
  endfacet
  facet normal 0 0 0
    outer loop
      vertex -3.3334213981176117 4.988817673815272 -9
      vertex -6.273151711226944 6.273151711226945 -8.25
      vertex -4.928783672708431 7.376446047507017 -8.25
    endloop
  endfacet
  facet normal 0 0 0
    outer loop
      vertex -4.242640687119285 4.242640687119286 -9
      vertex -4.988817673815272 3.333421398117613 -9
      vertex -7.376446047507017 4.928783672708433 -8.25
    endloop
  endfacet
  facet normal 0 0 0
    outer loop
      vertex -4.242640687119285 4.242640687119286 -9
      vertex -7.376446047507017 4.928783672708433 -8.25
      vertex -6.273151711226944 6.273151711226945 -8.25
    endloop
  endfacet
  facet normal 0 0 0
    outer loop
      vertex -4.988817673815272 3.333421398117613 -9
      vertex -5.54327719506772 2.2961005941905395 -9
      vertex -8.196267698939993 3.395005241741466 -8.25
    endloop
  endfacet
  facet normal 0 0 0
    outer loop
      vertex -4.988817673815272 3.333421398117613 -9
      vertex -8.196267698939993 3.395005241741466 -8.25
      vertex -7.376446047507017 4.928783672708433 -8.25
    endloop
  endfacet
  facet normal 0 0 0
    outer loop
      vertex -5.54327719506772 2.2961005941905395 -9
      vertex -5.884711682419383 1.1705419320967716 -9
      vertex -8.701111379222587 1.730758663275249 -8.25
    endloop
  endfacet
  facet normal 0 0 0
    outer loop
      vertex -5.54327719506772 2.2961005941905395 -9
      vertex -8.701111379222587 1.730758663275249 -8.25
      vertex -8.196267698939993 3.395005241741466 -8.25
    endloop
  endfacet
  facet normal 0 0 0
    outer loop
      vertex -5.884711682419383 1.1705419320967716 -9
      vertex -6 7.347880794884119e-16 -9
      vertex -8.871576228841136 1.0864547432042044e-15 -8.25
    endloop
  endfacet
  facet normal 0 0 0
    outer loop
      vertex -5.884711682419383 1.1705419320967716 -9
      vertex -8.871576228841136 1.0864547432042044e-15 -8.25
      vertex -8.701111379222587 1.730758663275249 -8.25
    endloop
  endfacet
  facet normal 0 0 0
    outer loop
      vertex -6 7.347880794884119e-16 -9
      vertex -5.884711682419383 -1.17054193209677 -9
      vertex -8.701111379222587 -1.7307586632752467 -8.25
    endloop
  endfacet
  facet normal 0 0 0
    outer loop
      vertex -6 7.347880794884119e-16 -9
      vertex -8.701111379222587 -1.7307586632752467 -8.25
      vertex -8.871576228841136 1.0864547432042044e-15 -8.25
    endloop
  endfacet
  facet normal 0 0 0
    outer loop
      vertex -5.884711682419383 -1.17054193209677 -9
      vertex -5.543277195067721 -2.2961005941905377 -9
      vertex -8.196267698939993 -3.3950052417414636 -8.25
    endloop
  endfacet
  facet normal 0 0 0
    outer loop
      vertex -5.884711682419383 -1.17054193209677 -9
      vertex -8.196267698939993 -3.3950052417414636 -8.25
      vertex -8.701111379222587 -1.7307586632752467 -8.25
    endloop
  endfacet
  facet normal 0 0 0
    outer loop
      vertex -5.543277195067721 -2.2961005941905377 -9
      vertex -4.988817673815273 -3.3334213981176117 -9
      vertex -7.3764460475070175 -4.928783672708431 -8.25
    endloop
  endfacet
  facet normal 0 0 0
    outer loop
      vertex -5.543277195067721 -2.2961005941905377 -9
      vertex -7.3764460475070175 -4.928783672708431 -8.25
      vertex -8.196267698939993 -3.3950052417414636 -8.25
    endloop
  endfacet
  facet normal 0 0 0
    outer loop
      vertex -4.988817673815273 -3.3334213981176117 -9
      vertex -4.242640687119286 -4.242640687119285 -9
      vertex -6.273151711226947 -6.273151711226944 -8.25
    endloop
  endfacet
  facet normal 0 0 0
    outer loop
      vertex -4.988817673815273 -3.3334213981176117 -9
      vertex -6.273151711226947 -6.273151711226944 -8.25
      vertex -7.3764460475070175 -4.928783672708431 -8.25
    endloop
  endfacet
  facet normal 0 0 0
    outer loop
      vertex -4.242640687119286 -4.242640687119285 -9
      vertex -3.333421398117613 -4.988817673815271 -9
      vertex -4.928783672708433 -7.376446047507015 -8.25
    endloop
  endfacet
  facet normal 0 0 0
    outer loop
      vertex -4.242640687119286 -4.242640687119285 -9
      vertex -4.928783672708433 -7.376446047507015 -8.25
      vertex -6.273151711226947 -6.273151711226944 -8.25
    endloop
  endfacet
  facet normal 0 0 0
    outer loop
      vertex -3.333421398117613 -4.988817673815271 -9
      vertex -2.296100594190542 -5.543277195067719 -9
      vertex -3.39500524174147 -8.196267698939991 -8.25
    endloop
  endfacet
  facet normal 0 0 0
    outer loop
      vertex -3.333421398117613 -4.988817673815271 -9
      vertex -3.39500524174147 -8.196267698939991 -8.25
      vertex -4.928783672708433 -7.376446047507015 -8.25
    endloop
  endfacet
  facet normal 0 0 0
    outer loop
      vertex -2.296100594190542 -5.543277195067719 -9
      vertex -1.170541932096772 -5.884711682419382 -9
      vertex -1.7307586632752494 -8.701111379222585 -8.25
    endloop
  endfacet
  facet normal 0 0 0
    outer loop
      vertex -2.296100594190542 -5.543277195067719 -9
      vertex -1.7307586632752494 -8.701111379222585 -8.25
      vertex -3.39500524174147 -8.196267698939991 -8.25
    endloop
  endfacet
  facet normal 0 0 0
    outer loop
      vertex -1.170541932096772 -5.884711682419382 -9
      vertex -1.102182119232618e-15 -6 -9
      vertex -1.6296821148063063e-15 -8.871576228841136 -8.25
    endloop
  endfacet
  facet normal 0 0 0
    outer loop
      vertex -1.170541932096772 -5.884711682419382 -9
      vertex -1.6296821148063063e-15 -8.871576228841136 -8.25
      vertex -1.7307586632752494 -8.701111379222585 -8.25
    endloop
  endfacet
  facet normal 0 0 0
    outer loop
      vertex -1.102182119232618e-15 -6 -9
      vertex 1.1705419320967698 -5.884711682419383 -9
      vertex 1.7307586632752463 -8.701111379222587 -8.25
    endloop
  endfacet
  facet normal 0 0 0
    outer loop
      vertex -1.102182119232618e-15 -6 -9
      vertex 1.7307586632752463 -8.701111379222587 -8.25
      vertex -1.6296821148063063e-15 -8.871576228841136 -8.25
    endloop
  endfacet
  facet normal 0 0 0
    outer loop
      vertex 1.1705419320967698 -5.884711682419383 -9
      vertex 2.29610059419054 -5.54327719506772 -9
      vertex 3.395005241741467 -8.196267698939991 -8.25
    endloop
  endfacet
  facet normal 0 0 0
    outer loop
      vertex 1.1705419320967698 -5.884711682419383 -9
      vertex 3.395005241741467 -8.196267698939991 -8.25
      vertex 1.7307586632752463 -8.701111379222587 -8.25
    endloop
  endfacet
  facet normal 0 0 0
    outer loop
      vertex 2.29610059419054 -5.54327719506772 -9
      vertex 3.3334213981176113 -4.988817673815273 -9
      vertex 4.92878367270843 -7.3764460475070175 -8.25
    endloop
  endfacet
  facet normal 0 0 0
    outer loop
      vertex 2.29610059419054 -5.54327719506772 -9
      vertex 4.92878367270843 -7.3764460475070175 -8.25
      vertex 3.395005241741467 -8.196267698939991 -8.25
    endloop
  endfacet
  facet normal 0 0 0
    outer loop
      vertex 3.3334213981176113 -4.988817673815273 -9
      vertex 4.242640687119284 -4.242640687119286 -9
      vertex 6.2731517112269435 -6.273151711226947 -8.25
    endloop
  endfacet
  facet normal 0 0 0
    outer loop
      vertex 3.3334213981176113 -4.988817673815273 -9
      vertex 6.2731517112269435 -6.273151711226947 -8.25
      vertex 4.92878367270843 -7.3764460475070175 -8.25
    endloop
  endfacet
  facet normal 0 0 0
    outer loop
      vertex 4.242640687119284 -4.242640687119286 -9
      vertex 4.988817673815271 -3.333421398117613 -9
      vertex 7.376446047507015 -4.928783672708433 -8.25
    endloop
  endfacet
  facet normal 0 0 0
    outer loop
      vertex 4.242640687119284 -4.242640687119286 -9
      vertex 7.376446047507015 -4.928783672708433 -8.25
      vertex 6.2731517112269435 -6.273151711226947 -8.25
    endloop
  endfacet
  facet normal 0 0 0
    outer loop
      vertex 4.988817673815271 -3.333421398117613 -9
      vertex 5.543277195067719 -2.296100594190542 -9
      vertex 8.196267698939991 -3.3950052417414702 -8.25
    endloop
  endfacet
  facet normal 0 0 0
    outer loop
      vertex 4.988817673815271 -3.333421398117613 -9
      vertex 8.196267698939991 -3.3950052417414702 -8.25
      vertex 7.376446047507015 -4.928783672708433 -8.25
    endloop
  endfacet
  facet normal 0 0 0
    outer loop
      vertex 5.543277195067719 -2.296100594190542 -9
      vertex 5.884711682419382 -1.1705419320967723 -9
      vertex 8.701111379222585 -1.73075866327525 -8.25
    endloop
  endfacet
  facet normal 0 0 0
    outer loop
      vertex 5.543277195067719 -2.296100594190542 -9
      vertex 8.701111379222585 -1.73075866327525 -8.25
      vertex 8.196267698939991 -3.3950052417414702 -8.25
    endloop
  endfacet
  facet normal 0 0 0
    outer loop
      vertex 5.884711682419382 -1.1705419320967723 -9
      vertex 6 0 -9
      vertex 8.871576228841136 0 -8.25
    endloop
  endfacet
  facet normal 0 0 0
    outer loop
      vertex 5.884711682419382 -1.1705419320967723 -9
      vertex 8.871576228841136 0 -8.25
      vertex 8.701111379222585 -1.73075866327525 -8.25
    endloop
  endfacet
  facet normal 0 0 0
    outer loop
      vertex 8.871576228841136 0 -8.25
      vertex 8.701111379222587 1.7307586632752459 -8.25
      vertex 11.46932169635997 2.2813899308618364 -7.5
    endloop
  endfacet
  facet normal 0 0 0
    outer loop
      vertex 8.871576228841136 0 -8.25
      vertex 11.46932169635997 2.2813899308618364 -7.5
      vertex 11.694018992255456 0 -7.5
    endloop
  endfacet
  facet normal 0 0 0
    outer loop
      vertex 8.701111379222587 1.7307586632752459 -8.25
      vertex 8.196267698939993 3.395005241741465 -8.25
      vertex 10.80386479974308 4.4751073260988665 -7.5
    endloop
  endfacet
  facet normal 0 0 0
    outer loop
      vertex 8.701111379222587 1.7307586632752459 -8.25
      vertex 10.80386479974308 4.4751073260988665 -7.5
      vertex 11.46932169635997 2.2813899308618364 -7.5
    endloop
  endfacet
  facet normal 0 0 0
    outer loop
      vertex 8.196267698939993 3.395005241741465 -8.25
      vertex 7.376446047507015 4.928783672708433 -8.25
      vertex 9.723221437749245 6.496848856463017 -7.5
    endloop
  endfacet
  facet normal 0 0 0
    outer loop
      vertex 8.196267698939993 3.395005241741465 -8.25
      vertex 9.723221437749245 6.496848856463017 -7.5
      vertex 10.80386479974308 4.4751073260988665 -7.5
    endloop
  endfacet
  facet normal 0 0 0
    outer loop
      vertex 7.376446047507015 4.928783672708433 -8.25
      vertex 6.273151711226945 6.273151711226944 -8.25
      vertex 8.26892012874811 8.268920128748109 -7.5
    endloop
  endfacet
  facet normal 0 0 0
    outer loop
      vertex 7.376446047507015 4.928783672708433 -8.25
      vertex 8.26892012874811 8.268920128748109 -7.5
      vertex 9.723221437749245 6.496848856463017 -7.5
    endloop
  endfacet
  facet normal 0 0 0
    outer loop
      vertex 6.273151711226945 6.273151711226944 -8.25
      vertex 4.928783672708434 7.376446047507015 -8.25
      vertex 6.496848856463019 9.723221437749245 -7.5
    endloop
  endfacet
  facet normal 0 0 0
    outer loop
      vertex 6.273151711226945 6.273151711226944 -8.25
      vertex 6.496848856463019 9.723221437749245 -7.5
      vertex 8.26892012874811 8.268920128748109 -7.5
    endloop
  endfacet
  facet normal 0 0 0
    outer loop
      vertex 4.928783672708434 7.376446047507015 -8.25
      vertex 3.3950052417414653 8.196267698939993 -8.25
      vertex 4.4751073260988665 10.80386479974308 -7.5
    endloop
  endfacet
  facet normal 0 0 0
    outer loop
      vertex 4.928783672708434 7.376446047507015 -8.25
      vertex 4.4751073260988665 10.80386479974308 -7.5
      vertex 6.496848856463019 9.723221437749245 -7.5
    endloop
  endfacet
  facet normal 0 0 0
    outer loop
      vertex 3.3950052417414653 8.196267698939993 -8.25
      vertex 1.7307586632752465 8.701111379222587 -8.25
      vertex 2.2813899308618373 11.46932169635997 -7.5
    endloop
  endfacet
  facet normal 0 0 0
    outer loop
      vertex 3.3950052417414653 8.196267698939993 -8.25
      vertex 2.2813899308618373 11.46932169635997 -7.5
      vertex 4.4751073260988665 10.80386479974308 -7.5
    endloop
  endfacet
  facet normal 0 0 0
    outer loop
      vertex 1.7307586632752465 8.701111379222587 -8.25
      vertex 5.432273716021022e-16 8.871576228841136 -8.25
      vertex 7.160521464017001e-16 11.694018992255456 -7.5
    endloop
  endfacet
  facet normal 0 0 0
    outer loop
      vertex 1.7307586632752465 8.701111379222587 -8.25
      vertex 7.160521464017001e-16 11.694018992255456 -7.5
      vertex 2.2813899308618373 11.46932169635997 -7.5
    endloop
  endfacet
  facet normal 0 0 0
    outer loop
      vertex 5.432273716021022e-16 8.871576228841136 -8.25
      vertex -1.7307586632752454 8.701111379222587 -8.25
      vertex -2.281389930861836 11.46932169635997 -7.5
    endloop
  endfacet
  facet normal 0 0 0
    outer loop
      vertex 5.432273716021022e-16 8.871576228841136 -8.25
      vertex -2.281389930861836 11.46932169635997 -7.5
      vertex 7.160521464017001e-16 11.694018992255456 -7.5
    endloop
  endfacet
  facet normal 0 0 0
    outer loop
      vertex -1.7307586632752454 8.701111379222587 -8.25
      vertex -3.3950052417414645 8.196267698939993 -8.25
      vertex -4.475107326098866 10.80386479974308 -7.5
    endloop
  endfacet
  facet normal 0 0 0
    outer loop
      vertex -1.7307586632752454 8.701111379222587 -8.25
      vertex -4.475107326098866 10.80386479974308 -7.5
      vertex -2.281389930861836 11.46932169635997 -7.5
    endloop
  endfacet
  facet normal 0 0 0
    outer loop
      vertex -3.3950052417414645 8.196267698939993 -8.25
      vertex -4.928783672708431 7.376446047507017 -8.25
      vertex -6.496848856463014 9.723221437749245 -7.5
    endloop
  endfacet
  facet normal 0 0 0
    outer loop
      vertex -3.3950052417414645 8.196267698939993 -8.25
      vertex -6.496848856463014 9.723221437749245 -7.5
      vertex -4.475107326098866 10.80386479974308 -7.5
    endloop
  endfacet
  facet normal 0 0 0
    outer loop
      vertex -4.928783672708431 7.376446047507017 -8.25
      vertex -6.273151711226944 6.273151711226945 -8.25
      vertex -8.268920128748109 8.26892012874811 -7.5
    endloop
  endfacet
  facet normal 0 0 0
    outer loop
      vertex -4.928783672708431 7.376446047507017 -8.25
      vertex -8.268920128748109 8.26892012874811 -7.5
      vertex -6.496848856463014 9.723221437749245 -7.5
    endloop
  endfacet
  facet normal 0 0 0
    outer loop
      vertex -6.273151711226944 6.273151711226945 -8.25
      vertex -7.376446047507017 4.928783672708433 -8.25
      vertex -9.723221437749245 6.496848856463017 -7.5
    endloop
  endfacet
  facet normal 0 0 0
    outer loop
      vertex -6.273151711226944 6.273151711226945 -8.25
      vertex -9.723221437749245 6.496848856463017 -7.5
      vertex -8.268920128748109 8.26892012874811 -7.5
    endloop
  endfacet
  facet normal 0 0 0
    outer loop
      vertex -7.376446047507017 4.928783672708433 -8.25
      vertex -8.196267698939993 3.395005241741466 -8.25
      vertex -10.80386479974308 4.475107326098867 -7.5
    endloop
  endfacet
  facet normal 0 0 0
    outer loop
      vertex -7.376446047507017 4.928783672708433 -8.25
      vertex -10.80386479974308 4.475107326098867 -7.5
      vertex -9.723221437749245 6.496848856463017 -7.5
    endloop
  endfacet
  facet normal 0 0 0
    outer loop
      vertex -8.196267698939993 3.395005241741466 -8.25
      vertex -8.701111379222587 1.730758663275249 -8.25
      vertex -11.46932169635997 2.281389930861841 -7.5
    endloop
  endfacet
  facet normal 0 0 0
    outer loop
      vertex -8.196267698939993 3.395005241741466 -8.25
      vertex -11.46932169635997 2.281389930861841 -7.5
      vertex -10.80386479974308 4.475107326098867 -7.5
    endloop
  endfacet
  facet normal 0 0 0
    outer loop
      vertex -8.701111379222587 1.730758663275249 -8.25
      vertex -8.871576228841136 1.0864547432042044e-15 -8.25
      vertex -11.694018992255456 1.4321042928034002e-15 -7.5
    endloop
  endfacet
  facet normal 0 0 0
    outer loop
      vertex -8.701111379222587 1.730758663275249 -8.25
      vertex -11.694018992255456 1.4321042928034002e-15 -7.5
      vertex -11.46932169635997 2.281389930861841 -7.5
    endloop
  endfacet
  facet normal 0 0 0
    outer loop
      vertex -8.871576228841136 1.0864547432042044e-15 -8.25
      vertex -8.701111379222587 -1.7307586632752467 -8.25
      vertex -11.46932169635997 -2.2813899308618377 -7.5
    endloop
  endfacet
  facet normal 0 0 0
    outer loop
      vertex -8.871576228841136 1.0864547432042044e-15 -8.25
      vertex -11.46932169635997 -2.2813899308618377 -7.5
      vertex -11.694018992255456 1.4321042928034002e-15 -7.5
    endloop
  endfacet
  facet normal 0 0 0
    outer loop
      vertex -8.701111379222587 -1.7307586632752467 -8.25
      vertex -8.196267698939993 -3.3950052417414636 -8.25
      vertex -10.803864799743081 -4.475107326098865 -7.5
    endloop
  endfacet
  facet normal 0 0 0
    outer loop
      vertex -8.701111379222587 -1.7307586632752467 -8.25
      vertex -10.803864799743081 -4.475107326098865 -7.5
      vertex -11.46932169635997 -2.2813899308618377 -7.5
    endloop
  endfacet
  facet normal 0 0 0
    outer loop
      vertex -8.196267698939993 -3.3950052417414636 -8.25
      vertex -7.3764460475070175 -4.928783672708431 -8.25
      vertex -9.723221437749247 -6.496848856463014 -7.5
    endloop
  endfacet
  facet normal 0 0 0
    outer loop
      vertex -8.196267698939993 -3.3950052417414636 -8.25
      vertex -9.723221437749247 -6.496848856463014 -7.5
      vertex -10.803864799743081 -4.475107326098865 -7.5
    endloop
  endfacet
  facet normal 0 0 0
    outer loop
      vertex -7.3764460475070175 -4.928783672708431 -8.25
      vertex -6.273151711226947 -6.273151711226944 -8.25
      vertex -8.268920128748112 -8.268920128748109 -7.5
    endloop
  endfacet
  facet normal 0 0 0
    outer loop
      vertex -7.3764460475070175 -4.928783672708431 -8.25
      vertex -8.268920128748112 -8.268920128748109 -7.5
      vertex -9.723221437749247 -6.496848856463014 -7.5
    endloop
  endfacet
  facet normal 0 0 0
    outer loop
      vertex -6.273151711226947 -6.273151711226944 -8.25
      vertex -4.928783672708433 -7.376446047507015 -8.25
      vertex -6.496848856463017 -9.723221437749245 -7.5
    endloop
  endfacet
  facet normal 0 0 0
    outer loop
      vertex -6.273151711226947 -6.273151711226944 -8.25
      vertex -6.496848856463017 -9.723221437749245 -7.5
      vertex -8.268920128748112 -8.268920128748109 -7.5
    endloop
  endfacet
  facet normal 0 0 0
    outer loop
      vertex -4.928783672708433 -7.376446047507015 -8.25
      vertex -3.39500524174147 -8.196267698939991 -8.25
      vertex -4.475107326098873 -10.803864799743076 -7.5
    endloop
  endfacet
  facet normal 0 0 0
    outer loop
      vertex -4.928783672708433 -7.376446047507015 -8.25
      vertex -4.475107326098873 -10.803864799743076 -7.5
      vertex -6.496848856463017 -9.723221437749245 -7.5
    endloop
  endfacet
  facet normal 0 0 0
    outer loop
      vertex -3.39500524174147 -8.196267698939991 -8.25
      vertex -1.7307586632752494 -8.701111379222585 -8.25
      vertex -2.2813899308618413 -11.469321696359968 -7.5
    endloop
  endfacet
  facet normal 0 0 0
    outer loop
      vertex -3.39500524174147 -8.196267698939991 -8.25
      vertex -2.2813899308618413 -11.469321696359968 -7.5
      vertex -4.475107326098873 -10.803864799743076 -7.5
    endloop
  endfacet
  facet normal 0 0 0
    outer loop
      vertex -1.7307586632752494 -8.701111379222585 -8.25
      vertex -1.6296821148063063e-15 -8.871576228841136 -8.25
      vertex -2.1481564392051e-15 -11.694018992255456 -7.5
    endloop
  endfacet
  facet normal 0 0 0
    outer loop
      vertex -1.7307586632752494 -8.701111379222585 -8.25
      vertex -2.1481564392051e-15 -11.694018992255456 -7.5
      vertex -2.2813899308618413 -11.469321696359968 -7.5
    endloop
  endfacet
  facet normal 0 0 0
    outer loop
      vertex -1.6296821148063063e-15 -8.871576228841136 -8.25
      vertex 1.7307586632752463 -8.701111379222587 -8.25
      vertex 2.2813899308618373 -11.46932169635997 -7.5
    endloop
  endfacet
  facet normal 0 0 0
    outer loop
      vertex -1.6296821148063063e-15 -8.871576228841136 -8.25
      vertex 2.2813899308618373 -11.46932169635997 -7.5
      vertex -2.1481564392051e-15 -11.694018992255456 -7.5
    endloop
  endfacet
  facet normal 0 0 0
    outer loop
      vertex 1.7307586632752463 -8.701111379222587 -8.25
      vertex 3.395005241741467 -8.196267698939991 -8.25
      vertex 4.475107326098869 -10.803864799743078 -7.5
    endloop
  endfacet
  facet normal 0 0 0
    outer loop
      vertex 1.7307586632752463 -8.701111379222587 -8.25
      vertex 4.475107326098869 -10.803864799743078 -7.5
      vertex 2.2813899308618373 -11.46932169635997 -7.5
    endloop
  endfacet
  facet normal 0 0 0
    outer loop
      vertex 3.395005241741467 -8.196267698939991 -8.25
      vertex 4.92878367270843 -7.3764460475070175 -8.25
      vertex 6.496848856463013 -9.723221437749247 -7.5
    endloop
  endfacet
  facet normal 0 0 0
    outer loop
      vertex 3.395005241741467 -8.196267698939991 -8.25
      vertex 6.496848856463013 -9.723221437749247 -7.5
      vertex 4.475107326098869 -10.803864799743078 -7.5
    endloop
  endfacet
  facet normal 0 0 0
    outer loop
      vertex 4.92878367270843 -7.3764460475070175 -8.25
      vertex 6.2731517112269435 -6.273151711226947 -8.25
      vertex 8.268920128748109 -8.268920128748112 -7.5
    endloop
  endfacet
  facet normal 0 0 0
    outer loop
      vertex 4.92878367270843 -7.3764460475070175 -8.25
      vertex 8.268920128748109 -8.268920128748112 -7.5
      vertex 6.496848856463013 -9.723221437749247 -7.5
    endloop
  endfacet
  facet normal 0 0 0
    outer loop
      vertex 6.2731517112269435 -6.273151711226947 -8.25
      vertex 7.376446047507015 -4.928783672708433 -8.25
      vertex 9.723221437749245 -6.496848856463017 -7.5
    endloop
  endfacet
  facet normal 0 0 0
    outer loop
      vertex 6.2731517112269435 -6.273151711226947 -8.25
      vertex 9.723221437749245 -6.496848856463017 -7.5
      vertex 8.268920128748109 -8.268920128748112 -7.5
    endloop
  endfacet
  facet normal 0 0 0
    outer loop
      vertex 7.376446047507015 -4.928783672708433 -8.25
      vertex 8.196267698939991 -3.3950052417414702 -8.25
      vertex 10.803864799743076 -4.475107326098874 -7.5
    endloop
  endfacet
  facet normal 0 0 0
    outer loop
      vertex 7.376446047507015 -4.928783672708433 -8.25
      vertex 10.803864799743076 -4.475107326098874 -7.5
      vertex 9.723221437749245 -6.496848856463017 -7.5
    endloop
  endfacet
  facet normal 0 0 0
    outer loop
      vertex 8.196267698939991 -3.3950052417414702 -8.25
      vertex 8.701111379222585 -1.73075866327525 -8.25
      vertex 11.469321696359968 -2.281389930861842 -7.5
    endloop
  endfacet
  facet normal 0 0 0
    outer loop
      vertex 8.196267698939991 -3.3950052417414702 -8.25
      vertex 11.469321696359968 -2.281389930861842 -7.5
      vertex 10.803864799743076 -4.475107326098874 -7.5
    endloop
  endfacet
  facet normal 0 0 0
    outer loop
      vertex 8.701111379222585 -1.73075866327525 -8.25
      vertex 8.871576228841136 0 -8.25
      vertex 11.694018992255456 0 -7.5
    endloop
  endfacet
  facet normal 0 0 0
    outer loop
      vertex 8.701111379222585 -1.73075866327525 -8.25
      vertex 11.694018992255456 0 -7.5
      vertex 11.469321696359968 -2.281389930861842 -7.5
    endloop
  endfacet
  facet normal 0 0 0
    outer loop
      vertex 11.694018992255456 0 -7.5
      vertex 11.46932169635997 2.2813899308618364 -7.5
      vertex 14.141977787812419 2.813014281204307 -6.75
    endloop
  endfacet
  facet normal 0 0 0
    outer loop
      vertex 11.694018992255456 0 -7.5
      vertex 14.141977787812419 2.813014281204307 -6.75
      vertex 14.419035512031975 0 -6.75
    endloop
  endfacet
  facet normal 0 0 0
    outer loop
      vertex 11.46932169635997 2.2813899308618364 -7.5
      vertex 10.80386479974308 4.4751073260988665 -7.5
      vertex 13.321451788119743 5.517926001138516 -6.75
    endloop
  endfacet
  facet normal 0 0 0
    outer loop
      vertex 11.46932169635997 2.2813899308618364 -7.5
      vertex 13.321451788119743 5.517926001138516 -6.75
      vertex 14.141977787812419 2.813014281204307 -6.75
    endloop
  endfacet
  facet normal 0 0 0
    outer loop
      vertex 10.80386479974308 4.4751073260988665 -7.5
      vertex 9.723221437749245 6.496848856463017 -7.5
      vertex 11.988989866965857 8.010786919337523 -6.75
    endloop
  endfacet
  facet normal 0 0 0
    outer loop
      vertex 10.80386479974308 4.4751073260988665 -7.5
      vertex 11.988989866965857 8.010786919337523 -6.75
      vertex 13.321451788119743 5.517926001138516 -6.75
    endloop
  endfacet
  facet normal 0 0 0
    outer loop
      vertex 9.723221437749245 6.496848856463017 -7.5
      vertex 8.26892012874811 8.268920128748109 -7.5
      vertex 10.195797788727452 10.195797788727452 -6.75
    endloop
  endfacet
  facet normal 0 0 0
    outer loop
      vertex 9.723221437749245 6.496848856463017 -7.5
      vertex 10.195797788727452 10.195797788727452 -6.75
      vertex 11.988989866965857 8.010786919337523 -6.75
    endloop
  endfacet
  facet normal 0 0 0
    outer loop
      vertex 8.26892012874811 8.268920128748109 -7.5
      vertex 6.496848856463019 9.723221437749245 -7.5
      vertex 8.010786919337525 11.988989866965857 -6.75
    endloop
  endfacet
  facet normal 0 0 0
    outer loop
      vertex 8.26892012874811 8.268920128748109 -7.5
      vertex 8.010786919337525 11.988989866965857 -6.75
      vertex 10.195797788727452 10.195797788727452 -6.75
    endloop
  endfacet
  facet normal 0 0 0
    outer loop
      vertex 6.496848856463019 9.723221437749245 -7.5
      vertex 4.4751073260988665 10.80386479974308 -7.5
      vertex 5.517926001138517 13.321451788119743 -6.75
    endloop
  endfacet
  facet normal 0 0 0
    outer loop
      vertex 6.496848856463019 9.723221437749245 -7.5
      vertex 5.517926001138517 13.321451788119743 -6.75
      vertex 8.010786919337525 11.988989866965857 -6.75
    endloop
  endfacet
  facet normal 0 0 0
    outer loop
      vertex 4.4751073260988665 10.80386479974308 -7.5
      vertex 2.2813899308618373 11.46932169635997 -7.5
      vertex 2.8130142812043077 14.141977787812419 -6.75
    endloop
  endfacet
  facet normal 0 0 0
    outer loop
      vertex 4.4751073260988665 10.80386479974308 -7.5
      vertex 2.8130142812043077 14.141977787812419 -6.75
      vertex 5.517926001138517 13.321451788119743 -6.75
    endloop
  endfacet
  facet normal 0 0 0
    outer loop
      vertex 2.2813899308618373 11.46932169635997 -7.5
      vertex 7.160521464017001e-16 11.694018992255456 -7.5
      vertex 8.829112843300988e-16 14.419035512031975 -6.75
    endloop
  endfacet
  facet normal 0 0 0
    outer loop
      vertex 2.2813899308618373 11.46932169635997 -7.5
      vertex 8.829112843300988e-16 14.419035512031975 -6.75
      vertex 2.8130142812043077 14.141977787812419 -6.75
    endloop
  endfacet
  facet normal 0 0 0
    outer loop
      vertex 7.160521464017001e-16 11.694018992255456 -7.5
      vertex -2.281389930861836 11.46932169635997 -7.5
      vertex -2.813014281204306 14.141977787812419 -6.75
    endloop
  endfacet
  facet normal 0 0 0
    outer loop
      vertex 7.160521464017001e-16 11.694018992255456 -7.5
      vertex -2.813014281204306 14.141977787812419 -6.75
      vertex 8.829112843300988e-16 14.419035512031975 -6.75
    endloop
  endfacet
  facet normal 0 0 0
    outer loop
      vertex -2.281389930861836 11.46932169635997 -7.5
      vertex -4.475107326098866 10.80386479974308 -7.5
      vertex -5.517926001138515 13.321451788119743 -6.75
    endloop
  endfacet
  facet normal 0 0 0
    outer loop
      vertex -2.281389930861836 11.46932169635997 -7.5
      vertex -5.517926001138515 13.321451788119743 -6.75
      vertex -2.813014281204306 14.141977787812419 -6.75
    endloop
  endfacet
  facet normal 0 0 0
    outer loop
      vertex -4.475107326098866 10.80386479974308 -7.5
      vertex -6.496848856463014 9.723221437749245 -7.5
      vertex -8.01078691933752 11.98898986696586 -6.75
    endloop
  endfacet
  facet normal 0 0 0
    outer loop
      vertex -4.475107326098866 10.80386479974308 -7.5
      vertex -8.01078691933752 11.98898986696586 -6.75
      vertex -5.517926001138515 13.321451788119743 -6.75
    endloop
  endfacet
  facet normal 0 0 0
    outer loop
      vertex -6.496848856463014 9.723221437749245 -7.5
      vertex -8.268920128748109 8.26892012874811 -7.5
      vertex -10.195797788727452 10.195797788727452 -6.75
    endloop
  endfacet
  facet normal 0 0 0
    outer loop
      vertex -6.496848856463014 9.723221437749245 -7.5
      vertex -10.195797788727452 10.195797788727452 -6.75
      vertex -8.01078691933752 11.98898986696586 -6.75
    endloop
  endfacet
  facet normal 0 0 0
    outer loop
      vertex -8.268920128748109 8.26892012874811 -7.5
      vertex -9.723221437749245 6.496848856463017 -7.5
      vertex -11.98898986696586 8.010786919337523 -6.75
    endloop
  endfacet
  facet normal 0 0 0
    outer loop
      vertex -8.268920128748109 8.26892012874811 -7.5
      vertex -11.98898986696586 8.010786919337523 -6.75
      vertex -10.195797788727452 10.195797788727452 -6.75
    endloop
  endfacet
  facet normal 0 0 0
    outer loop
      vertex -9.723221437749245 6.496848856463017 -7.5
      vertex -10.80386479974308 4.475107326098867 -7.5
      vertex -13.321451788119743 5.517926001138518 -6.75
    endloop
  endfacet
  facet normal 0 0 0
    outer loop
      vertex -9.723221437749245 6.496848856463017 -7.5
      vertex -13.321451788119743 5.517926001138518 -6.75
      vertex -11.98898986696586 8.010786919337523 -6.75
    endloop
  endfacet
  facet normal 0 0 0
    outer loop
      vertex -10.80386479974308 4.475107326098867 -7.5
      vertex -11.46932169635997 2.281389930861841 -7.5
      vertex -14.141977787812419 2.8130142812043117 -6.75
    endloop
  endfacet
  facet normal 0 0 0
    outer loop
      vertex -10.80386479974308 4.475107326098867 -7.5
      vertex -14.141977787812419 2.8130142812043117 -6.75
      vertex -13.321451788119743 5.517926001138518 -6.75
    endloop
  endfacet
  facet normal 0 0 0
    outer loop
      vertex -11.46932169635997 2.281389930861841 -7.5
      vertex -11.694018992255456 1.4321042928034002e-15 -7.5
      vertex -14.419035512031975 1.7658225686601976e-15 -6.75
    endloop
  endfacet
  facet normal 0 0 0
    outer loop
      vertex -11.46932169635997 2.281389930861841 -7.5
      vertex -14.419035512031975 1.7658225686601976e-15 -6.75
      vertex -14.141977787812419 2.8130142812043117 -6.75
    endloop
  endfacet
  facet normal 0 0 0
    outer loop
      vertex -11.694018992255456 1.4321042928034002e-15 -7.5
      vertex -11.46932169635997 -2.2813899308618377 -7.5
      vertex -14.141977787812419 -2.813014281204308 -6.75
    endloop
  endfacet
  facet normal 0 0 0
    outer loop
      vertex -11.694018992255456 1.4321042928034002e-15 -7.5
      vertex -14.141977787812419 -2.813014281204308 -6.75
      vertex -14.419035512031975 1.7658225686601976e-15 -6.75
    endloop
  endfacet
  facet normal 0 0 0
    outer loop
      vertex -11.46932169635997 -2.2813899308618377 -7.5
      vertex -10.803864799743081 -4.475107326098865 -7.5
      vertex -13.321451788119745 -5.517926001138513 -6.75
    endloop
  endfacet
  facet normal 0 0 0
    outer loop
      vertex -11.46932169635997 -2.2813899308618377 -7.5
      vertex -13.321451788119745 -5.517926001138513 -6.75
      vertex -14.141977787812419 -2.813014281204308 -6.75
    endloop
  endfacet
  facet normal 0 0 0
    outer loop
      vertex -10.803864799743081 -4.475107326098865 -7.5
      vertex -9.723221437749247 -6.496848856463014 -7.5
      vertex -11.988989866965861 -8.01078691933752 -6.75
    endloop
  endfacet
  facet normal 0 0 0
    outer loop
      vertex -10.803864799743081 -4.475107326098865 -7.5
      vertex -11.988989866965861 -8.01078691933752 -6.75
      vertex -13.321451788119745 -5.517926001138513 -6.75
    endloop
  endfacet
  facet normal 0 0 0
    outer loop
      vertex -9.723221437749247 -6.496848856463014 -7.5
      vertex -8.268920128748112 -8.268920128748109 -7.5
      vertex -10.195797788727454 -10.195797788727452 -6.75
    endloop
  endfacet
  facet normal 0 0 0
    outer loop
      vertex -9.723221437749247 -6.496848856463014 -7.5
      vertex -10.195797788727454 -10.195797788727452 -6.75
      vertex -11.988989866965861 -8.01078691933752 -6.75
    endloop
  endfacet
  facet normal 0 0 0
    outer loop
      vertex -8.268920128748112 -8.268920128748109 -7.5
      vertex -6.496848856463017 -9.723221437749245 -7.5
      vertex -8.010786919337523 -11.988989866965857 -6.75
    endloop
  endfacet
  facet normal 0 0 0
    outer loop
      vertex -8.268920128748112 -8.268920128748109 -7.5
      vertex -8.010786919337523 -11.988989866965857 -6.75
      vertex -10.195797788727454 -10.195797788727452 -6.75
    endloop
  endfacet
  facet normal 0 0 0
    outer loop
      vertex -6.496848856463017 -9.723221437749245 -7.5
      vertex -4.475107326098873 -10.803864799743076 -7.5
      vertex -5.517926001138524 -13.32145178811974 -6.75
    endloop
  endfacet
  facet normal 0 0 0
    outer loop
      vertex -6.496848856463017 -9.723221437749245 -7.5
      vertex -5.517926001138524 -13.32145178811974 -6.75
      vertex -8.010786919337523 -11.988989866965857 -6.75
    endloop
  endfacet
  facet normal 0 0 0
    outer loop
      vertex -4.475107326098873 -10.803864799743076 -7.5
      vertex -2.2813899308618413 -11.469321696359968 -7.5
      vertex -2.8130142812043126 -14.141977787812417 -6.75
    endloop
  endfacet
  facet normal 0 0 0
    outer loop
      vertex -4.475107326098873 -10.803864799743076 -7.5
      vertex -2.8130142812043126 -14.141977787812417 -6.75
      vertex -5.517926001138524 -13.32145178811974 -6.75
    endloop
  endfacet
  facet normal 0 0 0
    outer loop
      vertex -2.2813899308618413 -11.469321696359968 -7.5
      vertex -2.1481564392051e-15 -11.694018992255456 -7.5
      vertex -2.648733852990296e-15 -14.419035512031975 -6.75
    endloop
  endfacet
  facet normal 0 0 0
    outer loop
      vertex -2.2813899308618413 -11.469321696359968 -7.5
      vertex -2.648733852990296e-15 -14.419035512031975 -6.75
      vertex -2.8130142812043126 -14.141977787812417 -6.75
    endloop
  endfacet
  facet normal 0 0 0
    outer loop
      vertex -2.1481564392051e-15 -11.694018992255456 -7.5
      vertex 2.2813899308618373 -11.46932169635997 -7.5
      vertex 2.8130142812043073 -14.141977787812419 -6.75
    endloop
  endfacet
  facet normal 0 0 0
    outer loop
      vertex -2.1481564392051e-15 -11.694018992255456 -7.5
      vertex 2.8130142812043073 -14.141977787812419 -6.75
      vertex -2.648733852990296e-15 -14.419035512031975 -6.75
    endloop
  endfacet
  facet normal 0 0 0
    outer loop
      vertex 2.2813899308618373 -11.46932169635997 -7.5
      vertex 4.475107326098869 -10.803864799743078 -7.5
      vertex 5.51792600113852 -13.321451788119742 -6.75
    endloop
  endfacet
  facet normal 0 0 0
    outer loop
      vertex 2.2813899308618373 -11.46932169635997 -7.5
      vertex 5.51792600113852 -13.321451788119742 -6.75
      vertex 2.8130142812043073 -14.141977787812419 -6.75
    endloop
  endfacet
  facet normal 0 0 0
    outer loop
      vertex 4.475107326098869 -10.803864799743078 -7.5
      vertex 6.496848856463013 -9.723221437749247 -7.5
      vertex 8.010786919337518 -11.988989866965861 -6.75
    endloop
  endfacet
  facet normal 0 0 0
    outer loop
      vertex 4.475107326098869 -10.803864799743078 -7.5
      vertex 8.010786919337518 -11.988989866965861 -6.75
      vertex 5.51792600113852 -13.321451788119742 -6.75
    endloop
  endfacet
  facet normal 0 0 0
    outer loop
      vertex 6.496848856463013 -9.723221437749247 -7.5
      vertex 8.268920128748109 -8.268920128748112 -7.5
      vertex 10.19579778872745 -10.195797788727454 -6.75
    endloop
  endfacet
  facet normal 0 0 0
    outer loop
      vertex 6.496848856463013 -9.723221437749247 -7.5
      vertex 10.19579778872745 -10.195797788727454 -6.75
      vertex 8.010786919337518 -11.988989866965861 -6.75
    endloop
  endfacet
  facet normal 0 0 0
    outer loop
      vertex 8.268920128748109 -8.268920128748112 -7.5
      vertex 9.723221437749245 -6.496848856463017 -7.5
      vertex 11.988989866965857 -8.010786919337523 -6.75
    endloop
  endfacet
  facet normal 0 0 0
    outer loop
      vertex 8.268920128748109 -8.268920128748112 -7.5
      vertex 11.988989866965857 -8.010786919337523 -6.75
      vertex 10.19579778872745 -10.195797788727454 -6.75
    endloop
  endfacet
  facet normal 0 0 0
    outer loop
      vertex 9.723221437749245 -6.496848856463017 -7.5
      vertex 10.803864799743076 -4.475107326098874 -7.5
      vertex 13.32145178811974 -5.517926001138525 -6.75
    endloop
  endfacet
  facet normal 0 0 0
    outer loop
      vertex 9.723221437749245 -6.496848856463017 -7.5
      vertex 13.32145178811974 -5.517926001138525 -6.75
      vertex 11.988989866965857 -8.010786919337523 -6.75
    endloop
  endfacet
  facet normal 0 0 0
    outer loop
      vertex 10.803864799743076 -4.475107326098874 -7.5
      vertex 11.469321696359968 -2.281389930861842 -7.5
      vertex 14.141977787812417 -2.8130142812043135 -6.75
    endloop
  endfacet
  facet normal 0 0 0
    outer loop
      vertex 10.803864799743076 -4.475107326098874 -7.5
      vertex 14.141977787812417 -2.8130142812043135 -6.75
      vertex 13.32145178811974 -5.517926001138525 -6.75
    endloop
  endfacet
  facet normal 0 0 0
    outer loop
      vertex 11.469321696359968 -2.281389930861842 -7.5
      vertex 11.694018992255456 0 -7.5
      vertex 14.419035512031975 0 -6.75
    endloop
  endfacet
  facet normal 0 0 0
    outer loop
      vertex 11.469321696359968 -2.281389930861842 -7.5
      vertex 14.419035512031975 0 -6.75
      vertex 14.141977787812417 -2.8130142812043135 -6.75
    endloop
  endfacet
  facet normal 0 0 0
    outer loop
      vertex 14.419035512031975 0 -6.75
      vertex 14.141977787812419 2.813014281204307 -6.75
      vertex 16.67334976685492 3.3165354742741804 -6.000000000000001
    endloop
  endfacet
  facet normal 0 0 0
    outer loop
      vertex 14.419035512031975 0 -6.75
      vertex 16.67334976685492 3.3165354742741804 -6.000000000000001
      vertex 17 0 -6.000000000000001
    endloop
  endfacet
  facet normal 0 0 0
    outer loop
      vertex 14.141977787812419 2.813014281204307 -6.75
      vertex 13.321451788119743 5.517926001138516 -6.75
      vertex 15.705952052691874 6.505618350206526 -6.000000000000001
    endloop
  endfacet
  facet normal 0 0 0
    outer loop
      vertex 14.141977787812419 2.813014281204307 -6.75
      vertex 15.705952052691874 6.505618350206526 -6.000000000000001
      vertex 16.67334976685492 3.3165354742741804 -6.000000000000001
    endloop
  endfacet
  facet normal 0 0 0
    outer loop
      vertex 13.321451788119743 5.517926001138516 -6.75
      vertex 11.988989866965857 8.010786919337523 -6.75
      vertex 14.134983409143269 9.444693961333236 -6.000000000000001
    endloop
  endfacet
  facet normal 0 0 0
    outer loop
      vertex 13.321451788119743 5.517926001138516 -6.75
      vertex 14.134983409143269 9.444693961333236 -6.000000000000001
      vertex 15.705952052691874 6.505618350206526 -6.000000000000001
    endloop
  endfacet
  facet normal 0 0 0
    outer loop
      vertex 11.988989866965857 8.010786919337523 -6.75
      vertex 10.195797788727452 10.195797788727452 -6.75
      vertex 12.020815280171309 12.020815280171307 -6.000000000000001
    endloop
  endfacet
  facet normal 0 0 0
    outer loop
      vertex 11.988989866965857 8.010786919337523 -6.75
      vertex 12.020815280171309 12.020815280171307 -6.000000000000001
      vertex 14.134983409143269 9.444693961333236 -6.000000000000001
    endloop
  endfacet
  facet normal 0 0 0
    outer loop
      vertex 10.195797788727452 10.195797788727452 -6.75
      vertex 8.010786919337525 11.988989866965857 -6.75
      vertex 9.44469396133324 14.134983409143269 -6.000000000000001
    endloop
  endfacet
  facet normal 0 0 0
    outer loop
      vertex 10.195797788727452 10.195797788727452 -6.75
      vertex 9.44469396133324 14.134983409143269 -6.000000000000001
      vertex 12.020815280171309 12.020815280171307 -6.000000000000001
    endloop
  endfacet
  facet normal 0 0 0
    outer loop
      vertex 8.010786919337525 11.988989866965857 -6.75
      vertex 5.517926001138517 13.321451788119743 -6.75
      vertex 6.505618350206527 15.705952052691874 -6.000000000000001
    endloop
  endfacet
  facet normal 0 0 0
    outer loop
      vertex 8.010786919337525 11.988989866965857 -6.75
      vertex 6.505618350206527 15.705952052691874 -6.000000000000001
      vertex 9.44469396133324 14.134983409143269 -6.000000000000001
    endloop
  endfacet
  facet normal 0 0 0
    outer loop
      vertex 5.517926001138517 13.321451788119743 -6.75
      vertex 2.8130142812043077 14.141977787812419 -6.75
      vertex 3.3165354742741817 16.67334976685492 -6.000000000000001
    endloop
  endfacet
  facet normal 0 0 0
    outer loop
      vertex 5.517926001138517 13.321451788119743 -6.75
      vertex 3.3165354742741817 16.67334976685492 -6.000000000000001
      vertex 6.505618350206527 15.705952052691874 -6.000000000000001
    endloop
  endfacet
  facet normal 0 0 0
    outer loop
      vertex 2.8130142812043077 14.141977787812419 -6.75
      vertex 8.829112843300988e-16 14.419035512031975 -6.75
      vertex 1.0409497792752501e-15 17 -6.000000000000001
    endloop
  endfacet
  facet normal 0 0 0
    outer loop
      vertex 2.8130142812043077 14.141977787812419 -6.75
      vertex 1.0409497792752501e-15 17 -6.000000000000001
      vertex 3.3165354742741817 16.67334976685492 -6.000000000000001
    endloop
  endfacet
  facet normal 0 0 0
    outer loop
      vertex 8.829112843300988e-16 14.419035512031975 -6.75
      vertex -2.813014281204306 14.141977787812419 -6.75
      vertex -3.316535474274179 16.67334976685492 -6.000000000000001
    endloop
  endfacet
  facet normal 0 0 0
    outer loop
      vertex 8.829112843300988e-16 14.419035512031975 -6.75
      vertex -3.316535474274179 16.67334976685492 -6.000000000000001
      vertex 1.0409497792752501e-15 17 -6.000000000000001
    endloop
  endfacet
  facet normal 0 0 0
    outer loop
      vertex -2.813014281204306 14.141977787812419 -6.75
      vertex -5.517926001138515 13.321451788119743 -6.75
      vertex -6.505618350206525 15.705952052691874 -6.000000000000001
    endloop
  endfacet
  facet normal 0 0 0
    outer loop
      vertex -2.813014281204306 14.141977787812419 -6.75
      vertex -6.505618350206525 15.705952052691874 -6.000000000000001
      vertex -3.316535474274179 16.67334976685492 -6.000000000000001
    endloop
  endfacet
  facet normal 0 0 0
    outer loop
      vertex -5.517926001138515 13.321451788119743 -6.75
      vertex -8.01078691933752 11.98898986696586 -6.75
      vertex -9.444693961333233 14.13498340914327 -6.000000000000001
    endloop
  endfacet
  facet normal 0 0 0
    outer loop
      vertex -5.517926001138515 13.321451788119743 -6.75
      vertex -9.444693961333233 14.13498340914327 -6.000000000000001
      vertex -6.505618350206525 15.705952052691874 -6.000000000000001
    endloop
  endfacet
  facet normal 0 0 0
    outer loop
      vertex -8.01078691933752 11.98898986696586 -6.75
      vertex -10.195797788727452 10.195797788727452 -6.75
      vertex -12.020815280171307 12.020815280171309 -6.000000000000001
    endloop
  endfacet
  facet normal 0 0 0
    outer loop
      vertex -8.01078691933752 11.98898986696586 -6.75
      vertex -12.020815280171307 12.020815280171309 -6.000000000000001
      vertex -9.444693961333233 14.13498340914327 -6.000000000000001
    endloop
  endfacet
  facet normal 0 0 0
    outer loop
      vertex -10.195797788727452 10.195797788727452 -6.75
      vertex -11.98898986696586 8.010786919337523 -6.75
      vertex -14.13498340914327 9.444693961333236 -6.000000000000001
    endloop
  endfacet
  facet normal 0 0 0
    outer loop
      vertex -10.195797788727452 10.195797788727452 -6.75
      vertex -14.13498340914327 9.444693961333236 -6.000000000000001
      vertex -12.020815280171307 12.020815280171309 -6.000000000000001
    endloop
  endfacet
  facet normal 0 0 0
    outer loop
      vertex -11.98898986696586 8.010786919337523 -6.75
      vertex -13.321451788119743 5.517926001138518 -6.75
      vertex -15.705952052691874 6.505618350206528 -6.000000000000001
    endloop
  endfacet
  facet normal 0 0 0
    outer loop
      vertex -11.98898986696586 8.010786919337523 -6.75
      vertex -15.705952052691874 6.505618350206528 -6.000000000000001
      vertex -14.13498340914327 9.444693961333236 -6.000000000000001
    endloop
  endfacet
  facet normal 0 0 0
    outer loop
      vertex -13.321451788119743 5.517926001138518 -6.75
      vertex -14.141977787812419 2.8130142812043117 -6.75
      vertex -16.67334976685492 3.316535474274186 -6.000000000000001
    endloop
  endfacet
  facet normal 0 0 0
    outer loop
      vertex -13.321451788119743 5.517926001138518 -6.75
      vertex -16.67334976685492 3.316535474274186 -6.000000000000001
      vertex -15.705952052691874 6.505618350206528 -6.000000000000001
    endloop
  endfacet
  facet normal 0 0 0
    outer loop
      vertex -14.141977787812419 2.8130142812043117 -6.75
      vertex -14.419035512031975 1.7658225686601976e-15 -6.75
      vertex -17 2.0818995585505003e-15 -6.000000000000001
    endloop
  endfacet
  facet normal 0 0 0
    outer loop
      vertex -14.141977787812419 2.8130142812043117 -6.75
      vertex -17 2.0818995585505003e-15 -6.000000000000001
      vertex -16.67334976685492 3.316535474274186 -6.000000000000001
    endloop
  endfacet
  facet normal 0 0 0
    outer loop
      vertex -14.419035512031975 1.7658225686601976e-15 -6.75
      vertex -14.141977787812419 -2.813014281204308 -6.75
      vertex -16.67334976685492 -3.316535474274182 -6.000000000000001
    endloop
  endfacet
  facet normal 0 0 0
    outer loop
      vertex -14.419035512031975 1.7658225686601976e-15 -6.75
      vertex -16.67334976685492 -3.316535474274182 -6.000000000000001
      vertex -17 2.0818995585505003e-15 -6.000000000000001
    endloop
  endfacet
  facet normal 0 0 0
    outer loop
      vertex -14.141977787812419 -2.813014281204308 -6.75
      vertex -13.321451788119745 -5.517926001138513 -6.75
      vertex -15.705952052691876 -6.5056183502065235 -6.000000000000001
    endloop
  endfacet
  facet normal 0 0 0
    outer loop
      vertex -14.141977787812419 -2.813014281204308 -6.75
      vertex -15.705952052691876 -6.5056183502065235 -6.000000000000001
      vertex -16.67334976685492 -3.316535474274182 -6.000000000000001
    endloop
  endfacet
  facet normal 0 0 0
    outer loop
      vertex -13.321451788119745 -5.517926001138513 -6.75
      vertex -11.988989866965861 -8.01078691933752 -6.75
      vertex -14.134983409143272 -9.444693961333233 -6.000000000000001
    endloop
  endfacet
  facet normal 0 0 0
    outer loop
      vertex -13.321451788119745 -5.517926001138513 -6.75
      vertex -14.134983409143272 -9.444693961333233 -6.000000000000001
      vertex -15.705952052691876 -6.5056183502065235 -6.000000000000001
    endloop
  endfacet
  facet normal 0 0 0
    outer loop
      vertex -11.988989866965861 -8.01078691933752 -6.75
      vertex -10.195797788727454 -10.195797788727452 -6.75
      vertex -12.02081528017131 -12.020815280171307 -6.000000000000001
    endloop
  endfacet
  facet normal 0 0 0
    outer loop
      vertex -11.988989866965861 -8.01078691933752 -6.75
      vertex -12.02081528017131 -12.020815280171307 -6.000000000000001
      vertex -14.134983409143272 -9.444693961333233 -6.000000000000001
    endloop
  endfacet
  facet normal 0 0 0
    outer loop
      vertex -10.195797788727454 -10.195797788727452 -6.75
      vertex -8.010786919337523 -11.988989866965857 -6.75
      vertex -9.444693961333236 -14.134983409143269 -6.000000000000001
    endloop
  endfacet
  facet normal 0 0 0
    outer loop
      vertex -10.195797788727454 -10.195797788727452 -6.75
      vertex -9.444693961333236 -14.134983409143269 -6.000000000000001
      vertex -12.02081528017131 -12.020815280171307 -6.000000000000001
    endloop
  endfacet
  facet normal 0 0 0
    outer loop
      vertex -8.010786919337523 -11.988989866965857 -6.75
      vertex -5.517926001138524 -13.32145178811974 -6.75
      vertex -6.505618350206536 -15.70595205269187 -6.000000000000001
    endloop
  endfacet
  facet normal 0 0 0
    outer loop
      vertex -8.010786919337523 -11.988989866965857 -6.75
      vertex -6.505618350206536 -15.70595205269187 -6.000000000000001
      vertex -9.444693961333236 -14.134983409143269 -6.000000000000001
    endloop
  endfacet
  facet normal 0 0 0
    outer loop
      vertex -5.517926001138524 -13.32145178811974 -6.75
      vertex -2.8130142812043126 -14.141977787812417 -6.75
      vertex -3.3165354742741875 -16.673349766854916 -6.000000000000001
    endloop
  endfacet
  facet normal 0 0 0
    outer loop
      vertex -5.517926001138524 -13.32145178811974 -6.75
      vertex -3.3165354742741875 -16.673349766854916 -6.000000000000001
      vertex -6.505618350206536 -15.70595205269187 -6.000000000000001
    endloop
  endfacet
  facet normal 0 0 0
    outer loop
      vertex -2.8130142812043126 -14.141977787812417 -6.75
      vertex -2.648733852990296e-15 -14.419035512031975 -6.75
      vertex -3.1228493378257506e-15 -17 -6.000000000000001
    endloop
  endfacet
  facet normal 0 0 0
    outer loop
      vertex -2.8130142812043126 -14.141977787812417 -6.75
      vertex -3.1228493378257506e-15 -17 -6.000000000000001
      vertex -3.3165354742741875 -16.673349766854916 -6.000000000000001
    endloop
  endfacet
  facet normal 0 0 0
    outer loop
      vertex -2.648733852990296e-15 -14.419035512031975 -6.75
      vertex 2.8130142812043073 -14.141977787812419 -6.75
      vertex 3.3165354742741813 -16.67334976685492 -6.000000000000001
    endloop
  endfacet
  facet normal 0 0 0
    outer loop
      vertex -2.648733852990296e-15 -14.419035512031975 -6.75
      vertex 3.3165354742741813 -16.67334976685492 -6.000000000000001
      vertex -3.1228493378257506e-15 -17 -6.000000000000001
    endloop
  endfacet
  facet normal 0 0 0
    outer loop
      vertex 2.8130142812043073 -14.141977787812419 -6.75
      vertex 5.51792600113852 -13.321451788119742 -6.75
      vertex 6.50561835020653 -15.705952052691872 -6.000000000000001
    endloop
  endfacet
  facet normal 0 0 0
    outer loop
      vertex 2.8130142812043073 -14.141977787812419 -6.75
      vertex 6.50561835020653 -15.705952052691872 -6.000000000000001
      vertex 3.3165354742741813 -16.67334976685492 -6.000000000000001
    endloop
  endfacet
  facet normal 0 0 0
    outer loop
      vertex 5.51792600113852 -13.321451788119742 -6.75
      vertex 8.010786919337518 -11.988989866965861 -6.75
      vertex 9.44469396133323 -14.134983409143272 -6.000000000000001
    endloop
  endfacet
  facet normal 0 0 0
    outer loop
      vertex 5.51792600113852 -13.321451788119742 -6.75
      vertex 9.44469396133323 -14.134983409143272 -6.000000000000001
      vertex 6.50561835020653 -15.705952052691872 -6.000000000000001
    endloop
  endfacet
  facet normal 0 0 0
    outer loop
      vertex 8.010786919337518 -11.988989866965861 -6.75
      vertex 10.19579778872745 -10.195797788727454 -6.75
      vertex 12.020815280171306 -12.02081528017131 -6.000000000000001
    endloop
  endfacet
  facet normal 0 0 0
    outer loop
      vertex 8.010786919337518 -11.988989866965861 -6.75
      vertex 12.020815280171306 -12.02081528017131 -6.000000000000001
      vertex 9.44469396133323 -14.134983409143272 -6.000000000000001
    endloop
  endfacet
  facet normal 0 0 0
    outer loop
      vertex 10.19579778872745 -10.195797788727454 -6.75
      vertex 11.988989866965857 -8.010786919337523 -6.75
      vertex 14.134983409143269 -9.444693961333236 -6.000000000000001
    endloop
  endfacet
  facet normal 0 0 0
    outer loop
      vertex 10.19579778872745 -10.195797788727454 -6.75
      vertex 14.134983409143269 -9.444693961333236 -6.000000000000001
      vertex 12.020815280171306 -12.02081528017131 -6.000000000000001
    endloop
  endfacet
  facet normal 0 0 0
    outer loop
      vertex 11.988989866965857 -8.010786919337523 -6.75
      vertex 13.32145178811974 -5.517926001138525 -6.75
      vertex 15.70595205269187 -6.505618350206537 -6.000000000000001
    endloop
  endfacet
  facet normal 0 0 0
    outer loop
      vertex 11.988989866965857 -8.010786919337523 -6.75
      vertex 15.70595205269187 -6.505618350206537 -6.000000000000001
      vertex 14.134983409143269 -9.444693961333236 -6.000000000000001
    endloop
  endfacet
  facet normal 0 0 0
    outer loop
      vertex 13.32145178811974 -5.517926001138525 -6.75
      vertex 14.141977787812417 -2.8130142812043135 -6.75
      vertex 16.673349766854916 -3.3165354742741884 -6.000000000000001
    endloop
  endfacet
  facet normal 0 0 0
    outer loop
      vertex 13.32145178811974 -5.517926001138525 -6.75
      vertex 16.673349766854916 -3.3165354742741884 -6.000000000000001
      vertex 15.70595205269187 -6.505618350206537 -6.000000000000001
    endloop
  endfacet
  facet normal 0 0 0
    outer loop
      vertex 14.141977787812417 -2.8130142812043135 -6.75
      vertex 14.419035512031975 0 -6.75
      vertex 17 0 -6.000000000000001
    endloop
  endfacet
  facet normal 0 0 0
    outer loop
      vertex 14.141977787812417 -2.8130142812043135 -6.75
      vertex 17 0 -6.000000000000001
      vertex 16.673349766854916 -3.3165354742741884 -6.000000000000001
    endloop
  endfacet
  facet normal 0 0 0
    outer loop
      vertex 17 0 -6.000000000000001
      vertex 16.67334976685492 3.3165354742741804 -6.000000000000001
      vertex 19.020125157097148 3.783338122855583 -5.249999999999999
    endloop
  endfacet
  facet normal 0 0 0
    outer loop
      vertex 17 0 -6.000000000000001
      vertex 19.020125157097148 3.783338122855583 -5.249999999999999
      vertex 19.392751438191855 0 -5.249999999999999
    endloop
  endfacet
  facet normal 0 0 0
    outer loop
      vertex 16.67334976685492 3.3165354742741804 -6.000000000000001
      vertex 15.705952052691874 6.505618350206526 -6.000000000000001
      vertex 17.916566132824276 7.42128468337029 -5.249999999999999
    endloop
  endfacet
  facet normal 0 0 0
    outer loop
      vertex 16.67334976685492 3.3165354742741804 -6.000000000000001
      vertex 17.916566132824276 7.42128468337029 -5.249999999999999
      vertex 19.020125157097148 3.783338122855583 -5.249999999999999
    endloop
  endfacet
  facet normal 0 0 0
    outer loop
      vertex 15.705952052691874 6.505618350206526 -6.000000000000001
      vertex 14.134983409143269 9.444693961333236 -6.000000000000001
      vertex 16.124483519793007 10.774035435407473 -5.249999999999999
    endloop
  endfacet
  facet normal 0 0 0
    outer loop
      vertex 15.705952052691874 6.505618350206526 -6.000000000000001
      vertex 16.124483519793007 10.774035435407473 -5.249999999999999
      vertex 17.916566132824276 7.42128468337029 -5.249999999999999
    endloop
  endfacet
  facet normal 0 0 0
    outer loop
      vertex 14.134983409143269 9.444693961333236 -6.000000000000001
      vertex 12.020815280171309 12.020815280171307 -6.000000000000001
      vertex 13.712746047810633 13.712746047810631 -5.249999999999999
    endloop
  endfacet
  facet normal 0 0 0
    outer loop
      vertex 14.134983409143269 9.444693961333236 -6.000000000000001
      vertex 13.712746047810633 13.712746047810631 -5.249999999999999
      vertex 16.124483519793007 10.774035435407473 -5.249999999999999
    endloop
  endfacet
  facet normal 0 0 0
    outer loop
      vertex 12.020815280171309 12.020815280171307 -6.000000000000001
      vertex 9.44469396133324 14.134983409143269 -6.000000000000001
      vertex 10.774035435407477 16.124483519793007 -5.249999999999999
    endloop
  endfacet
  facet normal 0 0 0
    outer loop
      vertex 12.020815280171309 12.020815280171307 -6.000000000000001
      vertex 10.774035435407477 16.124483519793007 -5.249999999999999
      vertex 13.712746047810633 13.712746047810631 -5.249999999999999
    endloop
  endfacet
  facet normal 0 0 0
    outer loop
      vertex 9.44469396133324 14.134983409143269 -6.000000000000001
      vertex 6.505618350206527 15.705952052691874 -6.000000000000001
      vertex 7.421284683370291 17.916566132824276 -5.249999999999999
    endloop
  endfacet
  facet normal 0 0 0
    outer loop
      vertex 9.44469396133324 14.134983409143269 -6.000000000000001
      vertex 7.421284683370291 17.916566132824276 -5.249999999999999
      vertex 10.774035435407477 16.124483519793007 -5.249999999999999
    endloop
  endfacet
  facet normal 0 0 0
    outer loop
      vertex 6.505618350206527 15.705952052691874 -6.000000000000001
      vertex 3.3165354742741817 16.67334976685492 -6.000000000000001
      vertex 3.783338122855585 19.020125157097148 -5.249999999999999
    endloop
  endfacet
  facet normal 0 0 0
    outer loop
      vertex 6.505618350206527 15.705952052691874 -6.000000000000001
      vertex 3.783338122855585 19.020125157097148 -5.249999999999999
      vertex 7.421284683370291 17.916566132824276 -5.249999999999999
    endloop
  endfacet
  facet normal 0 0 0
    outer loop
      vertex 3.3165354742741817 16.67334976685492 -6.000000000000001
      vertex 1.0409497792752501e-15 17 -6.000000000000001
      vertex 1.1874635487720943e-15 19.392751438191855 -5.249999999999999
    endloop
  endfacet
  facet normal 0 0 0
    outer loop
      vertex 3.3165354742741817 16.67334976685492 -6.000000000000001
      vertex 1.1874635487720943e-15 19.392751438191855 -5.249999999999999
      vertex 3.783338122855585 19.020125157097148 -5.249999999999999
    endloop
  endfacet
  facet normal 0 0 0
    outer loop
      vertex 1.0409497792752501e-15 17 -6.000000000000001
      vertex -3.316535474274179 16.67334976685492 -6.000000000000001
      vertex -3.7833381228555822 19.020125157097148 -5.249999999999999
    endloop
  endfacet
  facet normal 0 0 0
    outer loop
      vertex 1.0409497792752501e-15 17 -6.000000000000001
      vertex -3.7833381228555822 19.020125157097148 -5.249999999999999
      vertex 1.1874635487720943e-15 19.392751438191855 -5.249999999999999
    endloop
  endfacet
  facet normal 0 0 0
    outer loop
      vertex -3.316535474274179 16.67334976685492 -6.000000000000001
      vertex -6.505618350206525 15.705952052691874 -6.000000000000001
      vertex -7.421284683370289 17.916566132824276 -5.249999999999999
    endloop
  endfacet
  facet normal 0 0 0
    outer loop
      vertex -3.316535474274179 16.67334976685492 -6.000000000000001
      vertex -7.421284683370289 17.916566132824276 -5.249999999999999
      vertex -3.7833381228555822 19.020125157097148 -5.249999999999999
    endloop
  endfacet
  facet normal 0 0 0
    outer loop
      vertex -6.505618350206525 15.705952052691874 -6.000000000000001
      vertex -9.444693961333233 14.13498340914327 -6.000000000000001
      vertex -10.77403543540747 16.12448351979301 -5.249999999999999
    endloop
  endfacet
  facet normal 0 0 0
    outer loop
      vertex -6.505618350206525 15.705952052691874 -6.000000000000001
      vertex -10.77403543540747 16.12448351979301 -5.249999999999999
      vertex -7.421284683370289 17.916566132824276 -5.249999999999999
    endloop
  endfacet
  facet normal 0 0 0
    outer loop
      vertex -9.444693961333233 14.13498340914327 -6.000000000000001
      vertex -12.020815280171307 12.020815280171309 -6.000000000000001
      vertex -13.712746047810631 13.712746047810633 -5.249999999999999
    endloop
  endfacet
  facet normal 0 0 0
    outer loop
      vertex -9.444693961333233 14.13498340914327 -6.000000000000001
      vertex -13.712746047810631 13.712746047810633 -5.249999999999999
      vertex -10.77403543540747 16.12448351979301 -5.249999999999999
    endloop
  endfacet
  facet normal 0 0 0
    outer loop
      vertex -12.020815280171307 12.020815280171309 -6.000000000000001
      vertex -14.13498340914327 9.444693961333236 -6.000000000000001
      vertex -16.12448351979301 10.774035435407473 -5.249999999999999
    endloop
  endfacet
  facet normal 0 0 0
    outer loop
      vertex -12.020815280171307 12.020815280171309 -6.000000000000001
      vertex -16.12448351979301 10.774035435407473 -5.249999999999999
      vertex -13.712746047810631 13.712746047810633 -5.249999999999999
    endloop
  endfacet
  facet normal 0 0 0
    outer loop
      vertex -14.13498340914327 9.444693961333236 -6.000000000000001
      vertex -15.705952052691874 6.505618350206528 -6.000000000000001
      vertex -17.916566132824276 7.421284683370293 -5.249999999999999
    endloop
  endfacet
  facet normal 0 0 0
    outer loop
      vertex -14.13498340914327 9.444693961333236 -6.000000000000001
      vertex -17.916566132824276 7.421284683370293 -5.249999999999999
      vertex -16.12448351979301 10.774035435407473 -5.249999999999999
    endloop
  endfacet
  facet normal 0 0 0
    outer loop
      vertex -15.705952052691874 6.505618350206528 -6.000000000000001
      vertex -16.67334976685492 3.316535474274186 -6.000000000000001
      vertex -19.020125157097148 3.7833381228555902 -5.249999999999999
    endloop
  endfacet
  facet normal 0 0 0
    outer loop
      vertex -15.705952052691874 6.505618350206528 -6.000000000000001
      vertex -19.020125157097148 3.7833381228555902 -5.249999999999999
      vertex -17.916566132824276 7.421284683370293 -5.249999999999999
    endloop
  endfacet
  facet normal 0 0 0
    outer loop
      vertex -16.67334976685492 3.316535474274186 -6.000000000000001
      vertex -17 2.0818995585505003e-15 -6.000000000000001
      vertex -19.392751438191855 2.3749270975441887e-15 -5.249999999999999
    endloop
  endfacet
  facet normal 0 0 0
    outer loop
      vertex -16.67334976685492 3.316535474274186 -6.000000000000001
      vertex -19.392751438191855 2.3749270975441887e-15 -5.249999999999999
      vertex -19.020125157097148 3.7833381228555902 -5.249999999999999
    endloop
  endfacet
  facet normal 0 0 0
    outer loop
      vertex -17 2.0818995585505003e-15 -6.000000000000001
      vertex -16.67334976685492 -3.316535474274182 -6.000000000000001
      vertex -19.020125157097148 -3.7833381228555854 -5.249999999999999
    endloop
  endfacet
  facet normal 0 0 0
    outer loop
      vertex -17 2.0818995585505003e-15 -6.000000000000001
      vertex -19.020125157097148 -3.7833381228555854 -5.249999999999999
      vertex -19.392751438191855 2.3749270975441887e-15 -5.249999999999999
    endloop
  endfacet
  facet normal 0 0 0
    outer loop
      vertex -16.67334976685492 -3.316535474274182 -6.000000000000001
      vertex -15.705952052691876 -6.5056183502065235 -6.000000000000001
      vertex -17.916566132824276 -7.4212846833702875 -5.249999999999999
    endloop
  endfacet
  facet normal 0 0 0
    outer loop
      vertex -16.67334976685492 -3.316535474274182 -6.000000000000001
      vertex -17.916566132824276 -7.4212846833702875 -5.249999999999999
      vertex -19.020125157097148 -3.7833381228555854 -5.249999999999999
    endloop
  endfacet
  facet normal 0 0 0
    outer loop
      vertex -15.705952052691876 -6.5056183502065235 -6.000000000000001
      vertex -14.134983409143272 -9.444693961333233 -6.000000000000001
      vertex -16.124483519793014 -10.77403543540747 -5.249999999999999
    endloop
  endfacet
  facet normal 0 0 0
    outer loop
      vertex -15.705952052691876 -6.5056183502065235 -6.000000000000001
      vertex -16.124483519793014 -10.77403543540747 -5.249999999999999
      vertex -17.916566132824276 -7.4212846833702875 -5.249999999999999
    endloop
  endfacet
  facet normal 0 0 0
    outer loop
      vertex -14.134983409143272 -9.444693961333233 -6.000000000000001
      vertex -12.02081528017131 -12.020815280171307 -6.000000000000001
      vertex -13.712746047810636 -13.712746047810631 -5.249999999999999
    endloop
  endfacet
  facet normal 0 0 0
    outer loop
      vertex -14.134983409143272 -9.444693961333233 -6.000000000000001
      vertex -13.712746047810636 -13.712746047810631 -5.249999999999999
      vertex -16.124483519793014 -10.77403543540747 -5.249999999999999
    endloop
  endfacet
  facet normal 0 0 0
    outer loop
      vertex -12.02081528017131 -12.020815280171307 -6.000000000000001
      vertex -9.444693961333236 -14.134983409143269 -6.000000000000001
      vertex -10.774035435407473 -16.124483519793007 -5.249999999999999
    endloop
  endfacet
  facet normal 0 0 0
    outer loop
      vertex -12.02081528017131 -12.020815280171307 -6.000000000000001
      vertex -10.774035435407473 -16.124483519793007 -5.249999999999999
      vertex -13.712746047810636 -13.712746047810631 -5.249999999999999
    endloop
  endfacet
  facet normal 0 0 0
    outer loop
      vertex -9.444693961333236 -14.134983409143269 -6.000000000000001
      vertex -6.505618350206536 -15.70595205269187 -6.000000000000001
      vertex -7.421284683370301 -17.91656613282427 -5.249999999999999
    endloop
  endfacet
  facet normal 0 0 0
    outer loop
      vertex -9.444693961333236 -14.134983409143269 -6.000000000000001
      vertex -7.421284683370301 -17.91656613282427 -5.249999999999999
      vertex -10.774035435407473 -16.124483519793007 -5.249999999999999
    endloop
  endfacet
  facet normal 0 0 0
    outer loop
      vertex -6.505618350206536 -15.70595205269187 -6.000000000000001
      vertex -3.3165354742741875 -16.673349766854916 -6.000000000000001
      vertex -3.783338122855591 -19.020125157097148 -5.249999999999999
    endloop
  endfacet
  facet normal 0 0 0
    outer loop
      vertex -6.505618350206536 -15.70595205269187 -6.000000000000001
      vertex -3.783338122855591 -19.020125157097148 -5.249999999999999
      vertex -7.421284683370301 -17.91656613282427 -5.249999999999999
    endloop
  endfacet
  facet normal 0 0 0
    outer loop
      vertex -3.3165354742741875 -16.673349766854916 -6.000000000000001
      vertex -3.1228493378257506e-15 -17 -6.000000000000001
      vertex -3.562390646316283e-15 -19.392751438191855 -5.249999999999999
    endloop
  endfacet
  facet normal 0 0 0
    outer loop
      vertex -3.3165354742741875 -16.673349766854916 -6.000000000000001
      vertex -3.562390646316283e-15 -19.392751438191855 -5.249999999999999
      vertex -3.783338122855591 -19.020125157097148 -5.249999999999999
    endloop
  endfacet
  facet normal 0 0 0
    outer loop
      vertex -3.1228493378257506e-15 -17 -6.000000000000001
      vertex 3.3165354742741813 -16.67334976685492 -6.000000000000001
      vertex 3.7833381228555845 -19.020125157097148 -5.249999999999999
    endloop
  endfacet
  facet normal 0 0 0
    outer loop
      vertex -3.1228493378257506e-15 -17 -6.000000000000001
      vertex 3.7833381228555845 -19.020125157097148 -5.249999999999999
      vertex -3.562390646316283e-15 -19.392751438191855 -5.249999999999999
    endloop
  endfacet
  facet normal 0 0 0
    outer loop
      vertex 3.3165354742741813 -16.67334976685492 -6.000000000000001
      vertex 6.50561835020653 -15.705952052691872 -6.000000000000001
      vertex 7.421284683370295 -17.916566132824272 -5.249999999999999
    endloop
  endfacet
  facet normal 0 0 0
    outer loop
      vertex 3.3165354742741813 -16.67334976685492 -6.000000000000001
      vertex 7.421284683370295 -17.916566132824272 -5.249999999999999
      vertex 3.7833381228555845 -19.020125157097148 -5.249999999999999
    endloop
  endfacet
  facet normal 0 0 0
    outer loop
      vertex 6.50561835020653 -15.705952052691872 -6.000000000000001
      vertex 9.44469396133323 -14.134983409143272 -6.000000000000001
      vertex 10.774035435407468 -16.124483519793014 -5.249999999999999
    endloop
  endfacet
  facet normal 0 0 0
    outer loop
      vertex 6.50561835020653 -15.705952052691872 -6.000000000000001
      vertex 10.774035435407468 -16.124483519793014 -5.249999999999999
      vertex 7.421284683370295 -17.916566132824272 -5.249999999999999
    endloop
  endfacet
  facet normal 0 0 0
    outer loop
      vertex 9.44469396133323 -14.134983409143272 -6.000000000000001
      vertex 12.020815280171306 -12.02081528017131 -6.000000000000001
      vertex 13.71274604781063 -13.712746047810636 -5.249999999999999
    endloop
  endfacet
  facet normal 0 0 0
    outer loop
      vertex 9.44469396133323 -14.134983409143272 -6.000000000000001
      vertex 13.71274604781063 -13.712746047810636 -5.249999999999999
      vertex 10.774035435407468 -16.124483519793014 -5.249999999999999
    endloop
  endfacet
  facet normal 0 0 0
    outer loop
      vertex 12.020815280171306 -12.02081528017131 -6.000000000000001
      vertex 14.134983409143269 -9.444693961333236 -6.000000000000001
      vertex 16.124483519793007 -10.774035435407473 -5.249999999999999
    endloop
  endfacet
  facet normal 0 0 0
    outer loop
      vertex 12.020815280171306 -12.02081528017131 -6.000000000000001
      vertex 16.124483519793007 -10.774035435407473 -5.249999999999999
      vertex 13.71274604781063 -13.712746047810636 -5.249999999999999
    endloop
  endfacet
  facet normal 0 0 0
    outer loop
      vertex 14.134983409143269 -9.444693961333236 -6.000000000000001
      vertex 15.70595205269187 -6.505618350206537 -6.000000000000001
      vertex 17.91656613282427 -7.421284683370303 -5.249999999999999
    endloop
  endfacet
  facet normal 0 0 0
    outer loop
      vertex 14.134983409143269 -9.444693961333236 -6.000000000000001
      vertex 17.91656613282427 -7.421284683370303 -5.249999999999999
      vertex 16.124483519793007 -10.774035435407473 -5.249999999999999
    endloop
  endfacet
  facet normal 0 0 0
    outer loop
      vertex 15.70595205269187 -6.505618350206537 -6.000000000000001
      vertex 16.673349766854916 -3.3165354742741884 -6.000000000000001
      vertex 19.020125157097148 -3.7833381228555925 -5.249999999999999
    endloop
  endfacet
  facet normal 0 0 0
    outer loop
      vertex 15.70595205269187 -6.505618350206537 -6.000000000000001
      vertex 19.020125157097148 -3.7833381228555925 -5.249999999999999
      vertex 17.91656613282427 -7.421284683370303 -5.249999999999999
    endloop
  endfacet
  facet normal 0 0 0
    outer loop
      vertex 16.673349766854916 -3.3165354742741884 -6.000000000000001
      vertex 17 0 -6.000000000000001
      vertex 19.392751438191855 0 -5.249999999999999
    endloop
  endfacet
  facet normal 0 0 0
    outer loop
      vertex 16.673349766854916 -3.3165354742741884 -6.000000000000001
      vertex 19.392751438191855 0 -5.249999999999999
      vertex 19.020125157097148 -3.7833381228555925 -5.249999999999999
    endloop
  endfacet
  facet normal 0 0 0
    outer loop
      vertex 19.392751438191855 0 -5.249999999999999
      vertex 19.020125157097148 3.783338122855583 -5.249999999999999
      vertex 21.142149980963 4.205435104209142 -4.5
    endloop
  endfacet
  facet normal 0 0 0
    outer loop
      vertex 19.392751438191855 0 -5.249999999999999
      vertex 21.142149980963 4.205435104209142 -4.5
      vertex 21.556349186104043 0 -4.5
    endloop
  endfacet
  facet normal 0 0 0
    outer loop
      vertex 19.020125157097148 3.783338122855583 -5.249999999999999
      vertex 17.916566132824276 7.42128468337029 -5.249999999999999
      vertex 19.91546980870786 8.249257695798704 -4.5
    endloop
  endfacet
  facet normal 0 0 0
    outer loop
      vertex 19.020125157097148 3.783338122855583 -5.249999999999999
      vertex 19.91546980870786 8.249257695798704 -4.5
      vertex 21.142149980963 4.205435104209142 -4.5
    endloop
  endfacet
  facet normal 0 0 0
    outer loop
      vertex 17.916566132824276 7.42128468337029 -5.249999999999999
      vertex 16.124483519793007 10.774035435407473 -5.249999999999999
      vertex 17.923449300428217 11.976065940375735 -4.5
    endloop
  endfacet
  facet normal 0 0 0
    outer loop
      vertex 17.916566132824276 7.42128468337029 -5.249999999999999
      vertex 17.923449300428217 11.976065940375735 -4.5
      vertex 19.91546980870786 8.249257695798704 -4.5
    endloop
  endfacet
  facet normal 0 0 0
    outer loop
      vertex 16.124483519793007 10.774035435407473 -5.249999999999999
      vertex 13.712746047810633 13.712746047810631 -5.249999999999999
      vertex 15.242640687119284 15.242640687119282 -4.5
    endloop
  endfacet
  facet normal 0 0 0
    outer loop
      vertex 16.124483519793007 10.774035435407473 -5.249999999999999
      vertex 15.242640687119284 15.242640687119282 -4.5
      vertex 17.923449300428217 11.976065940375735 -4.5
    endloop
  endfacet
  facet normal 0 0 0
    outer loop
      vertex 13.712746047810633 13.712746047810631 -5.249999999999999
      vertex 10.774035435407477 16.124483519793007 -5.249999999999999
      vertex 11.976065940375737 17.923449300428217 -4.5
    endloop
  endfacet
  facet normal 0 0 0
    outer loop
      vertex 13.712746047810633 13.712746047810631 -5.249999999999999
      vertex 11.976065940375737 17.923449300428217 -4.5
      vertex 15.242640687119284 15.242640687119282 -4.5
    endloop
  endfacet
  facet normal 0 0 0
    outer loop
      vertex 10.774035435407477 16.124483519793007 -5.249999999999999
      vertex 7.421284683370291 17.916566132824276 -5.249999999999999
      vertex 8.249257695798706 19.91546980870786 -4.5
    endloop
  endfacet
  facet normal 0 0 0
    outer loop
      vertex 10.774035435407477 16.124483519793007 -5.249999999999999
      vertex 8.249257695798706 19.91546980870786 -4.5
      vertex 11.976065940375737 17.923449300428217 -4.5
    endloop
  endfacet
  facet normal 0 0 0
    outer loop
      vertex 7.421284683370291 17.916566132824276 -5.249999999999999
      vertex 3.783338122855585 19.020125157097148 -5.249999999999999
      vertex 4.205435104209144 21.142149980963 -4.5
    endloop
  endfacet
  facet normal 0 0 0
    outer loop
      vertex 7.421284683370291 17.916566132824276 -5.249999999999999
      vertex 4.205435104209144 21.142149980963 -4.5
      vertex 8.249257695798706 19.91546980870786 -4.5
    endloop
  endfacet
  facet normal 0 0 0
    outer loop
      vertex 3.783338122855585 19.020125157097148 -5.249999999999999
      vertex 1.1874635487720943e-15 19.392751438191855 -5.249999999999999
      vertex 1.3199457016032484e-15 21.556349186104043 -4.5
    endloop
  endfacet
  facet normal 0 0 0
    outer loop
      vertex 3.783338122855585 19.020125157097148 -5.249999999999999
      vertex 1.3199457016032484e-15 21.556349186104043 -4.5
      vertex 4.205435104209144 21.142149980963 -4.5
    endloop
  endfacet
  facet normal 0 0 0
    outer loop
      vertex 1.1874635487720943e-15 19.392751438191855 -5.249999999999999
      vertex -3.7833381228555822 19.020125157097148 -5.249999999999999
      vertex -4.2054351042091405 21.142149980963 -4.5
    endloop
  endfacet
  facet normal 0 0 0
    outer loop
      vertex 1.1874635487720943e-15 19.392751438191855 -5.249999999999999
      vertex -4.2054351042091405 21.142149980963 -4.5
      vertex 1.3199457016032484e-15 21.556349186104043 -4.5
    endloop
  endfacet
  facet normal 0 0 0
    outer loop
      vertex -3.7833381228555822 19.020125157097148 -5.249999999999999
      vertex -7.421284683370289 17.916566132824276 -5.249999999999999
      vertex -8.249257695798704 19.91546980870786 -4.5
    endloop
  endfacet
  facet normal 0 0 0
    outer loop
      vertex -3.7833381228555822 19.020125157097148 -5.249999999999999
      vertex -8.249257695798704 19.91546980870786 -4.5
      vertex -4.2054351042091405 21.142149980963 -4.5
    endloop
  endfacet
  facet normal 0 0 0
    outer loop
      vertex -7.421284683370289 17.916566132824276 -5.249999999999999
      vertex -10.77403543540747 16.12448351979301 -5.249999999999999
      vertex -11.97606594037573 17.923449300428217 -4.5
    endloop
  endfacet
  facet normal 0 0 0
    outer loop
      vertex -7.421284683370289 17.916566132824276 -5.249999999999999
      vertex -11.97606594037573 17.923449300428217 -4.5
      vertex -8.249257695798704 19.91546980870786 -4.5
    endloop
  endfacet
  facet normal 0 0 0
    outer loop
      vertex -10.77403543540747 16.12448351979301 -5.249999999999999
      vertex -13.712746047810631 13.712746047810633 -5.249999999999999
      vertex -15.242640687119282 15.242640687119284 -4.5
    endloop
  endfacet
  facet normal 0 0 0
    outer loop
      vertex -10.77403543540747 16.12448351979301 -5.249999999999999
      vertex -15.242640687119282 15.242640687119284 -4.5
      vertex -11.97606594037573 17.923449300428217 -4.5
    endloop
  endfacet
  facet normal 0 0 0
    outer loop
      vertex -13.712746047810631 13.712746047810633 -5.249999999999999
      vertex -16.12448351979301 10.774035435407473 -5.249999999999999
      vertex -17.923449300428217 11.976065940375735 -4.5
    endloop
  endfacet
  facet normal 0 0 0
    outer loop
      vertex -13.712746047810631 13.712746047810633 -5.249999999999999
      vertex -17.923449300428217 11.976065940375735 -4.5
      vertex -15.242640687119282 15.242640687119284 -4.5
    endloop
  endfacet
  facet normal 0 0 0
    outer loop
      vertex -16.12448351979301 10.774035435407473 -5.249999999999999
      vertex -17.916566132824276 7.421284683370293 -5.249999999999999
      vertex -19.91546980870786 8.249257695798708 -4.5
    endloop
  endfacet
  facet normal 0 0 0
    outer loop
      vertex -16.12448351979301 10.774035435407473 -5.249999999999999
      vertex -19.91546980870786 8.249257695798708 -4.5
      vertex -17.923449300428217 11.976065940375735 -4.5
    endloop
  endfacet
  facet normal 0 0 0
    outer loop
      vertex -17.916566132824276 7.421284683370293 -5.249999999999999
      vertex -19.020125157097148 3.7833381228555902 -5.249999999999999
      vertex -21.142149980963 4.205435104209149 -4.5
    endloop
  endfacet
  facet normal 0 0 0
    outer loop
      vertex -17.916566132824276 7.421284683370293 -5.249999999999999
      vertex -21.142149980963 4.205435104209149 -4.5
      vertex -19.91546980870786 8.249257695798708 -4.5
    endloop
  endfacet
  facet normal 0 0 0
    outer loop
      vertex -19.020125157097148 3.7833381228555902 -5.249999999999999
      vertex -19.392751438191855 2.3749270975441887e-15 -5.249999999999999
      vertex -21.556349186104043 2.639891403206497e-15 -4.5
    endloop
  endfacet
  facet normal 0 0 0
    outer loop
      vertex -19.020125157097148 3.7833381228555902 -5.249999999999999
      vertex -21.556349186104043 2.639891403206497e-15 -4.5
      vertex -21.142149980963 4.205435104209149 -4.5
    endloop
  endfacet
  facet normal 0 0 0
    outer loop
      vertex -19.392751438191855 2.3749270975441887e-15 -5.249999999999999
      vertex -19.020125157097148 -3.7833381228555854 -5.249999999999999
      vertex -21.142149980963 -4.205435104209144 -4.5
    endloop
  endfacet
  facet normal 0 0 0
    outer loop
      vertex -19.392751438191855 2.3749270975441887e-15 -5.249999999999999
      vertex -21.142149980963 -4.205435104209144 -4.5
      vertex -21.556349186104043 2.639891403206497e-15 -4.5
    endloop
  endfacet
  facet normal 0 0 0
    outer loop
      vertex -19.020125157097148 -3.7833381228555854 -5.249999999999999
      vertex -17.916566132824276 -7.4212846833702875 -5.249999999999999
      vertex -19.91546980870786 -8.2492576957987 -4.5
    endloop
  endfacet
  facet normal 0 0 0
    outer loop
      vertex -19.020125157097148 -3.7833381228555854 -5.249999999999999
      vertex -19.91546980870786 -8.2492576957987 -4.5
      vertex -21.142149980963 -4.205435104209144 -4.5
    endloop
  endfacet
  facet normal 0 0 0
    outer loop
      vertex -17.916566132824276 -7.4212846833702875 -5.249999999999999
      vertex -16.124483519793014 -10.77403543540747 -5.249999999999999
      vertex -17.92344930042822 -11.97606594037573 -4.5
    endloop
  endfacet
  facet normal 0 0 0
    outer loop
      vertex -17.916566132824276 -7.4212846833702875 -5.249999999999999
      vertex -17.92344930042822 -11.97606594037573 -4.5
      vertex -19.91546980870786 -8.2492576957987 -4.5
    endloop
  endfacet
  facet normal 0 0 0
    outer loop
      vertex -16.124483519793014 -10.77403543540747 -5.249999999999999
      vertex -13.712746047810636 -13.712746047810631 -5.249999999999999
      vertex -15.242640687119287 -15.242640687119282 -4.5
    endloop
  endfacet
  facet normal 0 0 0
    outer loop
      vertex -16.124483519793014 -10.77403543540747 -5.249999999999999
      vertex -15.242640687119287 -15.242640687119282 -4.5
      vertex -17.92344930042822 -11.97606594037573 -4.5
    endloop
  endfacet
  facet normal 0 0 0
    outer loop
      vertex -13.712746047810636 -13.712746047810631 -5.249999999999999
      vertex -10.774035435407473 -16.124483519793007 -5.249999999999999
      vertex -11.976065940375735 -17.923449300428217 -4.5
    endloop
  endfacet
  facet normal 0 0 0
    outer loop
      vertex -13.712746047810636 -13.712746047810631 -5.249999999999999
      vertex -11.976065940375735 -17.923449300428217 -4.5
      vertex -15.242640687119287 -15.242640687119282 -4.5
    endloop
  endfacet
  facet normal 0 0 0
    outer loop
      vertex -10.774035435407473 -16.124483519793007 -5.249999999999999
      vertex -7.421284683370301 -17.91656613282427 -5.249999999999999
      vertex -8.249257695798716 -19.915469808707854 -4.5
    endloop
  endfacet
  facet normal 0 0 0
    outer loop
      vertex -10.774035435407473 -16.124483519793007 -5.249999999999999
      vertex -8.249257695798716 -19.915469808707854 -4.5
      vertex -11.976065940375735 -17.923449300428217 -4.5
    endloop
  endfacet
  facet normal 0 0 0
    outer loop
      vertex -7.421284683370301 -17.91656613282427 -5.249999999999999
      vertex -3.783338122855591 -19.020125157097148 -5.249999999999999
      vertex -4.205435104209151 -21.142149980963 -4.5
    endloop
  endfacet
  facet normal 0 0 0
    outer loop
      vertex -7.421284683370301 -17.91656613282427 -5.249999999999999
      vertex -4.205435104209151 -21.142149980963 -4.5
      vertex -8.249257695798716 -19.915469808707854 -4.5
    endloop
  endfacet
  facet normal 0 0 0
    outer loop
      vertex -3.783338122855591 -19.020125157097148 -5.249999999999999
      vertex -3.562390646316283e-15 -19.392751438191855 -5.249999999999999
      vertex -3.9598371048097455e-15 -21.556349186104043 -4.5
    endloop
  endfacet
  facet normal 0 0 0
    outer loop
      vertex -3.783338122855591 -19.020125157097148 -5.249999999999999
      vertex -3.9598371048097455e-15 -21.556349186104043 -4.5
      vertex -4.205435104209151 -21.142149980963 -4.5
    endloop
  endfacet
  facet normal 0 0 0
    outer loop
      vertex -3.562390646316283e-15 -19.392751438191855 -5.249999999999999
      vertex 3.7833381228555845 -19.020125157097148 -5.249999999999999
      vertex 4.205435104209143 -21.142149980963 -4.5
    endloop
  endfacet
  facet normal 0 0 0
    outer loop
      vertex -3.562390646316283e-15 -19.392751438191855 -5.249999999999999
      vertex 4.205435104209143 -21.142149980963 -4.5
      vertex -3.9598371048097455e-15 -21.556349186104043 -4.5
    endloop
  endfacet
  facet normal 0 0 0
    outer loop
      vertex 3.7833381228555845 -19.020125157097148 -5.249999999999999
      vertex 7.421284683370295 -17.916566132824272 -5.249999999999999
      vertex 8.24925769579871 -19.915469808707858 -4.5
    endloop
  endfacet
  facet normal 0 0 0
    outer loop
      vertex 3.7833381228555845 -19.020125157097148 -5.249999999999999
      vertex 8.24925769579871 -19.915469808707858 -4.5
      vertex 4.205435104209143 -21.142149980963 -4.5
    endloop
  endfacet
  facet normal 0 0 0
    outer loop
      vertex 7.421284683370295 -17.916566132824272 -5.249999999999999
      vertex 10.774035435407468 -16.124483519793014 -5.249999999999999
      vertex 11.976065940375728 -17.92344930042822 -4.5
    endloop
  endfacet
  facet normal 0 0 0
    outer loop
      vertex 7.421284683370295 -17.916566132824272 -5.249999999999999
      vertex 11.976065940375728 -17.92344930042822 -4.5
      vertex 8.24925769579871 -19.915469808707858 -4.5
    endloop
  endfacet
  facet normal 0 0 0
    outer loop
      vertex 10.774035435407468 -16.124483519793014 -5.249999999999999
      vertex 13.71274604781063 -13.712746047810636 -5.249999999999999
      vertex 15.24264068711928 -15.242640687119287 -4.5
    endloop
  endfacet
  facet normal 0 0 0
    outer loop
      vertex 10.774035435407468 -16.124483519793014 -5.249999999999999
      vertex 15.24264068711928 -15.242640687119287 -4.5
      vertex 11.976065940375728 -17.92344930042822 -4.5
    endloop
  endfacet
  facet normal 0 0 0
    outer loop
      vertex 13.71274604781063 -13.712746047810636 -5.249999999999999
      vertex 16.124483519793007 -10.774035435407473 -5.249999999999999
      vertex 17.923449300428217 -11.976065940375735 -4.5
    endloop
  endfacet
  facet normal 0 0 0
    outer loop
      vertex 13.71274604781063 -13.712746047810636 -5.249999999999999
      vertex 17.923449300428217 -11.976065940375735 -4.5
      vertex 15.24264068711928 -15.242640687119287 -4.5
    endloop
  endfacet
  facet normal 0 0 0
    outer loop
      vertex 16.124483519793007 -10.774035435407473 -5.249999999999999
      vertex 17.91656613282427 -7.421284683370303 -5.249999999999999
      vertex 19.915469808707854 -8.249257695798718 -4.5
    endloop
  endfacet
  facet normal 0 0 0
    outer loop
      vertex 16.124483519793007 -10.774035435407473 -5.249999999999999
      vertex 19.915469808707854 -8.249257695798718 -4.5
      vertex 17.923449300428217 -11.976065940375735 -4.5
    endloop
  endfacet
  facet normal 0 0 0
    outer loop
      vertex 17.91656613282427 -7.421284683370303 -5.249999999999999
      vertex 19.020125157097148 -3.7833381228555925 -5.249999999999999
      vertex 21.142149980963 -4.205435104209152 -4.5
    endloop
  endfacet
  facet normal 0 0 0
    outer loop
      vertex 17.91656613282427 -7.421284683370303 -5.249999999999999
      vertex 21.142149980963 -4.205435104209152 -4.5
      vertex 19.915469808707854 -8.249257695798718 -4.5
    endloop
  endfacet
  facet normal 0 0 0
    outer loop
      vertex 19.020125157097148 -3.7833381228555925 -5.249999999999999
      vertex 19.392751438191855 0 -5.249999999999999
      vertex 21.556349186104043 0 -4.5
    endloop
  endfacet
  facet normal 0 0 0
    outer loop
      vertex 19.020125157097148 -3.7833381228555925 -5.249999999999999
      vertex 21.556349186104043 0 -4.5
      vertex 21.142149980963 -4.205435104209152 -4.5
    endloop
  endfacet
  facet normal 0 0 0
    outer loop
      vertex 21.556349186104043 0 -4.5
      vertex 21.142149980963 4.205435104209142 -4.5
      vertex 23.00311580537971 4.575604221956506 -3.7499999999999996
    endloop
  endfacet
  facet normal 0 0 0
    outer loop
      vertex 21.556349186104043 0 -4.5
      vertex 23.00311580537971 4.575604221956506 -3.7499999999999996
      vertex 23.453773486407172 0 -3.7499999999999996
    endloop
  endfacet
  facet normal 0 0 0
    outer loop
      vertex 21.142149980963 4.205435104209142 -4.5
      vertex 19.91546980870786 8.249257695798704 -4.5
      vertex 21.66846128424747 8.975370539691635 -3.7499999999999996
    endloop
  endfacet
  facet normal 0 0 0
    outer loop
      vertex 21.142149980963 4.205435104209142 -4.5
      vertex 21.66846128424747 8.975370539691635 -3.7499999999999996
      vertex 23.00311580537971 4.575604221956506 -3.7499999999999996
    endloop
  endfacet
  facet normal 0 0 0
    outer loop
      vertex 19.91546980870786 8.249257695798704 -4.5
      vertex 17.923449300428217 11.976065940375735 -4.5
      vertex 19.501099947774687 13.0302184010322 -3.7499999999999996
    endloop
  endfacet
  facet normal 0 0 0
    outer loop
      vertex 19.91546980870786 8.249257695798704 -4.5
      vertex 19.501099947774687 13.0302184010322 -3.7499999999999996
      vertex 21.66846128424747 8.975370539691635 -3.7499999999999996
    endloop
  endfacet
  facet normal 0 0 0
    outer loop
      vertex 17.923449300428217 11.976065940375735 -4.5
      vertex 15.242640687119284 15.242640687119282 -4.5
      vertex 16.58432227665177 16.584322276651765 -3.7499999999999996
    endloop
  endfacet
  facet normal 0 0 0
    outer loop
      vertex 17.923449300428217 11.976065940375735 -4.5
      vertex 16.58432227665177 16.584322276651765 -3.7499999999999996
      vertex 19.501099947774687 13.0302184010322 -3.7499999999999996
    endloop
  endfacet
  facet normal 0 0 0
    outer loop
      vertex 15.242640687119284 15.242640687119282 -4.5
      vertex 11.976065940375737 17.923449300428217 -4.5
      vertex 13.030218401032203 19.501099947774687 -3.7499999999999996
    endloop
  endfacet
  facet normal 0 0 0
    outer loop
      vertex 15.242640687119284 15.242640687119282 -4.5
      vertex 13.030218401032203 19.501099947774687 -3.7499999999999996
      vertex 16.58432227665177 16.584322276651765 -3.7499999999999996
    endloop
  endfacet
  facet normal 0 0 0
    outer loop
      vertex 11.976065940375737 17.923449300428217 -4.5
      vertex 8.249257695798706 19.91546980870786 -4.5
      vertex 8.975370539691637 21.66846128424747 -3.7499999999999996
    endloop
  endfacet
  facet normal 0 0 0
    outer loop
      vertex 11.976065940375737 17.923449300428217 -4.5
      vertex 8.975370539691637 21.66846128424747 -3.7499999999999996
      vertex 13.030218401032203 19.501099947774687 -3.7499999999999996
    endloop
  endfacet
  facet normal 0 0 0
    outer loop
      vertex 8.249257695798706 19.91546980870786 -4.5
      vertex 4.205435104209144 21.142149980963 -4.5
      vertex 4.5756042219565085 23.00311580537971 -3.7499999999999996
    endloop
  endfacet
  facet normal 0 0 0
    outer loop
      vertex 8.249257695798706 19.91546980870786 -4.5
      vertex 4.5756042219565085 23.00311580537971 -3.7499999999999996
      vertex 8.975370539691637 21.66846128424747 -3.7499999999999996
    endloop
  endfacet
  facet normal 0 0 0
    outer loop
      vertex 4.205435104209144 21.142149980963 -4.5
      vertex 1.3199457016032484e-15 21.556349186104043 -4.5
      vertex 1.4361294314027801e-15 23.453773486407172 -3.7499999999999996
    endloop
  endfacet
  facet normal 0 0 0
    outer loop
      vertex 4.205435104209144 21.142149980963 -4.5
      vertex 1.4361294314027801e-15 23.453773486407172 -3.7499999999999996
      vertex 4.5756042219565085 23.00311580537971 -3.7499999999999996
    endloop
  endfacet
  facet normal 0 0 0
    outer loop
      vertex 1.3199457016032484e-15 21.556349186104043 -4.5
      vertex -4.2054351042091405 21.142149980963 -4.5
      vertex -4.575604221956505 23.00311580537971 -3.7499999999999996
    endloop
  endfacet
  facet normal 0 0 0
    outer loop
      vertex 1.3199457016032484e-15 21.556349186104043 -4.5
      vertex -4.575604221956505 23.00311580537971 -3.7499999999999996
      vertex 1.4361294314027801e-15 23.453773486407172 -3.7499999999999996
    endloop
  endfacet
  facet normal 0 0 0
    outer loop
      vertex -4.2054351042091405 21.142149980963 -4.5
      vertex -8.249257695798704 19.91546980870786 -4.5
      vertex -8.975370539691633 21.66846128424747 -3.7499999999999996
    endloop
  endfacet
  facet normal 0 0 0
    outer loop
      vertex -4.2054351042091405 21.142149980963 -4.5
      vertex -8.975370539691633 21.66846128424747 -3.7499999999999996
      vertex -4.575604221956505 23.00311580537971 -3.7499999999999996
    endloop
  endfacet
  facet normal 0 0 0
    outer loop
      vertex -8.249257695798704 19.91546980870786 -4.5
      vertex -11.97606594037573 17.923449300428217 -4.5
      vertex -13.030218401032196 19.501099947774687 -3.7499999999999996
    endloop
  endfacet
  facet normal 0 0 0
    outer loop
      vertex -8.249257695798704 19.91546980870786 -4.5
      vertex -13.030218401032196 19.501099947774687 -3.7499999999999996
      vertex -8.975370539691633 21.66846128424747 -3.7499999999999996
    endloop
  endfacet
  facet normal 0 0 0
    outer loop
      vertex -11.97606594037573 17.923449300428217 -4.5
      vertex -15.242640687119282 15.242640687119284 -4.5
      vertex -16.584322276651765 16.58432227665177 -3.7499999999999996
    endloop
  endfacet
  facet normal 0 0 0
    outer loop
      vertex -11.97606594037573 17.923449300428217 -4.5
      vertex -16.584322276651765 16.58432227665177 -3.7499999999999996
      vertex -13.030218401032196 19.501099947774687 -3.7499999999999996
    endloop
  endfacet
  facet normal 0 0 0
    outer loop
      vertex -15.242640687119282 15.242640687119284 -4.5
      vertex -17.923449300428217 11.976065940375735 -4.5
      vertex -19.501099947774687 13.0302184010322 -3.7499999999999996
    endloop
  endfacet
  facet normal 0 0 0
    outer loop
      vertex -15.242640687119282 15.242640687119284 -4.5
      vertex -19.501099947774687 13.0302184010322 -3.7499999999999996
      vertex -16.584322276651765 16.58432227665177 -3.7499999999999996
    endloop
  endfacet
  facet normal 0 0 0
    outer loop
      vertex -17.923449300428217 11.976065940375735 -4.5
      vertex -19.91546980870786 8.249257695798708 -4.5
      vertex -21.66846128424747 8.975370539691637 -3.7499999999999996
    endloop
  endfacet
  facet normal 0 0 0
    outer loop
      vertex -17.923449300428217 11.976065940375735 -4.5
      vertex -21.66846128424747 8.975370539691637 -3.7499999999999996
      vertex -19.501099947774687 13.0302184010322 -3.7499999999999996
    endloop
  endfacet
  facet normal 0 0 0
    outer loop
      vertex -19.91546980870786 8.249257695798708 -4.5
      vertex -21.142149980963 4.205435104209149 -4.5
      vertex -23.00311580537971 4.575604221956515 -3.7499999999999996
    endloop
  endfacet
  facet normal 0 0 0
    outer loop
      vertex -19.91546980870786 8.249257695798708 -4.5
      vertex -23.00311580537971 4.575604221956515 -3.7499999999999996
      vertex -21.66846128424747 8.975370539691637 -3.7499999999999996
    endloop
  endfacet
  facet normal 0 0 0
    outer loop
      vertex -21.142149980963 4.205435104209149 -4.5
      vertex -21.556349186104043 2.639891403206497e-15 -4.5
      vertex -23.453773486407172 2.8722588628055602e-15 -3.7499999999999996
    endloop
  endfacet
  facet normal 0 0 0
    outer loop
      vertex -21.142149980963 4.205435104209149 -4.5
      vertex -23.453773486407172 2.8722588628055602e-15 -3.7499999999999996
      vertex -23.00311580537971 4.575604221956515 -3.7499999999999996
    endloop
  endfacet
  facet normal 0 0 0
    outer loop
      vertex -21.556349186104043 2.639891403206497e-15 -4.5
      vertex -21.142149980963 -4.205435104209144 -4.5
      vertex -23.00311580537971 -4.5756042219565085 -3.7499999999999996
    endloop
  endfacet
  facet normal 0 0 0
    outer loop
      vertex -21.556349186104043 2.639891403206497e-15 -4.5
      vertex -23.00311580537971 -4.5756042219565085 -3.7499999999999996
      vertex -23.453773486407172 2.8722588628055602e-15 -3.7499999999999996
    endloop
  endfacet
  facet normal 0 0 0
    outer loop
      vertex -21.142149980963 -4.205435104209144 -4.5
      vertex -19.91546980870786 -8.2492576957987 -4.5
      vertex -21.668461284247474 -8.975370539691632 -3.7499999999999996
    endloop
  endfacet
  facet normal 0 0 0
    outer loop
      vertex -21.142149980963 -4.205435104209144 -4.5
      vertex -21.668461284247474 -8.975370539691632 -3.7499999999999996
      vertex -23.00311580537971 -4.5756042219565085 -3.7499999999999996
    endloop
  endfacet
  facet normal 0 0 0
    outer loop
      vertex -19.91546980870786 -8.2492576957987 -4.5
      vertex -17.92344930042822 -11.97606594037573 -4.5
      vertex -19.50109994777469 -13.030218401032196 -3.7499999999999996
    endloop
  endfacet
  facet normal 0 0 0
    outer loop
      vertex -19.91546980870786 -8.2492576957987 -4.5
      vertex -19.50109994777469 -13.030218401032196 -3.7499999999999996
      vertex -21.668461284247474 -8.975370539691632 -3.7499999999999996
    endloop
  endfacet
  facet normal 0 0 0
    outer loop
      vertex -17.92344930042822 -11.97606594037573 -4.5
      vertex -15.242640687119287 -15.242640687119282 -4.5
      vertex -16.58432227665177 -16.584322276651765 -3.7499999999999996
    endloop
  endfacet
  facet normal 0 0 0
    outer loop
      vertex -17.92344930042822 -11.97606594037573 -4.5
      vertex -16.58432227665177 -16.584322276651765 -3.7499999999999996
      vertex -19.50109994777469 -13.030218401032196 -3.7499999999999996
    endloop
  endfacet
  facet normal 0 0 0
    outer loop
      vertex -15.242640687119287 -15.242640687119282 -4.5
      vertex -11.976065940375735 -17.923449300428217 -4.5
      vertex -13.0302184010322 -19.501099947774687 -3.7499999999999996
    endloop
  endfacet
  facet normal 0 0 0
    outer loop
      vertex -15.242640687119287 -15.242640687119282 -4.5
      vertex -13.0302184010322 -19.501099947774687 -3.7499999999999996
      vertex -16.58432227665177 -16.584322276651765 -3.7499999999999996
    endloop
  endfacet
  facet normal 0 0 0
    outer loop
      vertex -11.976065940375735 -17.923449300428217 -4.5
      vertex -8.249257695798716 -19.915469808707854 -4.5
      vertex -8.975370539691648 -21.668461284247464 -3.7499999999999996
    endloop
  endfacet
  facet normal 0 0 0
    outer loop
      vertex -11.976065940375735 -17.923449300428217 -4.5
      vertex -8.975370539691648 -21.668461284247464 -3.7499999999999996
      vertex -13.0302184010322 -19.501099947774687 -3.7499999999999996
    endloop
  endfacet
  facet normal 0 0 0
    outer loop
      vertex -8.249257695798716 -19.915469808707854 -4.5
      vertex -4.205435104209151 -21.142149980963 -4.5
      vertex -4.575604221956516 -23.003115805379707 -3.7499999999999996
    endloop
  endfacet
  facet normal 0 0 0
    outer loop
      vertex -8.249257695798716 -19.915469808707854 -4.5
      vertex -4.575604221956516 -23.003115805379707 -3.7499999999999996
      vertex -8.975370539691648 -21.668461284247464 -3.7499999999999996
    endloop
  endfacet
  facet normal 0 0 0
    outer loop
      vertex -4.205435104209151 -21.142149980963 -4.5
      vertex -3.9598371048097455e-15 -21.556349186104043 -4.5
      vertex -4.30838829420834e-15 -23.453773486407172 -3.7499999999999996
    endloop
  endfacet
  facet normal 0 0 0
    outer loop
      vertex -4.205435104209151 -21.142149980963 -4.5
      vertex -4.30838829420834e-15 -23.453773486407172 -3.7499999999999996
      vertex -4.575604221956516 -23.003115805379707 -3.7499999999999996
    endloop
  endfacet
  facet normal 0 0 0
    outer loop
      vertex -3.9598371048097455e-15 -21.556349186104043 -4.5
      vertex 4.205435104209143 -21.142149980963 -4.5
      vertex 4.575604221956508 -23.00311580537971 -3.7499999999999996
    endloop
  endfacet
  facet normal 0 0 0
    outer loop
      vertex -3.9598371048097455e-15 -21.556349186104043 -4.5
      vertex 4.575604221956508 -23.00311580537971 -3.7499999999999996
      vertex -4.30838829420834e-15 -23.453773486407172 -3.7499999999999996
    endloop
  endfacet
  facet normal 0 0 0
    outer loop
      vertex 4.205435104209143 -21.142149980963 -4.5
      vertex 8.24925769579871 -19.915469808707858 -4.5
      vertex 8.97537053969164 -21.668461284247467 -3.7499999999999996
    endloop
  endfacet
  facet normal 0 0 0
    outer loop
      vertex 4.205435104209143 -21.142149980963 -4.5
      vertex 8.97537053969164 -21.668461284247467 -3.7499999999999996
      vertex 4.575604221956508 -23.00311580537971 -3.7499999999999996
    endloop
  endfacet
  facet normal 0 0 0
    outer loop
      vertex 8.24925769579871 -19.915469808707858 -4.5
      vertex 11.976065940375728 -17.92344930042822 -4.5
      vertex 13.030218401032192 -19.50109994777469 -3.7499999999999996
    endloop
  endfacet
  facet normal 0 0 0
    outer loop
      vertex 8.24925769579871 -19.915469808707858 -4.5
      vertex 13.030218401032192 -19.50109994777469 -3.7499999999999996
      vertex 8.97537053969164 -21.668461284247467 -3.7499999999999996
    endloop
  endfacet
  facet normal 0 0 0
    outer loop
      vertex 11.976065940375728 -17.92344930042822 -4.5
      vertex 15.24264068711928 -15.242640687119287 -4.5
      vertex 16.58432227665176 -16.58432227665177 -3.7499999999999996
    endloop
  endfacet
  facet normal 0 0 0
    outer loop
      vertex 11.976065940375728 -17.92344930042822 -4.5
      vertex 16.58432227665176 -16.58432227665177 -3.7499999999999996
      vertex 13.030218401032192 -19.50109994777469 -3.7499999999999996
    endloop
  endfacet
  facet normal 0 0 0
    outer loop
      vertex 15.24264068711928 -15.242640687119287 -4.5
      vertex 17.923449300428217 -11.976065940375735 -4.5
      vertex 19.501099947774687 -13.0302184010322 -3.7499999999999996
    endloop
  endfacet
  facet normal 0 0 0
    outer loop
      vertex 15.24264068711928 -15.242640687119287 -4.5
      vertex 19.501099947774687 -13.0302184010322 -3.7499999999999996
      vertex 16.58432227665176 -16.58432227665177 -3.7499999999999996
    endloop
  endfacet
  facet normal 0 0 0
    outer loop
      vertex 17.923449300428217 -11.976065940375735 -4.5
      vertex 19.915469808707854 -8.249257695798718 -4.5
      vertex 21.668461284247464 -8.97537053969165 -3.7499999999999996
    endloop
  endfacet
  facet normal 0 0 0
    outer loop
      vertex 17.923449300428217 -11.976065940375735 -4.5
      vertex 21.668461284247464 -8.97537053969165 -3.7499999999999996
      vertex 19.501099947774687 -13.0302184010322 -3.7499999999999996
    endloop
  endfacet
  facet normal 0 0 0
    outer loop
      vertex 19.915469808707854 -8.249257695798718 -4.5
      vertex 21.142149980963 -4.205435104209152 -4.5
      vertex 23.003115805379707 -4.575604221956517 -3.7499999999999996
    endloop
  endfacet
  facet normal 0 0 0
    outer loop
      vertex 19.915469808707854 -8.249257695798718 -4.5
      vertex 23.003115805379707 -4.575604221956517 -3.7499999999999996
      vertex 21.668461284247464 -8.97537053969165 -3.7499999999999996
    endloop
  endfacet
  facet normal 0 0 0
    outer loop
      vertex 21.142149980963 -4.205435104209152 -4.5
      vertex 21.556349186104043 0 -4.5
      vertex 23.453773486407172 0 -3.7499999999999996
    endloop
  endfacet
  facet normal 0 0 0
    outer loop
      vertex 21.142149980963 -4.205435104209152 -4.5
      vertex 23.453773486407172 0 -3.7499999999999996
      vertex 23.003115805379707 -4.575604221956517 -3.7499999999999996
    endloop
  endfacet
  facet normal 0 0 0
    outer loop
      vertex 23.453773486407172 0 -3.7499999999999996
      vertex 23.00311580537971 4.575604221956506 -3.7499999999999996
      vertex 24.571180989134294 4.887511779862749 -3.0000000000000004
    endloop
  endfacet
  facet normal 0 0 0
    outer loop
      vertex 23.453773486407172 0 -3.7499999999999996
      vertex 24.571180989134294 4.887511779862749 -3.0000000000000004
      vertex 25.05255888325765 0 -3.0000000000000004
    endloop
  endfacet
  facet normal 0 0 0
    outer loop
      vertex 23.00311580537971 4.575604221956506 -3.7499999999999996
      vertex 21.66846128424747 8.975370539691635 -3.7499999999999996
      vertex 23.145546389275562 9.587199222973558 -3.0000000000000004
    endloop
  endfacet
  facet normal 0 0 0
    outer loop
      vertex 23.00311580537971 4.575604221956506 -3.7499999999999996
      vertex 23.145546389275562 9.587199222973558 -3.0000000000000004
      vertex 24.571180989134294 4.887511779862749 -3.0000000000000004
    endloop
  endfacet
  facet normal 0 0 0
    outer loop
      vertex 21.66846128424747 8.975370539691635 -3.7499999999999996
      vertex 19.501099947774687 13.0302184010322 -3.7499999999999996
      vertex 20.830441421848924 13.918455976508756 -3.0000000000000004
    endloop
  endfacet
  facet normal 0 0 0
    outer loop
      vertex 21.66846128424747 8.975370539691635 -3.7499999999999996
      vertex 20.830441421848924 13.918455976508756 -3.0000000000000004
      vertex 23.145546389275562 9.587199222973558 -3.0000000000000004
    endloop
  endfacet
  facet normal 0 0 0
    outer loop
      vertex 19.501099947774687 13.0302184010322 -3.7499999999999996
      vertex 16.58432227665177 16.584322276651765 -3.7499999999999996
      vertex 17.714834272426767 17.714834272426764 -3.0000000000000004
    endloop
  endfacet
  facet normal 0 0 0
    outer loop
      vertex 19.501099947774687 13.0302184010322 -3.7499999999999996
      vertex 17.714834272426767 17.714834272426764 -3.0000000000000004
      vertex 20.830441421848924 13.918455976508756 -3.0000000000000004
    endloop
  endfacet
  facet normal 0 0 0
    outer loop
      vertex 16.58432227665177 16.584322276651765 -3.7499999999999996
      vertex 13.030218401032203 19.501099947774687 -3.7499999999999996
      vertex 13.91845597650876 20.830441421848924 -3.0000000000000004
    endloop
  endfacet
  facet normal 0 0 0
    outer loop
      vertex 16.58432227665177 16.584322276651765 -3.7499999999999996
      vertex 13.91845597650876 20.830441421848924 -3.0000000000000004
      vertex 17.714834272426767 17.714834272426764 -3.0000000000000004
    endloop
  endfacet
  facet normal 0 0 0
    outer loop
      vertex 13.030218401032203 19.501099947774687 -3.7499999999999996
      vertex 8.975370539691637 21.66846128424747 -3.7499999999999996
      vertex 9.58719922297356 23.145546389275562 -3.0000000000000004
    endloop
  endfacet
  facet normal 0 0 0
    outer loop
      vertex 13.030218401032203 19.501099947774687 -3.7499999999999996
      vertex 9.58719922297356 23.145546389275562 -3.0000000000000004
      vertex 13.91845597650876 20.830441421848924 -3.0000000000000004
    endloop
  endfacet
  facet normal 0 0 0
    outer loop
      vertex 8.975370539691637 21.66846128424747 -3.7499999999999996
      vertex 4.5756042219565085 23.00311580537971 -3.7499999999999996
      vertex 4.887511779862751 24.571180989134294 -3.0000000000000004
    endloop
  endfacet
  facet normal 0 0 0
    outer loop
      vertex 8.975370539691637 21.66846128424747 -3.7499999999999996
      vertex 4.887511779862751 24.571180989134294 -3.0000000000000004
      vertex 9.58719922297356 23.145546389275562 -3.0000000000000004
    endloop
  endfacet
  facet normal 0 0 0
    outer loop
      vertex 4.5756042219565085 23.00311580537971 -3.7499999999999996
      vertex 1.4361294314027801e-15 23.453773486407172 -3.7499999999999996
      vertex 1.5340268023416034e-15 25.05255888325765 -3.0000000000000004
    endloop
  endfacet
  facet normal 0 0 0
    outer loop
      vertex 4.5756042219565085 23.00311580537971 -3.7499999999999996
      vertex 1.5340268023416034e-15 25.05255888325765 -3.0000000000000004
      vertex 4.887511779862751 24.571180989134294 -3.0000000000000004
    endloop
  endfacet
  facet normal 0 0 0
    outer loop
      vertex 1.4361294314027801e-15 23.453773486407172 -3.7499999999999996
      vertex -4.575604221956505 23.00311580537971 -3.7499999999999996
      vertex -4.887511779862748 24.571180989134294 -3.0000000000000004
    endloop
  endfacet
  facet normal 0 0 0
    outer loop
      vertex 1.4361294314027801e-15 23.453773486407172 -3.7499999999999996
      vertex -4.887511779862748 24.571180989134294 -3.0000000000000004
      vertex 1.5340268023416034e-15 25.05255888325765 -3.0000000000000004
    endloop
  endfacet
  facet normal 0 0 0
    outer loop
      vertex -4.575604221956505 23.00311580537971 -3.7499999999999996
      vertex -8.975370539691633 21.66846128424747 -3.7499999999999996
      vertex -9.587199222973556 23.145546389275562 -3.0000000000000004
    endloop
  endfacet
  facet normal 0 0 0
    outer loop
      vertex -4.575604221956505 23.00311580537971 -3.7499999999999996
      vertex -9.587199222973556 23.145546389275562 -3.0000000000000004
      vertex -4.887511779862748 24.571180989134294 -3.0000000000000004
    endloop
  endfacet
  facet normal 0 0 0
    outer loop
      vertex -8.975370539691633 21.66846128424747 -3.7499999999999996
      vertex -13.030218401032196 19.501099947774687 -3.7499999999999996
      vertex -13.918455976508751 20.830441421848928 -3.0000000000000004
    endloop
  endfacet
  facet normal 0 0 0
    outer loop
      vertex -8.975370539691633 21.66846128424747 -3.7499999999999996
      vertex -13.918455976508751 20.830441421848928 -3.0000000000000004
      vertex -9.587199222973556 23.145546389275562 -3.0000000000000004
    endloop
  endfacet
  facet normal 0 0 0
    outer loop
      vertex -13.030218401032196 19.501099947774687 -3.7499999999999996
      vertex -16.584322276651765 16.58432227665177 -3.7499999999999996
      vertex -17.714834272426764 17.714834272426767 -3.0000000000000004
    endloop
  endfacet
  facet normal 0 0 0
    outer loop
      vertex -13.030218401032196 19.501099947774687 -3.7499999999999996
      vertex -17.714834272426764 17.714834272426767 -3.0000000000000004
      vertex -13.918455976508751 20.830441421848928 -3.0000000000000004
    endloop
  endfacet
  facet normal 0 0 0
    outer loop
      vertex -16.584322276651765 16.58432227665177 -3.7499999999999996
      vertex -19.501099947774687 13.0302184010322 -3.7499999999999996
      vertex -20.830441421848928 13.918455976508756 -3.0000000000000004
    endloop
  endfacet
  facet normal 0 0 0
    outer loop
      vertex -16.584322276651765 16.58432227665177 -3.7499999999999996
      vertex -20.830441421848928 13.918455976508756 -3.0000000000000004
      vertex -17.714834272426764 17.714834272426767 -3.0000000000000004
    endloop
  endfacet
  facet normal 0 0 0
    outer loop
      vertex -19.501099947774687 13.0302184010322 -3.7499999999999996
      vertex -21.66846128424747 8.975370539691637 -3.7499999999999996
      vertex -23.145546389275562 9.587199222973561 -3.0000000000000004
    endloop
  endfacet
  facet normal 0 0 0
    outer loop
      vertex -19.501099947774687 13.0302184010322 -3.7499999999999996
      vertex -23.145546389275562 9.587199222973561 -3.0000000000000004
      vertex -20.830441421848928 13.918455976508756 -3.0000000000000004
    endloop
  endfacet
  facet normal 0 0 0
    outer loop
      vertex -21.66846128424747 8.975370539691637 -3.7499999999999996
      vertex -23.00311580537971 4.575604221956515 -3.7499999999999996
      vertex -24.571180989134294 4.887511779862758 -3.0000000000000004
    endloop
  endfacet
  facet normal 0 0 0
    outer loop
      vertex -21.66846128424747 8.975370539691637 -3.7499999999999996
      vertex -24.571180989134294 4.887511779862758 -3.0000000000000004
      vertex -23.145546389275562 9.587199222973561 -3.0000000000000004
    endloop
  endfacet
  facet normal 0 0 0
    outer loop
      vertex -23.00311580537971 4.575604221956515 -3.7499999999999996
      vertex -23.453773486407172 2.8722588628055602e-15 -3.7499999999999996
      vertex -25.05255888325765 3.068053604683207e-15 -3.0000000000000004
    endloop
  endfacet
  facet normal 0 0 0
    outer loop
      vertex -23.00311580537971 4.575604221956515 -3.7499999999999996
      vertex -25.05255888325765 3.068053604683207e-15 -3.0000000000000004
      vertex -24.571180989134294 4.887511779862758 -3.0000000000000004
    endloop
  endfacet
  facet normal 0 0 0
    outer loop
      vertex -23.453773486407172 2.8722588628055602e-15 -3.7499999999999996
      vertex -23.00311580537971 -4.5756042219565085 -3.7499999999999996
      vertex -24.571180989134294 -4.887511779862752 -3.0000000000000004
    endloop
  endfacet
  facet normal 0 0 0
    outer loop
      vertex -23.453773486407172 2.8722588628055602e-15 -3.7499999999999996
      vertex -24.571180989134294 -4.887511779862752 -3.0000000000000004
      vertex -25.05255888325765 3.068053604683207e-15 -3.0000000000000004
    endloop
  endfacet
  facet normal 0 0 0
    outer loop
      vertex -23.00311580537971 -4.5756042219565085 -3.7499999999999996
      vertex -21.668461284247474 -8.975370539691632 -3.7499999999999996
      vertex -23.145546389275562 -9.587199222973554 -3.0000000000000004
    endloop
  endfacet
  facet normal 0 0 0
    outer loop
      vertex -23.00311580537971 -4.5756042219565085 -3.7499999999999996
      vertex -23.145546389275562 -9.587199222973554 -3.0000000000000004
      vertex -24.571180989134294 -4.887511779862752 -3.0000000000000004
    endloop
  endfacet
  facet normal 0 0 0
    outer loop
      vertex -21.668461284247474 -8.975370539691632 -3.7499999999999996
      vertex -19.50109994777469 -13.030218401032196 -3.7499999999999996
      vertex -20.830441421848928 -13.918455976508751 -3.0000000000000004
    endloop
  endfacet
  facet normal 0 0 0
    outer loop
      vertex -21.668461284247474 -8.975370539691632 -3.7499999999999996
      vertex -20.830441421848928 -13.918455976508751 -3.0000000000000004
      vertex -23.145546389275562 -9.587199222973554 -3.0000000000000004
    endloop
  endfacet
  facet normal 0 0 0
    outer loop
      vertex -19.50109994777469 -13.030218401032196 -3.7499999999999996
      vertex -16.58432227665177 -16.584322276651765 -3.7499999999999996
      vertex -17.714834272426767 -17.714834272426764 -3.0000000000000004
    endloop
  endfacet
  facet normal 0 0 0
    outer loop
      vertex -19.50109994777469 -13.030218401032196 -3.7499999999999996
      vertex -17.714834272426767 -17.714834272426764 -3.0000000000000004
      vertex -20.830441421848928 -13.918455976508751 -3.0000000000000004
    endloop
  endfacet
  facet normal 0 0 0
    outer loop
      vertex -16.58432227665177 -16.584322276651765 -3.7499999999999996
      vertex -13.0302184010322 -19.501099947774687 -3.7499999999999996
      vertex -13.918455976508756 -20.830441421848924 -3.0000000000000004
    endloop
  endfacet
  facet normal 0 0 0
    outer loop
      vertex -16.58432227665177 -16.584322276651765 -3.7499999999999996
      vertex -13.918455976508756 -20.830441421848924 -3.0000000000000004
      vertex -17.714834272426767 -17.714834272426764 -3.0000000000000004
    endloop
  endfacet
  facet normal 0 0 0
    outer loop
      vertex -13.0302184010322 -19.501099947774687 -3.7499999999999996
      vertex -8.975370539691648 -21.668461284247464 -3.7499999999999996
      vertex -9.587199222973572 -23.145546389275555 -3.0000000000000004
    endloop
  endfacet
  facet normal 0 0 0
    outer loop
      vertex -13.0302184010322 -19.501099947774687 -3.7499999999999996
      vertex -9.587199222973572 -23.145546389275555 -3.0000000000000004
      vertex -13.918455976508756 -20.830441421848924 -3.0000000000000004
    endloop
  endfacet
  facet normal 0 0 0
    outer loop
      vertex -8.975370539691648 -21.668461284247464 -3.7499999999999996
      vertex -4.575604221956516 -23.003115805379707 -3.7499999999999996
      vertex -4.887511779862759 -24.57118098913429 -3.0000000000000004
    endloop
  endfacet
  facet normal 0 0 0
    outer loop
      vertex -8.975370539691648 -21.668461284247464 -3.7499999999999996
      vertex -4.887511779862759 -24.57118098913429 -3.0000000000000004
      vertex -9.587199222973572 -23.145546389275555 -3.0000000000000004
    endloop
  endfacet
  facet normal 0 0 0
    outer loop
      vertex -4.575604221956516 -23.003115805379707 -3.7499999999999996
      vertex -4.30838829420834e-15 -23.453773486407172 -3.7499999999999996
      vertex -4.60208040702481e-15 -25.05255888325765 -3.0000000000000004
    endloop
  endfacet
  facet normal 0 0 0
    outer loop
      vertex -4.575604221956516 -23.003115805379707 -3.7499999999999996
      vertex -4.60208040702481e-15 -25.05255888325765 -3.0000000000000004
      vertex -4.887511779862759 -24.57118098913429 -3.0000000000000004
    endloop
  endfacet
  facet normal 0 0 0
    outer loop
      vertex -4.30838829420834e-15 -23.453773486407172 -3.7499999999999996
      vertex 4.575604221956508 -23.00311580537971 -3.7499999999999996
      vertex 4.88751177986275 -24.571180989134294 -3.0000000000000004
    endloop
  endfacet
  facet normal 0 0 0
    outer loop
      vertex -4.30838829420834e-15 -23.453773486407172 -3.7499999999999996
      vertex 4.88751177986275 -24.571180989134294 -3.0000000000000004
      vertex -4.60208040702481e-15 -25.05255888325765 -3.0000000000000004
    endloop
  endfacet
  facet normal 0 0 0
    outer loop
      vertex 4.575604221956508 -23.00311580537971 -3.7499999999999996
      vertex 8.97537053969164 -21.668461284247467 -3.7499999999999996
      vertex 9.587199222973563 -23.14554638927556 -3.0000000000000004
    endloop
  endfacet
  facet normal 0 0 0
    outer loop
      vertex 4.575604221956508 -23.00311580537971 -3.7499999999999996
      vertex 9.587199222973563 -23.14554638927556 -3.0000000000000004
      vertex 4.88751177986275 -24.571180989134294 -3.0000000000000004
    endloop
  endfacet
  facet normal 0 0 0
    outer loop
      vertex 8.97537053969164 -21.668461284247467 -3.7499999999999996
      vertex 13.030218401032192 -19.50109994777469 -3.7499999999999996
      vertex 13.91845597650875 -20.830441421848928 -3.0000000000000004
    endloop
  endfacet
  facet normal 0 0 0
    outer loop
      vertex 8.97537053969164 -21.668461284247467 -3.7499999999999996
      vertex 13.91845597650875 -20.830441421848928 -3.0000000000000004
      vertex 9.587199222973563 -23.14554638927556 -3.0000000000000004
    endloop
  endfacet
  facet normal 0 0 0
    outer loop
      vertex 13.030218401032192 -19.50109994777469 -3.7499999999999996
      vertex 16.58432227665176 -16.58432227665177 -3.7499999999999996
      vertex 17.71483427242676 -17.714834272426767 -3.0000000000000004
    endloop
  endfacet
  facet normal 0 0 0
    outer loop
      vertex 13.030218401032192 -19.50109994777469 -3.7499999999999996
      vertex 17.71483427242676 -17.714834272426767 -3.0000000000000004
      vertex 13.91845597650875 -20.830441421848928 -3.0000000000000004
    endloop
  endfacet
  facet normal 0 0 0
    outer loop
      vertex 16.58432227665176 -16.58432227665177 -3.7499999999999996
      vertex 19.501099947774687 -13.0302184010322 -3.7499999999999996
      vertex 20.830441421848924 -13.918455976508756 -3.0000000000000004
    endloop
  endfacet
  facet normal 0 0 0
    outer loop
      vertex 16.58432227665176 -16.58432227665177 -3.7499999999999996
      vertex 20.830441421848924 -13.918455976508756 -3.0000000000000004
      vertex 17.71483427242676 -17.714834272426767 -3.0000000000000004
    endloop
  endfacet
  facet normal 0 0 0
    outer loop
      vertex 19.501099947774687 -13.0302184010322 -3.7499999999999996
      vertex 21.668461284247464 -8.97537053969165 -3.7499999999999996
      vertex 23.145546389275555 -9.587199222973574 -3.0000000000000004
    endloop
  endfacet
  facet normal 0 0 0
    outer loop
      vertex 19.501099947774687 -13.0302184010322 -3.7499999999999996
      vertex 23.145546389275555 -9.587199222973574 -3.0000000000000004
      vertex 20.830441421848924 -13.918455976508756 -3.0000000000000004
    endloop
  endfacet
  facet normal 0 0 0
    outer loop
      vertex 21.668461284247464 -8.97537053969165 -3.7499999999999996
      vertex 23.003115805379707 -4.575604221956517 -3.7499999999999996
      vertex 24.57118098913429 -4.887511779862761 -3.0000000000000004
    endloop
  endfacet
  facet normal 0 0 0
    outer loop
      vertex 21.668461284247464 -8.97537053969165 -3.7499999999999996
      vertex 24.57118098913429 -4.887511779862761 -3.0000000000000004
      vertex 23.145546389275555 -9.587199222973574 -3.0000000000000004
    endloop
  endfacet
  facet normal 0 0 0
    outer loop
      vertex 23.003115805379707 -4.575604221956517 -3.7499999999999996
      vertex 23.453773486407172 0 -3.7499999999999996
      vertex 25.05255888325765 0 -3.0000000000000004
    endloop
  endfacet
  facet normal 0 0 0
    outer loop
      vertex 23.003115805379707 -4.575604221956517 -3.7499999999999996
      vertex 25.05255888325765 0 -3.0000000000000004
      vertex 24.57118098913429 -4.887511779862761 -3.0000000000000004
    endloop
  endfacet
  facet normal 0 0 0
    outer loop
      vertex 25.05255888325765 0 -3.0000000000000004
      vertex 24.571180989134294 4.887511779862749 -3.0000000000000004
      vertex 25.819515502182913 5.135820953134982 -2.25
    endloop
  endfacet
  facet normal 0 0 0
    outer loop
      vertex 25.05255888325765 0 -3.0000000000000004
      vertex 25.819515502182913 5.135820953134982 -2.25
      vertex 26.325349715248308 0 -2.25
    endloop
  endfacet
  facet normal 0 0 0
    outer loop
      vertex 24.571180989134294 4.887511779862749 -3.0000000000000004
      vertex 23.145546389275562 9.587199222973558 -3.0000000000000004
      vertex 24.32145178811974 10.074275187242561 -2.25
    endloop
  endfacet
  facet normal 0 0 0
    outer loop
      vertex 24.571180989134294 4.887511779862749 -3.0000000000000004
      vertex 24.32145178811974 10.074275187242561 -2.25
      vertex 25.819515502182913 5.135820953134982 -2.25
    endloop
  endfacet
  facet normal 0 0 0
    outer loop
      vertex 23.145546389275562 9.587199222973558 -3.0000000000000004
      vertex 20.830441421848924 13.918455976508756 -3.0000000000000004
      vertex 21.88872832146643 14.62558067562302 -2.25
    endloop
  endfacet
  facet normal 0 0 0
    outer loop
      vertex 23.145546389275562 9.587199222973558 -3.0000000000000004
      vertex 21.88872832146643 14.62558067562302 -2.25
      vertex 24.32145178811974 10.074275187242561 -2.25
    endloop
  endfacet
  facet normal 0 0 0
    outer loop
      vertex 20.830441421848924 13.918455976508756 -3.0000000000000004
      vertex 17.714834272426767 17.714834272426764 -3.0000000000000004
      vertex 18.61483330075943 18.614833300759425 -2.25
    endloop
  endfacet
  facet normal 0 0 0
    outer loop
      vertex 20.830441421848924 13.918455976508756 -3.0000000000000004
      vertex 18.61483330075943 18.614833300759425 -2.25
      vertex 21.88872832146643 14.62558067562302 -2.25
    endloop
  endfacet
  facet normal 0 0 0
    outer loop
      vertex 17.714834272426767 17.714834272426764 -3.0000000000000004
      vertex 13.91845597650876 20.830441421848924 -3.0000000000000004
      vertex 14.625580675623024 21.88872832146643 -2.25
    endloop
  endfacet
  facet normal 0 0 0
    outer loop
      vertex 17.714834272426767 17.714834272426764 -3.0000000000000004
      vertex 14.625580675623024 21.88872832146643 -2.25
      vertex 18.61483330075943 18.614833300759425 -2.25
    endloop
  endfacet
  facet normal 0 0 0
    outer loop
      vertex 13.91845597650876 20.830441421848924 -3.0000000000000004
      vertex 9.58719922297356 23.145546389275562 -3.0000000000000004
      vertex 10.074275187242563 24.32145178811974 -2.25
    endloop
  endfacet
  facet normal 0 0 0
    outer loop
      vertex 13.91845597650876 20.830441421848924 -3.0000000000000004
      vertex 10.074275187242563 24.32145178811974 -2.25
      vertex 14.625580675623024 21.88872832146643 -2.25
    endloop
  endfacet
  facet normal 0 0 0
    outer loop
      vertex 9.58719922297356 23.145546389275562 -3.0000000000000004
      vertex 4.887511779862751 24.571180989134294 -3.0000000000000004
      vertex 5.135820953134985 25.819515502182913 -2.25
    endloop
  endfacet
  facet normal 0 0 0
    outer loop
      vertex 9.58719922297356 23.145546389275562 -3.0000000000000004
      vertex 5.135820953134985 25.819515502182913 -2.25
      vertex 10.074275187242563 24.32145178811974 -2.25
    endloop
  endfacet
  facet normal 0 0 0
    outer loop
      vertex 4.887511779862751 24.571180989134294 -3.0000000000000004
      vertex 1.5340268023416034e-15 25.05255888325765 -3.0000000000000004
      vertex 1.6119627632606762e-15 26.325349715248308 -2.25
    endloop
  endfacet
  facet normal 0 0 0
    outer loop
      vertex 4.887511779862751 24.571180989134294 -3.0000000000000004
      vertex 1.6119627632606762e-15 26.325349715248308 -2.25
      vertex 5.135820953134985 25.819515502182913 -2.25
    endloop
  endfacet
  facet normal 0 0 0
    outer loop
      vertex 1.5340268023416034e-15 25.05255888325765 -3.0000000000000004
      vertex -4.887511779862748 24.571180989134294 -3.0000000000000004
      vertex -5.1358209531349805 25.819515502182913 -2.25
    endloop
  endfacet
  facet normal 0 0 0
    outer loop
      vertex 1.5340268023416034e-15 25.05255888325765 -3.0000000000000004
      vertex -5.1358209531349805 25.819515502182913 -2.25
      vertex 1.6119627632606762e-15 26.325349715248308 -2.25
    endloop
  endfacet
  facet normal 0 0 0
    outer loop
      vertex -4.887511779862748 24.571180989134294 -3.0000000000000004
      vertex -9.587199222973556 23.145546389275562 -3.0000000000000004
      vertex -10.07427518724256 24.32145178811974 -2.25
    endloop
  endfacet
  facet normal 0 0 0
    outer loop
      vertex -4.887511779862748 24.571180989134294 -3.0000000000000004
      vertex -10.07427518724256 24.32145178811974 -2.25
      vertex -5.1358209531349805 25.819515502182913 -2.25
    endloop
  endfacet
  facet normal 0 0 0
    outer loop
      vertex -9.587199222973556 23.145546389275562 -3.0000000000000004
      vertex -13.918455976508751 20.830441421848928 -3.0000000000000004
      vertex -14.625580675623015 21.888728321466434 -2.25
    endloop
  endfacet
  facet normal 0 0 0
    outer loop
      vertex -9.587199222973556 23.145546389275562 -3.0000000000000004
      vertex -14.625580675623015 21.888728321466434 -2.25
      vertex -10.07427518724256 24.32145178811974 -2.25
    endloop
  endfacet
  facet normal 0 0 0
    outer loop
      vertex -13.918455976508751 20.830441421848928 -3.0000000000000004
      vertex -17.714834272426764 17.714834272426767 -3.0000000000000004
      vertex -18.614833300759425 18.61483330075943 -2.25
    endloop
  endfacet
  facet normal 0 0 0
    outer loop
      vertex -13.918455976508751 20.830441421848928 -3.0000000000000004
      vertex -18.614833300759425 18.61483330075943 -2.25
      vertex -14.625580675623015 21.888728321466434 -2.25
    endloop
  endfacet
  facet normal 0 0 0
    outer loop
      vertex -17.714834272426764 17.714834272426767 -3.0000000000000004
      vertex -20.830441421848928 13.918455976508756 -3.0000000000000004
      vertex -21.888728321466434 14.62558067562302 -2.25
    endloop
  endfacet
  facet normal 0 0 0
    outer loop
      vertex -17.714834272426764 17.714834272426767 -3.0000000000000004
      vertex -21.888728321466434 14.62558067562302 -2.25
      vertex -18.614833300759425 18.61483330075943 -2.25
    endloop
  endfacet
  facet normal 0 0 0
    outer loop
      vertex -20.830441421848928 13.918455976508756 -3.0000000000000004
      vertex -23.145546389275562 9.587199222973561 -3.0000000000000004
      vertex -24.32145178811974 10.074275187242565 -2.25
    endloop
  endfacet
  facet normal 0 0 0
    outer loop
      vertex -20.830441421848928 13.918455976508756 -3.0000000000000004
      vertex -24.32145178811974 10.074275187242565 -2.25
      vertex -21.888728321466434 14.62558067562302 -2.25
    endloop
  endfacet
  facet normal 0 0 0
    outer loop
      vertex -23.145546389275562 9.587199222973561 -3.0000000000000004
      vertex -24.571180989134294 4.887511779862758 -3.0000000000000004
      vertex -25.819515502182913 5.135820953134992 -2.25
    endloop
  endfacet
  facet normal 0 0 0
    outer loop
      vertex -23.145546389275562 9.587199222973561 -3.0000000000000004
      vertex -25.819515502182913 5.135820953134992 -2.25
      vertex -24.32145178811974 10.074275187242565 -2.25
    endloop
  endfacet
  facet normal 0 0 0
    outer loop
      vertex -24.571180989134294 4.887511779862758 -3.0000000000000004
      vertex -25.05255888325765 3.068053604683207e-15 -3.0000000000000004
      vertex -26.325349715248308 3.2239255265213525e-15 -2.25
    endloop
  endfacet
  facet normal 0 0 0
    outer loop
      vertex -24.571180989134294 4.887511779862758 -3.0000000000000004
      vertex -26.325349715248308 3.2239255265213525e-15 -2.25
      vertex -25.819515502182913 5.135820953134992 -2.25
    endloop
  endfacet
  facet normal 0 0 0
    outer loop
      vertex -25.05255888325765 3.068053604683207e-15 -3.0000000000000004
      vertex -24.571180989134294 -4.887511779862752 -3.0000000000000004
      vertex -25.819515502182913 -5.135820953134985 -2.25
    endloop
  endfacet
  facet normal 0 0 0
    outer loop
      vertex -25.05255888325765 3.068053604683207e-15 -3.0000000000000004
      vertex -25.819515502182913 -5.135820953134985 -2.25
      vertex -26.325349715248308 3.2239255265213525e-15 -2.25
    endloop
  endfacet
  facet normal 0 0 0
    outer loop
      vertex -24.571180989134294 -4.887511779862752 -3.0000000000000004
      vertex -23.145546389275562 -9.587199222973554 -3.0000000000000004
      vertex -24.321451788119745 -10.074275187242558 -2.25
    endloop
  endfacet
  facet normal 0 0 0
    outer loop
      vertex -24.571180989134294 -4.887511779862752 -3.0000000000000004
      vertex -24.321451788119745 -10.074275187242558 -2.25
      vertex -25.819515502182913 -5.135820953134985 -2.25
    endloop
  endfacet
  facet normal 0 0 0
    outer loop
      vertex -23.145546389275562 -9.587199222973554 -3.0000000000000004
      vertex -20.830441421848928 -13.918455976508751 -3.0000000000000004
      vertex -21.888728321466434 -14.625580675623015 -2.25
    endloop
  endfacet
  facet normal 0 0 0
    outer loop
      vertex -23.145546389275562 -9.587199222973554 -3.0000000000000004
      vertex -21.888728321466434 -14.625580675623015 -2.25
      vertex -24.321451788119745 -10.074275187242558 -2.25
    endloop
  endfacet
  facet normal 0 0 0
    outer loop
      vertex -20.830441421848928 -13.918455976508751 -3.0000000000000004
      vertex -17.714834272426767 -17.714834272426764 -3.0000000000000004
      vertex -18.61483330075943 -18.614833300759425 -2.25
    endloop
  endfacet
  facet normal 0 0 0
    outer loop
      vertex -20.830441421848928 -13.918455976508751 -3.0000000000000004
      vertex -18.61483330075943 -18.614833300759425 -2.25
      vertex -21.888728321466434 -14.625580675623015 -2.25
    endloop
  endfacet
  facet normal 0 0 0
    outer loop
      vertex -17.714834272426767 -17.714834272426764 -3.0000000000000004
      vertex -13.918455976508756 -20.830441421848924 -3.0000000000000004
      vertex -14.62558067562302 -21.88872832146643 -2.25
    endloop
  endfacet
  facet normal 0 0 0
    outer loop
      vertex -17.714834272426767 -17.714834272426764 -3.0000000000000004
      vertex -14.62558067562302 -21.88872832146643 -2.25
      vertex -18.61483330075943 -18.614833300759425 -2.25
    endloop
  endfacet
  facet normal 0 0 0
    outer loop
      vertex -13.918455976508756 -20.830441421848924 -3.0000000000000004
      vertex -9.587199222973572 -23.145546389275555 -3.0000000000000004
      vertex -10.074275187242575 -24.321451788119735 -2.25
    endloop
  endfacet
  facet normal 0 0 0
    outer loop
      vertex -13.918455976508756 -20.830441421848924 -3.0000000000000004
      vertex -10.074275187242575 -24.321451788119735 -2.25
      vertex -14.62558067562302 -21.88872832146643 -2.25
    endloop
  endfacet
  facet normal 0 0 0
    outer loop
      vertex -9.587199222973572 -23.145546389275555 -3.0000000000000004
      vertex -4.887511779862759 -24.57118098913429 -3.0000000000000004
      vertex -5.135820953134993 -25.81951550218291 -2.25
    endloop
  endfacet
  facet normal 0 0 0
    outer loop
      vertex -9.587199222973572 -23.145546389275555 -3.0000000000000004
      vertex -5.135820953134993 -25.81951550218291 -2.25
      vertex -10.074275187242575 -24.321451788119735 -2.25
    endloop
  endfacet
  facet normal 0 0 0
    outer loop
      vertex -4.887511779862759 -24.57118098913429 -3.0000000000000004
      vertex -4.60208040702481e-15 -25.05255888325765 -3.0000000000000004
      vertex -4.835888289782028e-15 -26.325349715248308 -2.25
    endloop
  endfacet
  facet normal 0 0 0
    outer loop
      vertex -4.887511779862759 -24.57118098913429 -3.0000000000000004
      vertex -4.835888289782028e-15 -26.325349715248308 -2.25
      vertex -5.135820953134993 -25.81951550218291 -2.25
    endloop
  endfacet
  facet normal 0 0 0
    outer loop
      vertex -4.60208040702481e-15 -25.05255888325765 -3.0000000000000004
      vertex 4.88751177986275 -24.571180989134294 -3.0000000000000004
      vertex 5.135820953134984 -25.819515502182913 -2.25
    endloop
  endfacet
  facet normal 0 0 0
    outer loop
      vertex -4.60208040702481e-15 -25.05255888325765 -3.0000000000000004
      vertex 5.135820953134984 -25.819515502182913 -2.25
      vertex -4.835888289782028e-15 -26.325349715248308 -2.25
    endloop
  endfacet
  facet normal 0 0 0
    outer loop
      vertex 4.88751177986275 -24.571180989134294 -3.0000000000000004
      vertex 9.587199222973563 -23.14554638927556 -3.0000000000000004
      vertex 10.074275187242566 -24.321451788119738 -2.25
    endloop
  endfacet
  facet normal 0 0 0
    outer loop
      vertex 4.88751177986275 -24.571180989134294 -3.0000000000000004
      vertex 10.074275187242566 -24.321451788119738 -2.25
      vertex 5.135820953134984 -25.819515502182913 -2.25
    endloop
  endfacet
  facet normal 0 0 0
    outer loop
      vertex 9.587199222973563 -23.14554638927556 -3.0000000000000004
      vertex 13.91845597650875 -20.830441421848928 -3.0000000000000004
      vertex 14.625580675623011 -21.888728321466434 -2.25
    endloop
  endfacet
  facet normal 0 0 0
    outer loop
      vertex 9.587199222973563 -23.14554638927556 -3.0000000000000004
      vertex 14.625580675623011 -21.888728321466434 -2.25
      vertex 10.074275187242566 -24.321451788119738 -2.25
    endloop
  endfacet
  facet normal 0 0 0
    outer loop
      vertex 13.91845597650875 -20.830441421848928 -3.0000000000000004
      vertex 17.71483427242676 -17.714834272426767 -3.0000000000000004
      vertex 18.61483330075942 -18.61483330075943 -2.25
    endloop
  endfacet
  facet normal 0 0 0
    outer loop
      vertex 13.91845597650875 -20.830441421848928 -3.0000000000000004
      vertex 18.61483330075942 -18.61483330075943 -2.25
      vertex 14.625580675623011 -21.888728321466434 -2.25
    endloop
  endfacet
  facet normal 0 0 0
    outer loop
      vertex 17.71483427242676 -17.714834272426767 -3.0000000000000004
      vertex 20.830441421848924 -13.918455976508756 -3.0000000000000004
      vertex 21.88872832146643 -14.62558067562302 -2.25
    endloop
  endfacet
  facet normal 0 0 0
    outer loop
      vertex 17.71483427242676 -17.714834272426767 -3.0000000000000004
      vertex 21.88872832146643 -14.62558067562302 -2.25
      vertex 18.61483330075942 -18.61483330075943 -2.25
    endloop
  endfacet
  facet normal 0 0 0
    outer loop
      vertex 20.830441421848924 -13.918455976508756 -3.0000000000000004
      vertex 23.145546389275555 -9.587199222973574 -3.0000000000000004
      vertex 24.321451788119735 -10.074275187242577 -2.25
    endloop
  endfacet
  facet normal 0 0 0
    outer loop
      vertex 20.830441421848924 -13.918455976508756 -3.0000000000000004
      vertex 24.321451788119735 -10.074275187242577 -2.25
      vertex 21.88872832146643 -14.62558067562302 -2.25
    endloop
  endfacet
  facet normal 0 0 0
    outer loop
      vertex 23.145546389275555 -9.587199222973574 -3.0000000000000004
      vertex 24.57118098913429 -4.887511779862761 -3.0000000000000004
      vertex 25.81951550218291 -5.135820953134995 -2.25
    endloop
  endfacet
  facet normal 0 0 0
    outer loop
      vertex 23.145546389275555 -9.587199222973574 -3.0000000000000004
      vertex 25.81951550218291 -5.135820953134995 -2.25
      vertex 24.321451788119735 -10.074275187242577 -2.25
    endloop
  endfacet
  facet normal 0 0 0
    outer loop
      vertex 24.57118098913429 -4.887511779862761 -3.0000000000000004
      vertex 25.05255888325765 0 -3.0000000000000004
      vertex 26.325349715248308 0 -2.25
    endloop
  endfacet
  facet normal 0 0 0
    outer loop
      vertex 24.57118098913429 -4.887511779862761 -3.0000000000000004
      vertex 26.325349715248308 0 -2.25
      vertex 25.81951550218291 -5.135820953134995 -2.25
    endloop
  endfacet
  facet normal 0 0 0
    outer loop
      vertex 26.325349715248308 0 -2.25
      vertex 25.819515502182913 5.135820953134982 -2.25
      vertex 26.726759994903592 5.316283102974209 -1.4999999999999996
    endloop
  endfacet
  facet normal 0 0 0
    outer loop
      vertex 26.325349715248308 0 -2.25
      vertex 26.726759994903592 5.316283102974209 -1.4999999999999996
      vertex 27.2503681783595 0 -1.4999999999999996
    endloop
  endfacet
  facet normal 0 0 0
    outer loop
      vertex 25.819515502182913 5.135820953134982 -2.25
      vertex 24.32145178811974 10.074275187242561 -2.25
      vertex 25.17605741338322 10.428264427707033 -1.4999999999999996
    endloop
  endfacet
  facet normal 0 0 0
    outer loop
      vertex 25.819515502182913 5.135820953134982 -2.25
      vertex 25.17605741338322 10.428264427707033 -1.4999999999999996
      vertex 26.726759994903592 5.316283102974209 -1.4999999999999996
    endloop
  endfacet
  facet normal 0 0 0
    outer loop
      vertex 24.32145178811974 10.074275187242561 -2.25
      vertex 21.88872832146643 14.62558067562302 -2.25
      vertex 22.65785306436219 15.13949339872114 -1.4999999999999996
    endloop
  endfacet
  facet normal 0 0 0
    outer loop
      vertex 24.32145178811974 10.074275187242561 -2.25
      vertex 22.65785306436219 15.13949339872114 -1.4999999999999996
      vertex 25.17605741338322 10.428264427707033 -1.4999999999999996
    endloop
  endfacet
  facet normal 0 0 0
    outer loop
      vertex 21.88872832146643 14.62558067562302 -2.25
      vertex 18.61483330075943 18.614833300759425 -2.25
      vertex 19.26892012874811 19.268920128748107 -1.4999999999999996
    endloop
  endfacet
  facet normal 0 0 0
    outer loop
      vertex 21.88872832146643 14.62558067562302 -2.25
      vertex 19.26892012874811 19.268920128748107 -1.4999999999999996
      vertex 22.65785306436219 15.13949339872114 -1.4999999999999996
    endloop
  endfacet
  facet normal 0 0 0
    outer loop
      vertex 18.61483330075943 18.614833300759425 -2.25
      vertex 14.625580675623024 21.88872832146643 -2.25
      vertex 15.139493398721143 22.65785306436219 -1.4999999999999996
    endloop
  endfacet
  facet normal 0 0 0
    outer loop
      vertex 18.61483330075943 18.614833300759425 -2.25
      vertex 15.139493398721143 22.65785306436219 -1.4999999999999996
      vertex 19.26892012874811 19.268920128748107 -1.4999999999999996
    endloop
  endfacet
  facet normal 0 0 0
    outer loop
      vertex 14.625580675623024 21.88872832146643 -2.25
      vertex 10.074275187242563 24.32145178811974 -2.25
      vertex 10.428264427707035 25.17605741338322 -1.4999999999999996
    endloop
  endfacet
  facet normal 0 0 0
    outer loop
      vertex 14.625580675623024 21.88872832146643 -2.25
      vertex 10.428264427707035 25.17605741338322 -1.4999999999999996
      vertex 15.139493398721143 22.65785306436219 -1.4999999999999996
    endloop
  endfacet
  facet normal 0 0 0
    outer loop
      vertex 10.074275187242563 24.32145178811974 -2.25
      vertex 5.135820953134985 25.819515502182913 -2.25
      vertex 5.316283102974212 26.726759994903592 -1.4999999999999996
    endloop
  endfacet
  facet normal 0 0 0
    outer loop
      vertex 10.074275187242563 24.32145178811974 -2.25
      vertex 5.316283102974212 26.726759994903592 -1.4999999999999996
      vertex 10.428264427707035 25.17605741338322 -1.4999999999999996
    endloop
  endfacet
  facet normal 0 0 0
    outer loop
      vertex 5.135820953134985 25.819515502182913 -2.25
      vertex 1.6119627632606762e-15 26.325349715248308 -2.25
      vertex 1.6686038082607426e-15 27.2503681783595 -1.4999999999999996
    endloop
  endfacet
  facet normal 0 0 0
    outer loop
      vertex 5.135820953134985 25.819515502182913 -2.25
      vertex 1.6686038082607426e-15 27.2503681783595 -1.4999999999999996
      vertex 5.316283102974212 26.726759994903592 -1.4999999999999996
    endloop
  endfacet
  facet normal 0 0 0
    outer loop
      vertex 1.6119627632606762e-15 26.325349715248308 -2.25
      vertex -5.1358209531349805 25.819515502182913 -2.25
      vertex -5.316283102974208 26.726759994903592 -1.4999999999999996
    endloop
  endfacet
  facet normal 0 0 0
    outer loop
      vertex 1.6119627632606762e-15 26.325349715248308 -2.25
      vertex -5.316283102974208 26.726759994903592 -1.4999999999999996
      vertex 1.6686038082607426e-15 27.2503681783595 -1.4999999999999996
    endloop
  endfacet
  facet normal 0 0 0
    outer loop
      vertex -5.1358209531349805 25.819515502182913 -2.25
      vertex -10.07427518724256 24.32145178811974 -2.25
      vertex -10.428264427707031 25.17605741338322 -1.4999999999999996
    endloop
  endfacet
  facet normal 0 0 0
    outer loop
      vertex -5.1358209531349805 25.819515502182913 -2.25
      vertex -10.428264427707031 25.17605741338322 -1.4999999999999996
      vertex -5.316283102974208 26.726759994903592 -1.4999999999999996
    endloop
  endfacet
  facet normal 0 0 0
    outer loop
      vertex -10.07427518724256 24.32145178811974 -2.25
      vertex -14.625580675623015 21.888728321466434 -2.25
      vertex -15.139493398721134 22.657853064362193 -1.4999999999999996
    endloop
  endfacet
  facet normal 0 0 0
    outer loop
      vertex -10.07427518724256 24.32145178811974 -2.25
      vertex -15.139493398721134 22.657853064362193 -1.4999999999999996
      vertex -10.428264427707031 25.17605741338322 -1.4999999999999996
    endloop
  endfacet
  facet normal 0 0 0
    outer loop
      vertex -14.625580675623015 21.888728321466434 -2.25
      vertex -18.614833300759425 18.61483330075943 -2.25
      vertex -19.268920128748107 19.26892012874811 -1.4999999999999996
    endloop
  endfacet
  facet normal 0 0 0
    outer loop
      vertex -14.625580675623015 21.888728321466434 -2.25
      vertex -19.268920128748107 19.26892012874811 -1.4999999999999996
      vertex -15.139493398721134 22.657853064362193 -1.4999999999999996
    endloop
  endfacet
  facet normal 0 0 0
    outer loop
      vertex -18.614833300759425 18.61483330075943 -2.25
      vertex -21.888728321466434 14.62558067562302 -2.25
      vertex -22.657853064362193 15.13949339872114 -1.4999999999999996
    endloop
  endfacet
  facet normal 0 0 0
    outer loop
      vertex -18.614833300759425 18.61483330075943 -2.25
      vertex -22.657853064362193 15.13949339872114 -1.4999999999999996
      vertex -19.268920128748107 19.26892012874811 -1.4999999999999996
    endloop
  endfacet
  facet normal 0 0 0
    outer loop
      vertex -21.888728321466434 14.62558067562302 -2.25
      vertex -24.32145178811974 10.074275187242565 -2.25
      vertex -25.17605741338322 10.428264427707036 -1.4999999999999996
    endloop
  endfacet
  facet normal 0 0 0
    outer loop
      vertex -21.888728321466434 14.62558067562302 -2.25
      vertex -25.17605741338322 10.428264427707036 -1.4999999999999996
      vertex -22.657853064362193 15.13949339872114 -1.4999999999999996
    endloop
  endfacet
  facet normal 0 0 0
    outer loop
      vertex -24.32145178811974 10.074275187242565 -2.25
      vertex -25.819515502182913 5.135820953134992 -2.25
      vertex -26.726759994903592 5.316283102974219 -1.4999999999999996
    endloop
  endfacet
  facet normal 0 0 0
    outer loop
      vertex -24.32145178811974 10.074275187242565 -2.25
      vertex -26.726759994903592 5.316283102974219 -1.4999999999999996
      vertex -25.17605741338322 10.428264427707036 -1.4999999999999996
    endloop
  endfacet
  facet normal 0 0 0
    outer loop
      vertex -25.819515502182913 5.135820953134992 -2.25
      vertex -26.325349715248308 3.2239255265213525e-15 -2.25
      vertex -27.2503681783595 3.337207616521485e-15 -1.4999999999999996
    endloop
  endfacet
  facet normal 0 0 0
    outer loop
      vertex -25.819515502182913 5.135820953134992 -2.25
      vertex -27.2503681783595 3.337207616521485e-15 -1.4999999999999996
      vertex -26.726759994903592 5.316283102974219 -1.4999999999999996
    endloop
  endfacet
  facet normal 0 0 0
    outer loop
      vertex -26.325349715248308 3.2239255265213525e-15 -2.25
      vertex -25.819515502182913 -5.135820953134985 -2.25
      vertex -26.726759994903592 -5.316283102974213 -1.4999999999999996
    endloop
  endfacet
  facet normal 0 0 0
    outer loop
      vertex -26.325349715248308 3.2239255265213525e-15 -2.25
      vertex -26.726759994903592 -5.316283102974213 -1.4999999999999996
      vertex -27.2503681783595 3.337207616521485e-15 -1.4999999999999996
    endloop
  endfacet
  facet normal 0 0 0
    outer loop
      vertex -25.819515502182913 -5.135820953134985 -2.25
      vertex -24.321451788119745 -10.074275187242558 -2.25
      vertex -25.176057413383223 -10.42826442770703 -1.4999999999999996
    endloop
  endfacet
  facet normal 0 0 0
    outer loop
      vertex -25.819515502182913 -5.135820953134985 -2.25
      vertex -25.176057413383223 -10.42826442770703 -1.4999999999999996
      vertex -26.726759994903592 -5.316283102974213 -1.4999999999999996
    endloop
  endfacet
  facet normal 0 0 0
    outer loop
      vertex -24.321451788119745 -10.074275187242558 -2.25
      vertex -21.888728321466434 -14.625580675623015 -2.25
      vertex -22.657853064362197 -15.139493398721134 -1.4999999999999996
    endloop
  endfacet
  facet normal 0 0 0
    outer loop
      vertex -24.321451788119745 -10.074275187242558 -2.25
      vertex -22.657853064362197 -15.139493398721134 -1.4999999999999996
      vertex -25.176057413383223 -10.42826442770703 -1.4999999999999996
    endloop
  endfacet
  facet normal 0 0 0
    outer loop
      vertex -21.888728321466434 -14.625580675623015 -2.25
      vertex -18.61483330075943 -18.614833300759425 -2.25
      vertex -19.268920128748114 -19.268920128748107 -1.4999999999999996
    endloop
  endfacet
  facet normal 0 0 0
    outer loop
      vertex -21.888728321466434 -14.625580675623015 -2.25
      vertex -19.268920128748114 -19.268920128748107 -1.4999999999999996
      vertex -22.657853064362197 -15.139493398721134 -1.4999999999999996
    endloop
  endfacet
  facet normal 0 0 0
    outer loop
      vertex -18.61483330075943 -18.614833300759425 -2.25
      vertex -14.62558067562302 -21.88872832146643 -2.25
      vertex -15.13949339872114 -22.65785306436219 -1.4999999999999996
    endloop
  endfacet
  facet normal 0 0 0
    outer loop
      vertex -18.61483330075943 -18.614833300759425 -2.25
      vertex -15.13949339872114 -22.65785306436219 -1.4999999999999996
      vertex -19.268920128748114 -19.268920128748107 -1.4999999999999996
    endloop
  endfacet
  facet normal 0 0 0
    outer loop
      vertex -14.62558067562302 -21.88872832146643 -2.25
      vertex -10.074275187242575 -24.321451788119735 -2.25
      vertex -10.428264427707049 -25.176057413383216 -1.4999999999999996
    endloop
  endfacet
  facet normal 0 0 0
    outer loop
      vertex -14.62558067562302 -21.88872832146643 -2.25
      vertex -10.428264427707049 -25.176057413383216 -1.4999999999999996
      vertex -15.13949339872114 -22.65785306436219 -1.4999999999999996
    endloop
  endfacet
  facet normal 0 0 0
    outer loop
      vertex -10.074275187242575 -24.321451788119735 -2.25
      vertex -5.135820953134993 -25.81951550218291 -2.25
      vertex -5.316283102974221 -26.72675999490359 -1.4999999999999996
    endloop
  endfacet
  facet normal 0 0 0
    outer loop
      vertex -10.074275187242575 -24.321451788119735 -2.25
      vertex -5.316283102974221 -26.72675999490359 -1.4999999999999996
      vertex -10.428264427707049 -25.176057413383216 -1.4999999999999996
    endloop
  endfacet
  facet normal 0 0 0
    outer loop
      vertex -5.135820953134993 -25.81951550218291 -2.25
      vertex -4.835888289782028e-15 -26.325349715248308 -2.25
      vertex -5.0058114247822276e-15 -27.2503681783595 -1.4999999999999996
    endloop
  endfacet
  facet normal 0 0 0
    outer loop
      vertex -5.135820953134993 -25.81951550218291 -2.25
      vertex -5.0058114247822276e-15 -27.2503681783595 -1.4999999999999996
      vertex -5.316283102974221 -26.72675999490359 -1.4999999999999996
    endloop
  endfacet
  facet normal 0 0 0
    outer loop
      vertex -4.835888289782028e-15 -26.325349715248308 -2.25
      vertex 5.135820953134984 -25.819515502182913 -2.25
      vertex 5.316283102974211 -26.726759994903592 -1.4999999999999996
    endloop
  endfacet
  facet normal 0 0 0
    outer loop
      vertex -4.835888289782028e-15 -26.325349715248308 -2.25
      vertex 5.316283102974211 -26.726759994903592 -1.4999999999999996
      vertex -5.0058114247822276e-15 -27.2503681783595 -1.4999999999999996
    endloop
  endfacet
  facet normal 0 0 0
    outer loop
      vertex 5.135820953134984 -25.819515502182913 -2.25
      vertex 10.074275187242566 -24.321451788119738 -2.25
      vertex 10.42826442770704 -25.176057413383216 -1.4999999999999996
    endloop
  endfacet
  facet normal 0 0 0
    outer loop
      vertex 5.135820953134984 -25.819515502182913 -2.25
      vertex 10.42826442770704 -25.176057413383216 -1.4999999999999996
      vertex 5.316283102974211 -26.726759994903592 -1.4999999999999996
    endloop
  endfacet
  facet normal 0 0 0
    outer loop
      vertex 10.074275187242566 -24.321451788119738 -2.25
      vertex 14.625580675623011 -21.888728321466434 -2.25
      vertex 15.13949339872113 -22.657853064362197 -1.4999999999999996
    endloop
  endfacet
  facet normal 0 0 0
    outer loop
      vertex 10.074275187242566 -24.321451788119738 -2.25
      vertex 15.13949339872113 -22.657853064362197 -1.4999999999999996
      vertex 10.42826442770704 -25.176057413383216 -1.4999999999999996
    endloop
  endfacet
  facet normal 0 0 0
    outer loop
      vertex 14.625580675623011 -21.888728321466434 -2.25
      vertex 18.61483330075942 -18.61483330075943 -2.25
      vertex 19.268920128748103 -19.268920128748114 -1.4999999999999996
    endloop
  endfacet
  facet normal 0 0 0
    outer loop
      vertex 14.625580675623011 -21.888728321466434 -2.25
      vertex 19.268920128748103 -19.268920128748114 -1.4999999999999996
      vertex 15.13949339872113 -22.657853064362197 -1.4999999999999996
    endloop
  endfacet
  facet normal 0 0 0
    outer loop
      vertex 18.61483330075942 -18.61483330075943 -2.25
      vertex 21.88872832146643 -14.62558067562302 -2.25
      vertex 22.65785306436219 -15.13949339872114 -1.4999999999999996
    endloop
  endfacet
  facet normal 0 0 0
    outer loop
      vertex 18.61483330075942 -18.61483330075943 -2.25
      vertex 22.65785306436219 -15.13949339872114 -1.4999999999999996
      vertex 19.268920128748103 -19.268920128748114 -1.4999999999999996
    endloop
  endfacet
  facet normal 0 0 0
    outer loop
      vertex 21.88872832146643 -14.62558067562302 -2.25
      vertex 24.321451788119735 -10.074275187242577 -2.25
      vertex 25.176057413383216 -10.428264427707049 -1.4999999999999996
    endloop
  endfacet
  facet normal 0 0 0
    outer loop
      vertex 21.88872832146643 -14.62558067562302 -2.25
      vertex 25.176057413383216 -10.428264427707049 -1.4999999999999996
      vertex 22.65785306436219 -15.13949339872114 -1.4999999999999996
    endloop
  endfacet
  facet normal 0 0 0
    outer loop
      vertex 24.321451788119735 -10.074275187242577 -2.25
      vertex 25.81951550218291 -5.135820953134995 -2.25
      vertex 26.72675999490359 -5.316283102974222 -1.4999999999999996
    endloop
  endfacet
  facet normal 0 0 0
    outer loop
      vertex 24.321451788119735 -10.074275187242577 -2.25
      vertex 26.72675999490359 -5.316283102974222 -1.4999999999999996
      vertex 25.176057413383216 -10.428264427707049 -1.4999999999999996
    endloop
  endfacet
  facet normal 0 0 0
    outer loop
      vertex 25.81951550218291 -5.135820953134995 -2.25
      vertex 26.325349715248308 0 -2.25
      vertex 27.2503681783595 0 -1.4999999999999996
    endloop
  endfacet
  facet normal 0 0 0
    outer loop
      vertex 25.81951550218291 -5.135820953134995 -2.25
      vertex 27.2503681783595 0 -1.4999999999999996
      vertex 26.72675999490359 -5.316283102974222 -1.4999999999999996
    endloop
  endfacet
  facet normal 0 0 0
    outer loop
      vertex 27.2503681783595 0 -1.4999999999999996
      vertex 26.726759994903592 5.316283102974209 -1.4999999999999996
      vertex 27.277391262490184 5.42581047196312 -0.7500000000000003
    endloop
  endfacet
  facet normal 0 0 0
    outer loop
      vertex 27.2503681783595 0 -1.4999999999999996
      vertex 27.277391262490184 5.42581047196312 -0.7500000000000003
      vertex 27.81178695022383 0 -0.7500000000000003
    endloop
  endfacet
  facet normal 0 0 0
    outer loop
      vertex 26.726759994903592 5.316283102974209 -1.4999999999999996
      vertex 25.17605741338322 10.428264427707033 -1.4999999999999996
      vertex 25.694740725876297 10.643110090318268 -0.7500000000000003
    endloop
  endfacet
  facet normal 0 0 0
    outer loop
      vertex 26.726759994903592 5.316283102974209 -1.4999999999999996
      vertex 25.694740725876297 10.643110090318268 -0.7500000000000003
      vertex 27.277391262490184 5.42581047196312 -0.7500000000000003
    endloop
  endfacet
  facet normal 0 0 0
    outer loop
      vertex 25.17605741338322 10.428264427707033 -1.4999999999999996
      vertex 22.65785306436219 15.13949339872114 -1.4999999999999996
      vertex 23.124655712943596 15.451400956627385 -0.7500000000000003
    endloop
  endfacet
  facet normal 0 0 0
    outer loop
      vertex 25.17605741338322 10.428264427707033 -1.4999999999999996
      vertex 23.124655712943596 15.451400956627385 -0.7500000000000003
      vertex 25.694740725876297 10.643110090318268 -0.7500000000000003
    endloop
  endfacet
  facet normal 0 0 0
    outer loop
      vertex 22.65785306436219 15.13949339872114 -1.4999999999999996
      vertex 19.26892012874811 19.268920128748107 -1.4999999999999996
      vertex 19.6659031494188 19.6659031494188 -0.7500000000000003
    endloop
  endfacet
  facet normal 0 0 0
    outer loop
      vertex 22.65785306436219 15.13949339872114 -1.4999999999999996
      vertex 19.6659031494188 19.6659031494188 -0.7500000000000003
      vertex 23.124655712943596 15.451400956627385 -0.7500000000000003
    endloop
  endfacet
  facet normal 0 0 0
    outer loop
      vertex 19.26892012874811 19.268920128748107 -1.4999999999999996
      vertex 15.139493398721143 22.65785306436219 -1.4999999999999996
      vertex 15.451400956627387 23.124655712943596 -0.7500000000000003
    endloop
  endfacet
  facet normal 0 0 0
    outer loop
      vertex 19.26892012874811 19.268920128748107 -1.4999999999999996
      vertex 15.451400956627387 23.124655712943596 -0.7500000000000003
      vertex 19.6659031494188 19.6659031494188 -0.7500000000000003
    endloop
  endfacet
  facet normal 0 0 0
    outer loop
      vertex 15.139493398721143 22.65785306436219 -1.4999999999999996
      vertex 10.428264427707035 25.17605741338322 -1.4999999999999996
      vertex 10.643110090318268 25.694740725876297 -0.7500000000000003
    endloop
  endfacet
  facet normal 0 0 0
    outer loop
      vertex 15.139493398721143 22.65785306436219 -1.4999999999999996
      vertex 10.643110090318268 25.694740725876297 -0.7500000000000003
      vertex 15.451400956627387 23.124655712943596 -0.7500000000000003
    endloop
  endfacet
  facet normal 0 0 0
    outer loop
      vertex 10.428264427707035 25.17605741338322 -1.4999999999999996
      vertex 5.316283102974212 26.726759994903592 -1.4999999999999996
      vertex 5.425810471963123 27.277391262490184 -0.7500000000000003
    endloop
  endfacet
  facet normal 0 0 0
    outer loop
      vertex 10.428264427707035 25.17605741338322 -1.4999999999999996
      vertex 5.425810471963123 27.277391262490184 -0.7500000000000003
      vertex 10.643110090318268 25.694740725876297 -0.7500000000000003
    endloop
  endfacet
  facet normal 0 0 0
    outer loop
      vertex 5.316283102974212 26.726759994903592 -1.4999999999999996
      vertex 1.6686038082607426e-15 27.2503681783595 -1.4999999999999996
      vertex 1.7029807933579872e-15 27.81178695022383 -0.7500000000000003
    endloop
  endfacet
  facet normal 0 0 0
    outer loop
      vertex 5.316283102974212 26.726759994903592 -1.4999999999999996
      vertex 1.7029807933579872e-15 27.81178695022383 -0.7500000000000003
      vertex 5.425810471963123 27.277391262490184 -0.7500000000000003
    endloop
  endfacet
  facet normal 0 0 0
    outer loop
      vertex 1.6686038082607426e-15 27.2503681783595 -1.4999999999999996
      vertex -5.316283102974208 26.726759994903592 -1.4999999999999996
      vertex -5.425810471963119 27.277391262490184 -0.7500000000000003
    endloop
  endfacet
  facet normal 0 0 0
    outer loop
      vertex 1.6686038082607426e-15 27.2503681783595 -1.4999999999999996
      vertex -5.425810471963119 27.277391262490184 -0.7500000000000003
      vertex 1.7029807933579872e-15 27.81178695022383 -0.7500000000000003
    endloop
  endfacet
  facet normal 0 0 0
    outer loop
      vertex -5.316283102974208 26.726759994903592 -1.4999999999999996
      vertex -10.428264427707031 25.17605741338322 -1.4999999999999996
      vertex -10.643110090318267 25.694740725876297 -0.7500000000000003
    endloop
  endfacet
  facet normal 0 0 0
    outer loop
      vertex -5.316283102974208 26.726759994903592 -1.4999999999999996
      vertex -10.643110090318267 25.694740725876297 -0.7500000000000003
      vertex -5.425810471963119 27.277391262490184 -0.7500000000000003
    endloop
  endfacet
  facet normal 0 0 0
    outer loop
      vertex -10.428264427707031 25.17605741338322 -1.4999999999999996
      vertex -15.139493398721134 22.657853064362193 -1.4999999999999996
      vertex -15.451400956627378 23.124655712943596 -0.7500000000000003
    endloop
  endfacet
  facet normal 0 0 0
    outer loop
      vertex -10.428264427707031 25.17605741338322 -1.4999999999999996
      vertex -15.451400956627378 23.124655712943596 -0.7500000000000003
      vertex -10.643110090318267 25.694740725876297 -0.7500000000000003
    endloop
  endfacet
  facet normal 0 0 0
    outer loop
      vertex -15.139493398721134 22.657853064362193 -1.4999999999999996
      vertex -19.268920128748107 19.26892012874811 -1.4999999999999996
      vertex -19.6659031494188 19.6659031494188 -0.7500000000000003
    endloop
  endfacet
  facet normal 0 0 0
    outer loop
      vertex -15.139493398721134 22.657853064362193 -1.4999999999999996
      vertex -19.6659031494188 19.6659031494188 -0.7500000000000003
      vertex -15.451400956627378 23.124655712943596 -0.7500000000000003
    endloop
  endfacet
  facet normal 0 0 0
    outer loop
      vertex -19.268920128748107 19.26892012874811 -1.4999999999999996
      vertex -22.657853064362193 15.13949339872114 -1.4999999999999996
      vertex -23.124655712943596 15.451400956627385 -0.7500000000000003
    endloop
  endfacet
  facet normal 0 0 0
    outer loop
      vertex -19.268920128748107 19.26892012874811 -1.4999999999999996
      vertex -23.124655712943596 15.451400956627385 -0.7500000000000003
      vertex -19.6659031494188 19.6659031494188 -0.7500000000000003
    endloop
  endfacet
  facet normal 0 0 0
    outer loop
      vertex -22.657853064362193 15.13949339872114 -1.4999999999999996
      vertex -25.17605741338322 10.428264427707036 -1.4999999999999996
      vertex -25.694740725876297 10.64311009031827 -0.7500000000000003
    endloop
  endfacet
  facet normal 0 0 0
    outer loop
      vertex -22.657853064362193 15.13949339872114 -1.4999999999999996
      vertex -25.694740725876297 10.64311009031827 -0.7500000000000003
      vertex -23.124655712943596 15.451400956627385 -0.7500000000000003
    endloop
  endfacet
  facet normal 0 0 0
    outer loop
      vertex -25.17605741338322 10.428264427707036 -1.4999999999999996
      vertex -26.726759994903592 5.316283102974219 -1.4999999999999996
      vertex -27.277391262490184 5.42581047196313 -0.7500000000000003
    endloop
  endfacet
  facet normal 0 0 0
    outer loop
      vertex -25.17605741338322 10.428264427707036 -1.4999999999999996
      vertex -27.277391262490184 5.42581047196313 -0.7500000000000003
      vertex -25.694740725876297 10.64311009031827 -0.7500000000000003
    endloop
  endfacet
  facet normal 0 0 0
    outer loop
      vertex -26.726759994903592 5.316283102974219 -1.4999999999999996
      vertex -27.2503681783595 3.337207616521485e-15 -1.4999999999999996
      vertex -27.81178695022383 3.4059615867159744e-15 -0.7500000000000003
    endloop
  endfacet
  facet normal 0 0 0
    outer loop
      vertex -26.726759994903592 5.316283102974219 -1.4999999999999996
      vertex -27.81178695022383 3.4059615867159744e-15 -0.7500000000000003
      vertex -27.277391262490184 5.42581047196313 -0.7500000000000003
    endloop
  endfacet
  facet normal 0 0 0
    outer loop
      vertex -27.2503681783595 3.337207616521485e-15 -1.4999999999999996
      vertex -26.726759994903592 -5.316283102974213 -1.4999999999999996
      vertex -27.277391262490184 -5.425810471963123 -0.7500000000000003
    endloop
  endfacet
  facet normal 0 0 0
    outer loop
      vertex -27.2503681783595 3.337207616521485e-15 -1.4999999999999996
      vertex -27.277391262490184 -5.425810471963123 -0.7500000000000003
      vertex -27.81178695022383 3.4059615867159744e-15 -0.7500000000000003
    endloop
  endfacet
  facet normal 0 0 0
    outer loop
      vertex -26.726759994903592 -5.316283102974213 -1.4999999999999996
      vertex -25.176057413383223 -10.42826442770703 -1.4999999999999996
      vertex -25.6947407258763 -10.643110090318263 -0.7500000000000003
    endloop
  endfacet
  facet normal 0 0 0
    outer loop
      vertex -26.726759994903592 -5.316283102974213 -1.4999999999999996
      vertex -25.6947407258763 -10.643110090318263 -0.7500000000000003
      vertex -27.277391262490184 -5.425810471963123 -0.7500000000000003
    endloop
  endfacet
  facet normal 0 0 0
    outer loop
      vertex -25.176057413383223 -10.42826442770703 -1.4999999999999996
      vertex -22.657853064362197 -15.139493398721134 -1.4999999999999996
      vertex -23.1246557129436 -15.451400956627378 -0.7500000000000003
    endloop
  endfacet
  facet normal 0 0 0
    outer loop
      vertex -25.176057413383223 -10.42826442770703 -1.4999999999999996
      vertex -23.1246557129436 -15.451400956627378 -0.7500000000000003
      vertex -25.6947407258763 -10.643110090318263 -0.7500000000000003
    endloop
  endfacet
  facet normal 0 0 0
    outer loop
      vertex -22.657853064362197 -15.139493398721134 -1.4999999999999996
      vertex -19.268920128748114 -19.268920128748107 -1.4999999999999996
      vertex -19.665903149418803 -19.6659031494188 -0.7500000000000003
    endloop
  endfacet
  facet normal 0 0 0
    outer loop
      vertex -22.657853064362197 -15.139493398721134 -1.4999999999999996
      vertex -19.665903149418803 -19.6659031494188 -0.7500000000000003
      vertex -23.1246557129436 -15.451400956627378 -0.7500000000000003
    endloop
  endfacet
  facet normal 0 0 0
    outer loop
      vertex -19.268920128748114 -19.268920128748107 -1.4999999999999996
      vertex -15.13949339872114 -22.65785306436219 -1.4999999999999996
      vertex -15.451400956627385 -23.124655712943596 -0.7500000000000003
    endloop
  endfacet
  facet normal 0 0 0
    outer loop
      vertex -19.268920128748114 -19.268920128748107 -1.4999999999999996
      vertex -15.451400956627385 -23.124655712943596 -0.7500000000000003
      vertex -19.665903149418803 -19.6659031494188 -0.7500000000000003
    endloop
  endfacet
  facet normal 0 0 0
    outer loop
      vertex -15.13949339872114 -22.65785306436219 -1.4999999999999996
      vertex -10.428264427707049 -25.176057413383216 -1.4999999999999996
      vertex -10.643110090318283 -25.69474072587629 -0.7500000000000003
    endloop
  endfacet
  facet normal 0 0 0
    outer loop
      vertex -15.13949339872114 -22.65785306436219 -1.4999999999999996
      vertex -10.643110090318283 -25.69474072587629 -0.7500000000000003
      vertex -15.451400956627385 -23.124655712943596 -0.7500000000000003
    endloop
  endfacet
  facet normal 0 0 0
    outer loop
      vertex -10.428264427707049 -25.176057413383216 -1.4999999999999996
      vertex -5.316283102974221 -26.72675999490359 -1.4999999999999996
      vertex -5.425810471963132 -27.27739126249018 -0.7500000000000003
    endloop
  endfacet
  facet normal 0 0 0
    outer loop
      vertex -10.428264427707049 -25.176057413383216 -1.4999999999999996
      vertex -5.425810471963132 -27.27739126249018 -0.7500000000000003
      vertex -10.643110090318283 -25.69474072587629 -0.7500000000000003
    endloop
  endfacet
  facet normal 0 0 0
    outer loop
      vertex -5.316283102974221 -26.72675999490359 -1.4999999999999996
      vertex -5.0058114247822276e-15 -27.2503681783595 -1.4999999999999996
      vertex -5.1089423800739606e-15 -27.81178695022383 -0.7500000000000003
    endloop
  endfacet
  facet normal 0 0 0
    outer loop
      vertex -5.316283102974221 -26.72675999490359 -1.4999999999999996
      vertex -5.1089423800739606e-15 -27.81178695022383 -0.7500000000000003
      vertex -5.425810471963132 -27.27739126249018 -0.7500000000000003
    endloop
  endfacet
  facet normal 0 0 0
    outer loop
      vertex -5.0058114247822276e-15 -27.2503681783595 -1.4999999999999996
      vertex 5.316283102974211 -26.726759994903592 -1.4999999999999996
      vertex 5.425810471963122 -27.277391262490184 -0.7500000000000003
    endloop
  endfacet
  facet normal 0 0 0
    outer loop
      vertex -5.0058114247822276e-15 -27.2503681783595 -1.4999999999999996
      vertex 5.425810471963122 -27.277391262490184 -0.7500000000000003
      vertex -5.1089423800739606e-15 -27.81178695022383 -0.7500000000000003
    endloop
  endfacet
  facet normal 0 0 0
    outer loop
      vertex 5.316283102974211 -26.726759994903592 -1.4999999999999996
      vertex 10.42826442770704 -25.176057413383216 -1.4999999999999996
      vertex 10.643110090318274 -25.694740725876294 -0.7500000000000003
    endloop
  endfacet
  facet normal 0 0 0
    outer loop
      vertex 5.316283102974211 -26.726759994903592 -1.4999999999999996
      vertex 10.643110090318274 -25.694740725876294 -0.7500000000000003
      vertex 5.425810471963122 -27.277391262490184 -0.7500000000000003
    endloop
  endfacet
  facet normal 0 0 0
    outer loop
      vertex 10.42826442770704 -25.176057413383216 -1.4999999999999996
      vertex 15.13949339872113 -22.657853064362197 -1.4999999999999996
      vertex 15.451400956627374 -23.1246557129436 -0.7500000000000003
    endloop
  endfacet
  facet normal 0 0 0
    outer loop
      vertex 10.42826442770704 -25.176057413383216 -1.4999999999999996
      vertex 15.451400956627374 -23.1246557129436 -0.7500000000000003
      vertex 10.643110090318274 -25.694740725876294 -0.7500000000000003
    endloop
  endfacet
  facet normal 0 0 0
    outer loop
      vertex 15.13949339872113 -22.657853064362197 -1.4999999999999996
      vertex 19.268920128748103 -19.268920128748114 -1.4999999999999996
      vertex 19.665903149418796 -19.665903149418803 -0.7500000000000003
    endloop
  endfacet
  facet normal 0 0 0
    outer loop
      vertex 15.13949339872113 -22.657853064362197 -1.4999999999999996
      vertex 19.665903149418796 -19.665903149418803 -0.7500000000000003
      vertex 15.451400956627374 -23.1246557129436 -0.7500000000000003
    endloop
  endfacet
  facet normal 0 0 0
    outer loop
      vertex 19.268920128748103 -19.268920128748114 -1.4999999999999996
      vertex 22.65785306436219 -15.13949339872114 -1.4999999999999996
      vertex 23.124655712943596 -15.451400956627385 -0.7500000000000003
    endloop
  endfacet
  facet normal 0 0 0
    outer loop
      vertex 19.268920128748103 -19.268920128748114 -1.4999999999999996
      vertex 23.124655712943596 -15.451400956627385 -0.7500000000000003
      vertex 19.665903149418796 -19.665903149418803 -0.7500000000000003
    endloop
  endfacet
  facet normal 0 0 0
    outer loop
      vertex 22.65785306436219 -15.13949339872114 -1.4999999999999996
      vertex 25.176057413383216 -10.428264427707049 -1.4999999999999996
      vertex 25.69474072587629 -10.643110090318284 -0.7500000000000003
    endloop
  endfacet
  facet normal 0 0 0
    outer loop
      vertex 22.65785306436219 -15.13949339872114 -1.4999999999999996
      vertex 25.69474072587629 -10.643110090318284 -0.7500000000000003
      vertex 23.124655712943596 -15.451400956627385 -0.7500000000000003
    endloop
  endfacet
  facet normal 0 0 0
    outer loop
      vertex 25.176057413383216 -10.428264427707049 -1.4999999999999996
      vertex 26.72675999490359 -5.316283102974222 -1.4999999999999996
      vertex 27.27739126249018 -5.425810471963134 -0.7500000000000003
    endloop
  endfacet
  facet normal 0 0 0
    outer loop
      vertex 25.176057413383216 -10.428264427707049 -1.4999999999999996
      vertex 27.27739126249018 -5.425810471963134 -0.7500000000000003
      vertex 25.69474072587629 -10.643110090318284 -0.7500000000000003
    endloop
  endfacet
  facet normal 0 0 0
    outer loop
      vertex 26.72675999490359 -5.316283102974222 -1.4999999999999996
      vertex 27.2503681783595 0 -1.4999999999999996
      vertex 27.81178695022383 0 -0.7500000000000003
    endloop
  endfacet
  facet normal 0 0 0
    outer loop
      vertex 26.72675999490359 -5.316283102974222 -1.4999999999999996
      vertex 27.81178695022383 0 -0.7500000000000003
      vertex 27.27739126249018 -5.425810471963134 -0.7500000000000003
    endloop
  endfacet
  facet normal 0 0 0
    outer loop
      vertex 27.81178695022383 0 -0.7500000000000003
      vertex 27.277391262490184 5.42581047196312 -0.7500000000000003
      vertex 27.461987851290452 5.462529016451591 0
    endloop
  endfacet
  facet normal 0 0 0
    outer loop
      vertex 27.81178695022383 0 -0.7500000000000003
      vertex 27.461987851290452 5.462529016451591 0
      vertex 28 0 0
    endloop
  endfacet
  facet normal 0 0 0
    outer loop
      vertex 27.277391262490184 5.42581047196312 -0.7500000000000003
      vertex 25.694740725876297 10.643110090318268 -0.7500000000000003
      vertex 25.868626910316028 10.715136106222515 0
    endloop
  endfacet
  facet normal 0 0 0
    outer loop
      vertex 27.277391262490184 5.42581047196312 -0.7500000000000003
      vertex 25.868626910316028 10.715136106222515 0
      vertex 27.461987851290452 5.462529016451591 0
    endloop
  endfacet
  facet normal 0 0 0
    outer loop
      vertex 25.694740725876297 10.643110090318268 -0.7500000000000003
      vertex 23.124655712943596 15.451400956627385 -0.7500000000000003
      vertex 23.281149144471268 15.555966524548861 0
    endloop
  endfacet
  facet normal 0 0 0
    outer loop
      vertex 25.694740725876297 10.643110090318268 -0.7500000000000003
      vertex 23.281149144471268 15.555966524548861 0
      vertex 25.868626910316028 10.715136106222515 0
    endloop
  endfacet
  facet normal 0 0 0
    outer loop
      vertex 23.124655712943596 15.451400956627385 -0.7500000000000003
      vertex 19.6659031494188 19.6659031494188 -0.7500000000000003
      vertex 19.79898987322333 19.798989873223327 0
    endloop
  endfacet
  facet normal 0 0 0
    outer loop
      vertex 23.124655712943596 15.451400956627385 -0.7500000000000003
      vertex 19.79898987322333 19.798989873223327 0
      vertex 23.281149144471268 15.555966524548861 0
    endloop
  endfacet
  facet normal 0 0 0
    outer loop
      vertex 19.6659031494188 19.6659031494188 -0.7500000000000003
      vertex 15.451400956627387 23.124655712943596 -0.7500000000000003
      vertex 15.555966524548865 23.281149144471268 0
    endloop
  endfacet
  facet normal 0 0 0
    outer loop
      vertex 19.6659031494188 19.6659031494188 -0.7500000000000003
      vertex 15.555966524548865 23.281149144471268 0
      vertex 19.79898987322333 19.798989873223327 0
    endloop
  endfacet
  facet normal 0 0 0
    outer loop
      vertex 15.451400956627387 23.124655712943596 -0.7500000000000003
      vertex 10.643110090318268 25.694740725876297 -0.7500000000000003
      vertex 10.715136106222516 25.868626910316028 0
    endloop
  endfacet
  facet normal 0 0 0
    outer loop
      vertex 15.451400956627387 23.124655712943596 -0.7500000000000003
      vertex 10.715136106222516 25.868626910316028 0
      vertex 15.555966524548865 23.281149144471268 0
    endloop
  endfacet
  facet normal 0 0 0
    outer loop
      vertex 10.643110090318268 25.694740725876297 -0.7500000000000003
      vertex 5.425810471963123 27.277391262490184 -0.7500000000000003
      vertex 5.462529016451593 27.461987851290452 0
    endloop
  endfacet
  facet normal 0 0 0
    outer loop
      vertex 10.643110090318268 25.694740725876297 -0.7500000000000003
      vertex 5.462529016451593 27.461987851290452 0
      vertex 10.715136106222516 25.868626910316028 0
    endloop
  endfacet
  facet normal 0 0 0
    outer loop
      vertex 5.425810471963123 27.277391262490184 -0.7500000000000003
      vertex 1.7029807933579872e-15 27.81178695022383 -0.7500000000000003
      vertex 1.7145055188062944e-15 28 0
    endloop
  endfacet
  facet normal 0 0 0
    outer loop
      vertex 5.425810471963123 27.277391262490184 -0.7500000000000003
      vertex 1.7145055188062944e-15 28 0
      vertex 5.462529016451593 27.461987851290452 0
    endloop
  endfacet
  facet normal 0 0 0
    outer loop
      vertex 1.7029807933579872e-15 27.81178695022383 -0.7500000000000003
      vertex -5.425810471963119 27.277391262490184 -0.7500000000000003
      vertex -5.462529016451589 27.461987851290452 0
    endloop
  endfacet
  facet normal 0 0 0
    outer loop
      vertex 1.7029807933579872e-15 27.81178695022383 -0.7500000000000003
      vertex -5.462529016451589 27.461987851290452 0
      vertex 1.7145055188062944e-15 28 0
    endloop
  endfacet
  facet normal 0 0 0
    outer loop
      vertex -5.425810471963119 27.277391262490184 -0.7500000000000003
      vertex -10.643110090318267 25.694740725876297 -0.7500000000000003
      vertex -10.715136106222513 25.868626910316028 0
    endloop
  endfacet
  facet normal 0 0 0
    outer loop
      vertex -5.425810471963119 27.277391262490184 -0.7500000000000003
      vertex -10.715136106222513 25.868626910316028 0
      vertex -5.462529016451589 27.461987851290452 0
    endloop
  endfacet
  facet normal 0 0 0
    outer loop
      vertex -10.643110090318267 25.694740725876297 -0.7500000000000003
      vertex -15.451400956627378 23.124655712943596 -0.7500000000000003
      vertex -15.555966524548854 23.28114914447127 0
    endloop
  endfacet
  facet normal 0 0 0
    outer loop
      vertex -10.643110090318267 25.694740725876297 -0.7500000000000003
      vertex -15.555966524548854 23.28114914447127 0
      vertex -10.715136106222513 25.868626910316028 0
    endloop
  endfacet
  facet normal 0 0 0
    outer loop
      vertex -15.451400956627378 23.124655712943596 -0.7500000000000003
      vertex -19.6659031494188 19.6659031494188 -0.7500000000000003
      vertex -19.798989873223327 19.79898987322333 0
    endloop
  endfacet
  facet normal 0 0 0
    outer loop
      vertex -15.451400956627378 23.124655712943596 -0.7500000000000003
      vertex -19.798989873223327 19.79898987322333 0
      vertex -15.555966524548854 23.28114914447127 0
    endloop
  endfacet
  facet normal 0 0 0
    outer loop
      vertex -19.6659031494188 19.6659031494188 -0.7500000000000003
      vertex -23.124655712943596 15.451400956627385 -0.7500000000000003
      vertex -23.28114914447127 15.555966524548861 0
    endloop
  endfacet
  facet normal 0 0 0
    outer loop
      vertex -19.6659031494188 19.6659031494188 -0.7500000000000003
      vertex -23.28114914447127 15.555966524548861 0
      vertex -19.798989873223327 19.79898987322333 0
    endloop
  endfacet
  facet normal 0 0 0
    outer loop
      vertex -23.124655712943596 15.451400956627385 -0.7500000000000003
      vertex -25.694740725876297 10.64311009031827 -0.7500000000000003
      vertex -25.868626910316028 10.715136106222516 0
    endloop
  endfacet
  facet normal 0 0 0
    outer loop
      vertex -23.124655712943596 15.451400956627385 -0.7500000000000003
      vertex -25.868626910316028 10.715136106222516 0
      vertex -23.28114914447127 15.555966524548861 0
    endloop
  endfacet
  facet normal 0 0 0
    outer loop
      vertex -25.694740725876297 10.64311009031827 -0.7500000000000003
      vertex -27.277391262490184 5.42581047196313 -0.7500000000000003
      vertex -27.461987851290452 5.462529016451601 0
    endloop
  endfacet
  facet normal 0 0 0
    outer loop
      vertex -25.694740725876297 10.64311009031827 -0.7500000000000003
      vertex -27.461987851290452 5.462529016451601 0
      vertex -25.868626910316028 10.715136106222516 0
    endloop
  endfacet
  facet normal 0 0 0
    outer loop
      vertex -27.277391262490184 5.42581047196313 -0.7500000000000003
      vertex -27.81178695022383 3.4059615867159744e-15 -0.7500000000000003
      vertex -28 3.429011037612589e-15 0
    endloop
  endfacet
  facet normal 0 0 0
    outer loop
      vertex -27.277391262490184 5.42581047196313 -0.7500000000000003
      vertex -28 3.429011037612589e-15 0
      vertex -27.461987851290452 5.462529016451601 0
    endloop
  endfacet
  facet normal 0 0 0
    outer loop
      vertex -27.81178695022383 3.4059615867159744e-15 -0.7500000000000003
      vertex -27.277391262490184 -5.425810471963123 -0.7500000000000003
      vertex -27.461987851290452 -5.462529016451594 0
    endloop
  endfacet
  facet normal 0 0 0
    outer loop
      vertex -27.81178695022383 3.4059615867159744e-15 -0.7500000000000003
      vertex -27.461987851290452 -5.462529016451594 0
      vertex -28 3.429011037612589e-15 0
    endloop
  endfacet
  facet normal 0 0 0
    outer loop
      vertex -27.277391262490184 -5.425810471963123 -0.7500000000000003
      vertex -25.6947407258763 -10.643110090318263 -0.7500000000000003
      vertex -25.86862691031603 -10.71513610622251 0
    endloop
  endfacet
  facet normal 0 0 0
    outer loop
      vertex -27.277391262490184 -5.425810471963123 -0.7500000000000003
      vertex -25.86862691031603 -10.71513610622251 0
      vertex -27.461987851290452 -5.462529016451594 0
    endloop
  endfacet
  facet normal 0 0 0
    outer loop
      vertex -25.6947407258763 -10.643110090318263 -0.7500000000000003
      vertex -23.1246557129436 -15.451400956627378 -0.7500000000000003
      vertex -23.28114914447127 -15.555966524548854 0
    endloop
  endfacet
  facet normal 0 0 0
    outer loop
      vertex -25.6947407258763 -10.643110090318263 -0.7500000000000003
      vertex -23.28114914447127 -15.555966524548854 0
      vertex -25.86862691031603 -10.71513610622251 0
    endloop
  endfacet
  facet normal 0 0 0
    outer loop
      vertex -23.1246557129436 -15.451400956627378 -0.7500000000000003
      vertex -19.665903149418803 -19.6659031494188 -0.7500000000000003
      vertex -19.798989873223334 -19.798989873223327 0
    endloop
  endfacet
  facet normal 0 0 0
    outer loop
      vertex -23.1246557129436 -15.451400956627378 -0.7500000000000003
      vertex -19.798989873223334 -19.798989873223327 0
      vertex -23.28114914447127 -15.555966524548854 0
    endloop
  endfacet
  facet normal 0 0 0
    outer loop
      vertex -19.665903149418803 -19.6659031494188 -0.7500000000000003
      vertex -15.451400956627385 -23.124655712943596 -0.7500000000000003
      vertex -15.555966524548861 -23.281149144471268 0
    endloop
  endfacet
  facet normal 0 0 0
    outer loop
      vertex -19.665903149418803 -19.6659031494188 -0.7500000000000003
      vertex -15.555966524548861 -23.281149144471268 0
      vertex -19.798989873223334 -19.798989873223327 0
    endloop
  endfacet
  facet normal 0 0 0
    outer loop
      vertex -15.451400956627385 -23.124655712943596 -0.7500000000000003
      vertex -10.643110090318283 -25.69474072587629 -0.7500000000000003
      vertex -10.715136106222529 -25.868626910316024 0
    endloop
  endfacet
  facet normal 0 0 0
    outer loop
      vertex -15.451400956627385 -23.124655712943596 -0.7500000000000003
      vertex -10.715136106222529 -25.868626910316024 0
      vertex -15.555966524548861 -23.281149144471268 0
    endloop
  endfacet
  facet normal 0 0 0
    outer loop
      vertex -10.643110090318283 -25.69474072587629 -0.7500000000000003
      vertex -5.425810471963132 -27.27739126249018 -0.7500000000000003
      vertex -5.462529016451603 -27.46198785129045 0
    endloop
  endfacet
  facet normal 0 0 0
    outer loop
      vertex -10.643110090318283 -25.69474072587629 -0.7500000000000003
      vertex -5.462529016451603 -27.46198785129045 0
      vertex -10.715136106222529 -25.868626910316024 0
    endloop
  endfacet
  facet normal 0 0 0
    outer loop
      vertex -5.425810471963132 -27.27739126249018 -0.7500000000000003
      vertex -5.1089423800739606e-15 -27.81178695022383 -0.7500000000000003
      vertex -5.143516556418883e-15 -28 0
    endloop
  endfacet
  facet normal 0 0 0
    outer loop
      vertex -5.425810471963132 -27.27739126249018 -0.7500000000000003
      vertex -5.143516556418883e-15 -28 0
      vertex -5.462529016451603 -27.46198785129045 0
    endloop
  endfacet
  facet normal 0 0 0
    outer loop
      vertex -5.1089423800739606e-15 -27.81178695022383 -0.7500000000000003
      vertex 5.425810471963122 -27.277391262490184 -0.7500000000000003
      vertex 5.462529016451592 -27.461987851290452 0
    endloop
  endfacet
  facet normal 0 0 0
    outer loop
      vertex -5.1089423800739606e-15 -27.81178695022383 -0.7500000000000003
      vertex 5.462529016451592 -27.461987851290452 0
      vertex -5.143516556418883e-15 -28 0
    endloop
  endfacet
  facet normal 0 0 0
    outer loop
      vertex 5.425810471963122 -27.277391262490184 -0.7500000000000003
      vertex 10.643110090318274 -25.694740725876294 -0.7500000000000003
      vertex 10.71513610622252 -25.868626910316024 0
    endloop
  endfacet
  facet normal 0 0 0
    outer loop
      vertex 5.425810471963122 -27.277391262490184 -0.7500000000000003
      vertex 10.71513610622252 -25.868626910316024 0
      vertex 5.462529016451592 -27.461987851290452 0
    endloop
  endfacet
  facet normal 0 0 0
    outer loop
      vertex 10.643110090318274 -25.694740725876294 -0.7500000000000003
      vertex 15.451400956627374 -23.1246557129436 -0.7500000000000003
      vertex 15.555966524548852 -23.28114914447127 0
    endloop
  endfacet
  facet normal 0 0 0
    outer loop
      vertex 10.643110090318274 -25.694740725876294 -0.7500000000000003
      vertex 15.555966524548852 -23.28114914447127 0
      vertex 10.71513610622252 -25.868626910316024 0
    endloop
  endfacet
  facet normal 0 0 0
    outer loop
      vertex 15.451400956627374 -23.1246557129436 -0.7500000000000003
      vertex 19.665903149418796 -19.665903149418803 -0.7500000000000003
      vertex 19.798989873223327 -19.798989873223334 0
    endloop
  endfacet
  facet normal 0 0 0
    outer loop
      vertex 15.451400956627374 -23.1246557129436 -0.7500000000000003
      vertex 19.798989873223327 -19.798989873223334 0
      vertex 15.555966524548852 -23.28114914447127 0
    endloop
  endfacet
  facet normal 0 0 0
    outer loop
      vertex 19.665903149418796 -19.665903149418803 -0.7500000000000003
      vertex 23.124655712943596 -15.451400956627385 -0.7500000000000003
      vertex 23.281149144471268 -15.555966524548861 0
    endloop
  endfacet
  facet normal 0 0 0
    outer loop
      vertex 19.665903149418796 -19.665903149418803 -0.7500000000000003
      vertex 23.281149144471268 -15.555966524548861 0
      vertex 19.798989873223327 -19.798989873223334 0
    endloop
  endfacet
  facet normal 0 0 0
    outer loop
      vertex 23.124655712943596 -15.451400956627385 -0.7500000000000003
      vertex 25.69474072587629 -10.643110090318284 -0.7500000000000003
      vertex 25.868626910316024 -10.71513610622253 0
    endloop
  endfacet
  facet normal 0 0 0
    outer loop
      vertex 23.124655712943596 -15.451400956627385 -0.7500000000000003
      vertex 25.868626910316024 -10.71513610622253 0
      vertex 23.281149144471268 -15.555966524548861 0
    endloop
  endfacet
  facet normal 0 0 0
    outer loop
      vertex 25.69474072587629 -10.643110090318284 -0.7500000000000003
      vertex 27.27739126249018 -5.425810471963134 -0.7500000000000003
      vertex 27.46198785129045 -5.4625290164516045 0
    endloop
  endfacet
  facet normal 0 0 0
    outer loop
      vertex 25.69474072587629 -10.643110090318284 -0.7500000000000003
      vertex 27.46198785129045 -5.4625290164516045 0
      vertex 25.868626910316024 -10.71513610622253 0
    endloop
  endfacet
  facet normal 0 0 0
    outer loop
      vertex 27.27739126249018 -5.425810471963134 -0.7500000000000003
      vertex 27.81178695022383 0 -0.7500000000000003
      vertex 28 0 0
    endloop
  endfacet
  facet normal 0 0 0
    outer loop
      vertex 27.27739126249018 -5.425810471963134 -0.7500000000000003
      vertex 28 0 0
      vertex 27.46198785129045 -5.4625290164516045 0
    endloop
  endfacet
  facet normal 0 0 0
    outer loop
      vertex 28 0 0
      vertex 27.461987851290452 5.462529016451591 0
      vertex 27.277391262490184 5.42581047196312 0.7499999999999993
    endloop
  endfacet
  facet normal 0 0 0
    outer loop
      vertex 28 0 0
      vertex 27.277391262490184 5.42581047196312 0.7499999999999993
      vertex 27.81178695022383 0 0.7499999999999993
    endloop
  endfacet
  facet normal 0 0 0
    outer loop
      vertex 27.461987851290452 5.462529016451591 0
      vertex 25.868626910316028 10.715136106222515 0
      vertex 25.694740725876297 10.643110090318268 0.7499999999999993
    endloop
  endfacet
  facet normal 0 0 0
    outer loop
      vertex 27.461987851290452 5.462529016451591 0
      vertex 25.694740725876297 10.643110090318268 0.7499999999999993
      vertex 27.277391262490184 5.42581047196312 0.7499999999999993
    endloop
  endfacet
  facet normal 0 0 0
    outer loop
      vertex 25.868626910316028 10.715136106222515 0
      vertex 23.281149144471268 15.555966524548861 0
      vertex 23.124655712943596 15.451400956627385 0.7499999999999993
    endloop
  endfacet
  facet normal 0 0 0
    outer loop
      vertex 25.868626910316028 10.715136106222515 0
      vertex 23.124655712943596 15.451400956627385 0.7499999999999993
      vertex 25.694740725876297 10.643110090318268 0.7499999999999993
    endloop
  endfacet
  facet normal 0 0 0
    outer loop
      vertex 23.281149144471268 15.555966524548861 0
      vertex 19.79898987322333 19.798989873223327 0
      vertex 19.6659031494188 19.6659031494188 0.7499999999999993
    endloop
  endfacet
  facet normal 0 0 0
    outer loop
      vertex 23.281149144471268 15.555966524548861 0
      vertex 19.6659031494188 19.6659031494188 0.7499999999999993
      vertex 23.124655712943596 15.451400956627385 0.7499999999999993
    endloop
  endfacet
  facet normal 0 0 0
    outer loop
      vertex 19.79898987322333 19.798989873223327 0
      vertex 15.555966524548865 23.281149144471268 0
      vertex 15.451400956627387 23.124655712943596 0.7499999999999993
    endloop
  endfacet
  facet normal 0 0 0
    outer loop
      vertex 19.79898987322333 19.798989873223327 0
      vertex 15.451400956627387 23.124655712943596 0.7499999999999993
      vertex 19.6659031494188 19.6659031494188 0.7499999999999993
    endloop
  endfacet
  facet normal 0 0 0
    outer loop
      vertex 15.555966524548865 23.281149144471268 0
      vertex 10.715136106222516 25.868626910316028 0
      vertex 10.643110090318268 25.694740725876297 0.7499999999999993
    endloop
  endfacet
  facet normal 0 0 0
    outer loop
      vertex 15.555966524548865 23.281149144471268 0
      vertex 10.643110090318268 25.694740725876297 0.7499999999999993
      vertex 15.451400956627387 23.124655712943596 0.7499999999999993
    endloop
  endfacet
  facet normal 0 0 0
    outer loop
      vertex 10.715136106222516 25.868626910316028 0
      vertex 5.462529016451593 27.461987851290452 0
      vertex 5.425810471963123 27.277391262490184 0.7499999999999993
    endloop
  endfacet
  facet normal 0 0 0
    outer loop
      vertex 10.715136106222516 25.868626910316028 0
      vertex 5.425810471963123 27.277391262490184 0.7499999999999993
      vertex 10.643110090318268 25.694740725876297 0.7499999999999993
    endloop
  endfacet
  facet normal 0 0 0
    outer loop
      vertex 5.462529016451593 27.461987851290452 0
      vertex 1.7145055188062944e-15 28 0
      vertex 1.7029807933579872e-15 27.81178695022383 0.7499999999999993
    endloop
  endfacet
  facet normal 0 0 0
    outer loop
      vertex 5.462529016451593 27.461987851290452 0
      vertex 1.7029807933579872e-15 27.81178695022383 0.7499999999999993
      vertex 5.425810471963123 27.277391262490184 0.7499999999999993
    endloop
  endfacet
  facet normal 0 0 0
    outer loop
      vertex 1.7145055188062944e-15 28 0
      vertex -5.462529016451589 27.461987851290452 0
      vertex -5.425810471963119 27.277391262490184 0.7499999999999993
    endloop
  endfacet
  facet normal 0 0 0
    outer loop
      vertex 1.7145055188062944e-15 28 0
      vertex -5.425810471963119 27.277391262490184 0.7499999999999993
      vertex 1.7029807933579872e-15 27.81178695022383 0.7499999999999993
    endloop
  endfacet
  facet normal 0 0 0
    outer loop
      vertex -5.462529016451589 27.461987851290452 0
      vertex -10.715136106222513 25.868626910316028 0
      vertex -10.643110090318267 25.694740725876297 0.7499999999999993
    endloop
  endfacet
  facet normal 0 0 0
    outer loop
      vertex -5.462529016451589 27.461987851290452 0
      vertex -10.643110090318267 25.694740725876297 0.7499999999999993
      vertex -5.425810471963119 27.277391262490184 0.7499999999999993
    endloop
  endfacet
  facet normal 0 0 0
    outer loop
      vertex -10.715136106222513 25.868626910316028 0
      vertex -15.555966524548854 23.28114914447127 0
      vertex -15.451400956627378 23.124655712943596 0.7499999999999993
    endloop
  endfacet
  facet normal 0 0 0
    outer loop
      vertex -10.715136106222513 25.868626910316028 0
      vertex -15.451400956627378 23.124655712943596 0.7499999999999993
      vertex -10.643110090318267 25.694740725876297 0.7499999999999993
    endloop
  endfacet
  facet normal 0 0 0
    outer loop
      vertex -15.555966524548854 23.28114914447127 0
      vertex -19.798989873223327 19.79898987322333 0
      vertex -19.6659031494188 19.6659031494188 0.7499999999999993
    endloop
  endfacet
  facet normal 0 0 0
    outer loop
      vertex -15.555966524548854 23.28114914447127 0
      vertex -19.6659031494188 19.6659031494188 0.7499999999999993
      vertex -15.451400956627378 23.124655712943596 0.7499999999999993
    endloop
  endfacet
  facet normal 0 0 0
    outer loop
      vertex -19.798989873223327 19.79898987322333 0
      vertex -23.28114914447127 15.555966524548861 0
      vertex -23.124655712943596 15.451400956627385 0.7499999999999993
    endloop
  endfacet
  facet normal 0 0 0
    outer loop
      vertex -19.798989873223327 19.79898987322333 0
      vertex -23.124655712943596 15.451400956627385 0.7499999999999993
      vertex -19.6659031494188 19.6659031494188 0.7499999999999993
    endloop
  endfacet
  facet normal 0 0 0
    outer loop
      vertex -23.28114914447127 15.555966524548861 0
      vertex -25.868626910316028 10.715136106222516 0
      vertex -25.694740725876297 10.64311009031827 0.7499999999999993
    endloop
  endfacet
  facet normal 0 0 0
    outer loop
      vertex -23.28114914447127 15.555966524548861 0
      vertex -25.694740725876297 10.64311009031827 0.7499999999999993
      vertex -23.124655712943596 15.451400956627385 0.7499999999999993
    endloop
  endfacet
  facet normal 0 0 0
    outer loop
      vertex -25.868626910316028 10.715136106222516 0
      vertex -27.461987851290452 5.462529016451601 0
      vertex -27.277391262490184 5.42581047196313 0.7499999999999993
    endloop
  endfacet
  facet normal 0 0 0
    outer loop
      vertex -25.868626910316028 10.715136106222516 0
      vertex -27.277391262490184 5.42581047196313 0.7499999999999993
      vertex -25.694740725876297 10.64311009031827 0.7499999999999993
    endloop
  endfacet
  facet normal 0 0 0
    outer loop
      vertex -27.461987851290452 5.462529016451601 0
      vertex -28 3.429011037612589e-15 0
      vertex -27.81178695022383 3.4059615867159744e-15 0.7499999999999993
    endloop
  endfacet
  facet normal 0 0 0
    outer loop
      vertex -27.461987851290452 5.462529016451601 0
      vertex -27.81178695022383 3.4059615867159744e-15 0.7499999999999993
      vertex -27.277391262490184 5.42581047196313 0.7499999999999993
    endloop
  endfacet
  facet normal 0 0 0
    outer loop
      vertex -28 3.429011037612589e-15 0
      vertex -27.461987851290452 -5.462529016451594 0
      vertex -27.277391262490184 -5.425810471963123 0.7499999999999993
    endloop
  endfacet
  facet normal 0 0 0
    outer loop
      vertex -28 3.429011037612589e-15 0
      vertex -27.277391262490184 -5.425810471963123 0.7499999999999993
      vertex -27.81178695022383 3.4059615867159744e-15 0.7499999999999993
    endloop
  endfacet
  facet normal 0 0 0
    outer loop
      vertex -27.461987851290452 -5.462529016451594 0
      vertex -25.86862691031603 -10.71513610622251 0
      vertex -25.6947407258763 -10.643110090318263 0.7499999999999993
    endloop
  endfacet
  facet normal 0 0 0
    outer loop
      vertex -27.461987851290452 -5.462529016451594 0
      vertex -25.6947407258763 -10.643110090318263 0.7499999999999993
      vertex -27.277391262490184 -5.425810471963123 0.7499999999999993
    endloop
  endfacet
  facet normal 0 0 0
    outer loop
      vertex -25.86862691031603 -10.71513610622251 0
      vertex -23.28114914447127 -15.555966524548854 0
      vertex -23.1246557129436 -15.451400956627378 0.7499999999999993
    endloop
  endfacet
  facet normal 0 0 0
    outer loop
      vertex -25.86862691031603 -10.71513610622251 0
      vertex -23.1246557129436 -15.451400956627378 0.7499999999999993
      vertex -25.6947407258763 -10.643110090318263 0.7499999999999993
    endloop
  endfacet
  facet normal 0 0 0
    outer loop
      vertex -23.28114914447127 -15.555966524548854 0
      vertex -19.798989873223334 -19.798989873223327 0
      vertex -19.665903149418803 -19.6659031494188 0.7499999999999993
    endloop
  endfacet
  facet normal 0 0 0
    outer loop
      vertex -23.28114914447127 -15.555966524548854 0
      vertex -19.665903149418803 -19.6659031494188 0.7499999999999993
      vertex -23.1246557129436 -15.451400956627378 0.7499999999999993
    endloop
  endfacet
  facet normal 0 0 0
    outer loop
      vertex -19.798989873223334 -19.798989873223327 0
      vertex -15.555966524548861 -23.281149144471268 0
      vertex -15.451400956627385 -23.124655712943596 0.7499999999999993
    endloop
  endfacet
  facet normal 0 0 0
    outer loop
      vertex -19.798989873223334 -19.798989873223327 0
      vertex -15.451400956627385 -23.124655712943596 0.7499999999999993
      vertex -19.665903149418803 -19.6659031494188 0.7499999999999993
    endloop
  endfacet
  facet normal 0 0 0
    outer loop
      vertex -15.555966524548861 -23.281149144471268 0
      vertex -10.715136106222529 -25.868626910316024 0
      vertex -10.643110090318283 -25.69474072587629 0.7499999999999993
    endloop
  endfacet
  facet normal 0 0 0
    outer loop
      vertex -15.555966524548861 -23.281149144471268 0
      vertex -10.643110090318283 -25.69474072587629 0.7499999999999993
      vertex -15.451400956627385 -23.124655712943596 0.7499999999999993
    endloop
  endfacet
  facet normal 0 0 0
    outer loop
      vertex -10.715136106222529 -25.868626910316024 0
      vertex -5.462529016451603 -27.46198785129045 0
      vertex -5.425810471963132 -27.27739126249018 0.7499999999999993
    endloop
  endfacet
  facet normal 0 0 0
    outer loop
      vertex -10.715136106222529 -25.868626910316024 0
      vertex -5.425810471963132 -27.27739126249018 0.7499999999999993
      vertex -10.643110090318283 -25.69474072587629 0.7499999999999993
    endloop
  endfacet
  facet normal 0 0 0
    outer loop
      vertex -5.462529016451603 -27.46198785129045 0
      vertex -5.143516556418883e-15 -28 0
      vertex -5.1089423800739606e-15 -27.81178695022383 0.7499999999999993
    endloop
  endfacet
  facet normal 0 0 0
    outer loop
      vertex -5.462529016451603 -27.46198785129045 0
      vertex -5.1089423800739606e-15 -27.81178695022383 0.7499999999999993
      vertex -5.425810471963132 -27.27739126249018 0.7499999999999993
    endloop
  endfacet
  facet normal 0 0 0
    outer loop
      vertex -5.143516556418883e-15 -28 0
      vertex 5.462529016451592 -27.461987851290452 0
      vertex 5.425810471963122 -27.277391262490184 0.7499999999999993
    endloop
  endfacet
  facet normal 0 0 0
    outer loop
      vertex -5.143516556418883e-15 -28 0
      vertex 5.425810471963122 -27.277391262490184 0.7499999999999993
      vertex -5.1089423800739606e-15 -27.81178695022383 0.7499999999999993
    endloop
  endfacet
  facet normal 0 0 0
    outer loop
      vertex 5.462529016451592 -27.461987851290452 0
      vertex 10.71513610622252 -25.868626910316024 0
      vertex 10.643110090318274 -25.694740725876294 0.7499999999999993
    endloop
  endfacet
  facet normal 0 0 0
    outer loop
      vertex 5.462529016451592 -27.461987851290452 0
      vertex 10.643110090318274 -25.694740725876294 0.7499999999999993
      vertex 5.425810471963122 -27.277391262490184 0.7499999999999993
    endloop
  endfacet
  facet normal 0 0 0
    outer loop
      vertex 10.71513610622252 -25.868626910316024 0
      vertex 15.555966524548852 -23.28114914447127 0
      vertex 15.451400956627374 -23.1246557129436 0.7499999999999993
    endloop
  endfacet
  facet normal 0 0 0
    outer loop
      vertex 10.71513610622252 -25.868626910316024 0
      vertex 15.451400956627374 -23.1246557129436 0.7499999999999993
      vertex 10.643110090318274 -25.694740725876294 0.7499999999999993
    endloop
  endfacet
  facet normal 0 0 0
    outer loop
      vertex 15.555966524548852 -23.28114914447127 0
      vertex 19.798989873223327 -19.798989873223334 0
      vertex 19.665903149418796 -19.665903149418803 0.7499999999999993
    endloop
  endfacet
  facet normal 0 0 0
    outer loop
      vertex 15.555966524548852 -23.28114914447127 0
      vertex 19.665903149418796 -19.665903149418803 0.7499999999999993
      vertex 15.451400956627374 -23.1246557129436 0.7499999999999993
    endloop
  endfacet
  facet normal 0 0 0
    outer loop
      vertex 19.798989873223327 -19.798989873223334 0
      vertex 23.281149144471268 -15.555966524548861 0
      vertex 23.124655712943596 -15.451400956627385 0.7499999999999993
    endloop
  endfacet
  facet normal 0 0 0
    outer loop
      vertex 19.798989873223327 -19.798989873223334 0
      vertex 23.124655712943596 -15.451400956627385 0.7499999999999993
      vertex 19.665903149418796 -19.665903149418803 0.7499999999999993
    endloop
  endfacet
  facet normal 0 0 0
    outer loop
      vertex 23.281149144471268 -15.555966524548861 0
      vertex 25.868626910316024 -10.71513610622253 0
      vertex 25.69474072587629 -10.643110090318284 0.7499999999999993
    endloop
  endfacet
  facet normal 0 0 0
    outer loop
      vertex 23.281149144471268 -15.555966524548861 0
      vertex 25.69474072587629 -10.643110090318284 0.7499999999999993
      vertex 23.124655712943596 -15.451400956627385 0.7499999999999993
    endloop
  endfacet
  facet normal 0 0 0
    outer loop
      vertex 25.868626910316024 -10.71513610622253 0
      vertex 27.46198785129045 -5.4625290164516045 0
      vertex 27.27739126249018 -5.425810471963134 0.7499999999999993
    endloop
  endfacet
  facet normal 0 0 0
    outer loop
      vertex 25.868626910316024 -10.71513610622253 0
      vertex 27.27739126249018 -5.425810471963134 0.7499999999999993
      vertex 25.69474072587629 -10.643110090318284 0.7499999999999993
    endloop
  endfacet
  facet normal 0 0 0
    outer loop
      vertex 27.46198785129045 -5.4625290164516045 0
      vertex 28 0 0
      vertex 27.81178695022383 0 0.7499999999999993
    endloop
  endfacet
  facet normal 0 0 0
    outer loop
      vertex 27.46198785129045 -5.4625290164516045 0
      vertex 27.81178695022383 0 0.7499999999999993
      vertex 27.27739126249018 -5.425810471963134 0.7499999999999993
    endloop
  endfacet
  facet normal 0 0 0
    outer loop
      vertex 27.81178695022383 0 0.7499999999999993
      vertex 27.277391262490184 5.42581047196312 0.7499999999999993
      vertex 26.726759994903592 5.316283102974209 1.5000000000000007
    endloop
  endfacet
  facet normal 0 0 0
    outer loop
      vertex 27.81178695022383 0 0.7499999999999993
      vertex 26.726759994903592 5.316283102974209 1.5000000000000007
      vertex 27.2503681783595 0 1.5000000000000007
    endloop
  endfacet
  facet normal 0 0 0
    outer loop
      vertex 27.277391262490184 5.42581047196312 0.7499999999999993
      vertex 25.694740725876297 10.643110090318268 0.7499999999999993
      vertex 25.17605741338322 10.428264427707033 1.5000000000000007
    endloop
  endfacet
  facet normal 0 0 0
    outer loop
      vertex 27.277391262490184 5.42581047196312 0.7499999999999993
      vertex 25.17605741338322 10.428264427707033 1.5000000000000007
      vertex 26.726759994903592 5.316283102974209 1.5000000000000007
    endloop
  endfacet
  facet normal 0 0 0
    outer loop
      vertex 25.694740725876297 10.643110090318268 0.7499999999999993
      vertex 23.124655712943596 15.451400956627385 0.7499999999999993
      vertex 22.65785306436219 15.13949339872114 1.5000000000000007
    endloop
  endfacet
  facet normal 0 0 0
    outer loop
      vertex 25.694740725876297 10.643110090318268 0.7499999999999993
      vertex 22.65785306436219 15.13949339872114 1.5000000000000007
      vertex 25.17605741338322 10.428264427707033 1.5000000000000007
    endloop
  endfacet
  facet normal 0 0 0
    outer loop
      vertex 23.124655712943596 15.451400956627385 0.7499999999999993
      vertex 19.6659031494188 19.6659031494188 0.7499999999999993
      vertex 19.26892012874811 19.268920128748107 1.5000000000000007
    endloop
  endfacet
  facet normal 0 0 0
    outer loop
      vertex 23.124655712943596 15.451400956627385 0.7499999999999993
      vertex 19.26892012874811 19.268920128748107 1.5000000000000007
      vertex 22.65785306436219 15.13949339872114 1.5000000000000007
    endloop
  endfacet
  facet normal 0 0 0
    outer loop
      vertex 19.6659031494188 19.6659031494188 0.7499999999999993
      vertex 15.451400956627387 23.124655712943596 0.7499999999999993
      vertex 15.139493398721143 22.65785306436219 1.5000000000000007
    endloop
  endfacet
  facet normal 0 0 0
    outer loop
      vertex 19.6659031494188 19.6659031494188 0.7499999999999993
      vertex 15.139493398721143 22.65785306436219 1.5000000000000007
      vertex 19.26892012874811 19.268920128748107 1.5000000000000007
    endloop
  endfacet
  facet normal 0 0 0
    outer loop
      vertex 15.451400956627387 23.124655712943596 0.7499999999999993
      vertex 10.643110090318268 25.694740725876297 0.7499999999999993
      vertex 10.428264427707035 25.17605741338322 1.5000000000000007
    endloop
  endfacet
  facet normal 0 0 0
    outer loop
      vertex 15.451400956627387 23.124655712943596 0.7499999999999993
      vertex 10.428264427707035 25.17605741338322 1.5000000000000007
      vertex 15.139493398721143 22.65785306436219 1.5000000000000007
    endloop
  endfacet
  facet normal 0 0 0
    outer loop
      vertex 10.643110090318268 25.694740725876297 0.7499999999999993
      vertex 5.425810471963123 27.277391262490184 0.7499999999999993
      vertex 5.316283102974212 26.726759994903592 1.5000000000000007
    endloop
  endfacet
  facet normal 0 0 0
    outer loop
      vertex 10.643110090318268 25.694740725876297 0.7499999999999993
      vertex 5.316283102974212 26.726759994903592 1.5000000000000007
      vertex 10.428264427707035 25.17605741338322 1.5000000000000007
    endloop
  endfacet
  facet normal 0 0 0
    outer loop
      vertex 5.425810471963123 27.277391262490184 0.7499999999999993
      vertex 1.7029807933579872e-15 27.81178695022383 0.7499999999999993
      vertex 1.6686038082607426e-15 27.2503681783595 1.5000000000000007
    endloop
  endfacet
  facet normal 0 0 0
    outer loop
      vertex 5.425810471963123 27.277391262490184 0.7499999999999993
      vertex 1.6686038082607426e-15 27.2503681783595 1.5000000000000007
      vertex 5.316283102974212 26.726759994903592 1.5000000000000007
    endloop
  endfacet
  facet normal 0 0 0
    outer loop
      vertex 1.7029807933579872e-15 27.81178695022383 0.7499999999999993
      vertex -5.425810471963119 27.277391262490184 0.7499999999999993
      vertex -5.316283102974208 26.726759994903592 1.5000000000000007
    endloop
  endfacet
  facet normal 0 0 0
    outer loop
      vertex 1.7029807933579872e-15 27.81178695022383 0.7499999999999993
      vertex -5.316283102974208 26.726759994903592 1.5000000000000007
      vertex 1.6686038082607426e-15 27.2503681783595 1.5000000000000007
    endloop
  endfacet
  facet normal 0 0 0
    outer loop
      vertex -5.425810471963119 27.277391262490184 0.7499999999999993
      vertex -10.643110090318267 25.694740725876297 0.7499999999999993
      vertex -10.428264427707031 25.17605741338322 1.5000000000000007
    endloop
  endfacet
  facet normal 0 0 0
    outer loop
      vertex -5.425810471963119 27.277391262490184 0.7499999999999993
      vertex -10.428264427707031 25.17605741338322 1.5000000000000007
      vertex -5.316283102974208 26.726759994903592 1.5000000000000007
    endloop
  endfacet
  facet normal 0 0 0
    outer loop
      vertex -10.643110090318267 25.694740725876297 0.7499999999999993
      vertex -15.451400956627378 23.124655712943596 0.7499999999999993
      vertex -15.139493398721134 22.657853064362193 1.5000000000000007
    endloop
  endfacet
  facet normal 0 0 0
    outer loop
      vertex -10.643110090318267 25.694740725876297 0.7499999999999993
      vertex -15.139493398721134 22.657853064362193 1.5000000000000007
      vertex -10.428264427707031 25.17605741338322 1.5000000000000007
    endloop
  endfacet
  facet normal 0 0 0
    outer loop
      vertex -15.451400956627378 23.124655712943596 0.7499999999999993
      vertex -19.6659031494188 19.6659031494188 0.7499999999999993
      vertex -19.268920128748107 19.26892012874811 1.5000000000000007
    endloop
  endfacet
  facet normal 0 0 0
    outer loop
      vertex -15.451400956627378 23.124655712943596 0.7499999999999993
      vertex -19.268920128748107 19.26892012874811 1.5000000000000007
      vertex -15.139493398721134 22.657853064362193 1.5000000000000007
    endloop
  endfacet
  facet normal 0 0 0
    outer loop
      vertex -19.6659031494188 19.6659031494188 0.7499999999999993
      vertex -23.124655712943596 15.451400956627385 0.7499999999999993
      vertex -22.657853064362193 15.13949339872114 1.5000000000000007
    endloop
  endfacet
  facet normal 0 0 0
    outer loop
      vertex -19.6659031494188 19.6659031494188 0.7499999999999993
      vertex -22.657853064362193 15.13949339872114 1.5000000000000007
      vertex -19.268920128748107 19.26892012874811 1.5000000000000007
    endloop
  endfacet
  facet normal 0 0 0
    outer loop
      vertex -23.124655712943596 15.451400956627385 0.7499999999999993
      vertex -25.694740725876297 10.64311009031827 0.7499999999999993
      vertex -25.17605741338322 10.428264427707036 1.5000000000000007
    endloop
  endfacet
  facet normal 0 0 0
    outer loop
      vertex -23.124655712943596 15.451400956627385 0.7499999999999993
      vertex -25.17605741338322 10.428264427707036 1.5000000000000007
      vertex -22.657853064362193 15.13949339872114 1.5000000000000007
    endloop
  endfacet
  facet normal 0 0 0
    outer loop
      vertex -25.694740725876297 10.64311009031827 0.7499999999999993
      vertex -27.277391262490184 5.42581047196313 0.7499999999999993
      vertex -26.726759994903592 5.316283102974219 1.5000000000000007
    endloop
  endfacet
  facet normal 0 0 0
    outer loop
      vertex -25.694740725876297 10.64311009031827 0.7499999999999993
      vertex -26.726759994903592 5.316283102974219 1.5000000000000007
      vertex -25.17605741338322 10.428264427707036 1.5000000000000007
    endloop
  endfacet
  facet normal 0 0 0
    outer loop
      vertex -27.277391262490184 5.42581047196313 0.7499999999999993
      vertex -27.81178695022383 3.4059615867159744e-15 0.7499999999999993
      vertex -27.2503681783595 3.337207616521485e-15 1.5000000000000007
    endloop
  endfacet
  facet normal 0 0 0
    outer loop
      vertex -27.277391262490184 5.42581047196313 0.7499999999999993
      vertex -27.2503681783595 3.337207616521485e-15 1.5000000000000007
      vertex -26.726759994903592 5.316283102974219 1.5000000000000007
    endloop
  endfacet
  facet normal 0 0 0
    outer loop
      vertex -27.81178695022383 3.4059615867159744e-15 0.7499999999999993
      vertex -27.277391262490184 -5.425810471963123 0.7499999999999993
      vertex -26.726759994903592 -5.316283102974213 1.5000000000000007
    endloop
  endfacet
  facet normal 0 0 0
    outer loop
      vertex -27.81178695022383 3.4059615867159744e-15 0.7499999999999993
      vertex -26.726759994903592 -5.316283102974213 1.5000000000000007
      vertex -27.2503681783595 3.337207616521485e-15 1.5000000000000007
    endloop
  endfacet
  facet normal 0 0 0
    outer loop
      vertex -27.277391262490184 -5.425810471963123 0.7499999999999993
      vertex -25.6947407258763 -10.643110090318263 0.7499999999999993
      vertex -25.176057413383223 -10.42826442770703 1.5000000000000007
    endloop
  endfacet
  facet normal 0 0 0
    outer loop
      vertex -27.277391262490184 -5.425810471963123 0.7499999999999993
      vertex -25.176057413383223 -10.42826442770703 1.5000000000000007
      vertex -26.726759994903592 -5.316283102974213 1.5000000000000007
    endloop
  endfacet
  facet normal 0 0 0
    outer loop
      vertex -25.6947407258763 -10.643110090318263 0.7499999999999993
      vertex -23.1246557129436 -15.451400956627378 0.7499999999999993
      vertex -22.657853064362197 -15.139493398721134 1.5000000000000007
    endloop
  endfacet
  facet normal 0 0 0
    outer loop
      vertex -25.6947407258763 -10.643110090318263 0.7499999999999993
      vertex -22.657853064362197 -15.139493398721134 1.5000000000000007
      vertex -25.176057413383223 -10.42826442770703 1.5000000000000007
    endloop
  endfacet
  facet normal 0 0 0
    outer loop
      vertex -23.1246557129436 -15.451400956627378 0.7499999999999993
      vertex -19.665903149418803 -19.6659031494188 0.7499999999999993
      vertex -19.268920128748114 -19.268920128748107 1.5000000000000007
    endloop
  endfacet
  facet normal 0 0 0
    outer loop
      vertex -23.1246557129436 -15.451400956627378 0.7499999999999993
      vertex -19.268920128748114 -19.268920128748107 1.5000000000000007
      vertex -22.657853064362197 -15.139493398721134 1.5000000000000007
    endloop
  endfacet
  facet normal 0 0 0
    outer loop
      vertex -19.665903149418803 -19.6659031494188 0.7499999999999993
      vertex -15.451400956627385 -23.124655712943596 0.7499999999999993
      vertex -15.13949339872114 -22.65785306436219 1.5000000000000007
    endloop
  endfacet
  facet normal 0 0 0
    outer loop
      vertex -19.665903149418803 -19.6659031494188 0.7499999999999993
      vertex -15.13949339872114 -22.65785306436219 1.5000000000000007
      vertex -19.268920128748114 -19.268920128748107 1.5000000000000007
    endloop
  endfacet
  facet normal 0 0 0
    outer loop
      vertex -15.451400956627385 -23.124655712943596 0.7499999999999993
      vertex -10.643110090318283 -25.69474072587629 0.7499999999999993
      vertex -10.428264427707049 -25.176057413383216 1.5000000000000007
    endloop
  endfacet
  facet normal 0 0 0
    outer loop
      vertex -15.451400956627385 -23.124655712943596 0.7499999999999993
      vertex -10.428264427707049 -25.176057413383216 1.5000000000000007
      vertex -15.13949339872114 -22.65785306436219 1.5000000000000007
    endloop
  endfacet
  facet normal 0 0 0
    outer loop
      vertex -10.643110090318283 -25.69474072587629 0.7499999999999993
      vertex -5.425810471963132 -27.27739126249018 0.7499999999999993
      vertex -5.316283102974221 -26.72675999490359 1.5000000000000007
    endloop
  endfacet
  facet normal 0 0 0
    outer loop
      vertex -10.643110090318283 -25.69474072587629 0.7499999999999993
      vertex -5.316283102974221 -26.72675999490359 1.5000000000000007
      vertex -10.428264427707049 -25.176057413383216 1.5000000000000007
    endloop
  endfacet
  facet normal 0 0 0
    outer loop
      vertex -5.425810471963132 -27.27739126249018 0.7499999999999993
      vertex -5.1089423800739606e-15 -27.81178695022383 0.7499999999999993
      vertex -5.0058114247822276e-15 -27.2503681783595 1.5000000000000007
    endloop
  endfacet
  facet normal 0 0 0
    outer loop
      vertex -5.425810471963132 -27.27739126249018 0.7499999999999993
      vertex -5.0058114247822276e-15 -27.2503681783595 1.5000000000000007
      vertex -5.316283102974221 -26.72675999490359 1.5000000000000007
    endloop
  endfacet
  facet normal 0 0 0
    outer loop
      vertex -5.1089423800739606e-15 -27.81178695022383 0.7499999999999993
      vertex 5.425810471963122 -27.277391262490184 0.7499999999999993
      vertex 5.316283102974211 -26.726759994903592 1.5000000000000007
    endloop
  endfacet
  facet normal 0 0 0
    outer loop
      vertex -5.1089423800739606e-15 -27.81178695022383 0.7499999999999993
      vertex 5.316283102974211 -26.726759994903592 1.5000000000000007
      vertex -5.0058114247822276e-15 -27.2503681783595 1.5000000000000007
    endloop
  endfacet
  facet normal 0 0 0
    outer loop
      vertex 5.425810471963122 -27.277391262490184 0.7499999999999993
      vertex 10.643110090318274 -25.694740725876294 0.7499999999999993
      vertex 10.42826442770704 -25.176057413383216 1.5000000000000007
    endloop
  endfacet
  facet normal 0 0 0
    outer loop
      vertex 5.425810471963122 -27.277391262490184 0.7499999999999993
      vertex 10.42826442770704 -25.176057413383216 1.5000000000000007
      vertex 5.316283102974211 -26.726759994903592 1.5000000000000007
    endloop
  endfacet
  facet normal 0 0 0
    outer loop
      vertex 10.643110090318274 -25.694740725876294 0.7499999999999993
      vertex 15.451400956627374 -23.1246557129436 0.7499999999999993
      vertex 15.13949339872113 -22.657853064362197 1.5000000000000007
    endloop
  endfacet
  facet normal 0 0 0
    outer loop
      vertex 10.643110090318274 -25.694740725876294 0.7499999999999993
      vertex 15.13949339872113 -22.657853064362197 1.5000000000000007
      vertex 10.42826442770704 -25.176057413383216 1.5000000000000007
    endloop
  endfacet
  facet normal 0 0 0
    outer loop
      vertex 15.451400956627374 -23.1246557129436 0.7499999999999993
      vertex 19.665903149418796 -19.665903149418803 0.7499999999999993
      vertex 19.268920128748103 -19.268920128748114 1.5000000000000007
    endloop
  endfacet
  facet normal 0 0 0
    outer loop
      vertex 15.451400956627374 -23.1246557129436 0.7499999999999993
      vertex 19.268920128748103 -19.268920128748114 1.5000000000000007
      vertex 15.13949339872113 -22.657853064362197 1.5000000000000007
    endloop
  endfacet
  facet normal 0 0 0
    outer loop
      vertex 19.665903149418796 -19.665903149418803 0.7499999999999993
      vertex 23.124655712943596 -15.451400956627385 0.7499999999999993
      vertex 22.65785306436219 -15.13949339872114 1.5000000000000007
    endloop
  endfacet
  facet normal 0 0 0
    outer loop
      vertex 19.665903149418796 -19.665903149418803 0.7499999999999993
      vertex 22.65785306436219 -15.13949339872114 1.5000000000000007
      vertex 19.268920128748103 -19.268920128748114 1.5000000000000007
    endloop
  endfacet
  facet normal 0 0 0
    outer loop
      vertex 23.124655712943596 -15.451400956627385 0.7499999999999993
      vertex 25.69474072587629 -10.643110090318284 0.7499999999999993
      vertex 25.176057413383216 -10.428264427707049 1.5000000000000007
    endloop
  endfacet
  facet normal 0 0 0
    outer loop
      vertex 23.124655712943596 -15.451400956627385 0.7499999999999993
      vertex 25.176057413383216 -10.428264427707049 1.5000000000000007
      vertex 22.65785306436219 -15.13949339872114 1.5000000000000007
    endloop
  endfacet
  facet normal 0 0 0
    outer loop
      vertex 25.69474072587629 -10.643110090318284 0.7499999999999993
      vertex 27.27739126249018 -5.425810471963134 0.7499999999999993
      vertex 26.72675999490359 -5.316283102974222 1.5000000000000007
    endloop
  endfacet
  facet normal 0 0 0
    outer loop
      vertex 25.69474072587629 -10.643110090318284 0.7499999999999993
      vertex 26.72675999490359 -5.316283102974222 1.5000000000000007
      vertex 25.176057413383216 -10.428264427707049 1.5000000000000007
    endloop
  endfacet
  facet normal 0 0 0
    outer loop
      vertex 27.27739126249018 -5.425810471963134 0.7499999999999993
      vertex 27.81178695022383 0 0.7499999999999993
      vertex 27.2503681783595 0 1.5000000000000007
    endloop
  endfacet
  facet normal 0 0 0
    outer loop
      vertex 27.27739126249018 -5.425810471963134 0.7499999999999993
      vertex 27.2503681783595 0 1.5000000000000007
      vertex 26.72675999490359 -5.316283102974222 1.5000000000000007
    endloop
  endfacet
  facet normal 0 0 0
    outer loop
      vertex 27.2503681783595 0 1.5000000000000007
      vertex 26.726759994903592 5.316283102974209 1.5000000000000007
      vertex 25.819515502182913 5.135820953134982 2.25
    endloop
  endfacet
  facet normal 0 0 0
    outer loop
      vertex 27.2503681783595 0 1.5000000000000007
      vertex 25.819515502182913 5.135820953134982 2.25
      vertex 26.325349715248308 0 2.25
    endloop
  endfacet
  facet normal 0 0 0
    outer loop
      vertex 26.726759994903592 5.316283102974209 1.5000000000000007
      vertex 25.17605741338322 10.428264427707033 1.5000000000000007
      vertex 24.32145178811974 10.074275187242561 2.25
    endloop
  endfacet
  facet normal 0 0 0
    outer loop
      vertex 26.726759994903592 5.316283102974209 1.5000000000000007
      vertex 24.32145178811974 10.074275187242561 2.25
      vertex 25.819515502182913 5.135820953134982 2.25
    endloop
  endfacet
  facet normal 0 0 0
    outer loop
      vertex 25.17605741338322 10.428264427707033 1.5000000000000007
      vertex 22.65785306436219 15.13949339872114 1.5000000000000007
      vertex 21.88872832146643 14.62558067562302 2.25
    endloop
  endfacet
  facet normal 0 0 0
    outer loop
      vertex 25.17605741338322 10.428264427707033 1.5000000000000007
      vertex 21.88872832146643 14.62558067562302 2.25
      vertex 24.32145178811974 10.074275187242561 2.25
    endloop
  endfacet
  facet normal 0 0 0
    outer loop
      vertex 22.65785306436219 15.13949339872114 1.5000000000000007
      vertex 19.26892012874811 19.268920128748107 1.5000000000000007
      vertex 18.61483330075943 18.614833300759425 2.25
    endloop
  endfacet
  facet normal 0 0 0
    outer loop
      vertex 22.65785306436219 15.13949339872114 1.5000000000000007
      vertex 18.61483330075943 18.614833300759425 2.25
      vertex 21.88872832146643 14.62558067562302 2.25
    endloop
  endfacet
  facet normal 0 0 0
    outer loop
      vertex 19.26892012874811 19.268920128748107 1.5000000000000007
      vertex 15.139493398721143 22.65785306436219 1.5000000000000007
      vertex 14.625580675623024 21.88872832146643 2.25
    endloop
  endfacet
  facet normal 0 0 0
    outer loop
      vertex 19.26892012874811 19.268920128748107 1.5000000000000007
      vertex 14.625580675623024 21.88872832146643 2.25
      vertex 18.61483330075943 18.614833300759425 2.25
    endloop
  endfacet
  facet normal 0 0 0
    outer loop
      vertex 15.139493398721143 22.65785306436219 1.5000000000000007
      vertex 10.428264427707035 25.17605741338322 1.5000000000000007
      vertex 10.074275187242563 24.32145178811974 2.25
    endloop
  endfacet
  facet normal 0 0 0
    outer loop
      vertex 15.139493398721143 22.65785306436219 1.5000000000000007
      vertex 10.074275187242563 24.32145178811974 2.25
      vertex 14.625580675623024 21.88872832146643 2.25
    endloop
  endfacet
  facet normal 0 0 0
    outer loop
      vertex 10.428264427707035 25.17605741338322 1.5000000000000007
      vertex 5.316283102974212 26.726759994903592 1.5000000000000007
      vertex 5.135820953134985 25.819515502182913 2.25
    endloop
  endfacet
  facet normal 0 0 0
    outer loop
      vertex 10.428264427707035 25.17605741338322 1.5000000000000007
      vertex 5.135820953134985 25.819515502182913 2.25
      vertex 10.074275187242563 24.32145178811974 2.25
    endloop
  endfacet
  facet normal 0 0 0
    outer loop
      vertex 5.316283102974212 26.726759994903592 1.5000000000000007
      vertex 1.6686038082607426e-15 27.2503681783595 1.5000000000000007
      vertex 1.6119627632606762e-15 26.325349715248308 2.25
    endloop
  endfacet
  facet normal 0 0 0
    outer loop
      vertex 5.316283102974212 26.726759994903592 1.5000000000000007
      vertex 1.6119627632606762e-15 26.325349715248308 2.25
      vertex 5.135820953134985 25.819515502182913 2.25
    endloop
  endfacet
  facet normal 0 0 0
    outer loop
      vertex 1.6686038082607426e-15 27.2503681783595 1.5000000000000007
      vertex -5.316283102974208 26.726759994903592 1.5000000000000007
      vertex -5.1358209531349805 25.819515502182913 2.25
    endloop
  endfacet
  facet normal 0 0 0
    outer loop
      vertex 1.6686038082607426e-15 27.2503681783595 1.5000000000000007
      vertex -5.1358209531349805 25.819515502182913 2.25
      vertex 1.6119627632606762e-15 26.325349715248308 2.25
    endloop
  endfacet
  facet normal 0 0 0
    outer loop
      vertex -5.316283102974208 26.726759994903592 1.5000000000000007
      vertex -10.428264427707031 25.17605741338322 1.5000000000000007
      vertex -10.07427518724256 24.32145178811974 2.25
    endloop
  endfacet
  facet normal 0 0 0
    outer loop
      vertex -5.316283102974208 26.726759994903592 1.5000000000000007
      vertex -10.07427518724256 24.32145178811974 2.25
      vertex -5.1358209531349805 25.819515502182913 2.25
    endloop
  endfacet
  facet normal 0 0 0
    outer loop
      vertex -10.428264427707031 25.17605741338322 1.5000000000000007
      vertex -15.139493398721134 22.657853064362193 1.5000000000000007
      vertex -14.625580675623015 21.888728321466434 2.25
    endloop
  endfacet
  facet normal 0 0 0
    outer loop
      vertex -10.428264427707031 25.17605741338322 1.5000000000000007
      vertex -14.625580675623015 21.888728321466434 2.25
      vertex -10.07427518724256 24.32145178811974 2.25
    endloop
  endfacet
  facet normal 0 0 0
    outer loop
      vertex -15.139493398721134 22.657853064362193 1.5000000000000007
      vertex -19.268920128748107 19.26892012874811 1.5000000000000007
      vertex -18.614833300759425 18.61483330075943 2.25
    endloop
  endfacet
  facet normal 0 0 0
    outer loop
      vertex -15.139493398721134 22.657853064362193 1.5000000000000007
      vertex -18.614833300759425 18.61483330075943 2.25
      vertex -14.625580675623015 21.888728321466434 2.25
    endloop
  endfacet
  facet normal 0 0 0
    outer loop
      vertex -19.268920128748107 19.26892012874811 1.5000000000000007
      vertex -22.657853064362193 15.13949339872114 1.5000000000000007
      vertex -21.888728321466434 14.62558067562302 2.25
    endloop
  endfacet
  facet normal 0 0 0
    outer loop
      vertex -19.268920128748107 19.26892012874811 1.5000000000000007
      vertex -21.888728321466434 14.62558067562302 2.25
      vertex -18.614833300759425 18.61483330075943 2.25
    endloop
  endfacet
  facet normal 0 0 0
    outer loop
      vertex -22.657853064362193 15.13949339872114 1.5000000000000007
      vertex -25.17605741338322 10.428264427707036 1.5000000000000007
      vertex -24.32145178811974 10.074275187242565 2.25
    endloop
  endfacet
  facet normal 0 0 0
    outer loop
      vertex -22.657853064362193 15.13949339872114 1.5000000000000007
      vertex -24.32145178811974 10.074275187242565 2.25
      vertex -21.888728321466434 14.62558067562302 2.25
    endloop
  endfacet
  facet normal 0 0 0
    outer loop
      vertex -25.17605741338322 10.428264427707036 1.5000000000000007
      vertex -26.726759994903592 5.316283102974219 1.5000000000000007
      vertex -25.819515502182913 5.135820953134992 2.25
    endloop
  endfacet
  facet normal 0 0 0
    outer loop
      vertex -25.17605741338322 10.428264427707036 1.5000000000000007
      vertex -25.819515502182913 5.135820953134992 2.25
      vertex -24.32145178811974 10.074275187242565 2.25
    endloop
  endfacet
  facet normal 0 0 0
    outer loop
      vertex -26.726759994903592 5.316283102974219 1.5000000000000007
      vertex -27.2503681783595 3.337207616521485e-15 1.5000000000000007
      vertex -26.325349715248308 3.2239255265213525e-15 2.25
    endloop
  endfacet
  facet normal 0 0 0
    outer loop
      vertex -26.726759994903592 5.316283102974219 1.5000000000000007
      vertex -26.325349715248308 3.2239255265213525e-15 2.25
      vertex -25.819515502182913 5.135820953134992 2.25
    endloop
  endfacet
  facet normal 0 0 0
    outer loop
      vertex -27.2503681783595 3.337207616521485e-15 1.5000000000000007
      vertex -26.726759994903592 -5.316283102974213 1.5000000000000007
      vertex -25.819515502182913 -5.135820953134985 2.25
    endloop
  endfacet
  facet normal 0 0 0
    outer loop
      vertex -27.2503681783595 3.337207616521485e-15 1.5000000000000007
      vertex -25.819515502182913 -5.135820953134985 2.25
      vertex -26.325349715248308 3.2239255265213525e-15 2.25
    endloop
  endfacet
  facet normal 0 0 0
    outer loop
      vertex -26.726759994903592 -5.316283102974213 1.5000000000000007
      vertex -25.176057413383223 -10.42826442770703 1.5000000000000007
      vertex -24.321451788119745 -10.074275187242558 2.25
    endloop
  endfacet
  facet normal 0 0 0
    outer loop
      vertex -26.726759994903592 -5.316283102974213 1.5000000000000007
      vertex -24.321451788119745 -10.074275187242558 2.25
      vertex -25.819515502182913 -5.135820953134985 2.25
    endloop
  endfacet
  facet normal 0 0 0
    outer loop
      vertex -25.176057413383223 -10.42826442770703 1.5000000000000007
      vertex -22.657853064362197 -15.139493398721134 1.5000000000000007
      vertex -21.888728321466434 -14.625580675623015 2.25
    endloop
  endfacet
  facet normal 0 0 0
    outer loop
      vertex -25.176057413383223 -10.42826442770703 1.5000000000000007
      vertex -21.888728321466434 -14.625580675623015 2.25
      vertex -24.321451788119745 -10.074275187242558 2.25
    endloop
  endfacet
  facet normal 0 0 0
    outer loop
      vertex -22.657853064362197 -15.139493398721134 1.5000000000000007
      vertex -19.268920128748114 -19.268920128748107 1.5000000000000007
      vertex -18.61483330075943 -18.614833300759425 2.25
    endloop
  endfacet
  facet normal 0 0 0
    outer loop
      vertex -22.657853064362197 -15.139493398721134 1.5000000000000007
      vertex -18.61483330075943 -18.614833300759425 2.25
      vertex -21.888728321466434 -14.625580675623015 2.25
    endloop
  endfacet
  facet normal 0 0 0
    outer loop
      vertex -19.268920128748114 -19.268920128748107 1.5000000000000007
      vertex -15.13949339872114 -22.65785306436219 1.5000000000000007
      vertex -14.62558067562302 -21.88872832146643 2.25
    endloop
  endfacet
  facet normal 0 0 0
    outer loop
      vertex -19.268920128748114 -19.268920128748107 1.5000000000000007
      vertex -14.62558067562302 -21.88872832146643 2.25
      vertex -18.61483330075943 -18.614833300759425 2.25
    endloop
  endfacet
  facet normal 0 0 0
    outer loop
      vertex -15.13949339872114 -22.65785306436219 1.5000000000000007
      vertex -10.428264427707049 -25.176057413383216 1.5000000000000007
      vertex -10.074275187242575 -24.321451788119735 2.25
    endloop
  endfacet
  facet normal 0 0 0
    outer loop
      vertex -15.13949339872114 -22.65785306436219 1.5000000000000007
      vertex -10.074275187242575 -24.321451788119735 2.25
      vertex -14.62558067562302 -21.88872832146643 2.25
    endloop
  endfacet
  facet normal 0 0 0
    outer loop
      vertex -10.428264427707049 -25.176057413383216 1.5000000000000007
      vertex -5.316283102974221 -26.72675999490359 1.5000000000000007
      vertex -5.135820953134993 -25.81951550218291 2.25
    endloop
  endfacet
  facet normal 0 0 0
    outer loop
      vertex -10.428264427707049 -25.176057413383216 1.5000000000000007
      vertex -5.135820953134993 -25.81951550218291 2.25
      vertex -10.074275187242575 -24.321451788119735 2.25
    endloop
  endfacet
  facet normal 0 0 0
    outer loop
      vertex -5.316283102974221 -26.72675999490359 1.5000000000000007
      vertex -5.0058114247822276e-15 -27.2503681783595 1.5000000000000007
      vertex -4.835888289782028e-15 -26.325349715248308 2.25
    endloop
  endfacet
  facet normal 0 0 0
    outer loop
      vertex -5.316283102974221 -26.72675999490359 1.5000000000000007
      vertex -4.835888289782028e-15 -26.325349715248308 2.25
      vertex -5.135820953134993 -25.81951550218291 2.25
    endloop
  endfacet
  facet normal 0 0 0
    outer loop
      vertex -5.0058114247822276e-15 -27.2503681783595 1.5000000000000007
      vertex 5.316283102974211 -26.726759994903592 1.5000000000000007
      vertex 5.135820953134984 -25.819515502182913 2.25
    endloop
  endfacet
  facet normal 0 0 0
    outer loop
      vertex -5.0058114247822276e-15 -27.2503681783595 1.5000000000000007
      vertex 5.135820953134984 -25.819515502182913 2.25
      vertex -4.835888289782028e-15 -26.325349715248308 2.25
    endloop
  endfacet
  facet normal 0 0 0
    outer loop
      vertex 5.316283102974211 -26.726759994903592 1.5000000000000007
      vertex 10.42826442770704 -25.176057413383216 1.5000000000000007
      vertex 10.074275187242566 -24.321451788119738 2.25
    endloop
  endfacet
  facet normal 0 0 0
    outer loop
      vertex 5.316283102974211 -26.726759994903592 1.5000000000000007
      vertex 10.074275187242566 -24.321451788119738 2.25
      vertex 5.135820953134984 -25.819515502182913 2.25
    endloop
  endfacet
  facet normal 0 0 0
    outer loop
      vertex 10.42826442770704 -25.176057413383216 1.5000000000000007
      vertex 15.13949339872113 -22.657853064362197 1.5000000000000007
      vertex 14.625580675623011 -21.888728321466434 2.25
    endloop
  endfacet
  facet normal 0 0 0
    outer loop
      vertex 10.42826442770704 -25.176057413383216 1.5000000000000007
      vertex 14.625580675623011 -21.888728321466434 2.25
      vertex 10.074275187242566 -24.321451788119738 2.25
    endloop
  endfacet
  facet normal 0 0 0
    outer loop
      vertex 15.13949339872113 -22.657853064362197 1.5000000000000007
      vertex 19.268920128748103 -19.268920128748114 1.5000000000000007
      vertex 18.61483330075942 -18.61483330075943 2.25
    endloop
  endfacet
  facet normal 0 0 0
    outer loop
      vertex 15.13949339872113 -22.657853064362197 1.5000000000000007
      vertex 18.61483330075942 -18.61483330075943 2.25
      vertex 14.625580675623011 -21.888728321466434 2.25
    endloop
  endfacet
  facet normal 0 0 0
    outer loop
      vertex 19.268920128748103 -19.268920128748114 1.5000000000000007
      vertex 22.65785306436219 -15.13949339872114 1.5000000000000007
      vertex 21.88872832146643 -14.62558067562302 2.25
    endloop
  endfacet
  facet normal 0 0 0
    outer loop
      vertex 19.268920128748103 -19.268920128748114 1.5000000000000007
      vertex 21.88872832146643 -14.62558067562302 2.25
      vertex 18.61483330075942 -18.61483330075943 2.25
    endloop
  endfacet
  facet normal 0 0 0
    outer loop
      vertex 22.65785306436219 -15.13949339872114 1.5000000000000007
      vertex 25.176057413383216 -10.428264427707049 1.5000000000000007
      vertex 24.321451788119735 -10.074275187242577 2.25
    endloop
  endfacet
  facet normal 0 0 0
    outer loop
      vertex 22.65785306436219 -15.13949339872114 1.5000000000000007
      vertex 24.321451788119735 -10.074275187242577 2.25
      vertex 21.88872832146643 -14.62558067562302 2.25
    endloop
  endfacet
  facet normal 0 0 0
    outer loop
      vertex 25.176057413383216 -10.428264427707049 1.5000000000000007
      vertex 26.72675999490359 -5.316283102974222 1.5000000000000007
      vertex 25.81951550218291 -5.135820953134995 2.25
    endloop
  endfacet
  facet normal 0 0 0
    outer loop
      vertex 25.176057413383216 -10.428264427707049 1.5000000000000007
      vertex 25.81951550218291 -5.135820953134995 2.25
      vertex 24.321451788119735 -10.074275187242577 2.25
    endloop
  endfacet
  facet normal 0 0 0
    outer loop
      vertex 26.72675999490359 -5.316283102974222 1.5000000000000007
      vertex 27.2503681783595 0 1.5000000000000007
      vertex 26.325349715248308 0 2.25
    endloop
  endfacet
  facet normal 0 0 0
    outer loop
      vertex 26.72675999490359 -5.316283102974222 1.5000000000000007
      vertex 26.325349715248308 0 2.25
      vertex 25.81951550218291 -5.135820953134995 2.25
    endloop
  endfacet
  facet normal 0 0 0
    outer loop
      vertex 26.325349715248308 0 2.25
      vertex 25.819515502182913 5.135820953134982 2.25
      vertex 24.571180989134298 4.887511779862749 2.999999999999999
    endloop
  endfacet
  facet normal 0 0 0
    outer loop
      vertex 26.325349715248308 0 2.25
      vertex 24.571180989134298 4.887511779862749 2.999999999999999
      vertex 25.052558883257653 0 2.999999999999999
    endloop
  endfacet
  facet normal 0 0 0
    outer loop
      vertex 25.819515502182913 5.135820953134982 2.25
      vertex 24.32145178811974 10.074275187242561 2.25
      vertex 23.145546389275566 9.58719922297356 2.999999999999999
    endloop
  endfacet
  facet normal 0 0 0
    outer loop
      vertex 25.819515502182913 5.135820953134982 2.25
      vertex 23.145546389275566 9.58719922297356 2.999999999999999
      vertex 24.571180989134298 4.887511779862749 2.999999999999999
    endloop
  endfacet
  facet normal 0 0 0
    outer loop
      vertex 24.32145178811974 10.074275187242561 2.25
      vertex 21.88872832146643 14.62558067562302 2.25
      vertex 20.830441421848928 13.918455976508758 2.999999999999999
    endloop
  endfacet
  facet normal 0 0 0
    outer loop
      vertex 24.32145178811974 10.074275187242561 2.25
      vertex 20.830441421848928 13.918455976508758 2.999999999999999
      vertex 23.145546389275566 9.58719922297356 2.999999999999999
    endloop
  endfacet
  facet normal 0 0 0
    outer loop
      vertex 21.88872832146643 14.62558067562302 2.25
      vertex 18.61483330075943 18.614833300759425 2.25
      vertex 17.714834272426767 17.714834272426764 2.999999999999999
    endloop
  endfacet
  facet normal 0 0 0
    outer loop
      vertex 21.88872832146643 14.62558067562302 2.25
      vertex 17.714834272426767 17.714834272426764 2.999999999999999
      vertex 20.830441421848928 13.918455976508758 2.999999999999999
    endloop
  endfacet
  facet normal 0 0 0
    outer loop
      vertex 18.61483330075943 18.614833300759425 2.25
      vertex 14.625580675623024 21.88872832146643 2.25
      vertex 13.918455976508762 20.830441421848928 2.999999999999999
    endloop
  endfacet
  facet normal 0 0 0
    outer loop
      vertex 18.61483330075943 18.614833300759425 2.25
      vertex 13.918455976508762 20.830441421848928 2.999999999999999
      vertex 17.714834272426767 17.714834272426764 2.999999999999999
    endloop
  endfacet
  facet normal 0 0 0
    outer loop
      vertex 14.625580675623024 21.88872832146643 2.25
      vertex 10.074275187242563 24.32145178811974 2.25
      vertex 9.587199222973561 23.145546389275566 2.999999999999999
    endloop
  endfacet
  facet normal 0 0 0
    outer loop
      vertex 14.625580675623024 21.88872832146643 2.25
      vertex 9.587199222973561 23.145546389275566 2.999999999999999
      vertex 13.918455976508762 20.830441421848928 2.999999999999999
    endloop
  endfacet
  facet normal 0 0 0
    outer loop
      vertex 10.074275187242563 24.32145178811974 2.25
      vertex 5.135820953134985 25.819515502182913 2.25
      vertex 4.887511779862752 24.571180989134298 2.999999999999999
    endloop
  endfacet
  facet normal 0 0 0
    outer loop
      vertex 10.074275187242563 24.32145178811974 2.25
      vertex 4.887511779862752 24.571180989134298 2.999999999999999
      vertex 9.587199222973561 23.145546389275566 2.999999999999999
    endloop
  endfacet
  facet normal 0 0 0
    outer loop
      vertex 5.135820953134985 25.819515502182913 2.25
      vertex 1.6119627632606762e-15 26.325349715248308 2.25
      vertex 1.5340268023416038e-15 25.052558883257653 2.999999999999999
    endloop
  endfacet
  facet normal 0 0 0
    outer loop
      vertex 5.135820953134985 25.819515502182913 2.25
      vertex 1.5340268023416038e-15 25.052558883257653 2.999999999999999
      vertex 4.887511779862752 24.571180989134298 2.999999999999999
    endloop
  endfacet
  facet normal 0 0 0
    outer loop
      vertex 1.6119627632606762e-15 26.325349715248308 2.25
      vertex -5.1358209531349805 25.819515502182913 2.25
      vertex -4.8875117798627485 24.571180989134298 2.999999999999999
    endloop
  endfacet
  facet normal 0 0 0
    outer loop
      vertex 1.6119627632606762e-15 26.325349715248308 2.25
      vertex -4.8875117798627485 24.571180989134298 2.999999999999999
      vertex 1.5340268023416038e-15 25.052558883257653 2.999999999999999
    endloop
  endfacet
  facet normal 0 0 0
    outer loop
      vertex -5.1358209531349805 25.819515502182913 2.25
      vertex -10.07427518724256 24.32145178811974 2.25
      vertex -9.587199222973558 23.145546389275566 2.999999999999999
    endloop
  endfacet
  facet normal 0 0 0
    outer loop
      vertex -5.1358209531349805 25.819515502182913 2.25
      vertex -9.587199222973558 23.145546389275566 2.999999999999999
      vertex -4.8875117798627485 24.571180989134298 2.999999999999999
    endloop
  endfacet
  facet normal 0 0 0
    outer loop
      vertex -10.07427518724256 24.32145178811974 2.25
      vertex -14.625580675623015 21.888728321466434 2.25
      vertex -13.918455976508753 20.830441421848928 2.999999999999999
    endloop
  endfacet
  facet normal 0 0 0
    outer loop
      vertex -10.07427518724256 24.32145178811974 2.25
      vertex -13.918455976508753 20.830441421848928 2.999999999999999
      vertex -9.587199222973558 23.145546389275566 2.999999999999999
    endloop
  endfacet
  facet normal 0 0 0
    outer loop
      vertex -14.625580675623015 21.888728321466434 2.25
      vertex -18.614833300759425 18.61483330075943 2.25
      vertex -17.714834272426764 17.714834272426767 2.999999999999999
    endloop
  endfacet
  facet normal 0 0 0
    outer loop
      vertex -14.625580675623015 21.888728321466434 2.25
      vertex -17.714834272426764 17.714834272426767 2.999999999999999
      vertex -13.918455976508753 20.830441421848928 2.999999999999999
    endloop
  endfacet
  facet normal 0 0 0
    outer loop
      vertex -18.614833300759425 18.61483330075943 2.25
      vertex -21.888728321466434 14.62558067562302 2.25
      vertex -20.830441421848928 13.918455976508758 2.999999999999999
    endloop
  endfacet
  facet normal 0 0 0
    outer loop
      vertex -18.614833300759425 18.61483330075943 2.25
      vertex -20.830441421848928 13.918455976508758 2.999999999999999
      vertex -17.714834272426764 17.714834272426767 2.999999999999999
    endloop
  endfacet
  facet normal 0 0 0
    outer loop
      vertex -21.888728321466434 14.62558067562302 2.25
      vertex -24.32145178811974 10.074275187242565 2.25
      vertex -23.145546389275566 9.587199222973561 2.999999999999999
    endloop
  endfacet
  facet normal 0 0 0
    outer loop
      vertex -21.888728321466434 14.62558067562302 2.25
      vertex -23.145546389275566 9.587199222973561 2.999999999999999
      vertex -20.830441421848928 13.918455976508758 2.999999999999999
    endloop
  endfacet
  facet normal 0 0 0
    outer loop
      vertex -24.32145178811974 10.074275187242565 2.25
      vertex -25.819515502182913 5.135820953134992 2.25
      vertex -24.571180989134298 4.887511779862759 2.999999999999999
    endloop
  endfacet
  facet normal 0 0 0
    outer loop
      vertex -24.32145178811974 10.074275187242565 2.25
      vertex -24.571180989134298 4.887511779862759 2.999999999999999
      vertex -23.145546389275566 9.587199222973561 2.999999999999999
    endloop
  endfacet
  facet normal 0 0 0
    outer loop
      vertex -25.819515502182913 5.135820953134992 2.25
      vertex -26.325349715248308 3.2239255265213525e-15 2.25
      vertex -25.052558883257653 3.0680536046832076e-15 2.999999999999999
    endloop
  endfacet
  facet normal 0 0 0
    outer loop
      vertex -25.819515502182913 5.135820953134992 2.25
      vertex -25.052558883257653 3.0680536046832076e-15 2.999999999999999
      vertex -24.571180989134298 4.887511779862759 2.999999999999999
    endloop
  endfacet
  facet normal 0 0 0
    outer loop
      vertex -26.325349715248308 3.2239255265213525e-15 2.25
      vertex -25.819515502182913 -5.135820953134985 2.25
      vertex -24.571180989134298 -4.887511779862753 2.999999999999999
    endloop
  endfacet
  facet normal 0 0 0
    outer loop
      vertex -26.325349715248308 3.2239255265213525e-15 2.25
      vertex -24.571180989134298 -4.887511779862753 2.999999999999999
      vertex -25.052558883257653 3.0680536046832076e-15 2.999999999999999
    endloop
  endfacet
  facet normal 0 0 0
    outer loop
      vertex -25.819515502182913 -5.135820953134985 2.25
      vertex -24.321451788119745 -10.074275187242558 2.25
      vertex -23.145546389275566 -9.587199222973554 2.999999999999999
    endloop
  endfacet
  facet normal 0 0 0
    outer loop
      vertex -25.819515502182913 -5.135820953134985 2.25
      vertex -23.145546389275566 -9.587199222973554 2.999999999999999
      vertex -24.571180989134298 -4.887511779862753 2.999999999999999
    endloop
  endfacet
  facet normal 0 0 0
    outer loop
      vertex -24.321451788119745 -10.074275187242558 2.25
      vertex -21.888728321466434 -14.625580675623015 2.25
      vertex -20.83044142184893 -13.918455976508753 2.999999999999999
    endloop
  endfacet
  facet normal 0 0 0
    outer loop
      vertex -24.321451788119745 -10.074275187242558 2.25
      vertex -20.83044142184893 -13.918455976508753 2.999999999999999
      vertex -23.145546389275566 -9.587199222973554 2.999999999999999
    endloop
  endfacet
  facet normal 0 0 0
    outer loop
      vertex -21.888728321466434 -14.625580675623015 2.25
      vertex -18.61483330075943 -18.614833300759425 2.25
      vertex -17.71483427242677 -17.714834272426764 2.999999999999999
    endloop
  endfacet
  facet normal 0 0 0
    outer loop
      vertex -21.888728321466434 -14.625580675623015 2.25
      vertex -17.71483427242677 -17.714834272426764 2.999999999999999
      vertex -20.83044142184893 -13.918455976508753 2.999999999999999
    endloop
  endfacet
  facet normal 0 0 0
    outer loop
      vertex -18.61483330075943 -18.614833300759425 2.25
      vertex -14.62558067562302 -21.88872832146643 2.25
      vertex -13.918455976508758 -20.830441421848928 2.999999999999999
    endloop
  endfacet
  facet normal 0 0 0
    outer loop
      vertex -18.61483330075943 -18.614833300759425 2.25
      vertex -13.918455976508758 -20.830441421848928 2.999999999999999
      vertex -17.71483427242677 -17.714834272426764 2.999999999999999
    endloop
  endfacet
  facet normal 0 0 0
    outer loop
      vertex -14.62558067562302 -21.88872832146643 2.25
      vertex -10.074275187242575 -24.321451788119735 2.25
      vertex -9.587199222973574 -23.14554638927556 2.999999999999999
    endloop
  endfacet
  facet normal 0 0 0
    outer loop
      vertex -14.62558067562302 -21.88872832146643 2.25
      vertex -9.587199222973574 -23.14554638927556 2.999999999999999
      vertex -13.918455976508758 -20.830441421848928 2.999999999999999
    endloop
  endfacet
  facet normal 0 0 0
    outer loop
      vertex -10.074275187242575 -24.321451788119735 2.25
      vertex -5.135820953134993 -25.81951550218291 2.25
      vertex -4.88751177986276 -24.571180989134294 2.999999999999999
    endloop
  endfacet
  facet normal 0 0 0
    outer loop
      vertex -10.074275187242575 -24.321451788119735 2.25
      vertex -4.88751177986276 -24.571180989134294 2.999999999999999
      vertex -9.587199222973574 -23.14554638927556 2.999999999999999
    endloop
  endfacet
  facet normal 0 0 0
    outer loop
      vertex -5.135820953134993 -25.81951550218291 2.25
      vertex -4.835888289782028e-15 -26.325349715248308 2.25
      vertex -4.602080407024811e-15 -25.052558883257653 2.999999999999999
    endloop
  endfacet
  facet normal 0 0 0
    outer loop
      vertex -5.135820953134993 -25.81951550218291 2.25
      vertex -4.602080407024811e-15 -25.052558883257653 2.999999999999999
      vertex -4.88751177986276 -24.571180989134294 2.999999999999999
    endloop
  endfacet
  facet normal 0 0 0
    outer loop
      vertex -4.835888289782028e-15 -26.325349715248308 2.25
      vertex 5.135820953134984 -25.819515502182913 2.25
      vertex 4.887511779862751 -24.571180989134298 2.999999999999999
    endloop
  endfacet
  facet normal 0 0 0
    outer loop
      vertex -4.835888289782028e-15 -26.325349715248308 2.25
      vertex 4.887511779862751 -24.571180989134298 2.999999999999999
      vertex -4.602080407024811e-15 -25.052558883257653 2.999999999999999
    endloop
  endfacet
  facet normal 0 0 0
    outer loop
      vertex 5.135820953134984 -25.819515502182913 2.25
      vertex 10.074275187242566 -24.321451788119738 2.25
      vertex 9.587199222973565 -23.145546389275562 2.999999999999999
    endloop
  endfacet
  facet normal 0 0 0
    outer loop
      vertex 5.135820953134984 -25.819515502182913 2.25
      vertex 9.587199222973565 -23.145546389275562 2.999999999999999
      vertex 4.887511779862751 -24.571180989134298 2.999999999999999
    endloop
  endfacet
  facet normal 0 0 0
    outer loop
      vertex 10.074275187242566 -24.321451788119738 2.25
      vertex 14.625580675623011 -21.888728321466434 2.25
      vertex 13.918455976508751 -20.83044142184893 2.999999999999999
    endloop
  endfacet
  facet normal 0 0 0
    outer loop
      vertex 10.074275187242566 -24.321451788119738 2.25
      vertex 13.918455976508751 -20.83044142184893 2.999999999999999
      vertex 9.587199222973565 -23.145546389275562 2.999999999999999
    endloop
  endfacet
  facet normal 0 0 0
    outer loop
      vertex 14.625580675623011 -21.888728321466434 2.25
      vertex 18.61483330075942 -18.61483330075943 2.25
      vertex 17.714834272426764 -17.71483427242677 2.999999999999999
    endloop
  endfacet
  facet normal 0 0 0
    outer loop
      vertex 14.625580675623011 -21.888728321466434 2.25
      vertex 17.714834272426764 -17.71483427242677 2.999999999999999
      vertex 13.918455976508751 -20.83044142184893 2.999999999999999
    endloop
  endfacet
  facet normal 0 0 0
    outer loop
      vertex 18.61483330075942 -18.61483330075943 2.25
      vertex 21.88872832146643 -14.62558067562302 2.25
      vertex 20.830441421848928 -13.918455976508758 2.999999999999999
    endloop
  endfacet
  facet normal 0 0 0
    outer loop
      vertex 18.61483330075942 -18.61483330075943 2.25
      vertex 20.830441421848928 -13.918455976508758 2.999999999999999
      vertex 17.714834272426764 -17.71483427242677 2.999999999999999
    endloop
  endfacet
  facet normal 0 0 0
    outer loop
      vertex 21.88872832146643 -14.62558067562302 2.25
      vertex 24.321451788119735 -10.074275187242577 2.25
      vertex 23.14554638927556 -9.587199222973574 2.999999999999999
    endloop
  endfacet
  facet normal 0 0 0
    outer loop
      vertex 21.88872832146643 -14.62558067562302 2.25
      vertex 23.14554638927556 -9.587199222973574 2.999999999999999
      vertex 20.830441421848928 -13.918455976508758 2.999999999999999
    endloop
  endfacet
  facet normal 0 0 0
    outer loop
      vertex 24.321451788119735 -10.074275187242577 2.25
      vertex 25.81951550218291 -5.135820953134995 2.25
      vertex 24.571180989134294 -4.887511779862762 2.999999999999999
    endloop
  endfacet
  facet normal 0 0 0
    outer loop
      vertex 24.321451788119735 -10.074275187242577 2.25
      vertex 24.571180989134294 -4.887511779862762 2.999999999999999
      vertex 23.14554638927556 -9.587199222973574 2.999999999999999
    endloop
  endfacet
  facet normal 0 0 0
    outer loop
      vertex 25.81951550218291 -5.135820953134995 2.25
      vertex 26.325349715248308 0 2.25
      vertex 25.052558883257653 0 2.999999999999999
    endloop
  endfacet
  facet normal 0 0 0
    outer loop
      vertex 25.81951550218291 -5.135820953134995 2.25
      vertex 25.052558883257653 0 2.999999999999999
      vertex 24.571180989134294 -4.887511779862762 2.999999999999999
    endloop
  endfacet
  facet normal 0 0 0
    outer loop
      vertex 25.052558883257653 0 2.999999999999999
      vertex 24.571180989134298 4.887511779862749 2.999999999999999
      vertex 23.00311580537971 4.575604221956506 3.750000000000001
    endloop
  endfacet
  facet normal 0 0 0
    outer loop
      vertex 25.052558883257653 0 2.999999999999999
      vertex 23.00311580537971 4.575604221956506 3.750000000000001
      vertex 23.453773486407172 0 3.750000000000001
    endloop
  endfacet
  facet normal 0 0 0
    outer loop
      vertex 24.571180989134298 4.887511779862749 2.999999999999999
      vertex 23.145546389275566 9.58719922297356 2.999999999999999
      vertex 21.66846128424747 8.975370539691635 3.750000000000001
    endloop
  endfacet
  facet normal 0 0 0
    outer loop
      vertex 24.571180989134298 4.887511779862749 2.999999999999999
      vertex 21.66846128424747 8.975370539691635 3.750000000000001
      vertex 23.00311580537971 4.575604221956506 3.750000000000001
    endloop
  endfacet
  facet normal 0 0 0
    outer loop
      vertex 23.145546389275566 9.58719922297356 2.999999999999999
      vertex 20.830441421848928 13.918455976508758 2.999999999999999
      vertex 19.501099947774687 13.0302184010322 3.750000000000001
    endloop
  endfacet
  facet normal 0 0 0
    outer loop
      vertex 23.145546389275566 9.58719922297356 2.999999999999999
      vertex 19.501099947774687 13.0302184010322 3.750000000000001
      vertex 21.66846128424747 8.975370539691635 3.750000000000001
    endloop
  endfacet
  facet normal 0 0 0
    outer loop
      vertex 20.830441421848928 13.918455976508758 2.999999999999999
      vertex 17.714834272426767 17.714834272426764 2.999999999999999
      vertex 16.58432227665177 16.584322276651765 3.750000000000001
    endloop
  endfacet
  facet normal 0 0 0
    outer loop
      vertex 20.830441421848928 13.918455976508758 2.999999999999999
      vertex 16.58432227665177 16.584322276651765 3.750000000000001
      vertex 19.501099947774687 13.0302184010322 3.750000000000001
    endloop
  endfacet
  facet normal 0 0 0
    outer loop
      vertex 17.714834272426767 17.714834272426764 2.999999999999999
      vertex 13.918455976508762 20.830441421848928 2.999999999999999
      vertex 13.030218401032203 19.501099947774687 3.750000000000001
    endloop
  endfacet
  facet normal 0 0 0
    outer loop
      vertex 17.714834272426767 17.714834272426764 2.999999999999999
      vertex 13.030218401032203 19.501099947774687 3.750000000000001
      vertex 16.58432227665177 16.584322276651765 3.750000000000001
    endloop
  endfacet
  facet normal 0 0 0
    outer loop
      vertex 13.918455976508762 20.830441421848928 2.999999999999999
      vertex 9.587199222973561 23.145546389275566 2.999999999999999
      vertex 8.975370539691637 21.66846128424747 3.750000000000001
    endloop
  endfacet
  facet normal 0 0 0
    outer loop
      vertex 13.918455976508762 20.830441421848928 2.999999999999999
      vertex 8.975370539691637 21.66846128424747 3.750000000000001
      vertex 13.030218401032203 19.501099947774687 3.750000000000001
    endloop
  endfacet
  facet normal 0 0 0
    outer loop
      vertex 9.587199222973561 23.145546389275566 2.999999999999999
      vertex 4.887511779862752 24.571180989134298 2.999999999999999
      vertex 4.5756042219565085 23.00311580537971 3.750000000000001
    endloop
  endfacet
  facet normal 0 0 0
    outer loop
      vertex 9.587199222973561 23.145546389275566 2.999999999999999
      vertex 4.5756042219565085 23.00311580537971 3.750000000000001
      vertex 8.975370539691637 21.66846128424747 3.750000000000001
    endloop
  endfacet
  facet normal 0 0 0
    outer loop
      vertex 4.887511779862752 24.571180989134298 2.999999999999999
      vertex 1.5340268023416038e-15 25.052558883257653 2.999999999999999
      vertex 1.4361294314027801e-15 23.453773486407172 3.750000000000001
    endloop
  endfacet
  facet normal 0 0 0
    outer loop
      vertex 4.887511779862752 24.571180989134298 2.999999999999999
      vertex 1.4361294314027801e-15 23.453773486407172 3.750000000000001
      vertex 4.5756042219565085 23.00311580537971 3.750000000000001
    endloop
  endfacet
  facet normal 0 0 0
    outer loop
      vertex 1.5340268023416038e-15 25.052558883257653 2.999999999999999
      vertex -4.8875117798627485 24.571180989134298 2.999999999999999
      vertex -4.575604221956505 23.00311580537971 3.750000000000001
    endloop
  endfacet
  facet normal 0 0 0
    outer loop
      vertex 1.5340268023416038e-15 25.052558883257653 2.999999999999999
      vertex -4.575604221956505 23.00311580537971 3.750000000000001
      vertex 1.4361294314027801e-15 23.453773486407172 3.750000000000001
    endloop
  endfacet
  facet normal 0 0 0
    outer loop
      vertex -4.8875117798627485 24.571180989134298 2.999999999999999
      vertex -9.587199222973558 23.145546389275566 2.999999999999999
      vertex -8.975370539691633 21.66846128424747 3.750000000000001
    endloop
  endfacet
  facet normal 0 0 0
    outer loop
      vertex -4.8875117798627485 24.571180989134298 2.999999999999999
      vertex -8.975370539691633 21.66846128424747 3.750000000000001
      vertex -4.575604221956505 23.00311580537971 3.750000000000001
    endloop
  endfacet
  facet normal 0 0 0
    outer loop
      vertex -9.587199222973558 23.145546389275566 2.999999999999999
      vertex -13.918455976508753 20.830441421848928 2.999999999999999
      vertex -13.030218401032196 19.501099947774687 3.750000000000001
    endloop
  endfacet
  facet normal 0 0 0
    outer loop
      vertex -9.587199222973558 23.145546389275566 2.999999999999999
      vertex -13.030218401032196 19.501099947774687 3.750000000000001
      vertex -8.975370539691633 21.66846128424747 3.750000000000001
    endloop
  endfacet
  facet normal 0 0 0
    outer loop
      vertex -13.918455976508753 20.830441421848928 2.999999999999999
      vertex -17.714834272426764 17.714834272426767 2.999999999999999
      vertex -16.584322276651765 16.58432227665177 3.750000000000001
    endloop
  endfacet
  facet normal 0 0 0
    outer loop
      vertex -13.918455976508753 20.830441421848928 2.999999999999999
      vertex -16.584322276651765 16.58432227665177 3.750000000000001
      vertex -13.030218401032196 19.501099947774687 3.750000000000001
    endloop
  endfacet
  facet normal 0 0 0
    outer loop
      vertex -17.714834272426764 17.714834272426767 2.999999999999999
      vertex -20.830441421848928 13.918455976508758 2.999999999999999
      vertex -19.501099947774687 13.0302184010322 3.750000000000001
    endloop
  endfacet
  facet normal 0 0 0
    outer loop
      vertex -17.714834272426764 17.714834272426767 2.999999999999999
      vertex -19.501099947774687 13.0302184010322 3.750000000000001
      vertex -16.584322276651765 16.58432227665177 3.750000000000001
    endloop
  endfacet
  facet normal 0 0 0
    outer loop
      vertex -20.830441421848928 13.918455976508758 2.999999999999999
      vertex -23.145546389275566 9.587199222973561 2.999999999999999
      vertex -21.66846128424747 8.975370539691637 3.750000000000001
    endloop
  endfacet
  facet normal 0 0 0
    outer loop
      vertex -20.830441421848928 13.918455976508758 2.999999999999999
      vertex -21.66846128424747 8.975370539691637 3.750000000000001
      vertex -19.501099947774687 13.0302184010322 3.750000000000001
    endloop
  endfacet
  facet normal 0 0 0
    outer loop
      vertex -23.145546389275566 9.587199222973561 2.999999999999999
      vertex -24.571180989134298 4.887511779862759 2.999999999999999
      vertex -23.00311580537971 4.575604221956515 3.750000000000001
    endloop
  endfacet
  facet normal 0 0 0
    outer loop
      vertex -23.145546389275566 9.587199222973561 2.999999999999999
      vertex -23.00311580537971 4.575604221956515 3.750000000000001
      vertex -21.66846128424747 8.975370539691637 3.750000000000001
    endloop
  endfacet
  facet normal 0 0 0
    outer loop
      vertex -24.571180989134298 4.887511779862759 2.999999999999999
      vertex -25.052558883257653 3.0680536046832076e-15 2.999999999999999
      vertex -23.453773486407172 2.8722588628055602e-15 3.750000000000001
    endloop
  endfacet
  facet normal 0 0 0
    outer loop
      vertex -24.571180989134298 4.887511779862759 2.999999999999999
      vertex -23.453773486407172 2.8722588628055602e-15 3.750000000000001
      vertex -23.00311580537971 4.575604221956515 3.750000000000001
    endloop
  endfacet
  facet normal 0 0 0
    outer loop
      vertex -25.052558883257653 3.0680536046832076e-15 2.999999999999999
      vertex -24.571180989134298 -4.887511779862753 2.999999999999999
      vertex -23.00311580537971 -4.5756042219565085 3.750000000000001
    endloop
  endfacet
  facet normal 0 0 0
    outer loop
      vertex -25.052558883257653 3.0680536046832076e-15 2.999999999999999
      vertex -23.00311580537971 -4.5756042219565085 3.750000000000001
      vertex -23.453773486407172 2.8722588628055602e-15 3.750000000000001
    endloop
  endfacet
  facet normal 0 0 0
    outer loop
      vertex -24.571180989134298 -4.887511779862753 2.999999999999999
      vertex -23.145546389275566 -9.587199222973554 2.999999999999999
      vertex -21.668461284247474 -8.975370539691632 3.750000000000001
    endloop
  endfacet
  facet normal 0 0 0
    outer loop
      vertex -24.571180989134298 -4.887511779862753 2.999999999999999
      vertex -21.668461284247474 -8.975370539691632 3.750000000000001
      vertex -23.00311580537971 -4.5756042219565085 3.750000000000001
    endloop
  endfacet
  facet normal 0 0 0
    outer loop
      vertex -23.145546389275566 -9.587199222973554 2.999999999999999
      vertex -20.83044142184893 -13.918455976508753 2.999999999999999
      vertex -19.50109994777469 -13.030218401032196 3.750000000000001
    endloop
  endfacet
  facet normal 0 0 0
    outer loop
      vertex -23.145546389275566 -9.587199222973554 2.999999999999999
      vertex -19.50109994777469 -13.030218401032196 3.750000000000001
      vertex -21.668461284247474 -8.975370539691632 3.750000000000001
    endloop
  endfacet
  facet normal 0 0 0
    outer loop
      vertex -20.83044142184893 -13.918455976508753 2.999999999999999
      vertex -17.71483427242677 -17.714834272426764 2.999999999999999
      vertex -16.58432227665177 -16.584322276651765 3.750000000000001
    endloop
  endfacet
  facet normal 0 0 0
    outer loop
      vertex -20.83044142184893 -13.918455976508753 2.999999999999999
      vertex -16.58432227665177 -16.584322276651765 3.750000000000001
      vertex -19.50109994777469 -13.030218401032196 3.750000000000001
    endloop
  endfacet
  facet normal 0 0 0
    outer loop
      vertex -17.71483427242677 -17.714834272426764 2.999999999999999
      vertex -13.918455976508758 -20.830441421848928 2.999999999999999
      vertex -13.0302184010322 -19.501099947774687 3.750000000000001
    endloop
  endfacet
  facet normal 0 0 0
    outer loop
      vertex -17.71483427242677 -17.714834272426764 2.999999999999999
      vertex -13.0302184010322 -19.501099947774687 3.750000000000001
      vertex -16.58432227665177 -16.584322276651765 3.750000000000001
    endloop
  endfacet
  facet normal 0 0 0
    outer loop
      vertex -13.918455976508758 -20.830441421848928 2.999999999999999
      vertex -9.587199222973574 -23.14554638927556 2.999999999999999
      vertex -8.975370539691648 -21.668461284247464 3.750000000000001
    endloop
  endfacet
  facet normal 0 0 0
    outer loop
      vertex -13.918455976508758 -20.830441421848928 2.999999999999999
      vertex -8.975370539691648 -21.668461284247464 3.750000000000001
      vertex -13.0302184010322 -19.501099947774687 3.750000000000001
    endloop
  endfacet
  facet normal 0 0 0
    outer loop
      vertex -9.587199222973574 -23.14554638927556 2.999999999999999
      vertex -4.88751177986276 -24.571180989134294 2.999999999999999
      vertex -4.575604221956516 -23.003115805379707 3.750000000000001
    endloop
  endfacet
  facet normal 0 0 0
    outer loop
      vertex -9.587199222973574 -23.14554638927556 2.999999999999999
      vertex -4.575604221956516 -23.003115805379707 3.750000000000001
      vertex -8.975370539691648 -21.668461284247464 3.750000000000001
    endloop
  endfacet
  facet normal 0 0 0
    outer loop
      vertex -4.88751177986276 -24.571180989134294 2.999999999999999
      vertex -4.602080407024811e-15 -25.052558883257653 2.999999999999999
      vertex -4.30838829420834e-15 -23.453773486407172 3.750000000000001
    endloop
  endfacet
  facet normal 0 0 0
    outer loop
      vertex -4.88751177986276 -24.571180989134294 2.999999999999999
      vertex -4.30838829420834e-15 -23.453773486407172 3.750000000000001
      vertex -4.575604221956516 -23.003115805379707 3.750000000000001
    endloop
  endfacet
  facet normal 0 0 0
    outer loop
      vertex -4.602080407024811e-15 -25.052558883257653 2.999999999999999
      vertex 4.887511779862751 -24.571180989134298 2.999999999999999
      vertex 4.575604221956508 -23.00311580537971 3.750000000000001
    endloop
  endfacet
  facet normal 0 0 0
    outer loop
      vertex -4.602080407024811e-15 -25.052558883257653 2.999999999999999
      vertex 4.575604221956508 -23.00311580537971 3.750000000000001
      vertex -4.30838829420834e-15 -23.453773486407172 3.750000000000001
    endloop
  endfacet
  facet normal 0 0 0
    outer loop
      vertex 4.887511779862751 -24.571180989134298 2.999999999999999
      vertex 9.587199222973565 -23.145546389275562 2.999999999999999
      vertex 8.97537053969164 -21.668461284247467 3.750000000000001
    endloop
  endfacet
  facet normal 0 0 0
    outer loop
      vertex 4.887511779862751 -24.571180989134298 2.999999999999999
      vertex 8.97537053969164 -21.668461284247467 3.750000000000001
      vertex 4.575604221956508 -23.00311580537971 3.750000000000001
    endloop
  endfacet
  facet normal 0 0 0
    outer loop
      vertex 9.587199222973565 -23.145546389275562 2.999999999999999
      vertex 13.918455976508751 -20.83044142184893 2.999999999999999
      vertex 13.030218401032192 -19.50109994777469 3.750000000000001
    endloop
  endfacet
  facet normal 0 0 0
    outer loop
      vertex 9.587199222973565 -23.145546389275562 2.999999999999999
      vertex 13.030218401032192 -19.50109994777469 3.750000000000001
      vertex 8.97537053969164 -21.668461284247467 3.750000000000001
    endloop
  endfacet
  facet normal 0 0 0
    outer loop
      vertex 13.918455976508751 -20.83044142184893 2.999999999999999
      vertex 17.714834272426764 -17.71483427242677 2.999999999999999
      vertex 16.58432227665176 -16.58432227665177 3.750000000000001
    endloop
  endfacet
  facet normal 0 0 0
    outer loop
      vertex 13.918455976508751 -20.83044142184893 2.999999999999999
      vertex 16.58432227665176 -16.58432227665177 3.750000000000001
      vertex 13.030218401032192 -19.50109994777469 3.750000000000001
    endloop
  endfacet
  facet normal 0 0 0
    outer loop
      vertex 17.714834272426764 -17.71483427242677 2.999999999999999
      vertex 20.830441421848928 -13.918455976508758 2.999999999999999
      vertex 19.501099947774687 -13.0302184010322 3.750000000000001
    endloop
  endfacet
  facet normal 0 0 0
    outer loop
      vertex 17.714834272426764 -17.71483427242677 2.999999999999999
      vertex 19.501099947774687 -13.0302184010322 3.750000000000001
      vertex 16.58432227665176 -16.58432227665177 3.750000000000001
    endloop
  endfacet
  facet normal 0 0 0
    outer loop
      vertex 20.830441421848928 -13.918455976508758 2.999999999999999
      vertex 23.14554638927556 -9.587199222973574 2.999999999999999
      vertex 21.668461284247464 -8.97537053969165 3.750000000000001
    endloop
  endfacet
  facet normal 0 0 0
    outer loop
      vertex 20.830441421848928 -13.918455976508758 2.999999999999999
      vertex 21.668461284247464 -8.97537053969165 3.750000000000001
      vertex 19.501099947774687 -13.0302184010322 3.750000000000001
    endloop
  endfacet
  facet normal 0 0 0
    outer loop
      vertex 23.14554638927556 -9.587199222973574 2.999999999999999
      vertex 24.571180989134294 -4.887511779862762 2.999999999999999
      vertex 23.003115805379707 -4.575604221956517 3.750000000000001
    endloop
  endfacet
  facet normal 0 0 0
    outer loop
      vertex 23.14554638927556 -9.587199222973574 2.999999999999999
      vertex 23.003115805379707 -4.575604221956517 3.750000000000001
      vertex 21.668461284247464 -8.97537053969165 3.750000000000001
    endloop
  endfacet
  facet normal 0 0 0
    outer loop
      vertex 24.571180989134294 -4.887511779862762 2.999999999999999
      vertex 25.052558883257653 0 2.999999999999999
      vertex 23.453773486407172 0 3.750000000000001
    endloop
  endfacet
  facet normal 0 0 0
    outer loop
      vertex 24.571180989134294 -4.887511779862762 2.999999999999999
      vertex 23.453773486407172 0 3.750000000000001
      vertex 23.003115805379707 -4.575604221956517 3.750000000000001
    endloop
  endfacet
  facet normal 0 0 0
    outer loop
      vertex 23.453773486407172 0 3.750000000000001
      vertex 23.00311580537971 4.575604221956506 3.750000000000001
      vertex 21.142149980963005 4.205435104209142 4.5
    endloop
  endfacet
  facet normal 0 0 0
    outer loop
      vertex 23.453773486407172 0 3.750000000000001
      vertex 21.142149980963005 4.205435104209142 4.5
      vertex 21.556349186104047 0 4.5
    endloop
  endfacet
  facet normal 0 0 0
    outer loop
      vertex 23.00311580537971 4.575604221956506 3.750000000000001
      vertex 21.66846128424747 8.975370539691635 3.750000000000001
      vertex 19.91546980870786 8.249257695798706 4.5
    endloop
  endfacet
  facet normal 0 0 0
    outer loop
      vertex 23.00311580537971 4.575604221956506 3.750000000000001
      vertex 19.91546980870786 8.249257695798706 4.5
      vertex 21.142149980963005 4.205435104209142 4.5
    endloop
  endfacet
  facet normal 0 0 0
    outer loop
      vertex 21.66846128424747 8.975370539691635 3.750000000000001
      vertex 19.501099947774687 13.0302184010322 3.750000000000001
      vertex 17.923449300428217 11.976065940375737 4.5
    endloop
  endfacet
  facet normal 0 0 0
    outer loop
      vertex 21.66846128424747 8.975370539691635 3.750000000000001
      vertex 17.923449300428217 11.976065940375737 4.5
      vertex 19.91546980870786 8.249257695798706 4.5
    endloop
  endfacet
  facet normal 0 0 0
    outer loop
      vertex 19.501099947774687 13.0302184010322 3.750000000000001
      vertex 16.58432227665177 16.584322276651765 3.750000000000001
      vertex 15.242640687119287 15.242640687119284 4.5
    endloop
  endfacet
  facet normal 0 0 0
    outer loop
      vertex 19.501099947774687 13.0302184010322 3.750000000000001
      vertex 15.242640687119287 15.242640687119284 4.5
      vertex 17.923449300428217 11.976065940375737 4.5
    endloop
  endfacet
  facet normal 0 0 0
    outer loop
      vertex 16.58432227665177 16.584322276651765 3.750000000000001
      vertex 13.030218401032203 19.501099947774687 3.750000000000001
      vertex 11.97606594037574 17.923449300428217 4.5
    endloop
  endfacet
  facet normal 0 0 0
    outer loop
      vertex 16.58432227665177 16.584322276651765 3.750000000000001
      vertex 11.97606594037574 17.923449300428217 4.5
      vertex 15.242640687119287 15.242640687119284 4.5
    endloop
  endfacet
  facet normal 0 0 0
    outer loop
      vertex 13.030218401032203 19.501099947774687 3.750000000000001
      vertex 8.975370539691637 21.66846128424747 3.750000000000001
      vertex 8.249257695798708 19.91546980870786 4.5
    endloop
  endfacet
  facet normal 0 0 0
    outer loop
      vertex 13.030218401032203 19.501099947774687 3.750000000000001
      vertex 8.249257695798708 19.91546980870786 4.5
      vertex 11.97606594037574 17.923449300428217 4.5
    endloop
  endfacet
  facet normal 0 0 0
    outer loop
      vertex 8.975370539691637 21.66846128424747 3.750000000000001
      vertex 4.5756042219565085 23.00311580537971 3.750000000000001
      vertex 4.205435104209144 21.142149980963005 4.5
    endloop
  endfacet
  facet normal 0 0 0
    outer loop
      vertex 8.975370539691637 21.66846128424747 3.750000000000001
      vertex 4.205435104209144 21.142149980963005 4.5
      vertex 8.249257695798708 19.91546980870786 4.5
    endloop
  endfacet
  facet normal 0 0 0
    outer loop
      vertex 4.5756042219565085 23.00311580537971 3.750000000000001
      vertex 1.4361294314027801e-15 23.453773486407172 3.750000000000001
      vertex 1.3199457016032486e-15 21.556349186104047 4.5
    endloop
  endfacet
  facet normal 0 0 0
    outer loop
      vertex 4.5756042219565085 23.00311580537971 3.750000000000001
      vertex 1.3199457016032486e-15 21.556349186104047 4.5
      vertex 4.205435104209144 21.142149980963005 4.5
    endloop
  endfacet
  facet normal 0 0 0
    outer loop
      vertex 1.4361294314027801e-15 23.453773486407172 3.750000000000001
      vertex -4.575604221956505 23.00311580537971 3.750000000000001
      vertex -4.205435104209141 21.142149980963005 4.5
    endloop
  endfacet
  facet normal 0 0 0
    outer loop
      vertex 1.4361294314027801e-15 23.453773486407172 3.750000000000001
      vertex -4.205435104209141 21.142149980963005 4.5
      vertex 1.3199457016032486e-15 21.556349186104047 4.5
    endloop
  endfacet
  facet normal 0 0 0
    outer loop
      vertex -4.575604221956505 23.00311580537971 3.750000000000001
      vertex -8.975370539691633 21.66846128424747 3.750000000000001
      vertex -8.249257695798706 19.91546980870786 4.5
    endloop
  endfacet
  facet normal 0 0 0
    outer loop
      vertex -4.575604221956505 23.00311580537971 3.750000000000001
      vertex -8.249257695798706 19.91546980870786 4.5
      vertex -4.205435104209141 21.142149980963005 4.5
    endloop
  endfacet
  facet normal 0 0 0
    outer loop
      vertex -8.975370539691633 21.66846128424747 3.750000000000001
      vertex -13.030218401032196 19.501099947774687 3.750000000000001
      vertex -11.976065940375733 17.92344930042822 4.5
    endloop
  endfacet
  facet normal 0 0 0
    outer loop
      vertex -8.975370539691633 21.66846128424747 3.750000000000001
      vertex -11.976065940375733 17.92344930042822 4.5
      vertex -8.249257695798706 19.91546980870786 4.5
    endloop
  endfacet
  facet normal 0 0 0
    outer loop
      vertex -13.030218401032196 19.501099947774687 3.750000000000001
      vertex -16.584322276651765 16.58432227665177 3.750000000000001
      vertex -15.242640687119284 15.242640687119287 4.5
    endloop
  endfacet
  facet normal 0 0 0
    outer loop
      vertex -13.030218401032196 19.501099947774687 3.750000000000001
      vertex -15.242640687119284 15.242640687119287 4.5
      vertex -11.976065940375733 17.92344930042822 4.5
    endloop
  endfacet
  facet normal 0 0 0
    outer loop
      vertex -16.584322276651765 16.58432227665177 3.750000000000001
      vertex -19.501099947774687 13.0302184010322 3.750000000000001
      vertex -17.92344930042822 11.976065940375737 4.5
    endloop
  endfacet
  facet normal 0 0 0
    outer loop
      vertex -16.584322276651765 16.58432227665177 3.750000000000001
      vertex -17.92344930042822 11.976065940375737 4.5
      vertex -15.242640687119284 15.242640687119287 4.5
    endloop
  endfacet
  facet normal 0 0 0
    outer loop
      vertex -19.501099947774687 13.0302184010322 3.750000000000001
      vertex -21.66846128424747 8.975370539691637 3.750000000000001
      vertex -19.91546980870786 8.24925769579871 4.5
    endloop
  endfacet
  facet normal 0 0 0
    outer loop
      vertex -19.501099947774687 13.0302184010322 3.750000000000001
      vertex -19.91546980870786 8.24925769579871 4.5
      vertex -17.92344930042822 11.976065940375737 4.5
    endloop
  endfacet
  facet normal 0 0 0
    outer loop
      vertex -21.66846128424747 8.975370539691637 3.750000000000001
      vertex -23.00311580537971 4.575604221956515 3.750000000000001
      vertex -21.142149980963005 4.20543510420915 4.5
    endloop
  endfacet
  facet normal 0 0 0
    outer loop
      vertex -21.66846128424747 8.975370539691637 3.750000000000001
      vertex -21.142149980963005 4.20543510420915 4.5
      vertex -19.91546980870786 8.24925769579871 4.5
    endloop
  endfacet
  facet normal 0 0 0
    outer loop
      vertex -23.00311580537971 4.575604221956515 3.750000000000001
      vertex -23.453773486407172 2.8722588628055602e-15 3.750000000000001
      vertex -21.556349186104047 2.6398914032064973e-15 4.5
    endloop
  endfacet
  facet normal 0 0 0
    outer loop
      vertex -23.00311580537971 4.575604221956515 3.750000000000001
      vertex -21.556349186104047 2.6398914032064973e-15 4.5
      vertex -21.142149980963005 4.20543510420915 4.5
    endloop
  endfacet
  facet normal 0 0 0
    outer loop
      vertex -23.453773486407172 2.8722588628055602e-15 3.750000000000001
      vertex -23.00311580537971 -4.5756042219565085 3.750000000000001
      vertex -21.142149980963005 -4.205435104209145 4.5
    endloop
  endfacet
  facet normal 0 0 0
    outer loop
      vertex -23.453773486407172 2.8722588628055602e-15 3.750000000000001
      vertex -21.142149980963005 -4.205435104209145 4.5
      vertex -21.556349186104047 2.6398914032064973e-15 4.5
    endloop
  endfacet
  facet normal 0 0 0
    outer loop
      vertex -23.00311580537971 -4.5756042219565085 3.750000000000001
      vertex -21.668461284247474 -8.975370539691632 3.750000000000001
      vertex -19.915469808707865 -8.249257695798702 4.5
    endloop
  endfacet
  facet normal 0 0 0
    outer loop
      vertex -23.00311580537971 -4.5756042219565085 3.750000000000001
      vertex -19.915469808707865 -8.249257695798702 4.5
      vertex -21.142149980963005 -4.205435104209145 4.5
    endloop
  endfacet
  facet normal 0 0 0
    outer loop
      vertex -21.668461284247474 -8.975370539691632 3.750000000000001
      vertex -19.50109994777469 -13.030218401032196 3.750000000000001
      vertex -17.923449300428224 -11.976065940375733 4.5
    endloop
  endfacet
  facet normal 0 0 0
    outer loop
      vertex -21.668461284247474 -8.975370539691632 3.750000000000001
      vertex -17.923449300428224 -11.976065940375733 4.5
      vertex -19.915469808707865 -8.249257695798702 4.5
    endloop
  endfacet
  facet normal 0 0 0
    outer loop
      vertex -19.50109994777469 -13.030218401032196 3.750000000000001
      vertex -16.58432227665177 -16.584322276651765 3.750000000000001
      vertex -15.24264068711929 -15.242640687119284 4.5
    endloop
  endfacet
  facet normal 0 0 0
    outer loop
      vertex -19.50109994777469 -13.030218401032196 3.750000000000001
      vertex -15.24264068711929 -15.242640687119284 4.5
      vertex -17.923449300428224 -11.976065940375733 4.5
    endloop
  endfacet
  facet normal 0 0 0
    outer loop
      vertex -16.58432227665177 -16.584322276651765 3.750000000000001
      vertex -13.0302184010322 -19.501099947774687 3.750000000000001
      vertex -11.976065940375737 -17.923449300428217 4.5
    endloop
  endfacet
  facet normal 0 0 0
    outer loop
      vertex -16.58432227665177 -16.584322276651765 3.750000000000001
      vertex -11.976065940375737 -17.923449300428217 4.5
      vertex -15.24264068711929 -15.242640687119284 4.5
    endloop
  endfacet
  facet normal 0 0 0
    outer loop
      vertex -13.0302184010322 -19.501099947774687 3.750000000000001
      vertex -8.975370539691648 -21.668461284247464 3.750000000000001
      vertex -8.249257695798718 -19.915469808707858 4.5
    endloop
  endfacet
  facet normal 0 0 0
    outer loop
      vertex -13.0302184010322 -19.501099947774687 3.750000000000001
      vertex -8.249257695798718 -19.915469808707858 4.5
      vertex -11.976065940375737 -17.923449300428217 4.5
    endloop
  endfacet
  facet normal 0 0 0
    outer loop
      vertex -8.975370539691648 -21.668461284247464 3.750000000000001
      vertex -4.575604221956516 -23.003115805379707 3.750000000000001
      vertex -4.205435104209151 -21.142149980963005 4.5
    endloop
  endfacet
  facet normal 0 0 0
    outer loop
      vertex -8.975370539691648 -21.668461284247464 3.750000000000001
      vertex -4.205435104209151 -21.142149980963005 4.5
      vertex -8.249257695798718 -19.915469808707858 4.5
    endloop
  endfacet
  facet normal 0 0 0
    outer loop
      vertex -4.575604221956516 -23.003115805379707 3.750000000000001
      vertex -4.30838829420834e-15 -23.453773486407172 3.750000000000001
      vertex -3.9598371048097455e-15 -21.556349186104047 4.5
    endloop
  endfacet
  facet normal 0 0 0
    outer loop
      vertex -4.575604221956516 -23.003115805379707 3.750000000000001
      vertex -3.9598371048097455e-15 -21.556349186104047 4.5
      vertex -4.205435104209151 -21.142149980963005 4.5
    endloop
  endfacet
  facet normal 0 0 0
    outer loop
      vertex -4.30838829420834e-15 -23.453773486407172 3.750000000000001
      vertex 4.575604221956508 -23.00311580537971 3.750000000000001
      vertex 4.205435104209144 -21.142149980963005 4.5
    endloop
  endfacet
  facet normal 0 0 0
    outer loop
      vertex -4.30838829420834e-15 -23.453773486407172 3.750000000000001
      vertex 4.205435104209144 -21.142149980963005 4.5
      vertex -3.9598371048097455e-15 -21.556349186104047 4.5
    endloop
  endfacet
  facet normal 0 0 0
    outer loop
      vertex 4.575604221956508 -23.00311580537971 3.750000000000001
      vertex 8.97537053969164 -21.668461284247467 3.750000000000001
      vertex 8.249257695798711 -19.91546980870786 4.5
    endloop
  endfacet
  facet normal 0 0 0
    outer loop
      vertex 4.575604221956508 -23.00311580537971 3.750000000000001
      vertex 8.249257695798711 -19.91546980870786 4.5
      vertex 4.205435104209144 -21.142149980963005 4.5
    endloop
  endfacet
  facet normal 0 0 0
    outer loop
      vertex 8.97537053969164 -21.668461284247467 3.750000000000001
      vertex 13.030218401032192 -19.50109994777469 3.750000000000001
      vertex 11.97606594037573 -17.923449300428224 4.5
    endloop
  endfacet
  facet normal 0 0 0
    outer loop
      vertex 8.97537053969164 -21.668461284247467 3.750000000000001
      vertex 11.97606594037573 -17.923449300428224 4.5
      vertex 8.249257695798711 -19.91546980870786 4.5
    endloop
  endfacet
  facet normal 0 0 0
    outer loop
      vertex 13.030218401032192 -19.50109994777469 3.750000000000001
      vertex 16.58432227665176 -16.58432227665177 3.750000000000001
      vertex 15.242640687119282 -15.24264068711929 4.5
    endloop
  endfacet
  facet normal 0 0 0
    outer loop
      vertex 13.030218401032192 -19.50109994777469 3.750000000000001
      vertex 15.242640687119282 -15.24264068711929 4.5
      vertex 11.97606594037573 -17.923449300428224 4.5
    endloop
  endfacet
  facet normal 0 0 0
    outer loop
      vertex 16.58432227665176 -16.58432227665177 3.750000000000001
      vertex 19.501099947774687 -13.0302184010322 3.750000000000001
      vertex 17.923449300428217 -11.976065940375737 4.5
    endloop
  endfacet
  facet normal 0 0 0
    outer loop
      vertex 16.58432227665176 -16.58432227665177 3.750000000000001
      vertex 17.923449300428217 -11.976065940375737 4.5
      vertex 15.242640687119282 -15.24264068711929 4.5
    endloop
  endfacet
  facet normal 0 0 0
    outer loop
      vertex 19.501099947774687 -13.0302184010322 3.750000000000001
      vertex 21.668461284247464 -8.97537053969165 3.750000000000001
      vertex 19.915469808707858 -8.24925769579872 4.5
    endloop
  endfacet
  facet normal 0 0 0
    outer loop
      vertex 19.501099947774687 -13.0302184010322 3.750000000000001
      vertex 19.915469808707858 -8.24925769579872 4.5
      vertex 17.923449300428217 -11.976065940375737 4.5
    endloop
  endfacet
  facet normal 0 0 0
    outer loop
      vertex 21.668461284247464 -8.97537053969165 3.750000000000001
      vertex 23.003115805379707 -4.575604221956517 3.750000000000001
      vertex 21.142149980963005 -4.205435104209153 4.5
    endloop
  endfacet
  facet normal 0 0 0
    outer loop
      vertex 21.668461284247464 -8.97537053969165 3.750000000000001
      vertex 21.142149980963005 -4.205435104209153 4.5
      vertex 19.915469808707858 -8.24925769579872 4.5
    endloop
  endfacet
  facet normal 0 0 0
    outer loop
      vertex 23.003115805379707 -4.575604221956517 3.750000000000001
      vertex 23.453773486407172 0 3.750000000000001
      vertex 21.556349186104047 0 4.5
    endloop
  endfacet
  facet normal 0 0 0
    outer loop
      vertex 23.003115805379707 -4.575604221956517 3.750000000000001
      vertex 21.556349186104047 0 4.5
      vertex 21.142149980963005 -4.205435104209153 4.5
    endloop
  endfacet
  facet normal 0 0 0
    outer loop
      vertex 21.556349186104047 0 4.5
      vertex 21.142149980963005 4.205435104209142 4.5
      vertex 19.02012515709715 3.783338122855584 5.249999999999999
    endloop
  endfacet
  facet normal 0 0 0
    outer loop
      vertex 21.556349186104047 0 4.5
      vertex 19.02012515709715 3.783338122855584 5.249999999999999
      vertex 19.39275143819186 0 5.249999999999999
    endloop
  endfacet
  facet normal 0 0 0
    outer loop
      vertex 21.142149980963005 4.205435104209142 4.5
      vertex 19.91546980870786 8.249257695798706 4.5
      vertex 17.91656613282428 7.421284683370292 5.249999999999999
    endloop
  endfacet
  facet normal 0 0 0
    outer loop
      vertex 21.142149980963005 4.205435104209142 4.5
      vertex 17.91656613282428 7.421284683370292 5.249999999999999
      vertex 19.02012515709715 3.783338122855584 5.249999999999999
    endloop
  endfacet
  facet normal 0 0 0
    outer loop
      vertex 19.91546980870786 8.249257695798706 4.5
      vertex 17.923449300428217 11.976065940375737 4.5
      vertex 16.12448351979301 10.774035435407477 5.249999999999999
    endloop
  endfacet
  facet normal 0 0 0
    outer loop
      vertex 19.91546980870786 8.249257695798706 4.5
      vertex 16.12448351979301 10.774035435407477 5.249999999999999
      vertex 17.91656613282428 7.421284683370292 5.249999999999999
    endloop
  endfacet
  facet normal 0 0 0
    outer loop
      vertex 17.923449300428217 11.976065940375737 4.5
      vertex 15.242640687119287 15.242640687119284 4.5
      vertex 13.712746047810636 13.712746047810635 5.249999999999999
    endloop
  endfacet
  facet normal 0 0 0
    outer loop
      vertex 17.923449300428217 11.976065940375737 4.5
      vertex 13.712746047810636 13.712746047810635 5.249999999999999
      vertex 16.12448351979301 10.774035435407477 5.249999999999999
    endloop
  endfacet
  facet normal 0 0 0
    outer loop
      vertex 15.242640687119287 15.242640687119284 4.5
      vertex 11.97606594037574 17.923449300428217 4.5
      vertex 10.774035435407479 16.12448351979301 5.249999999999999
    endloop
  endfacet
  facet normal 0 0 0
    outer loop
      vertex 15.242640687119287 15.242640687119284 4.5
      vertex 10.774035435407479 16.12448351979301 5.249999999999999
      vertex 13.712746047810636 13.712746047810635 5.249999999999999
    endloop
  endfacet
  facet normal 0 0 0
    outer loop
      vertex 11.97606594037574 17.923449300428217 4.5
      vertex 8.249257695798708 19.91546980870786 4.5
      vertex 7.421284683370293 17.91656613282428 5.249999999999999
    endloop
  endfacet
  facet normal 0 0 0
    outer loop
      vertex 11.97606594037574 17.923449300428217 4.5
      vertex 7.421284683370293 17.91656613282428 5.249999999999999
      vertex 10.774035435407479 16.12448351979301 5.249999999999999
    endloop
  endfacet
  facet normal 0 0 0
    outer loop
      vertex 8.249257695798708 19.91546980870786 4.5
      vertex 4.205435104209144 21.142149980963005 4.5
      vertex 3.7833381228555854 19.02012515709715 5.249999999999999
    endloop
  endfacet
  facet normal 0 0 0
    outer loop
      vertex 8.249257695798708 19.91546980870786 4.5
      vertex 3.7833381228555854 19.02012515709715 5.249999999999999
      vertex 7.421284683370293 17.91656613282428 5.249999999999999
    endloop
  endfacet
  facet normal 0 0 0
    outer loop
      vertex 4.205435104209144 21.142149980963005 4.5
      vertex 1.3199457016032486e-15 21.556349186104047 4.5
      vertex 1.1874635487720945e-15 19.39275143819186 5.249999999999999
    endloop
  endfacet
  facet normal 0 0 0
    outer loop
      vertex 4.205435104209144 21.142149980963005 4.5
      vertex 1.1874635487720945e-15 19.39275143819186 5.249999999999999
      vertex 3.7833381228555854 19.02012515709715 5.249999999999999
    endloop
  endfacet
  facet normal 0 0 0
    outer loop
      vertex 1.3199457016032486e-15 21.556349186104047 4.5
      vertex -4.205435104209141 21.142149980963005 4.5
      vertex -3.7833381228555827 19.02012515709715 5.249999999999999
    endloop
  endfacet
  facet normal 0 0 0
    outer loop
      vertex 1.3199457016032486e-15 21.556349186104047 4.5
      vertex -3.7833381228555827 19.02012515709715 5.249999999999999
      vertex 1.1874635487720945e-15 19.39275143819186 5.249999999999999
    endloop
  endfacet
  facet normal 0 0 0
    outer loop
      vertex -4.205435104209141 21.142149980963005 4.5
      vertex -8.249257695798706 19.91546980870786 4.5
      vertex -7.421284683370291 17.91656613282428 5.249999999999999
    endloop
  endfacet
  facet normal 0 0 0
    outer loop
      vertex -4.205435104209141 21.142149980963005 4.5
      vertex -7.421284683370291 17.91656613282428 5.249999999999999
      vertex -3.7833381228555827 19.02012515709715 5.249999999999999
    endloop
  endfacet
  facet normal 0 0 0
    outer loop
      vertex -8.249257695798706 19.91546980870786 4.5
      vertex -11.976065940375733 17.92344930042822 4.5
      vertex -10.774035435407471 16.124483519793014 5.249999999999999
    endloop
  endfacet
  facet normal 0 0 0
    outer loop
      vertex -8.249257695798706 19.91546980870786 4.5
      vertex -10.774035435407471 16.124483519793014 5.249999999999999
      vertex -7.421284683370291 17.91656613282428 5.249999999999999
    endloop
  endfacet
  facet normal 0 0 0
    outer loop
      vertex -11.976065940375733 17.92344930042822 4.5
      vertex -15.242640687119284 15.242640687119287 4.5
      vertex -13.712746047810635 13.712746047810636 5.249999999999999
    endloop
  endfacet
  facet normal 0 0 0
    outer loop
      vertex -11.976065940375733 17.92344930042822 4.5
      vertex -13.712746047810635 13.712746047810636 5.249999999999999
      vertex -10.774035435407471 16.124483519793014 5.249999999999999
    endloop
  endfacet
  facet normal 0 0 0
    outer loop
      vertex -15.242640687119284 15.242640687119287 4.5
      vertex -17.92344930042822 11.976065940375737 4.5
      vertex -16.124483519793014 10.774035435407477 5.249999999999999
    endloop
  endfacet
  facet normal 0 0 0
    outer loop
      vertex -15.242640687119284 15.242640687119287 4.5
      vertex -16.124483519793014 10.774035435407477 5.249999999999999
      vertex -13.712746047810635 13.712746047810636 5.249999999999999
    endloop
  endfacet
  facet normal 0 0 0
    outer loop
      vertex -17.92344930042822 11.976065940375737 4.5
      vertex -19.91546980870786 8.24925769579871 4.5
      vertex -17.91656613282428 7.421284683370294 5.249999999999999
    endloop
  endfacet
  facet normal 0 0 0
    outer loop
      vertex -17.92344930042822 11.976065940375737 4.5
      vertex -17.91656613282428 7.421284683370294 5.249999999999999
      vertex -16.124483519793014 10.774035435407477 5.249999999999999
    endloop
  endfacet
  facet normal 0 0 0
    outer loop
      vertex -19.91546980870786 8.24925769579871 4.5
      vertex -21.142149980963005 4.20543510420915 4.5
      vertex -19.02012515709715 3.7833381228555907 5.249999999999999
    endloop
  endfacet
  facet normal 0 0 0
    outer loop
      vertex -19.91546980870786 8.24925769579871 4.5
      vertex -19.02012515709715 3.7833381228555907 5.249999999999999
      vertex -17.91656613282428 7.421284683370294 5.249999999999999
    endloop
  endfacet
  facet normal 0 0 0
    outer loop
      vertex -21.142149980963005 4.20543510420915 4.5
      vertex -21.556349186104047 2.6398914032064973e-15 4.5
      vertex -19.39275143819186 2.374927097544189e-15 5.249999999999999
    endloop
  endfacet
  facet normal 0 0 0
    outer loop
      vertex -21.142149980963005 4.20543510420915 4.5
      vertex -19.39275143819186 2.374927097544189e-15 5.249999999999999
      vertex -19.02012515709715 3.7833381228555907 5.249999999999999
    endloop
  endfacet
  facet normal 0 0 0
    outer loop
      vertex -21.556349186104047 2.6398914032064973e-15 4.5
      vertex -21.142149980963005 -4.205435104209145 4.5
      vertex -19.02012515709715 -3.7833381228555862 5.249999999999999
    endloop
  endfacet
  facet normal 0 0 0
    outer loop
      vertex -21.556349186104047 2.6398914032064973e-15 4.5
      vertex -19.02012515709715 -3.7833381228555862 5.249999999999999
      vertex -19.39275143819186 2.374927097544189e-15 5.249999999999999
    endloop
  endfacet
  facet normal 0 0 0
    outer loop
      vertex -21.142149980963005 -4.205435104209145 4.5
      vertex -19.915469808707865 -8.249257695798702 4.5
      vertex -17.91656613282428 -7.421284683370288 5.249999999999999
    endloop
  endfacet
  facet normal 0 0 0
    outer loop
      vertex -21.142149980963005 -4.205435104209145 4.5
      vertex -17.91656613282428 -7.421284683370288 5.249999999999999
      vertex -19.02012515709715 -3.7833381228555862 5.249999999999999
    endloop
  endfacet
  facet normal 0 0 0
    outer loop
      vertex -19.915469808707865 -8.249257695798702 4.5
      vertex -17.923449300428224 -11.976065940375733 4.5
      vertex -16.124483519793014 -10.774035435407471 5.249999999999999
    endloop
  endfacet
  facet normal 0 0 0
    outer loop
      vertex -19.915469808707865 -8.249257695798702 4.5
      vertex -16.124483519793014 -10.774035435407471 5.249999999999999
      vertex -17.91656613282428 -7.421284683370288 5.249999999999999
    endloop
  endfacet
  facet normal 0 0 0
    outer loop
      vertex -17.923449300428224 -11.976065940375733 4.5
      vertex -15.24264068711929 -15.242640687119284 4.5
      vertex -13.712746047810638 -13.712746047810635 5.249999999999999
    endloop
  endfacet
  facet normal 0 0 0
    outer loop
      vertex -17.923449300428224 -11.976065940375733 4.5
      vertex -13.712746047810638 -13.712746047810635 5.249999999999999
      vertex -16.124483519793014 -10.774035435407471 5.249999999999999
    endloop
  endfacet
  facet normal 0 0 0
    outer loop
      vertex -15.24264068711929 -15.242640687119284 4.5
      vertex -11.976065940375737 -17.923449300428217 4.5
      vertex -10.774035435407477 -16.12448351979301 5.249999999999999
    endloop
  endfacet
  facet normal 0 0 0
    outer loop
      vertex -15.24264068711929 -15.242640687119284 4.5
      vertex -10.774035435407477 -16.12448351979301 5.249999999999999
      vertex -13.712746047810638 -13.712746047810635 5.249999999999999
    endloop
  endfacet
  facet normal 0 0 0
    outer loop
      vertex -11.976065940375737 -17.923449300428217 4.5
      vertex -8.249257695798718 -19.915469808707858 4.5
      vertex -7.421284683370303 -17.916566132824272 5.249999999999999
    endloop
  endfacet
  facet normal 0 0 0
    outer loop
      vertex -11.976065940375737 -17.923449300428217 4.5
      vertex -7.421284683370303 -17.916566132824272 5.249999999999999
      vertex -10.774035435407477 -16.12448351979301 5.249999999999999
    endloop
  endfacet
  facet normal 0 0 0
    outer loop
      vertex -8.249257695798718 -19.915469808707858 4.5
      vertex -4.205435104209151 -21.142149980963005 4.5
      vertex -3.783338122855592 -19.02012515709715 5.249999999999999
    endloop
  endfacet
  facet normal 0 0 0
    outer loop
      vertex -8.249257695798718 -19.915469808707858 4.5
      vertex -3.783338122855592 -19.02012515709715 5.249999999999999
      vertex -7.421284683370303 -17.916566132824272 5.249999999999999
    endloop
  endfacet
  facet normal 0 0 0
    outer loop
      vertex -4.205435104209151 -21.142149980963005 4.5
      vertex -3.9598371048097455e-15 -21.556349186104047 4.5
      vertex -3.562390646316284e-15 -19.39275143819186 5.249999999999999
    endloop
  endfacet
  facet normal 0 0 0
    outer loop
      vertex -4.205435104209151 -21.142149980963005 4.5
      vertex -3.562390646316284e-15 -19.39275143819186 5.249999999999999
      vertex -3.783338122855592 -19.02012515709715 5.249999999999999
    endloop
  endfacet
  facet normal 0 0 0
    outer loop
      vertex -3.9598371048097455e-15 -21.556349186104047 4.5
      vertex 4.205435104209144 -21.142149980963005 4.5
      vertex 3.783338122855585 -19.02012515709715 5.249999999999999
    endloop
  endfacet
  facet normal 0 0 0
    outer loop
      vertex -3.9598371048097455e-15 -21.556349186104047 4.5
      vertex 3.783338122855585 -19.02012515709715 5.249999999999999
      vertex -3.562390646316284e-15 -19.39275143819186 5.249999999999999
    endloop
  endfacet
  facet normal 0 0 0
    outer loop
      vertex 4.205435104209144 -21.142149980963005 4.5
      vertex 8.249257695798711 -19.91546980870786 4.5
      vertex 7.421284683370296 -17.916566132824276 5.249999999999999
    endloop
  endfacet
  facet normal 0 0 0
    outer loop
      vertex 4.205435104209144 -21.142149980963005 4.5
      vertex 7.421284683370296 -17.916566132824276 5.249999999999999
      vertex 3.783338122855585 -19.02012515709715 5.249999999999999
    endloop
  endfacet
  facet normal 0 0 0
    outer loop
      vertex 8.249257695798711 -19.91546980870786 4.5
      vertex 11.97606594037573 -17.923449300428224 4.5
      vertex 10.77403543540747 -16.124483519793014 5.249999999999999
    endloop
  endfacet
  facet normal 0 0 0
    outer loop
      vertex 8.249257695798711 -19.91546980870786 4.5
      vertex 10.77403543540747 -16.124483519793014 5.249999999999999
      vertex 7.421284683370296 -17.916566132824276 5.249999999999999
    endloop
  endfacet
  facet normal 0 0 0
    outer loop
      vertex 11.97606594037573 -17.923449300428224 4.5
      vertex 15.242640687119282 -15.24264068711929 4.5
      vertex 13.712746047810631 -13.712746047810638 5.249999999999999
    endloop
  endfacet
  facet normal 0 0 0
    outer loop
      vertex 11.97606594037573 -17.923449300428224 4.5
      vertex 13.712746047810631 -13.712746047810638 5.249999999999999
      vertex 10.77403543540747 -16.124483519793014 5.249999999999999
    endloop
  endfacet
  facet normal 0 0 0
    outer loop
      vertex 15.242640687119282 -15.24264068711929 4.5
      vertex 17.923449300428217 -11.976065940375737 4.5
      vertex 16.12448351979301 -10.774035435407477 5.249999999999999
    endloop
  endfacet
  facet normal 0 0 0
    outer loop
      vertex 15.242640687119282 -15.24264068711929 4.5
      vertex 16.12448351979301 -10.774035435407477 5.249999999999999
      vertex 13.712746047810631 -13.712746047810638 5.249999999999999
    endloop
  endfacet
  facet normal 0 0 0
    outer loop
      vertex 17.923449300428217 -11.976065940375737 4.5
      vertex 19.915469808707858 -8.24925769579872 4.5
      vertex 17.916566132824272 -7.4212846833703034 5.249999999999999
    endloop
  endfacet
  facet normal 0 0 0
    outer loop
      vertex 17.923449300428217 -11.976065940375737 4.5
      vertex 17.916566132824272 -7.4212846833703034 5.249999999999999
      vertex 16.12448351979301 -10.774035435407477 5.249999999999999
    endloop
  endfacet
  facet normal 0 0 0
    outer loop
      vertex 19.915469808707858 -8.24925769579872 4.5
      vertex 21.142149980963005 -4.205435104209153 4.5
      vertex 19.02012515709715 -3.783338122855593 5.249999999999999
    endloop
  endfacet
  facet normal 0 0 0
    outer loop
      vertex 19.915469808707858 -8.24925769579872 4.5
      vertex 19.02012515709715 -3.783338122855593 5.249999999999999
      vertex 17.916566132824272 -7.4212846833703034 5.249999999999999
    endloop
  endfacet
  facet normal 0 0 0
    outer loop
      vertex 21.142149980963005 -4.205435104209153 4.5
      vertex 21.556349186104047 0 4.5
      vertex 19.39275143819186 0 5.249999999999999
    endloop
  endfacet
  facet normal 0 0 0
    outer loop
      vertex 21.142149980963005 -4.205435104209153 4.5
      vertex 19.39275143819186 0 5.249999999999999
      vertex 19.02012515709715 -3.783338122855593 5.249999999999999
    endloop
  endfacet
  facet normal 0 0 0
    outer loop
      vertex 19.39275143819186 0 5.249999999999999
      vertex 19.02012515709715 3.783338122855584 5.249999999999999
      vertex 16.67334976685492 3.3165354742741804 6.000000000000001
    endloop
  endfacet
  facet normal 0 0 0
    outer loop
      vertex 19.39275143819186 0 5.249999999999999
      vertex 16.67334976685492 3.3165354742741804 6.000000000000001
      vertex 17 0 6.000000000000001
    endloop
  endfacet
  facet normal 0 0 0
    outer loop
      vertex 19.02012515709715 3.783338122855584 5.249999999999999
      vertex 17.91656613282428 7.421284683370292 5.249999999999999
      vertex 15.705952052691874 6.505618350206526 6.000000000000001
    endloop
  endfacet
  facet normal 0 0 0
    outer loop
      vertex 19.02012515709715 3.783338122855584 5.249999999999999
      vertex 15.705952052691874 6.505618350206526 6.000000000000001
      vertex 16.67334976685492 3.3165354742741804 6.000000000000001
    endloop
  endfacet
  facet normal 0 0 0
    outer loop
      vertex 17.91656613282428 7.421284683370292 5.249999999999999
      vertex 16.12448351979301 10.774035435407477 5.249999999999999
      vertex 14.134983409143269 9.444693961333236 6.000000000000001
    endloop
  endfacet
  facet normal 0 0 0
    outer loop
      vertex 17.91656613282428 7.421284683370292 5.249999999999999
      vertex 14.134983409143269 9.444693961333236 6.000000000000001
      vertex 15.705952052691874 6.505618350206526 6.000000000000001
    endloop
  endfacet
  facet normal 0 0 0
    outer loop
      vertex 16.12448351979301 10.774035435407477 5.249999999999999
      vertex 13.712746047810636 13.712746047810635 5.249999999999999
      vertex 12.020815280171309 12.020815280171307 6.000000000000001
    endloop
  endfacet
  facet normal 0 0 0
    outer loop
      vertex 16.12448351979301 10.774035435407477 5.249999999999999
      vertex 12.020815280171309 12.020815280171307 6.000000000000001
      vertex 14.134983409143269 9.444693961333236 6.000000000000001
    endloop
  endfacet
  facet normal 0 0 0
    outer loop
      vertex 13.712746047810636 13.712746047810635 5.249999999999999
      vertex 10.774035435407479 16.12448351979301 5.249999999999999
      vertex 9.44469396133324 14.134983409143269 6.000000000000001
    endloop
  endfacet
  facet normal 0 0 0
    outer loop
      vertex 13.712746047810636 13.712746047810635 5.249999999999999
      vertex 9.44469396133324 14.134983409143269 6.000000000000001
      vertex 12.020815280171309 12.020815280171307 6.000000000000001
    endloop
  endfacet
  facet normal 0 0 0
    outer loop
      vertex 10.774035435407479 16.12448351979301 5.249999999999999
      vertex 7.421284683370293 17.91656613282428 5.249999999999999
      vertex 6.505618350206527 15.705952052691874 6.000000000000001
    endloop
  endfacet
  facet normal 0 0 0
    outer loop
      vertex 10.774035435407479 16.12448351979301 5.249999999999999
      vertex 6.505618350206527 15.705952052691874 6.000000000000001
      vertex 9.44469396133324 14.134983409143269 6.000000000000001
    endloop
  endfacet
  facet normal 0 0 0
    outer loop
      vertex 7.421284683370293 17.91656613282428 5.249999999999999
      vertex 3.7833381228555854 19.02012515709715 5.249999999999999
      vertex 3.3165354742741817 16.67334976685492 6.000000000000001
    endloop
  endfacet
  facet normal 0 0 0
    outer loop
      vertex 7.421284683370293 17.91656613282428 5.249999999999999
      vertex 3.3165354742741817 16.67334976685492 6.000000000000001
      vertex 6.505618350206527 15.705952052691874 6.000000000000001
    endloop
  endfacet
  facet normal 0 0 0
    outer loop
      vertex 3.7833381228555854 19.02012515709715 5.249999999999999
      vertex 1.1874635487720945e-15 19.39275143819186 5.249999999999999
      vertex 1.0409497792752501e-15 17 6.000000000000001
    endloop
  endfacet
  facet normal 0 0 0
    outer loop
      vertex 3.7833381228555854 19.02012515709715 5.249999999999999
      vertex 1.0409497792752501e-15 17 6.000000000000001
      vertex 3.3165354742741817 16.67334976685492 6.000000000000001
    endloop
  endfacet
  facet normal 0 0 0
    outer loop
      vertex 1.1874635487720945e-15 19.39275143819186 5.249999999999999
      vertex -3.7833381228555827 19.02012515709715 5.249999999999999
      vertex -3.316535474274179 16.67334976685492 6.000000000000001
    endloop
  endfacet
  facet normal 0 0 0
    outer loop
      vertex 1.1874635487720945e-15 19.39275143819186 5.249999999999999
      vertex -3.316535474274179 16.67334976685492 6.000000000000001
      vertex 1.0409497792752501e-15 17 6.000000000000001
    endloop
  endfacet
  facet normal 0 0 0
    outer loop
      vertex -3.7833381228555827 19.02012515709715 5.249999999999999
      vertex -7.421284683370291 17.91656613282428 5.249999999999999
      vertex -6.505618350206525 15.705952052691874 6.000000000000001
    endloop
  endfacet
  facet normal 0 0 0
    outer loop
      vertex -3.7833381228555827 19.02012515709715 5.249999999999999
      vertex -6.505618350206525 15.705952052691874 6.000000000000001
      vertex -3.316535474274179 16.67334976685492 6.000000000000001
    endloop
  endfacet
  facet normal 0 0 0
    outer loop
      vertex -7.421284683370291 17.91656613282428 5.249999999999999
      vertex -10.774035435407471 16.124483519793014 5.249999999999999
      vertex -9.444693961333233 14.13498340914327 6.000000000000001
    endloop
  endfacet
  facet normal 0 0 0
    outer loop
      vertex -7.421284683370291 17.91656613282428 5.249999999999999
      vertex -9.444693961333233 14.13498340914327 6.000000000000001
      vertex -6.505618350206525 15.705952052691874 6.000000000000001
    endloop
  endfacet
  facet normal 0 0 0
    outer loop
      vertex -10.774035435407471 16.124483519793014 5.249999999999999
      vertex -13.712746047810635 13.712746047810636 5.249999999999999
      vertex -12.020815280171307 12.020815280171309 6.000000000000001
    endloop
  endfacet
  facet normal 0 0 0
    outer loop
      vertex -10.774035435407471 16.124483519793014 5.249999999999999
      vertex -12.020815280171307 12.020815280171309 6.000000000000001
      vertex -9.444693961333233 14.13498340914327 6.000000000000001
    endloop
  endfacet
  facet normal 0 0 0
    outer loop
      vertex -13.712746047810635 13.712746047810636 5.249999999999999
      vertex -16.124483519793014 10.774035435407477 5.249999999999999
      vertex -14.13498340914327 9.444693961333236 6.000000000000001
    endloop
  endfacet
  facet normal 0 0 0
    outer loop
      vertex -13.712746047810635 13.712746047810636 5.249999999999999
      vertex -14.13498340914327 9.444693961333236 6.000000000000001
      vertex -12.020815280171307 12.020815280171309 6.000000000000001
    endloop
  endfacet
  facet normal 0 0 0
    outer loop
      vertex -16.124483519793014 10.774035435407477 5.249999999999999
      vertex -17.91656613282428 7.421284683370294 5.249999999999999
      vertex -15.705952052691874 6.505618350206528 6.000000000000001
    endloop
  endfacet
  facet normal 0 0 0
    outer loop
      vertex -16.124483519793014 10.774035435407477 5.249999999999999
      vertex -15.705952052691874 6.505618350206528 6.000000000000001
      vertex -14.13498340914327 9.444693961333236 6.000000000000001
    endloop
  endfacet
  facet normal 0 0 0
    outer loop
      vertex -17.91656613282428 7.421284683370294 5.249999999999999
      vertex -19.02012515709715 3.7833381228555907 5.249999999999999
      vertex -16.67334976685492 3.316535474274186 6.000000000000001
    endloop
  endfacet
  facet normal 0 0 0
    outer loop
      vertex -17.91656613282428 7.421284683370294 5.249999999999999
      vertex -16.67334976685492 3.316535474274186 6.000000000000001
      vertex -15.705952052691874 6.505618350206528 6.000000000000001
    endloop
  endfacet
  facet normal 0 0 0
    outer loop
      vertex -19.02012515709715 3.7833381228555907 5.249999999999999
      vertex -19.39275143819186 2.374927097544189e-15 5.249999999999999
      vertex -17 2.0818995585505003e-15 6.000000000000001
    endloop
  endfacet
  facet normal 0 0 0
    outer loop
      vertex -19.02012515709715 3.7833381228555907 5.249999999999999
      vertex -17 2.0818995585505003e-15 6.000000000000001
      vertex -16.67334976685492 3.316535474274186 6.000000000000001
    endloop
  endfacet
  facet normal 0 0 0
    outer loop
      vertex -19.39275143819186 2.374927097544189e-15 5.249999999999999
      vertex -19.02012515709715 -3.7833381228555862 5.249999999999999
      vertex -16.67334976685492 -3.316535474274182 6.000000000000001
    endloop
  endfacet
  facet normal 0 0 0
    outer loop
      vertex -19.39275143819186 2.374927097544189e-15 5.249999999999999
      vertex -16.67334976685492 -3.316535474274182 6.000000000000001
      vertex -17 2.0818995585505003e-15 6.000000000000001
    endloop
  endfacet
  facet normal 0 0 0
    outer loop
      vertex -19.02012515709715 -3.7833381228555862 5.249999999999999
      vertex -17.91656613282428 -7.421284683370288 5.249999999999999
      vertex -15.705952052691876 -6.5056183502065235 6.000000000000001
    endloop
  endfacet
  facet normal 0 0 0
    outer loop
      vertex -19.02012515709715 -3.7833381228555862 5.249999999999999
      vertex -15.705952052691876 -6.5056183502065235 6.000000000000001
      vertex -16.67334976685492 -3.316535474274182 6.000000000000001
    endloop
  endfacet
  facet normal 0 0 0
    outer loop
      vertex -17.91656613282428 -7.421284683370288 5.249999999999999
      vertex -16.124483519793014 -10.774035435407471 5.249999999999999
      vertex -14.134983409143272 -9.444693961333233 6.000000000000001
    endloop
  endfacet
  facet normal 0 0 0
    outer loop
      vertex -17.91656613282428 -7.421284683370288 5.249999999999999
      vertex -14.134983409143272 -9.444693961333233 6.000000000000001
      vertex -15.705952052691876 -6.5056183502065235 6.000000000000001
    endloop
  endfacet
  facet normal 0 0 0
    outer loop
      vertex -16.124483519793014 -10.774035435407471 5.249999999999999
      vertex -13.712746047810638 -13.712746047810635 5.249999999999999
      vertex -12.02081528017131 -12.020815280171307 6.000000000000001
    endloop
  endfacet
  facet normal 0 0 0
    outer loop
      vertex -16.124483519793014 -10.774035435407471 5.249999999999999
      vertex -12.02081528017131 -12.020815280171307 6.000000000000001
      vertex -14.134983409143272 -9.444693961333233 6.000000000000001
    endloop
  endfacet
  facet normal 0 0 0
    outer loop
      vertex -13.712746047810638 -13.712746047810635 5.249999999999999
      vertex -10.774035435407477 -16.12448351979301 5.249999999999999
      vertex -9.444693961333236 -14.134983409143269 6.000000000000001
    endloop
  endfacet
  facet normal 0 0 0
    outer loop
      vertex -13.712746047810638 -13.712746047810635 5.249999999999999
      vertex -9.444693961333236 -14.134983409143269 6.000000000000001
      vertex -12.02081528017131 -12.020815280171307 6.000000000000001
    endloop
  endfacet
  facet normal 0 0 0
    outer loop
      vertex -10.774035435407477 -16.12448351979301 5.249999999999999
      vertex -7.421284683370303 -17.916566132824272 5.249999999999999
      vertex -6.505618350206536 -15.70595205269187 6.000000000000001
    endloop
  endfacet
  facet normal 0 0 0
    outer loop
      vertex -10.774035435407477 -16.12448351979301 5.249999999999999
      vertex -6.505618350206536 -15.70595205269187 6.000000000000001
      vertex -9.444693961333236 -14.134983409143269 6.000000000000001
    endloop
  endfacet
  facet normal 0 0 0
    outer loop
      vertex -7.421284683370303 -17.916566132824272 5.249999999999999
      vertex -3.783338122855592 -19.02012515709715 5.249999999999999
      vertex -3.3165354742741875 -16.673349766854916 6.000000000000001
    endloop
  endfacet
  facet normal 0 0 0
    outer loop
      vertex -7.421284683370303 -17.916566132824272 5.249999999999999
      vertex -3.3165354742741875 -16.673349766854916 6.000000000000001
      vertex -6.505618350206536 -15.70595205269187 6.000000000000001
    endloop
  endfacet
  facet normal 0 0 0
    outer loop
      vertex -3.783338122855592 -19.02012515709715 5.249999999999999
      vertex -3.562390646316284e-15 -19.39275143819186 5.249999999999999
      vertex -3.1228493378257506e-15 -17 6.000000000000001
    endloop
  endfacet
  facet normal 0 0 0
    outer loop
      vertex -3.783338122855592 -19.02012515709715 5.249999999999999
      vertex -3.1228493378257506e-15 -17 6.000000000000001
      vertex -3.3165354742741875 -16.673349766854916 6.000000000000001
    endloop
  endfacet
  facet normal 0 0 0
    outer loop
      vertex -3.562390646316284e-15 -19.39275143819186 5.249999999999999
      vertex 3.783338122855585 -19.02012515709715 5.249999999999999
      vertex 3.3165354742741813 -16.67334976685492 6.000000000000001
    endloop
  endfacet
  facet normal 0 0 0
    outer loop
      vertex -3.562390646316284e-15 -19.39275143819186 5.249999999999999
      vertex 3.3165354742741813 -16.67334976685492 6.000000000000001
      vertex -3.1228493378257506e-15 -17 6.000000000000001
    endloop
  endfacet
  facet normal 0 0 0
    outer loop
      vertex 3.783338122855585 -19.02012515709715 5.249999999999999
      vertex 7.421284683370296 -17.916566132824276 5.249999999999999
      vertex 6.50561835020653 -15.705952052691872 6.000000000000001
    endloop
  endfacet
  facet normal 0 0 0
    outer loop
      vertex 3.783338122855585 -19.02012515709715 5.249999999999999
      vertex 6.50561835020653 -15.705952052691872 6.000000000000001
      vertex 3.3165354742741813 -16.67334976685492 6.000000000000001
    endloop
  endfacet
  facet normal 0 0 0
    outer loop
      vertex 7.421284683370296 -17.916566132824276 5.249999999999999
      vertex 10.77403543540747 -16.124483519793014 5.249999999999999
      vertex 9.44469396133323 -14.134983409143272 6.000000000000001
    endloop
  endfacet
  facet normal 0 0 0
    outer loop
      vertex 7.421284683370296 -17.916566132824276 5.249999999999999
      vertex 9.44469396133323 -14.134983409143272 6.000000000000001
      vertex 6.50561835020653 -15.705952052691872 6.000000000000001
    endloop
  endfacet
  facet normal 0 0 0
    outer loop
      vertex 10.77403543540747 -16.124483519793014 5.249999999999999
      vertex 13.712746047810631 -13.712746047810638 5.249999999999999
      vertex 12.020815280171306 -12.02081528017131 6.000000000000001
    endloop
  endfacet
  facet normal 0 0 0
    outer loop
      vertex 10.77403543540747 -16.124483519793014 5.249999999999999
      vertex 12.020815280171306 -12.02081528017131 6.000000000000001
      vertex 9.44469396133323 -14.134983409143272 6.000000000000001
    endloop
  endfacet
  facet normal 0 0 0
    outer loop
      vertex 13.712746047810631 -13.712746047810638 5.249999999999999
      vertex 16.12448351979301 -10.774035435407477 5.249999999999999
      vertex 14.134983409143269 -9.444693961333236 6.000000000000001
    endloop
  endfacet
  facet normal 0 0 0
    outer loop
      vertex 13.712746047810631 -13.712746047810638 5.249999999999999
      vertex 14.134983409143269 -9.444693961333236 6.000000000000001
      vertex 12.020815280171306 -12.02081528017131 6.000000000000001
    endloop
  endfacet
  facet normal 0 0 0
    outer loop
      vertex 16.12448351979301 -10.774035435407477 5.249999999999999
      vertex 17.916566132824272 -7.4212846833703034 5.249999999999999
      vertex 15.70595205269187 -6.505618350206537 6.000000000000001
    endloop
  endfacet
  facet normal 0 0 0
    outer loop
      vertex 16.12448351979301 -10.774035435407477 5.249999999999999
      vertex 15.70595205269187 -6.505618350206537 6.000000000000001
      vertex 14.134983409143269 -9.444693961333236 6.000000000000001
    endloop
  endfacet
  facet normal 0 0 0
    outer loop
      vertex 17.916566132824272 -7.4212846833703034 5.249999999999999
      vertex 19.02012515709715 -3.783338122855593 5.249999999999999
      vertex 16.673349766854916 -3.3165354742741884 6.000000000000001
    endloop
  endfacet
  facet normal 0 0 0
    outer loop
      vertex 17.916566132824272 -7.4212846833703034 5.249999999999999
      vertex 16.673349766854916 -3.3165354742741884 6.000000000000001
      vertex 15.70595205269187 -6.505618350206537 6.000000000000001
    endloop
  endfacet
  facet normal 0 0 0
    outer loop
      vertex 19.02012515709715 -3.783338122855593 5.249999999999999
      vertex 19.39275143819186 0 5.249999999999999
      vertex 17 0 6.000000000000001
    endloop
  endfacet
  facet normal 0 0 0
    outer loop
      vertex 19.02012515709715 -3.783338122855593 5.249999999999999
      vertex 17 0 6.000000000000001
      vertex 16.673349766854916 -3.3165354742741884 6.000000000000001
    endloop
  endfacet
  facet normal 0 0 0
    outer loop
      vertex 17 0 6.000000000000001
      vertex 16.67334976685492 3.3165354742741804 6.000000000000001
      vertex 14.14197778781242 2.813014281204307 6.75
    endloop
  endfacet
  facet normal 0 0 0
    outer loop
      vertex 17 0 6.000000000000001
      vertex 14.14197778781242 2.813014281204307 6.75
      vertex 14.419035512031977 0 6.75
    endloop
  endfacet
  facet normal 0 0 0
    outer loop
      vertex 16.67334976685492 3.3165354742741804 6.000000000000001
      vertex 15.705952052691874 6.505618350206526 6.000000000000001
      vertex 13.321451788119745 5.517926001138517 6.75
    endloop
  endfacet
  facet normal 0 0 0
    outer loop
      vertex 16.67334976685492 3.3165354742741804 6.000000000000001
      vertex 13.321451788119745 5.517926001138517 6.75
      vertex 14.14197778781242 2.813014281204307 6.75
    endloop
  endfacet
  facet normal 0 0 0
    outer loop
      vertex 15.705952052691874 6.505618350206526 6.000000000000001
      vertex 14.134983409143269 9.444693961333236 6.000000000000001
      vertex 11.98898986696586 8.010786919337525 6.75
    endloop
  endfacet
  facet normal 0 0 0
    outer loop
      vertex 15.705952052691874 6.505618350206526 6.000000000000001
      vertex 11.98898986696586 8.010786919337525 6.75
      vertex 13.321451788119745 5.517926001138517 6.75
    endloop
  endfacet
  facet normal 0 0 0
    outer loop
      vertex 14.134983409143269 9.444693961333236 6.000000000000001
      vertex 12.020815280171309 12.020815280171307 6.000000000000001
      vertex 10.195797788727454 10.195797788727452 6.75
    endloop
  endfacet
  facet normal 0 0 0
    outer loop
      vertex 14.134983409143269 9.444693961333236 6.000000000000001
      vertex 10.195797788727454 10.195797788727452 6.75
      vertex 11.98898986696586 8.010786919337525 6.75
    endloop
  endfacet
  facet normal 0 0 0
    outer loop
      vertex 12.020815280171309 12.020815280171307 6.000000000000001
      vertex 9.44469396133324 14.134983409143269 6.000000000000001
      vertex 8.010786919337527 11.98898986696586 6.75
    endloop
  endfacet
  facet normal 0 0 0
    outer loop
      vertex 12.020815280171309 12.020815280171307 6.000000000000001
      vertex 8.010786919337527 11.98898986696586 6.75
      vertex 10.195797788727454 10.195797788727452 6.75
    endloop
  endfacet
  facet normal 0 0 0
    outer loop
      vertex 9.44469396133324 14.134983409143269 6.000000000000001
      vertex 6.505618350206527 15.705952052691874 6.000000000000001
      vertex 5.517926001138518 13.321451788119745 6.75
    endloop
  endfacet
  facet normal 0 0 0
    outer loop
      vertex 9.44469396133324 14.134983409143269 6.000000000000001
      vertex 5.517926001138518 13.321451788119745 6.75
      vertex 8.010786919337527 11.98898986696586 6.75
    endloop
  endfacet
  facet normal 0 0 0
    outer loop
      vertex 6.505618350206527 15.705952052691874 6.000000000000001
      vertex 3.3165354742741817 16.67334976685492 6.000000000000001
      vertex 2.813014281204308 14.14197778781242 6.75
    endloop
  endfacet
  facet normal 0 0 0
    outer loop
      vertex 6.505618350206527 15.705952052691874 6.000000000000001
      vertex 2.813014281204308 14.14197778781242 6.75
      vertex 5.517926001138518 13.321451788119745 6.75
    endloop
  endfacet
  facet normal 0 0 0
    outer loop
      vertex 3.3165354742741817 16.67334976685492 6.000000000000001
      vertex 1.0409497792752501e-15 17 6.000000000000001
      vertex 8.829112843300989e-16 14.419035512031977 6.75
    endloop
  endfacet
  facet normal 0 0 0
    outer loop
      vertex 3.3165354742741817 16.67334976685492 6.000000000000001
      vertex 8.829112843300989e-16 14.419035512031977 6.75
      vertex 2.813014281204308 14.14197778781242 6.75
    endloop
  endfacet
  facet normal 0 0 0
    outer loop
      vertex 1.0409497792752501e-15 17 6.000000000000001
      vertex -3.316535474274179 16.67334976685492 6.000000000000001
      vertex -2.8130142812043064 14.14197778781242 6.75
    endloop
  endfacet
  facet normal 0 0 0
    outer loop
      vertex 1.0409497792752501e-15 17 6.000000000000001
      vertex -2.8130142812043064 14.14197778781242 6.75
      vertex 8.829112843300989e-16 14.419035512031977 6.75
    endloop
  endfacet
  facet normal 0 0 0
    outer loop
      vertex -3.316535474274179 16.67334976685492 6.000000000000001
      vertex -6.505618350206525 15.705952052691874 6.000000000000001
      vertex -5.517926001138516 13.321451788119745 6.75
    endloop
  endfacet
  facet normal 0 0 0
    outer loop
      vertex -3.316535474274179 16.67334976685492 6.000000000000001
      vertex -5.517926001138516 13.321451788119745 6.75
      vertex -2.8130142812043064 14.14197778781242 6.75
    endloop
  endfacet
  facet normal 0 0 0
    outer loop
      vertex -6.505618350206525 15.705952052691874 6.000000000000001
      vertex -9.444693961333233 14.13498340914327 6.000000000000001
      vertex -8.010786919337521 11.988989866965861 6.75
    endloop
  endfacet
  facet normal 0 0 0
    outer loop
      vertex -6.505618350206525 15.705952052691874 6.000000000000001
      vertex -8.010786919337521 11.988989866965861 6.75
      vertex -5.517926001138516 13.321451788119745 6.75
    endloop
  endfacet
  facet normal 0 0 0
    outer loop
      vertex -9.444693961333233 14.13498340914327 6.000000000000001
      vertex -12.020815280171307 12.020815280171309 6.000000000000001
      vertex -10.195797788727452 10.195797788727454 6.75
    endloop
  endfacet
  facet normal 0 0 0
    outer loop
      vertex -9.444693961333233 14.13498340914327 6.000000000000001
      vertex -10.195797788727452 10.195797788727454 6.75
      vertex -8.010786919337521 11.988989866965861 6.75
    endloop
  endfacet
  facet normal 0 0 0
    outer loop
      vertex -12.020815280171307 12.020815280171309 6.000000000000001
      vertex -14.13498340914327 9.444693961333236 6.000000000000001
      vertex -11.988989866965861 8.010786919337525 6.75
    endloop
  endfacet
  facet normal 0 0 0
    outer loop
      vertex -12.020815280171307 12.020815280171309 6.000000000000001
      vertex -11.988989866965861 8.010786919337525 6.75
      vertex -10.195797788727452 10.195797788727454 6.75
    endloop
  endfacet
  facet normal 0 0 0
    outer loop
      vertex -14.13498340914327 9.444693961333236 6.000000000000001
      vertex -15.705952052691874 6.505618350206528 6.000000000000001
      vertex -13.321451788119745 5.517926001138519 6.75
    endloop
  endfacet
  facet normal 0 0 0
    outer loop
      vertex -14.13498340914327 9.444693961333236 6.000000000000001
      vertex -13.321451788119745 5.517926001138519 6.75
      vertex -11.988989866965861 8.010786919337525 6.75
    endloop
  endfacet
  facet normal 0 0 0
    outer loop
      vertex -15.705952052691874 6.505618350206528 6.000000000000001
      vertex -16.67334976685492 3.316535474274186 6.000000000000001
      vertex -14.14197778781242 2.813014281204312 6.75
    endloop
  endfacet
  facet normal 0 0 0
    outer loop
      vertex -15.705952052691874 6.505618350206528 6.000000000000001
      vertex -14.14197778781242 2.813014281204312 6.75
      vertex -13.321451788119745 5.517926001138519 6.75
    endloop
  endfacet
  facet normal 0 0 0
    outer loop
      vertex -16.67334976685492 3.316535474274186 6.000000000000001
      vertex -17 2.0818995585505003e-15 6.000000000000001
      vertex -14.419035512031977 1.7658225686601977e-15 6.75
    endloop
  endfacet
  facet normal 0 0 0
    outer loop
      vertex -16.67334976685492 3.316535474274186 6.000000000000001
      vertex -14.419035512031977 1.7658225686601977e-15 6.75
      vertex -14.14197778781242 2.813014281204312 6.75
    endloop
  endfacet
  facet normal 0 0 0
    outer loop
      vertex -17 2.0818995585505003e-15 6.000000000000001
      vertex -16.67334976685492 -3.316535474274182 6.000000000000001
      vertex -14.14197778781242 -2.8130142812043086 6.75
    endloop
  endfacet
  facet normal 0 0 0
    outer loop
      vertex -17 2.0818995585505003e-15 6.000000000000001
      vertex -14.14197778781242 -2.8130142812043086 6.75
      vertex -14.419035512031977 1.7658225686601977e-15 6.75
    endloop
  endfacet
  facet normal 0 0 0
    outer loop
      vertex -16.67334976685492 -3.316535474274182 6.000000000000001
      vertex -15.705952052691876 -6.5056183502065235 6.000000000000001
      vertex -13.321451788119747 -5.517926001138514 6.75
    endloop
  endfacet
  facet normal 0 0 0
    outer loop
      vertex -16.67334976685492 -3.316535474274182 6.000000000000001
      vertex -13.321451788119747 -5.517926001138514 6.75
      vertex -14.14197778781242 -2.8130142812043086 6.75
    endloop
  endfacet
  facet normal 0 0 0
    outer loop
      vertex -15.705952052691876 -6.5056183502065235 6.000000000000001
      vertex -14.134983409143272 -9.444693961333233 6.000000000000001
      vertex -11.988989866965863 -8.010786919337521 6.75
    endloop
  endfacet
  facet normal 0 0 0
    outer loop
      vertex -15.705952052691876 -6.5056183502065235 6.000000000000001
      vertex -11.988989866965863 -8.010786919337521 6.75
      vertex -13.321451788119747 -5.517926001138514 6.75
    endloop
  endfacet
  facet normal 0 0 0
    outer loop
      vertex -14.134983409143272 -9.444693961333233 6.000000000000001
      vertex -12.02081528017131 -12.020815280171307 6.000000000000001
      vertex -10.195797788727456 -10.195797788727452 6.75
    endloop
  endfacet
  facet normal 0 0 0
    outer loop
      vertex -14.134983409143272 -9.444693961333233 6.000000000000001
      vertex -10.195797788727456 -10.195797788727452 6.75
      vertex -11.988989866965863 -8.010786919337521 6.75
    endloop
  endfacet
  facet normal 0 0 0
    outer loop
      vertex -12.02081528017131 -12.020815280171307 6.000000000000001
      vertex -9.444693961333236 -14.134983409143269 6.000000000000001
      vertex -8.010786919337525 -11.98898986696586 6.75
    endloop
  endfacet
  facet normal 0 0 0
    outer loop
      vertex -12.02081528017131 -12.020815280171307 6.000000000000001
      vertex -8.010786919337525 -11.98898986696586 6.75
      vertex -10.195797788727456 -10.195797788727452 6.75
    endloop
  endfacet
  facet normal 0 0 0
    outer loop
      vertex -9.444693961333236 -14.134983409143269 6.000000000000001
      vertex -6.505618350206536 -15.70595205269187 6.000000000000001
      vertex -5.517926001138525 -13.321451788119742 6.75
    endloop
  endfacet
  facet normal 0 0 0
    outer loop
      vertex -9.444693961333236 -14.134983409143269 6.000000000000001
      vertex -5.517926001138525 -13.321451788119742 6.75
      vertex -8.010786919337525 -11.98898986696586 6.75
    endloop
  endfacet
  facet normal 0 0 0
    outer loop
      vertex -6.505618350206536 -15.70595205269187 6.000000000000001
      vertex -3.3165354742741875 -16.673349766854916 6.000000000000001
      vertex -2.813014281204313 -14.141977787812419 6.75
    endloop
  endfacet
  facet normal 0 0 0
    outer loop
      vertex -6.505618350206536 -15.70595205269187 6.000000000000001
      vertex -2.813014281204313 -14.141977787812419 6.75
      vertex -5.517926001138525 -13.321451788119742 6.75
    endloop
  endfacet
  facet normal 0 0 0
    outer loop
      vertex -3.3165354742741875 -16.673349766854916 6.000000000000001
      vertex -3.1228493378257506e-15 -17 6.000000000000001
      vertex -2.6487338529902964e-15 -14.419035512031977 6.75
    endloop
  endfacet
  facet normal 0 0 0
    outer loop
      vertex -3.3165354742741875 -16.673349766854916 6.000000000000001
      vertex -2.6487338529902964e-15 -14.419035512031977 6.75
      vertex -2.813014281204313 -14.141977787812419 6.75
    endloop
  endfacet
  facet normal 0 0 0
    outer loop
      vertex -3.1228493378257506e-15 -17 6.000000000000001
      vertex 3.3165354742741813 -16.67334976685492 6.000000000000001
      vertex 2.8130142812043077 -14.14197778781242 6.75
    endloop
  endfacet
  facet normal 0 0 0
    outer loop
      vertex -3.1228493378257506e-15 -17 6.000000000000001
      vertex 2.8130142812043077 -14.14197778781242 6.75
      vertex -2.6487338529902964e-15 -14.419035512031977 6.75
    endloop
  endfacet
  facet normal 0 0 0
    outer loop
      vertex 3.3165354742741813 -16.67334976685492 6.000000000000001
      vertex 6.50561835020653 -15.705952052691872 6.000000000000001
      vertex 5.51792600113852 -13.321451788119743 6.75
    endloop
  endfacet
  facet normal 0 0 0
    outer loop
      vertex 3.3165354742741813 -16.67334976685492 6.000000000000001
      vertex 5.51792600113852 -13.321451788119743 6.75
      vertex 2.8130142812043077 -14.14197778781242 6.75
    endloop
  endfacet
  facet normal 0 0 0
    outer loop
      vertex 6.50561835020653 -15.705952052691872 6.000000000000001
      vertex 9.44469396133323 -14.134983409143272 6.000000000000001
      vertex 8.01078691933752 -11.988989866965863 6.75
    endloop
  endfacet
  facet normal 0 0 0
    outer loop
      vertex 6.50561835020653 -15.705952052691872 6.000000000000001
      vertex 8.01078691933752 -11.988989866965863 6.75
      vertex 5.51792600113852 -13.321451788119743 6.75
    endloop
  endfacet
  facet normal 0 0 0
    outer loop
      vertex 9.44469396133323 -14.134983409143272 6.000000000000001
      vertex 12.020815280171306 -12.02081528017131 6.000000000000001
      vertex 10.19579778872745 -10.195797788727456 6.75
    endloop
  endfacet
  facet normal 0 0 0
    outer loop
      vertex 9.44469396133323 -14.134983409143272 6.000000000000001
      vertex 10.19579778872745 -10.195797788727456 6.75
      vertex 8.01078691933752 -11.988989866965863 6.75
    endloop
  endfacet
  facet normal 0 0 0
    outer loop
      vertex 12.020815280171306 -12.02081528017131 6.000000000000001
      vertex 14.134983409143269 -9.444693961333236 6.000000000000001
      vertex 11.98898986696586 -8.010786919337525 6.75
    endloop
  endfacet
  facet normal 0 0 0
    outer loop
      vertex 12.020815280171306 -12.02081528017131 6.000000000000001
      vertex 11.98898986696586 -8.010786919337525 6.75
      vertex 10.19579778872745 -10.195797788727456 6.75
    endloop
  endfacet
  facet normal 0 0 0
    outer loop
      vertex 14.134983409143269 -9.444693961333236 6.000000000000001
      vertex 15.70595205269187 -6.505618350206537 6.000000000000001
      vertex 13.321451788119742 -5.517926001138526 6.75
    endloop
  endfacet
  facet normal 0 0 0
    outer loop
      vertex 14.134983409143269 -9.444693961333236 6.000000000000001
      vertex 13.321451788119742 -5.517926001138526 6.75
      vertex 11.98898986696586 -8.010786919337525 6.75
    endloop
  endfacet
  facet normal 0 0 0
    outer loop
      vertex 15.70595205269187 -6.505618350206537 6.000000000000001
      vertex 16.673349766854916 -3.3165354742741884 6.000000000000001
      vertex 14.141977787812419 -2.813014281204314 6.75
    endloop
  endfacet
  facet normal 0 0 0
    outer loop
      vertex 15.70595205269187 -6.505618350206537 6.000000000000001
      vertex 14.141977787812419 -2.813014281204314 6.75
      vertex 13.321451788119742 -5.517926001138526 6.75
    endloop
  endfacet
  facet normal 0 0 0
    outer loop
      vertex 16.673349766854916 -3.3165354742741884 6.000000000000001
      vertex 17 0 6.000000000000001
      vertex 14.419035512031977 0 6.75
    endloop
  endfacet
  facet normal 0 0 0
    outer loop
      vertex 16.673349766854916 -3.3165354742741884 6.000000000000001
      vertex 14.419035512031977 0 6.75
      vertex 14.141977787812419 -2.813014281204314 6.75
    endloop
  endfacet
  facet normal 0 0 0
    outer loop
      vertex 14.419035512031977 0 6.75
      vertex 14.14197778781242 2.813014281204307 6.75
      vertex 11.469321696359975 2.2813899308618377 7.499999999999999
    endloop
  endfacet
  facet normal 0 0 0
    outer loop
      vertex 14.419035512031977 0 6.75
      vertex 11.469321696359975 2.2813899308618377 7.499999999999999
      vertex 11.694018992255462 0 7.499999999999999
    endloop
  endfacet
  facet normal 0 0 0
    outer loop
      vertex 14.14197778781242 2.813014281204307 6.75
      vertex 13.321451788119745 5.517926001138517 6.75
      vertex 10.803864799743085 4.475107326098868 7.499999999999999
    endloop
  endfacet
  facet normal 0 0 0
    outer loop
      vertex 14.14197778781242 2.813014281204307 6.75
      vertex 10.803864799743085 4.475107326098868 7.499999999999999
      vertex 11.469321696359975 2.2813899308618377 7.499999999999999
    endloop
  endfacet
  facet normal 0 0 0
    outer loop
      vertex 13.321451788119745 5.517926001138517 6.75
      vertex 11.98898986696586 8.010786919337525 6.75
      vertex 9.723221437749249 6.4968488564630205 7.499999999999999
    endloop
  endfacet
  facet normal 0 0 0
    outer loop
      vertex 13.321451788119745 5.517926001138517 6.75
      vertex 9.723221437749249 6.4968488564630205 7.499999999999999
      vertex 10.803864799743085 4.475107326098868 7.499999999999999
    endloop
  endfacet
  facet normal 0 0 0
    outer loop
      vertex 11.98898986696586 8.010786919337525 6.75
      vertex 10.195797788727454 10.195797788727452 6.75
      vertex 8.268920128748114 8.268920128748112 7.499999999999999
    endloop
  endfacet
  facet normal 0 0 0
    outer loop
      vertex 11.98898986696586 8.010786919337525 6.75
      vertex 8.268920128748114 8.268920128748112 7.499999999999999
      vertex 9.723221437749249 6.4968488564630205 7.499999999999999
    endloop
  endfacet
  facet normal 0 0 0
    outer loop
      vertex 10.195797788727454 10.195797788727452 6.75
      vertex 8.010786919337527 11.98898986696586 6.75
      vertex 6.496848856463021 9.723221437749249 7.499999999999999
    endloop
  endfacet
  facet normal 0 0 0
    outer loop
      vertex 10.195797788727454 10.195797788727452 6.75
      vertex 6.496848856463021 9.723221437749249 7.499999999999999
      vertex 8.268920128748114 8.268920128748112 7.499999999999999
    endloop
  endfacet
  facet normal 0 0 0
    outer loop
      vertex 8.010786919337527 11.98898986696586 6.75
      vertex 5.517926001138518 13.321451788119745 6.75
      vertex 4.475107326098869 10.803864799743085 7.499999999999999
    endloop
  endfacet
  facet normal 0 0 0
    outer loop
      vertex 8.010786919337527 11.98898986696586 6.75
      vertex 4.475107326098869 10.803864799743085 7.499999999999999
      vertex 6.496848856463021 9.723221437749249 7.499999999999999
    endloop
  endfacet
  facet normal 0 0 0
    outer loop
      vertex 5.517926001138518 13.321451788119745 6.75
      vertex 2.813014281204308 14.14197778781242 6.75
      vertex 2.2813899308618386 11.469321696359975 7.499999999999999
    endloop
  endfacet
  facet normal 0 0 0
    outer loop
      vertex 5.517926001138518 13.321451788119745 6.75
      vertex 2.2813899308618386 11.469321696359975 7.499999999999999
      vertex 4.475107326098869 10.803864799743085 7.499999999999999
    endloop
  endfacet
  facet normal 0 0 0
    outer loop
      vertex 2.813014281204308 14.14197778781242 6.75
      vertex 8.829112843300989e-16 14.419035512031977 6.75
      vertex 7.160521464017004e-16 11.694018992255462 7.499999999999999
    endloop
  endfacet
  facet normal 0 0 0
    outer loop
      vertex 2.813014281204308 14.14197778781242 6.75
      vertex 7.160521464017004e-16 11.694018992255462 7.499999999999999
      vertex 2.2813899308618386 11.469321696359975 7.499999999999999
    endloop
  endfacet
  facet normal 0 0 0
    outer loop
      vertex 8.829112843300989e-16 14.419035512031977 6.75
      vertex -2.8130142812043064 14.14197778781242 6.75
      vertex -2.281389930861837 11.469321696359975 7.499999999999999
    endloop
  endfacet
  facet normal 0 0 0
    outer loop
      vertex 8.829112843300989e-16 14.419035512031977 6.75
      vertex -2.281389930861837 11.469321696359975 7.499999999999999
      vertex 7.160521464017004e-16 11.694018992255462 7.499999999999999
    endloop
  endfacet
  facet normal 0 0 0
    outer loop
      vertex -2.8130142812043064 14.14197778781242 6.75
      vertex -5.517926001138516 13.321451788119745 6.75
      vertex -4.475107326098867 10.803864799743085 7.499999999999999
    endloop
  endfacet
  facet normal 0 0 0
    outer loop
      vertex -2.8130142812043064 14.14197778781242 6.75
      vertex -4.475107326098867 10.803864799743085 7.499999999999999
      vertex -2.281389930861837 11.469321696359975 7.499999999999999
    endloop
  endfacet
  facet normal 0 0 0
    outer loop
      vertex -5.517926001138516 13.321451788119745 6.75
      vertex -8.010786919337521 11.988989866965861 6.75
      vertex -6.496848856463018 9.72322143774925 7.499999999999999
    endloop
  endfacet
  facet normal 0 0 0
    outer loop
      vertex -5.517926001138516 13.321451788119745 6.75
      vertex -6.496848856463018 9.72322143774925 7.499999999999999
      vertex -4.475107326098867 10.803864799743085 7.499999999999999
    endloop
  endfacet
  facet normal 0 0 0
    outer loop
      vertex -8.010786919337521 11.988989866965861 6.75
      vertex -10.195797788727452 10.195797788727454 6.75
      vertex -8.268920128748112 8.268920128748114 7.499999999999999
    endloop
  endfacet
  facet normal 0 0 0
    outer loop
      vertex -8.010786919337521 11.988989866965861 6.75
      vertex -8.268920128748112 8.268920128748114 7.499999999999999
      vertex -6.496848856463018 9.72322143774925 7.499999999999999
    endloop
  endfacet
  facet normal 0 0 0
    outer loop
      vertex -10.195797788727452 10.195797788727454 6.75
      vertex -11.988989866965861 8.010786919337525 6.75
      vertex -9.72322143774925 6.4968488564630205 7.499999999999999
    endloop
  endfacet
  facet normal 0 0 0
    outer loop
      vertex -10.195797788727452 10.195797788727454 6.75
      vertex -9.72322143774925 6.4968488564630205 7.499999999999999
      vertex -8.268920128748112 8.268920128748114 7.499999999999999
    endloop
  endfacet
  facet normal 0 0 0
    outer loop
      vertex -11.988989866965861 8.010786919337525 6.75
      vertex -13.321451788119745 5.517926001138519 6.75
      vertex -10.803864799743085 4.475107326098869 7.499999999999999
    endloop
  endfacet
  facet normal 0 0 0
    outer loop
      vertex -11.988989866965861 8.010786919337525 6.75
      vertex -10.803864799743085 4.475107326098869 7.499999999999999
      vertex -9.72322143774925 6.4968488564630205 7.499999999999999
    endloop
  endfacet
  facet normal 0 0 0
    outer loop
      vertex -13.321451788119745 5.517926001138519 6.75
      vertex -14.14197778781242 2.813014281204312 6.75
      vertex -11.469321696359975 2.2813899308618417 7.499999999999999
    endloop
  endfacet
  facet normal 0 0 0
    outer loop
      vertex -13.321451788119745 5.517926001138519 6.75
      vertex -11.469321696359975 2.2813899308618417 7.499999999999999
      vertex -10.803864799743085 4.475107326098869 7.499999999999999
    endloop
  endfacet
  facet normal 0 0 0
    outer loop
      vertex -14.14197778781242 2.813014281204312 6.75
      vertex -14.419035512031977 1.7658225686601977e-15 6.75
      vertex -11.694018992255462 1.4321042928034008e-15 7.499999999999999
    endloop
  endfacet
  facet normal 0 0 0
    outer loop
      vertex -14.14197778781242 2.813014281204312 6.75
      vertex -11.694018992255462 1.4321042928034008e-15 7.499999999999999
      vertex -11.469321696359975 2.2813899308618417 7.499999999999999
    endloop
  endfacet
  facet normal 0 0 0
    outer loop
      vertex -14.419035512031977 1.7658225686601977e-15 6.75
      vertex -14.14197778781242 -2.8130142812043086 6.75
      vertex -11.469321696359975 -2.281389930861839 7.499999999999999
    endloop
  endfacet
  facet normal 0 0 0
    outer loop
      vertex -14.419035512031977 1.7658225686601977e-15 6.75
      vertex -11.469321696359975 -2.281389930861839 7.499999999999999
      vertex -11.694018992255462 1.4321042928034008e-15 7.499999999999999
    endloop
  endfacet
  facet normal 0 0 0
    outer loop
      vertex -14.14197778781242 -2.8130142812043086 6.75
      vertex -13.321451788119747 -5.517926001138514 6.75
      vertex -10.803864799743085 -4.4751073260988665 7.499999999999999
    endloop
  endfacet
  facet normal 0 0 0
    outer loop
      vertex -14.14197778781242 -2.8130142812043086 6.75
      vertex -10.803864799743085 -4.4751073260988665 7.499999999999999
      vertex -11.469321696359975 -2.281389930861839 7.499999999999999
    endloop
  endfacet
  facet normal 0 0 0
    outer loop
      vertex -13.321451788119747 -5.517926001138514 6.75
      vertex -11.988989866965863 -8.010786919337521 6.75
      vertex -9.723221437749253 -6.496848856463018 7.499999999999999
    endloop
  endfacet
  facet normal 0 0 0
    outer loop
      vertex -13.321451788119747 -5.517926001138514 6.75
      vertex -9.723221437749253 -6.496848856463018 7.499999999999999
      vertex -10.803864799743085 -4.4751073260988665 7.499999999999999
    endloop
  endfacet
  facet normal 0 0 0
    outer loop
      vertex -11.988989866965863 -8.010786919337521 6.75
      vertex -10.195797788727456 -10.195797788727452 6.75
      vertex -8.268920128748116 -8.268920128748112 7.499999999999999
    endloop
  endfacet
  facet normal 0 0 0
    outer loop
      vertex -11.988989866965863 -8.010786919337521 6.75
      vertex -8.268920128748116 -8.268920128748112 7.499999999999999
      vertex -9.723221437749253 -6.496848856463018 7.499999999999999
    endloop
  endfacet
  facet normal 0 0 0
    outer loop
      vertex -10.195797788727456 -10.195797788727452 6.75
      vertex -8.010786919337525 -11.98898986696586 6.75
      vertex -6.4968488564630205 -9.723221437749249 7.499999999999999
    endloop
  endfacet
  facet normal 0 0 0
    outer loop
      vertex -10.195797788727456 -10.195797788727452 6.75
      vertex -6.4968488564630205 -9.723221437749249 7.499999999999999
      vertex -8.268920128748116 -8.268920128748112 7.499999999999999
    endloop
  endfacet
  facet normal 0 0 0
    outer loop
      vertex -8.010786919337525 -11.98898986696586 6.75
      vertex -5.517926001138525 -13.321451788119742 6.75
      vertex -4.4751073260988745 -10.803864799743081 7.499999999999999
    endloop
  endfacet
  facet normal 0 0 0
    outer loop
      vertex -8.010786919337525 -11.98898986696586 6.75
      vertex -4.4751073260988745 -10.803864799743081 7.499999999999999
      vertex -6.4968488564630205 -9.723221437749249 7.499999999999999
    endloop
  endfacet
  facet normal 0 0 0
    outer loop
      vertex -5.517926001138525 -13.321451788119742 6.75
      vertex -2.813014281204313 -14.141977787812419 6.75
      vertex -2.2813899308618426 -11.469321696359973 7.499999999999999
    endloop
  endfacet
  facet normal 0 0 0
    outer loop
      vertex -5.517926001138525 -13.321451788119742 6.75
      vertex -2.2813899308618426 -11.469321696359973 7.499999999999999
      vertex -4.4751073260988745 -10.803864799743081 7.499999999999999
    endloop
  endfacet
  facet normal 0 0 0
    outer loop
      vertex -2.813014281204313 -14.141977787812419 6.75
      vertex -2.6487338529902964e-15 -14.419035512031977 6.75
      vertex -2.148156439205101e-15 -11.694018992255462 7.499999999999999
    endloop
  endfacet
  facet normal 0 0 0
    outer loop
      vertex -2.813014281204313 -14.141977787812419 6.75
      vertex -2.148156439205101e-15 -11.694018992255462 7.499999999999999
      vertex -2.2813899308618426 -11.469321696359973 7.499999999999999
    endloop
  endfacet
  facet normal 0 0 0
    outer loop
      vertex -2.6487338529902964e-15 -14.419035512031977 6.75
      vertex 2.8130142812043077 -14.14197778781242 6.75
      vertex 2.281389930861838 -11.469321696359975 7.499999999999999
    endloop
  endfacet
  facet normal 0 0 0
    outer loop
      vertex -2.6487338529902964e-15 -14.419035512031977 6.75
      vertex 2.281389930861838 -11.469321696359975 7.499999999999999
      vertex -2.148156439205101e-15 -11.694018992255462 7.499999999999999
    endloop
  endfacet
  facet normal 0 0 0
    outer loop
      vertex 2.8130142812043077 -14.14197778781242 6.75
      vertex 5.51792600113852 -13.321451788119743 6.75
      vertex 4.475107326098871 -10.803864799743083 7.499999999999999
    endloop
  endfacet
  facet normal 0 0 0
    outer loop
      vertex 2.8130142812043077 -14.14197778781242 6.75
      vertex 4.475107326098871 -10.803864799743083 7.499999999999999
      vertex 2.281389930861838 -11.469321696359975 7.499999999999999
    endloop
  endfacet
  facet normal 0 0 0
    outer loop
      vertex 5.51792600113852 -13.321451788119743 6.75
      vertex 8.01078691933752 -11.988989866965863 6.75
      vertex 6.496848856463016 -9.723221437749253 7.499999999999999
    endloop
  endfacet
  facet normal 0 0 0
    outer loop
      vertex 5.51792600113852 -13.321451788119743 6.75
      vertex 6.496848856463016 -9.723221437749253 7.499999999999999
      vertex 4.475107326098871 -10.803864799743083 7.499999999999999
    endloop
  endfacet
  facet normal 0 0 0
    outer loop
      vertex 8.01078691933752 -11.988989866965863 6.75
      vertex 10.19579778872745 -10.195797788727456 6.75
      vertex 8.268920128748112 -8.268920128748116 7.499999999999999
    endloop
  endfacet
  facet normal 0 0 0
    outer loop
      vertex 8.01078691933752 -11.988989866965863 6.75
      vertex 8.268920128748112 -8.268920128748116 7.499999999999999
      vertex 6.496848856463016 -9.723221437749253 7.499999999999999
    endloop
  endfacet
  facet normal 0 0 0
    outer loop
      vertex 10.19579778872745 -10.195797788727456 6.75
      vertex 11.98898986696586 -8.010786919337525 6.75
      vertex 9.723221437749249 -6.4968488564630205 7.499999999999999
    endloop
  endfacet
  facet normal 0 0 0
    outer loop
      vertex 10.19579778872745 -10.195797788727456 6.75
      vertex 9.723221437749249 -6.4968488564630205 7.499999999999999
      vertex 8.268920128748112 -8.268920128748116 7.499999999999999
    endloop
  endfacet
  facet normal 0 0 0
    outer loop
      vertex 11.98898986696586 -8.010786919337525 6.75
      vertex 13.321451788119742 -5.517926001138526 6.75
      vertex 10.803864799743081 -4.475107326098875 7.499999999999999
    endloop
  endfacet
  facet normal 0 0 0
    outer loop
      vertex 11.98898986696586 -8.010786919337525 6.75
      vertex 10.803864799743081 -4.475107326098875 7.499999999999999
      vertex 9.723221437749249 -6.4968488564630205 7.499999999999999
    endloop
  endfacet
  facet normal 0 0 0
    outer loop
      vertex 13.321451788119742 -5.517926001138526 6.75
      vertex 14.141977787812419 -2.813014281204314 6.75
      vertex 11.469321696359973 -2.281389930861843 7.499999999999999
    endloop
  endfacet
  facet normal 0 0 0
    outer loop
      vertex 13.321451788119742 -5.517926001138526 6.75
      vertex 11.469321696359973 -2.281389930861843 7.499999999999999
      vertex 10.803864799743081 -4.475107326098875 7.499999999999999
    endloop
  endfacet
  facet normal 0 0 0
    outer loop
      vertex 14.141977787812419 -2.813014281204314 6.75
      vertex 14.419035512031977 0 6.75
      vertex 11.694018992255462 0 7.499999999999999
    endloop
  endfacet
  facet normal 0 0 0
    outer loop
      vertex 14.141977787812419 -2.813014281204314 6.75
      vertex 11.694018992255462 0 7.499999999999999
      vertex 11.469321696359973 -2.281389930861843 7.499999999999999
    endloop
  endfacet
  facet normal 0 0 0
    outer loop
      vertex 11.694018992255462 0 7.499999999999999
      vertex 11.469321696359975 2.2813899308618377 7.499999999999999
      vertex 8.701111379222587 1.7307586632752459 8.25
    endloop
  endfacet
  facet normal 0 0 0
    outer loop
      vertex 11.694018992255462 0 7.499999999999999
      vertex 8.701111379222587 1.7307586632752459 8.25
      vertex 8.871576228841136 0 8.25
    endloop
  endfacet
  facet normal 0 0 0
    outer loop
      vertex 11.469321696359975 2.2813899308618377 7.499999999999999
      vertex 10.803864799743085 4.475107326098868 7.499999999999999
      vertex 8.196267698939993 3.395005241741465 8.25
    endloop
  endfacet
  facet normal 0 0 0
    outer loop
      vertex 11.469321696359975 2.2813899308618377 7.499999999999999
      vertex 8.196267698939993 3.395005241741465 8.25
      vertex 8.701111379222587 1.7307586632752459 8.25
    endloop
  endfacet
  facet normal 0 0 0
    outer loop
      vertex 10.803864799743085 4.475107326098868 7.499999999999999
      vertex 9.723221437749249 6.4968488564630205 7.499999999999999
      vertex 7.376446047507015 4.928783672708433 8.25
    endloop
  endfacet
  facet normal 0 0 0
    outer loop
      vertex 10.803864799743085 4.475107326098868 7.499999999999999
      vertex 7.376446047507015 4.928783672708433 8.25
      vertex 8.196267698939993 3.395005241741465 8.25
    endloop
  endfacet
  facet normal 0 0 0
    outer loop
      vertex 9.723221437749249 6.4968488564630205 7.499999999999999
      vertex 8.268920128748114 8.268920128748112 7.499999999999999
      vertex 6.273151711226945 6.273151711226944 8.25
    endloop
  endfacet
  facet normal 0 0 0
    outer loop
      vertex 9.723221437749249 6.4968488564630205 7.499999999999999
      vertex 6.273151711226945 6.273151711226944 8.25
      vertex 7.376446047507015 4.928783672708433 8.25
    endloop
  endfacet
  facet normal 0 0 0
    outer loop
      vertex 8.268920128748114 8.268920128748112 7.499999999999999
      vertex 6.496848856463021 9.723221437749249 7.499999999999999
      vertex 4.928783672708434 7.376446047507015 8.25
    endloop
  endfacet
  facet normal 0 0 0
    outer loop
      vertex 8.268920128748114 8.268920128748112 7.499999999999999
      vertex 4.928783672708434 7.376446047507015 8.25
      vertex 6.273151711226945 6.273151711226944 8.25
    endloop
  endfacet
  facet normal 0 0 0
    outer loop
      vertex 6.496848856463021 9.723221437749249 7.499999999999999
      vertex 4.475107326098869 10.803864799743085 7.499999999999999
      vertex 3.3950052417414653 8.196267698939993 8.25
    endloop
  endfacet
  facet normal 0 0 0
    outer loop
      vertex 6.496848856463021 9.723221437749249 7.499999999999999
      vertex 3.3950052417414653 8.196267698939993 8.25
      vertex 4.928783672708434 7.376446047507015 8.25
    endloop
  endfacet
  facet normal 0 0 0
    outer loop
      vertex 4.475107326098869 10.803864799743085 7.499999999999999
      vertex 2.2813899308618386 11.469321696359975 7.499999999999999
      vertex 1.7307586632752465 8.701111379222587 8.25
    endloop
  endfacet
  facet normal 0 0 0
    outer loop
      vertex 4.475107326098869 10.803864799743085 7.499999999999999
      vertex 1.7307586632752465 8.701111379222587 8.25
      vertex 3.3950052417414653 8.196267698939993 8.25
    endloop
  endfacet
  facet normal 0 0 0
    outer loop
      vertex 2.2813899308618386 11.469321696359975 7.499999999999999
      vertex 7.160521464017004e-16 11.694018992255462 7.499999999999999
      vertex 5.432273716021022e-16 8.871576228841136 8.25
    endloop
  endfacet
  facet normal 0 0 0
    outer loop
      vertex 2.2813899308618386 11.469321696359975 7.499999999999999
      vertex 5.432273716021022e-16 8.871576228841136 8.25
      vertex 1.7307586632752465 8.701111379222587 8.25
    endloop
  endfacet
  facet normal 0 0 0
    outer loop
      vertex 7.160521464017004e-16 11.694018992255462 7.499999999999999
      vertex -2.281389930861837 11.469321696359975 7.499999999999999
      vertex -1.7307586632752454 8.701111379222587 8.25
    endloop
  endfacet
  facet normal 0 0 0
    outer loop
      vertex 7.160521464017004e-16 11.694018992255462 7.499999999999999
      vertex -1.7307586632752454 8.701111379222587 8.25
      vertex 5.432273716021022e-16 8.871576228841136 8.25
    endloop
  endfacet
  facet normal 0 0 0
    outer loop
      vertex -2.281389930861837 11.469321696359975 7.499999999999999
      vertex -4.475107326098867 10.803864799743085 7.499999999999999
      vertex -3.3950052417414645 8.196267698939993 8.25
    endloop
  endfacet
  facet normal 0 0 0
    outer loop
      vertex -2.281389930861837 11.469321696359975 7.499999999999999
      vertex -3.3950052417414645 8.196267698939993 8.25
      vertex -1.7307586632752454 8.701111379222587 8.25
    endloop
  endfacet
  facet normal 0 0 0
    outer loop
      vertex -4.475107326098867 10.803864799743085 7.499999999999999
      vertex -6.496848856463018 9.72322143774925 7.499999999999999
      vertex -4.928783672708431 7.376446047507017 8.25
    endloop
  endfacet
  facet normal 0 0 0
    outer loop
      vertex -4.475107326098867 10.803864799743085 7.499999999999999
      vertex -4.928783672708431 7.376446047507017 8.25
      vertex -3.3950052417414645 8.196267698939993 8.25
    endloop
  endfacet
  facet normal 0 0 0
    outer loop
      vertex -6.496848856463018 9.72322143774925 7.499999999999999
      vertex -8.268920128748112 8.268920128748114 7.499999999999999
      vertex -6.273151711226944 6.273151711226945 8.25
    endloop
  endfacet
  facet normal 0 0 0
    outer loop
      vertex -6.496848856463018 9.72322143774925 7.499999999999999
      vertex -6.273151711226944 6.273151711226945 8.25
      vertex -4.928783672708431 7.376446047507017 8.25
    endloop
  endfacet
  facet normal 0 0 0
    outer loop
      vertex -8.268920128748112 8.268920128748114 7.499999999999999
      vertex -9.72322143774925 6.4968488564630205 7.499999999999999
      vertex -7.376446047507017 4.928783672708433 8.25
    endloop
  endfacet
  facet normal 0 0 0
    outer loop
      vertex -8.268920128748112 8.268920128748114 7.499999999999999
      vertex -7.376446047507017 4.928783672708433 8.25
      vertex -6.273151711226944 6.273151711226945 8.25
    endloop
  endfacet
  facet normal 0 0 0
    outer loop
      vertex -9.72322143774925 6.4968488564630205 7.499999999999999
      vertex -10.803864799743085 4.475107326098869 7.499999999999999
      vertex -8.196267698939993 3.395005241741466 8.25
    endloop
  endfacet
  facet normal 0 0 0
    outer loop
      vertex -9.72322143774925 6.4968488564630205 7.499999999999999
      vertex -8.196267698939993 3.395005241741466 8.25
      vertex -7.376446047507017 4.928783672708433 8.25
    endloop
  endfacet
  facet normal 0 0 0
    outer loop
      vertex -10.803864799743085 4.475107326098869 7.499999999999999
      vertex -11.469321696359975 2.2813899308618417 7.499999999999999
      vertex -8.701111379222587 1.730758663275249 8.25
    endloop
  endfacet
  facet normal 0 0 0
    outer loop
      vertex -10.803864799743085 4.475107326098869 7.499999999999999
      vertex -8.701111379222587 1.730758663275249 8.25
      vertex -8.196267698939993 3.395005241741466 8.25
    endloop
  endfacet
  facet normal 0 0 0
    outer loop
      vertex -11.469321696359975 2.2813899308618417 7.499999999999999
      vertex -11.694018992255462 1.4321042928034008e-15 7.499999999999999
      vertex -8.871576228841136 1.0864547432042044e-15 8.25
    endloop
  endfacet
  facet normal 0 0 0
    outer loop
      vertex -11.469321696359975 2.2813899308618417 7.499999999999999
      vertex -8.871576228841136 1.0864547432042044e-15 8.25
      vertex -8.701111379222587 1.730758663275249 8.25
    endloop
  endfacet
  facet normal 0 0 0
    outer loop
      vertex -11.694018992255462 1.4321042928034008e-15 7.499999999999999
      vertex -11.469321696359975 -2.281389930861839 7.499999999999999
      vertex -8.701111379222587 -1.7307586632752467 8.25
    endloop
  endfacet
  facet normal 0 0 0
    outer loop
      vertex -11.694018992255462 1.4321042928034008e-15 7.499999999999999
      vertex -8.701111379222587 -1.7307586632752467 8.25
      vertex -8.871576228841136 1.0864547432042044e-15 8.25
    endloop
  endfacet
  facet normal 0 0 0
    outer loop
      vertex -11.469321696359975 -2.281389930861839 7.499999999999999
      vertex -10.803864799743085 -4.4751073260988665 7.499999999999999
      vertex -8.196267698939993 -3.3950052417414636 8.25
    endloop
  endfacet
  facet normal 0 0 0
    outer loop
      vertex -11.469321696359975 -2.281389930861839 7.499999999999999
      vertex -8.196267698939993 -3.3950052417414636 8.25
      vertex -8.701111379222587 -1.7307586632752467 8.25
    endloop
  endfacet
  facet normal 0 0 0
    outer loop
      vertex -10.803864799743085 -4.4751073260988665 7.499999999999999
      vertex -9.723221437749253 -6.496848856463018 7.499999999999999
      vertex -7.3764460475070175 -4.928783672708431 8.25
    endloop
  endfacet
  facet normal 0 0 0
    outer loop
      vertex -10.803864799743085 -4.4751073260988665 7.499999999999999
      vertex -7.3764460475070175 -4.928783672708431 8.25
      vertex -8.196267698939993 -3.3950052417414636 8.25
    endloop
  endfacet
  facet normal 0 0 0
    outer loop
      vertex -9.723221437749253 -6.496848856463018 7.499999999999999
      vertex -8.268920128748116 -8.268920128748112 7.499999999999999
      vertex -6.273151711226947 -6.273151711226944 8.25
    endloop
  endfacet
  facet normal 0 0 0
    outer loop
      vertex -9.723221437749253 -6.496848856463018 7.499999999999999
      vertex -6.273151711226947 -6.273151711226944 8.25
      vertex -7.3764460475070175 -4.928783672708431 8.25
    endloop
  endfacet
  facet normal 0 0 0
    outer loop
      vertex -8.268920128748116 -8.268920128748112 7.499999999999999
      vertex -6.4968488564630205 -9.723221437749249 7.499999999999999
      vertex -4.928783672708433 -7.376446047507015 8.25
    endloop
  endfacet
  facet normal 0 0 0
    outer loop
      vertex -8.268920128748116 -8.268920128748112 7.499999999999999
      vertex -4.928783672708433 -7.376446047507015 8.25
      vertex -6.273151711226947 -6.273151711226944 8.25
    endloop
  endfacet
  facet normal 0 0 0
    outer loop
      vertex -6.4968488564630205 -9.723221437749249 7.499999999999999
      vertex -4.4751073260988745 -10.803864799743081 7.499999999999999
      vertex -3.39500524174147 -8.196267698939991 8.25
    endloop
  endfacet
  facet normal 0 0 0
    outer loop
      vertex -6.4968488564630205 -9.723221437749249 7.499999999999999
      vertex -3.39500524174147 -8.196267698939991 8.25
      vertex -4.928783672708433 -7.376446047507015 8.25
    endloop
  endfacet
  facet normal 0 0 0
    outer loop
      vertex -4.4751073260988745 -10.803864799743081 7.499999999999999
      vertex -2.2813899308618426 -11.469321696359973 7.499999999999999
      vertex -1.7307586632752494 -8.701111379222585 8.25
    endloop
  endfacet
  facet normal 0 0 0
    outer loop
      vertex -4.4751073260988745 -10.803864799743081 7.499999999999999
      vertex -1.7307586632752494 -8.701111379222585 8.25
      vertex -3.39500524174147 -8.196267698939991 8.25
    endloop
  endfacet
  facet normal 0 0 0
    outer loop
      vertex -2.2813899308618426 -11.469321696359973 7.499999999999999
      vertex -2.148156439205101e-15 -11.694018992255462 7.499999999999999
      vertex -1.6296821148063063e-15 -8.871576228841136 8.25
    endloop
  endfacet
  facet normal 0 0 0
    outer loop
      vertex -2.2813899308618426 -11.469321696359973 7.499999999999999
      vertex -1.6296821148063063e-15 -8.871576228841136 8.25
      vertex -1.7307586632752494 -8.701111379222585 8.25
    endloop
  endfacet
  facet normal 0 0 0
    outer loop
      vertex -2.148156439205101e-15 -11.694018992255462 7.499999999999999
      vertex 2.281389930861838 -11.469321696359975 7.499999999999999
      vertex 1.7307586632752463 -8.701111379222587 8.25
    endloop
  endfacet
  facet normal 0 0 0
    outer loop
      vertex -2.148156439205101e-15 -11.694018992255462 7.499999999999999
      vertex 1.7307586632752463 -8.701111379222587 8.25
      vertex -1.6296821148063063e-15 -8.871576228841136 8.25
    endloop
  endfacet
  facet normal 0 0 0
    outer loop
      vertex 2.281389930861838 -11.469321696359975 7.499999999999999
      vertex 4.475107326098871 -10.803864799743083 7.499999999999999
      vertex 3.395005241741467 -8.196267698939991 8.25
    endloop
  endfacet
  facet normal 0 0 0
    outer loop
      vertex 2.281389930861838 -11.469321696359975 7.499999999999999
      vertex 3.395005241741467 -8.196267698939991 8.25
      vertex 1.7307586632752463 -8.701111379222587 8.25
    endloop
  endfacet
  facet normal 0 0 0
    outer loop
      vertex 4.475107326098871 -10.803864799743083 7.499999999999999
      vertex 6.496848856463016 -9.723221437749253 7.499999999999999
      vertex 4.92878367270843 -7.3764460475070175 8.25
    endloop
  endfacet
  facet normal 0 0 0
    outer loop
      vertex 4.475107326098871 -10.803864799743083 7.499999999999999
      vertex 4.92878367270843 -7.3764460475070175 8.25
      vertex 3.395005241741467 -8.196267698939991 8.25
    endloop
  endfacet
  facet normal 0 0 0
    outer loop
      vertex 6.496848856463016 -9.723221437749253 7.499999999999999
      vertex 8.268920128748112 -8.268920128748116 7.499999999999999
      vertex 6.2731517112269435 -6.273151711226947 8.25
    endloop
  endfacet
  facet normal 0 0 0
    outer loop
      vertex 6.496848856463016 -9.723221437749253 7.499999999999999
      vertex 6.2731517112269435 -6.273151711226947 8.25
      vertex 4.92878367270843 -7.3764460475070175 8.25
    endloop
  endfacet
  facet normal 0 0 0
    outer loop
      vertex 8.268920128748112 -8.268920128748116 7.499999999999999
      vertex 9.723221437749249 -6.4968488564630205 7.499999999999999
      vertex 7.376446047507015 -4.928783672708433 8.25
    endloop
  endfacet
  facet normal 0 0 0
    outer loop
      vertex 8.268920128748112 -8.268920128748116 7.499999999999999
      vertex 7.376446047507015 -4.928783672708433 8.25
      vertex 6.2731517112269435 -6.273151711226947 8.25
    endloop
  endfacet
  facet normal 0 0 0
    outer loop
      vertex 9.723221437749249 -6.4968488564630205 7.499999999999999
      vertex 10.803864799743081 -4.475107326098875 7.499999999999999
      vertex 8.196267698939991 -3.3950052417414702 8.25
    endloop
  endfacet
  facet normal 0 0 0
    outer loop
      vertex 9.723221437749249 -6.4968488564630205 7.499999999999999
      vertex 8.196267698939991 -3.3950052417414702 8.25
      vertex 7.376446047507015 -4.928783672708433 8.25
    endloop
  endfacet
  facet normal 0 0 0
    outer loop
      vertex 10.803864799743081 -4.475107326098875 7.499999999999999
      vertex 11.469321696359973 -2.281389930861843 7.499999999999999
      vertex 8.701111379222585 -1.73075866327525 8.25
    endloop
  endfacet
  facet normal 0 0 0
    outer loop
      vertex 10.803864799743081 -4.475107326098875 7.499999999999999
      vertex 8.701111379222585 -1.73075866327525 8.25
      vertex 8.196267698939991 -3.3950052417414702 8.25
    endloop
  endfacet
  facet normal 0 0 0
    outer loop
      vertex 11.469321696359973 -2.281389930861843 7.499999999999999
      vertex 11.694018992255462 0 7.499999999999999
      vertex 8.871576228841136 0 8.25
    endloop
  endfacet
  facet normal 0 0 0
    outer loop
      vertex 11.469321696359973 -2.281389930861843 7.499999999999999
      vertex 8.871576228841136 0 8.25
      vertex 8.701111379222585 -1.73075866327525 8.25
    endloop
  endfacet
  facet normal 0 0 0
    outer loop
      vertex 8.871576228841136 0 8.25
      vertex 8.701111379222587 1.7307586632752459 8.25
      vertex 5.884711682419385 1.17054193209677 9
    endloop
  endfacet
  facet normal 0 0 0
    outer loop
      vertex 8.871576228841136 0 8.25
      vertex 5.884711682419385 1.17054193209677 9
      vertex 6.000000000000003 0 9
    endloop
  endfacet
  facet normal 0 0 0
    outer loop
      vertex 8.701111379222587 1.7307586632752459 8.25
      vertex 8.196267698939993 3.395005241741465 8.25
      vertex 5.543277195067723 2.29610059419054 9
    endloop
  endfacet
  facet normal 0 0 0
    outer loop
      vertex 8.701111379222587 1.7307586632752459 8.25
      vertex 5.543277195067723 2.29610059419054 9
      vertex 5.884711682419385 1.17054193209677 9
    endloop
  endfacet
  facet normal 0 0 0
    outer loop
      vertex 8.196267698939993 3.395005241741465 8.25
      vertex 7.376446047507015 4.928783672708433 8.25
      vertex 4.988817673815274 3.3334213981176144 9
    endloop
  endfacet
  facet normal 0 0 0
    outer loop
      vertex 8.196267698939993 3.395005241741465 8.25
      vertex 4.988817673815274 3.3334213981176144 9
      vertex 5.543277195067723 2.29610059419054 9
    endloop
  endfacet
  facet normal 0 0 0
    outer loop
      vertex 7.376446047507015 4.928783672708433 8.25
      vertex 6.273151711226945 6.273151711226944 8.25
      vertex 4.242640687119287 4.2426406871192865 9
    endloop
  endfacet
  facet normal 0 0 0
    outer loop
      vertex 7.376446047507015 4.928783672708433 8.25
      vertex 4.242640687119287 4.2426406871192865 9
      vertex 4.988817673815274 3.3334213981176144 9
    endloop
  endfacet
  facet normal 0 0 0
    outer loop
      vertex 6.273151711226945 6.273151711226944 8.25
      vertex 4.928783672708434 7.376446047507015 8.25
      vertex 3.3334213981176153 4.988817673815274 9
    endloop
  endfacet
  facet normal 0 0 0
    outer loop
      vertex 6.273151711226945 6.273151711226944 8.25
      vertex 3.3334213981176153 4.988817673815274 9
      vertex 4.242640687119287 4.2426406871192865 9
    endloop
  endfacet
  facet normal 0 0 0
    outer loop
      vertex 4.928783672708434 7.376446047507015 8.25
      vertex 3.3950052417414653 8.196267698939993 8.25
      vertex 2.29610059419054 5.543277195067723 9
    endloop
  endfacet
  facet normal 0 0 0
    outer loop
      vertex 4.928783672708434 7.376446047507015 8.25
      vertex 2.29610059419054 5.543277195067723 9
      vertex 3.3334213981176153 4.988817673815274 9
    endloop
  endfacet
  facet normal 0 0 0
    outer loop
      vertex 3.3950052417414653 8.196267698939993 8.25
      vertex 1.7307586632752465 8.701111379222587 8.25
      vertex 1.1705419320967705 5.884711682419385 9
    endloop
  endfacet
  facet normal 0 0 0
    outer loop
      vertex 3.3950052417414653 8.196267698939993 8.25
      vertex 1.1705419320967705 5.884711682419385 9
      vertex 2.29610059419054 5.543277195067723 9
    endloop
  endfacet
  facet normal 0 0 0
    outer loop
      vertex 1.7307586632752465 8.701111379222587 8.25
      vertex 5.432273716021022e-16 8.871576228841136 8.25
      vertex 3.6739403974420613e-16 6.000000000000003 9
    endloop
  endfacet
  facet normal 0 0 0
    outer loop
      vertex 1.7307586632752465 8.701111379222587 8.25
      vertex 3.6739403974420613e-16 6.000000000000003 9
      vertex 1.1705419320967705 5.884711682419385 9
    endloop
  endfacet
  facet normal 0 0 0
    outer loop
      vertex 5.432273716021022e-16 8.871576228841136 8.25
      vertex -1.7307586632752454 8.701111379222587 8.25
      vertex -1.1705419320967696 5.884711682419385 9
    endloop
  endfacet
  facet normal 0 0 0
    outer loop
      vertex 5.432273716021022e-16 8.871576228841136 8.25
      vertex -1.1705419320967696 5.884711682419385 9
      vertex 3.6739403974420613e-16 6.000000000000003 9
    endloop
  endfacet
  facet normal 0 0 0
    outer loop
      vertex -1.7307586632752454 8.701111379222587 8.25
      vertex -3.3950052417414645 8.196267698939993 8.25
      vertex -2.2961005941905395 5.543277195067723 9
    endloop
  endfacet
  facet normal 0 0 0
    outer loop
      vertex -1.7307586632752454 8.701111379222587 8.25
      vertex -2.2961005941905395 5.543277195067723 9
      vertex -1.1705419320967696 5.884711682419385 9
    endloop
  endfacet
  facet normal 0 0 0
    outer loop
      vertex -3.3950052417414645 8.196267698939993 8.25
      vertex -4.928783672708431 7.376446047507017 8.25
      vertex -3.333421398117613 4.988817673815274 9
    endloop
  endfacet
  facet normal 0 0 0
    outer loop
      vertex -3.3950052417414645 8.196267698939993 8.25
      vertex -3.333421398117613 4.988817673815274 9
      vertex -2.2961005941905395 5.543277195067723 9
    endloop
  endfacet
  facet normal 0 0 0
    outer loop
      vertex -4.928783672708431 7.376446047507017 8.25
      vertex -6.273151711226944 6.273151711226945 8.25
      vertex -4.2426406871192865 4.242640687119287 9
    endloop
  endfacet
  facet normal 0 0 0
    outer loop
      vertex -4.928783672708431 7.376446047507017 8.25
      vertex -4.2426406871192865 4.242640687119287 9
      vertex -3.333421398117613 4.988817673815274 9
    endloop
  endfacet
  facet normal 0 0 0
    outer loop
      vertex -6.273151711226944 6.273151711226945 8.25
      vertex -7.376446047507017 4.928783672708433 8.25
      vertex -4.988817673815274 3.3334213981176144 9
    endloop
  endfacet
  facet normal 0 0 0
    outer loop
      vertex -6.273151711226944 6.273151711226945 8.25
      vertex -4.988817673815274 3.3334213981176144 9
      vertex -4.2426406871192865 4.242640687119287 9
    endloop
  endfacet
  facet normal 0 0 0
    outer loop
      vertex -7.376446047507017 4.928783672708433 8.25
      vertex -8.196267698939993 3.395005241741466 8.25
      vertex -5.543277195067723 2.2961005941905404 9
    endloop
  endfacet
  facet normal 0 0 0
    outer loop
      vertex -7.376446047507017 4.928783672708433 8.25
      vertex -5.543277195067723 2.2961005941905404 9
      vertex -4.988817673815274 3.3334213981176144 9
    endloop
  endfacet
  facet normal 0 0 0
    outer loop
      vertex -8.196267698939993 3.395005241741466 8.25
      vertex -8.701111379222587 1.730758663275249 8.25
      vertex -5.884711682419385 1.1705419320967723 9
    endloop
  endfacet
  facet normal 0 0 0
    outer loop
      vertex -8.196267698939993 3.395005241741466 8.25
      vertex -5.884711682419385 1.1705419320967723 9
      vertex -5.543277195067723 2.2961005941905404 9
    endloop
  endfacet
  facet normal 0 0 0
    outer loop
      vertex -8.701111379222587 1.730758663275249 8.25
      vertex -8.871576228841136 1.0864547432042044e-15 8.25
      vertex -6.000000000000003 7.347880794884123e-16 9
    endloop
  endfacet
  facet normal 0 0 0
    outer loop
      vertex -8.701111379222587 1.730758663275249 8.25
      vertex -6.000000000000003 7.347880794884123e-16 9
      vertex -5.884711682419385 1.1705419320967723 9
    endloop
  endfacet
  facet normal 0 0 0
    outer loop
      vertex -8.871576228841136 1.0864547432042044e-15 8.25
      vertex -8.701111379222587 -1.7307586632752467 8.25
      vertex -5.884711682419385 -1.1705419320967707 9
    endloop
  endfacet
  facet normal 0 0 0
    outer loop
      vertex -8.871576228841136 1.0864547432042044e-15 8.25
      vertex -5.884711682419385 -1.1705419320967707 9
      vertex -6.000000000000003 7.347880794884123e-16 9
    endloop
  endfacet
  facet normal 0 0 0
    outer loop
      vertex -8.701111379222587 -1.7307586632752467 8.25
      vertex -8.196267698939993 -3.3950052417414636 8.25
      vertex -5.5432771950677235 -2.2961005941905386 9
    endloop
  endfacet
  facet normal 0 0 0
    outer loop
      vertex -8.701111379222587 -1.7307586632752467 8.25
      vertex -5.5432771950677235 -2.2961005941905386 9
      vertex -5.884711682419385 -1.1705419320967707 9
    endloop
  endfacet
  facet normal 0 0 0
    outer loop
      vertex -8.196267698939993 -3.3950052417414636 8.25
      vertex -7.3764460475070175 -4.928783672708431 8.25
      vertex -4.988817673815275 -3.333421398117613 9
    endloop
  endfacet
  facet normal 0 0 0
    outer loop
      vertex -8.196267698939993 -3.3950052417414636 8.25
      vertex -4.988817673815275 -3.333421398117613 9
      vertex -5.5432771950677235 -2.2961005941905386 9
    endloop
  endfacet
  facet normal 0 0 0
    outer loop
      vertex -7.3764460475070175 -4.928783672708431 8.25
      vertex -6.273151711226947 -6.273151711226944 8.25
      vertex -4.242640687119288 -4.2426406871192865 9
    endloop
  endfacet
  facet normal 0 0 0
    outer loop
      vertex -7.3764460475070175 -4.928783672708431 8.25
      vertex -4.242640687119288 -4.2426406871192865 9
      vertex -4.988817673815275 -3.333421398117613 9
    endloop
  endfacet
  facet normal 0 0 0
    outer loop
      vertex -6.273151711226947 -6.273151711226944 8.25
      vertex -4.928783672708433 -7.376446047507015 8.25
      vertex -3.3334213981176144 -4.988817673815274 9
    endloop
  endfacet
  facet normal 0 0 0
    outer loop
      vertex -6.273151711226947 -6.273151711226944 8.25
      vertex -3.3334213981176144 -4.988817673815274 9
      vertex -4.242640687119288 -4.2426406871192865 9
    endloop
  endfacet
  facet normal 0 0 0
    outer loop
      vertex -4.928783672708433 -7.376446047507015 8.25
      vertex -3.39500524174147 -8.196267698939991 8.25
      vertex -2.296100594190543 -5.543277195067722 9
    endloop
  endfacet
  facet normal 0 0 0
    outer loop
      vertex -4.928783672708433 -7.376446047507015 8.25
      vertex -2.296100594190543 -5.543277195067722 9
      vertex -3.3334213981176144 -4.988817673815274 9
    endloop
  endfacet
  facet normal 0 0 0
    outer loop
      vertex -3.39500524174147 -8.196267698939991 8.25
      vertex -1.7307586632752494 -8.701111379222585 8.25
      vertex -1.1705419320967725 -5.884711682419384 9
    endloop
  endfacet
  facet normal 0 0 0
    outer loop
      vertex -3.39500524174147 -8.196267698939991 8.25
      vertex -1.1705419320967725 -5.884711682419384 9
      vertex -2.296100594190543 -5.543277195067722 9
    endloop
  endfacet
  facet normal 0 0 0
    outer loop
      vertex -1.7307586632752494 -8.701111379222585 8.25
      vertex -1.6296821148063063e-15 -8.871576228841136 8.25
      vertex -1.1021821192326183e-15 -6.000000000000003 9
    endloop
  endfacet
  facet normal 0 0 0
    outer loop
      vertex -1.7307586632752494 -8.701111379222585 8.25
      vertex -1.1021821192326183e-15 -6.000000000000003 9
      vertex -1.1705419320967725 -5.884711682419384 9
    endloop
  endfacet
  facet normal 0 0 0
    outer loop
      vertex -1.6296821148063063e-15 -8.871576228841136 8.25
      vertex 1.7307586632752463 -8.701111379222587 8.25
      vertex 1.1705419320967703 -5.884711682419385 9
    endloop
  endfacet
  facet normal 0 0 0
    outer loop
      vertex -1.6296821148063063e-15 -8.871576228841136 8.25
      vertex 1.1705419320967703 -5.884711682419385 9
      vertex -1.1021821192326183e-15 -6.000000000000003 9
    endloop
  endfacet
  facet normal 0 0 0
    outer loop
      vertex 1.7307586632752463 -8.701111379222587 8.25
      vertex 3.395005241741467 -8.196267698939991 8.25
      vertex 2.2961005941905412 -5.543277195067723 9
    endloop
  endfacet
  facet normal 0 0 0
    outer loop
      vertex 1.7307586632752463 -8.701111379222587 8.25
      vertex 2.2961005941905412 -5.543277195067723 9
      vertex 1.1705419320967703 -5.884711682419385 9
    endloop
  endfacet
  facet normal 0 0 0
    outer loop
      vertex 3.395005241741467 -8.196267698939991 8.25
      vertex 4.92878367270843 -7.3764460475070175 8.25
      vertex 3.3334213981176126 -4.988817673815275 9
    endloop
  endfacet
  facet normal 0 0 0
    outer loop
      vertex 3.395005241741467 -8.196267698939991 8.25
      vertex 3.3334213981176126 -4.988817673815275 9
      vertex 2.2961005941905412 -5.543277195067723 9
    endloop
  endfacet
  facet normal 0 0 0
    outer loop
      vertex 4.92878367270843 -7.3764460475070175 8.25
      vertex 6.2731517112269435 -6.273151711226947 8.25
      vertex 4.242640687119286 -4.242640687119288 9
    endloop
  endfacet
  facet normal 0 0 0
    outer loop
      vertex 4.92878367270843 -7.3764460475070175 8.25
      vertex 4.242640687119286 -4.242640687119288 9
      vertex 3.3334213981176126 -4.988817673815275 9
    endloop
  endfacet
  facet normal 0 0 0
    outer loop
      vertex 6.2731517112269435 -6.273151711226947 8.25
      vertex 7.376446047507015 -4.928783672708433 8.25
      vertex 4.988817673815274 -3.3334213981176144 9
    endloop
  endfacet
  facet normal 0 0 0
    outer loop
      vertex 6.2731517112269435 -6.273151711226947 8.25
      vertex 4.988817673815274 -3.3334213981176144 9
      vertex 4.242640687119286 -4.242640687119288 9
    endloop
  endfacet
  facet normal 0 0 0
    outer loop
      vertex 7.376446047507015 -4.928783672708433 8.25
      vertex 8.196267698939991 -3.3950052417414702 8.25
      vertex 5.543277195067722 -2.2961005941905435 9
    endloop
  endfacet
  facet normal 0 0 0
    outer loop
      vertex 7.376446047507015 -4.928783672708433 8.25
      vertex 5.543277195067722 -2.2961005941905435 9
      vertex 4.988817673815274 -3.3334213981176144 9
    endloop
  endfacet
  facet normal 0 0 0
    outer loop
      vertex 8.196267698939991 -3.3950052417414702 8.25
      vertex 8.701111379222585 -1.73075866327525 8.25
      vertex 5.884711682419384 -1.170541932096773 9
    endloop
  endfacet
  facet normal 0 0 0
    outer loop
      vertex 8.196267698939991 -3.3950052417414702 8.25
      vertex 5.884711682419384 -1.170541932096773 9
      vertex 5.543277195067722 -2.2961005941905435 9
    endloop
  endfacet
  facet normal 0 0 0
    outer loop
      vertex 8.701111379222585 -1.73075866327525 8.25
      vertex 8.871576228841136 0 8.25
      vertex 6.000000000000003 0 9
    endloop
  endfacet
  facet normal 0 0 0
    outer loop
      vertex 8.701111379222585 -1.73075866327525 8.25
      vertex 6.000000000000003 0 9
      vertex 5.884711682419384 -1.170541932096773 9
    endloop
  endfacet
  facet normal 0 0 0
    outer loop
      vertex 0 0 -9
      vertex 5.884711682419383 1.1705419320967696 -9
      vertex 6 0 -9
    endloop
  endfacet
  facet normal 0 0 0
    outer loop
      vertex 0 0 9
      vertex 6.000000000000003 0 9
      vertex 5.884711682419385 1.17054193209677 9
    endloop
  endfacet
  facet normal 0 0 0
    outer loop
      vertex 0 0 -9
      vertex 5.54327719506772 2.2961005941905386 -9
      vertex 5.884711682419383 1.1705419320967696 -9
    endloop
  endfacet
  facet normal 0 0 0
    outer loop
      vertex 0 0 9
      vertex 5.884711682419385 1.17054193209677 9
      vertex 5.543277195067723 2.29610059419054 9
    endloop
  endfacet
  facet normal 0 0 0
    outer loop
      vertex 0 0 -9
      vertex 4.988817673815271 3.333421398117613 -9
      vertex 5.54327719506772 2.2961005941905386 -9
    endloop
  endfacet
  facet normal 0 0 0
    outer loop
      vertex 0 0 9
      vertex 5.543277195067723 2.29610059419054 9
      vertex 4.988817673815274 3.3334213981176144 9
    endloop
  endfacet
  facet normal 0 0 0
    outer loop
      vertex 0 0 -9
      vertex 4.242640687119286 4.242640687119285 -9
      vertex 4.988817673815271 3.333421398117613 -9
    endloop
  endfacet
  facet normal 0 0 0
    outer loop
      vertex 0 0 9
      vertex 4.988817673815274 3.3334213981176144 9
      vertex 4.242640687119287 4.2426406871192865 9
    endloop
  endfacet
  facet normal 0 0 0
    outer loop
      vertex 0 0 -9
      vertex 3.333421398117614 4.988817673815271 -9
      vertex 4.242640687119286 4.242640687119285 -9
    endloop
  endfacet
  facet normal 0 0 0
    outer loop
      vertex 0 0 9
      vertex 4.242640687119287 4.2426406871192865 9
      vertex 3.3334213981176153 4.988817673815274 9
    endloop
  endfacet
  facet normal 0 0 0
    outer loop
      vertex 0 0 -9
      vertex 2.296100594190539 5.54327719506772 -9
      vertex 3.333421398117614 4.988817673815271 -9
    endloop
  endfacet
  facet normal 0 0 0
    outer loop
      vertex 0 0 9
      vertex 3.3334213981176153 4.988817673815274 9
      vertex 2.29610059419054 5.543277195067723 9
    endloop
  endfacet
  facet normal 0 0 0
    outer loop
      vertex 0 0 -9
      vertex 1.17054193209677 5.884711682419383 -9
      vertex 2.296100594190539 5.54327719506772 -9
    endloop
  endfacet
  facet normal 0 0 0
    outer loop
      vertex 0 0 9
      vertex 2.29610059419054 5.543277195067723 9
      vertex 1.1705419320967705 5.884711682419385 9
    endloop
  endfacet
  facet normal 0 0 0
    outer loop
      vertex 0 0 -9
      vertex 3.6739403974420594e-16 6 -9
      vertex 1.17054193209677 5.884711682419383 -9
    endloop
  endfacet
  facet normal 0 0 0
    outer loop
      vertex 0 0 9
      vertex 1.1705419320967705 5.884711682419385 9
      vertex 3.6739403974420613e-16 6.000000000000003 9
    endloop
  endfacet
  facet normal 0 0 0
    outer loop
      vertex 0 0 -9
      vertex -1.1705419320967692 5.884711682419383 -9
      vertex 3.6739403974420594e-16 6 -9
    endloop
  endfacet
  facet normal 0 0 0
    outer loop
      vertex 0 0 9
      vertex 3.6739403974420613e-16 6.000000000000003 9
      vertex -1.1705419320967696 5.884711682419385 9
    endloop
  endfacet
  facet normal 0 0 0
    outer loop
      vertex 0 0 -9
      vertex -2.2961005941905386 5.54327719506772 -9
      vertex -1.1705419320967692 5.884711682419383 -9
    endloop
  endfacet
  facet normal 0 0 0
    outer loop
      vertex 0 0 9
      vertex -1.1705419320967696 5.884711682419385 9
      vertex -2.2961005941905395 5.543277195067723 9
    endloop
  endfacet
  facet normal 0 0 0
    outer loop
      vertex 0 0 -9
      vertex -3.3334213981176117 4.988817673815272 -9
      vertex -2.2961005941905386 5.54327719506772 -9
    endloop
  endfacet
  facet normal 0 0 0
    outer loop
      vertex 0 0 9
      vertex -2.2961005941905395 5.543277195067723 9
      vertex -3.333421398117613 4.988817673815274 9
    endloop
  endfacet
  facet normal 0 0 0
    outer loop
      vertex 0 0 -9
      vertex -4.242640687119285 4.242640687119286 -9
      vertex -3.3334213981176117 4.988817673815272 -9
    endloop
  endfacet
  facet normal 0 0 0
    outer loop
      vertex 0 0 9
      vertex -3.333421398117613 4.988817673815274 9
      vertex -4.2426406871192865 4.242640687119287 9
    endloop
  endfacet
  facet normal 0 0 0
    outer loop
      vertex 0 0 -9
      vertex -4.988817673815272 3.333421398117613 -9
      vertex -4.242640687119285 4.242640687119286 -9
    endloop
  endfacet
  facet normal 0 0 0
    outer loop
      vertex 0 0 9
      vertex -4.2426406871192865 4.242640687119287 9
      vertex -4.988817673815274 3.3334213981176144 9
    endloop
  endfacet
  facet normal 0 0 0
    outer loop
      vertex 0 0 -9
      vertex -5.54327719506772 2.2961005941905395 -9
      vertex -4.988817673815272 3.333421398117613 -9
    endloop
  endfacet
  facet normal 0 0 0
    outer loop
      vertex 0 0 9
      vertex -4.988817673815274 3.3334213981176144 9
      vertex -5.543277195067723 2.2961005941905404 9
    endloop
  endfacet
  facet normal 0 0 0
    outer loop
      vertex 0 0 -9
      vertex -5.884711682419383 1.1705419320967716 -9
      vertex -5.54327719506772 2.2961005941905395 -9
    endloop
  endfacet
  facet normal 0 0 0
    outer loop
      vertex 0 0 9
      vertex -5.543277195067723 2.2961005941905404 9
      vertex -5.884711682419385 1.1705419320967723 9
    endloop
  endfacet
  facet normal 0 0 0
    outer loop
      vertex 0 0 -9
      vertex -6 7.347880794884119e-16 -9
      vertex -5.884711682419383 1.1705419320967716 -9
    endloop
  endfacet
  facet normal 0 0 0
    outer loop
      vertex 0 0 9
      vertex -5.884711682419385 1.1705419320967723 9
      vertex -6.000000000000003 7.347880794884123e-16 9
    endloop
  endfacet
  facet normal 0 0 0
    outer loop
      vertex 0 0 -9
      vertex -5.884711682419383 -1.17054193209677 -9
      vertex -6 7.347880794884119e-16 -9
    endloop
  endfacet
  facet normal 0 0 0
    outer loop
      vertex 0 0 9
      vertex -6.000000000000003 7.347880794884123e-16 9
      vertex -5.884711682419385 -1.1705419320967707 9
    endloop
  endfacet
  facet normal 0 0 0
    outer loop
      vertex 0 0 -9
      vertex -5.543277195067721 -2.2961005941905377 -9
      vertex -5.884711682419383 -1.17054193209677 -9
    endloop
  endfacet
  facet normal 0 0 0
    outer loop
      vertex 0 0 9
      vertex -5.884711682419385 -1.1705419320967707 9
      vertex -5.5432771950677235 -2.2961005941905386 9
    endloop
  endfacet
  facet normal 0 0 0
    outer loop
      vertex 0 0 -9
      vertex -4.988817673815273 -3.3334213981176117 -9
      vertex -5.543277195067721 -2.2961005941905377 -9
    endloop
  endfacet
  facet normal 0 0 0
    outer loop
      vertex 0 0 9
      vertex -5.5432771950677235 -2.2961005941905386 9
      vertex -4.988817673815275 -3.333421398117613 9
    endloop
  endfacet
  facet normal 0 0 0
    outer loop
      vertex 0 0 -9
      vertex -4.242640687119286 -4.242640687119285 -9
      vertex -4.988817673815273 -3.3334213981176117 -9
    endloop
  endfacet
  facet normal 0 0 0
    outer loop
      vertex 0 0 9
      vertex -4.988817673815275 -3.333421398117613 9
      vertex -4.242640687119288 -4.2426406871192865 9
    endloop
  endfacet
  facet normal 0 0 0
    outer loop
      vertex 0 0 -9
      vertex -3.333421398117613 -4.988817673815271 -9
      vertex -4.242640687119286 -4.242640687119285 -9
    endloop
  endfacet
  facet normal 0 0 0
    outer loop
      vertex 0 0 9
      vertex -4.242640687119288 -4.2426406871192865 9
      vertex -3.3334213981176144 -4.988817673815274 9
    endloop
  endfacet
  facet normal 0 0 0
    outer loop
      vertex 0 0 -9
      vertex -2.296100594190542 -5.543277195067719 -9
      vertex -3.333421398117613 -4.988817673815271 -9
    endloop
  endfacet
  facet normal 0 0 0
    outer loop
      vertex 0 0 9
      vertex -3.3334213981176144 -4.988817673815274 9
      vertex -2.296100594190543 -5.543277195067722 9
    endloop
  endfacet
  facet normal 0 0 0
    outer loop
      vertex 0 0 -9
      vertex -1.170541932096772 -5.884711682419382 -9
      vertex -2.296100594190542 -5.543277195067719 -9
    endloop
  endfacet
  facet normal 0 0 0
    outer loop
      vertex 0 0 9
      vertex -2.296100594190543 -5.543277195067722 9
      vertex -1.1705419320967725 -5.884711682419384 9
    endloop
  endfacet
  facet normal 0 0 0
    outer loop
      vertex 0 0 -9
      vertex -1.102182119232618e-15 -6 -9
      vertex -1.170541932096772 -5.884711682419382 -9
    endloop
  endfacet
  facet normal 0 0 0
    outer loop
      vertex 0 0 9
      vertex -1.1705419320967725 -5.884711682419384 9
      vertex -1.1021821192326183e-15 -6.000000000000003 9
    endloop
  endfacet
  facet normal 0 0 0
    outer loop
      vertex 0 0 -9
      vertex 1.1705419320967698 -5.884711682419383 -9
      vertex -1.102182119232618e-15 -6 -9
    endloop
  endfacet
  facet normal 0 0 0
    outer loop
      vertex 0 0 9
      vertex -1.1021821192326183e-15 -6.000000000000003 9
      vertex 1.1705419320967703 -5.884711682419385 9
    endloop
  endfacet
  facet normal 0 0 0
    outer loop
      vertex 0 0 -9
      vertex 2.29610059419054 -5.54327719506772 -9
      vertex 1.1705419320967698 -5.884711682419383 -9
    endloop
  endfacet
  facet normal 0 0 0
    outer loop
      vertex 0 0 9
      vertex 1.1705419320967703 -5.884711682419385 9
      vertex 2.2961005941905412 -5.543277195067723 9
    endloop
  endfacet
  facet normal 0 0 0
    outer loop
      vertex 0 0 -9
      vertex 3.3334213981176113 -4.988817673815273 -9
      vertex 2.29610059419054 -5.54327719506772 -9
    endloop
  endfacet
  facet normal 0 0 0
    outer loop
      vertex 0 0 9
      vertex 2.2961005941905412 -5.543277195067723 9
      vertex 3.3334213981176126 -4.988817673815275 9
    endloop
  endfacet
  facet normal 0 0 0
    outer loop
      vertex 0 0 -9
      vertex 4.242640687119284 -4.242640687119286 -9
      vertex 3.3334213981176113 -4.988817673815273 -9
    endloop
  endfacet
  facet normal 0 0 0
    outer loop
      vertex 0 0 9
      vertex 3.3334213981176126 -4.988817673815275 9
      vertex 4.242640687119286 -4.242640687119288 9
    endloop
  endfacet
  facet normal 0 0 0
    outer loop
      vertex 0 0 -9
      vertex 4.988817673815271 -3.333421398117613 -9
      vertex 4.242640687119284 -4.242640687119286 -9
    endloop
  endfacet
  facet normal 0 0 0
    outer loop
      vertex 0 0 9
      vertex 4.242640687119286 -4.242640687119288 9
      vertex 4.988817673815274 -3.3334213981176144 9
    endloop
  endfacet
  facet normal 0 0 0
    outer loop
      vertex 0 0 -9
      vertex 5.543277195067719 -2.296100594190542 -9
      vertex 4.988817673815271 -3.333421398117613 -9
    endloop
  endfacet
  facet normal 0 0 0
    outer loop
      vertex 0 0 9
      vertex 4.988817673815274 -3.3334213981176144 9
      vertex 5.543277195067722 -2.2961005941905435 9
    endloop
  endfacet
  facet normal 0 0 0
    outer loop
      vertex 0 0 -9
      vertex 5.884711682419382 -1.1705419320967723 -9
      vertex 5.543277195067719 -2.296100594190542 -9
    endloop
  endfacet
  facet normal 0 0 0
    outer loop
      vertex 0 0 9
      vertex 5.543277195067722 -2.2961005941905435 9
      vertex 5.884711682419384 -1.170541932096773 9
    endloop
  endfacet
  facet normal 0 0 0
    outer loop
      vertex 0 0 -9
      vertex 6 0 -9
      vertex 5.884711682419382 -1.1705419320967723 -9
    endloop
  endfacet
  facet normal 0 0 0
    outer loop
      vertex 0 0 9
      vertex 5.884711682419384 -1.170541932096773 9
      vertex 6.000000000000003 0 9
    endloop
  endfacet
endsolid squat_disc
