solid stepped_profile
  facet normal 0 0 0
    outer loop
      vertex 6 0 -18
      vertex 5.884711682419383 1.1705419320967696 -18
      vertex 5.884711682419383 1.1705419320967696 -16.5
    endloop
  endfacet
  facet normal 0 0 0
    outer loop
      vertex 6 0 -18
      vertex 5.884711682419383 1.1705419320967696 -16.5
      vertex 6 0 -16.5
    endloop
  endfacet
  facet normal 0 0 0
    outer loop
      vertex 5.884711682419383 1.1705419320967696 -18
      vertex 5.54327719506772 2.2961005941905386 -18
      vertex 5.54327719506772 2.2961005941905386 -16.5
    endloop
  endfacet
  facet normal 0 0 0
    outer loop
      vertex 5.884711682419383 1.1705419320967696 -18
      vertex 5.54327719506772 2.2961005941905386 -16.5
      vertex 5.884711682419383 1.1705419320967696 -16.5
    endloop
  endfacet
  facet normal 0 0 0
    outer loop
      vertex 5.54327719506772 2.2961005941905386 -18
      vertex 4.988817673815271 3.333421398117613 -18
      vertex 4.988817673815271 3.333421398117613 -16.5
    endloop
  endfacet
  facet normal 0 0 0
    outer loop
      vertex 5.54327719506772 2.2961005941905386 -18
      vertex 4.988817673815271 3.333421398117613 -16.5
      vertex 5.54327719506772 2.2961005941905386 -16.5
    endloop
  endfacet
  facet normal 0 0 0
    outer loop
      vertex 4.988817673815271 3.333421398117613 -18
      vertex 4.242640687119286 4.242640687119285 -18
      vertex 4.242640687119286 4.242640687119285 -16.5
    endloop
  endfacet
  facet normal 0 0 0
    outer loop
      vertex 4.988817673815271 3.333421398117613 -18
      vertex 4.242640687119286 4.242640687119285 -16.5
      vertex 4.988817673815271 3.333421398117613 -16.5
    endloop
  endfacet
  facet normal 0 0 0
    outer loop
      vertex 4.242640687119286 4.242640687119285 -18
      vertex 3.333421398117614 4.988817673815271 -18
      vertex 3.333421398117614 4.988817673815271 -16.5
    endloop
  endfacet
  facet normal 0 0 0
    outer loop
      vertex 4.242640687119286 4.242640687119285 -18
      vertex 3.333421398117614 4.988817673815271 -16.5
      vertex 4.242640687119286 4.242640687119285 -16.5
    endloop
  endfacet
  facet normal 0 0 0
    outer loop
      vertex 3.333421398117614 4.988817673815271 -18
      vertex 2.296100594190539 5.54327719506772 -18
      vertex 2.296100594190539 5.54327719506772 -16.5
    endloop
  endfacet
  facet normal 0 0 0
    outer loop
      vertex 3.333421398117614 4.988817673815271 -18
      vertex 2.296100594190539 5.54327719506772 -16.5
      vertex 3.333421398117614 4.988817673815271 -16.5
    endloop
  endfacet
  facet normal 0 0 0
    outer loop
      vertex 2.296100594190539 5.54327719506772 -18
      vertex 1.17054193209677 5.884711682419383 -18
      vertex 1.17054193209677 5.884711682419383 -16.5
    endloop
  endfacet
  facet normal 0 0 0
    outer loop
      vertex 2.296100594190539 5.54327719506772 -18
      vertex 1.17054193209677 5.884711682419383 -16.5
      vertex 2.296100594190539 5.54327719506772 -16.5
    endloop
  endfacet
  facet normal 0 0 0
    outer loop
      vertex 1.17054193209677 5.884711682419383 -18
      vertex 3.6739403974420594e-16 6 -18
      vertex 3.6739403974420594e-16 6 -16.5
    endloop
  endfacet
  facet normal 0 0 0
    outer loop
      vertex 1.17054193209677 5.884711682419383 -18
      vertex 3.6739403974420594e-16 6 -16.5
      vertex 1.17054193209677 5.884711682419383 -16.5
    endloop
  endfacet
  facet normal 0 0 0
    outer loop
      vertex 3.6739403974420594e-16 6 -18
      vertex -1.1705419320967692 5.884711682419383 -18
      vertex -1.1705419320967692 5.884711682419383 -16.5
    endloop
  endfacet
  facet normal 0 0 0
    outer loop
      vertex 3.6739403974420594e-16 6 -18
      vertex -1.1705419320967692 5.884711682419383 -16.5
      vertex 3.6739403974420594e-16 6 -16.5
    endloop
  endfacet
  facet normal 0 0 0
    outer loop
      vertex -1.1705419320967692 5.884711682419383 -18
      vertex -2.2961005941905386 5.54327719506772 -18
      vertex -2.2961005941905386 5.54327719506772 -16.5
    endloop
  endfacet
  facet normal 0 0 0
    outer loop
      vertex -1.1705419320967692 5.884711682419383 -18
      vertex -2.2961005941905386 5.54327719506772 -16.5
      vertex -1.1705419320967692 5.884711682419383 -16.5
    endloop
  endfacet
  facet normal 0 0 0
    outer loop
      vertex -2.2961005941905386 5.54327719506772 -18
      vertex -3.3334213981176117 4.988817673815272 -18
      vertex -3.3334213981176117 4.988817673815272 -16.5
    endloop
  endfacet
  facet normal 0 0 0
    outer loop
      vertex -2.2961005941905386 5.54327719506772 -18
      vertex -3.3334213981176117 4.988817673815272 -16.5
      vertex -2.2961005941905386 5.54327719506772 -16.5
    endloop
  endfacet
  facet normal 0 0 0
    outer loop
      vertex -3.3334213981176117 4.988817673815272 -18
      vertex -4.242640687119285 4.242640687119286 -18
      vertex -4.242640687119285 4.242640687119286 -16.5
    endloop
  endfacet
  facet normal 0 0 0
    outer loop
      vertex -3.3334213981176117 4.988817673815272 -18
      vertex -4.242640687119285 4.242640687119286 -16.5
      vertex -3.3334213981176117 4.988817673815272 -16.5
    endloop
  endfacet
  facet normal 0 0 0
    outer loop
      vertex -4.242640687119285 4.242640687119286 -18
      vertex -4.988817673815272 3.333421398117613 -18
      vertex -4.988817673815272 3.333421398117613 -16.5
    endloop
  endfacet
  facet normal 0 0 0
    outer loop
      vertex -4.242640687119285 4.242640687119286 -18
      vertex -4.988817673815272 3.333421398117613 -16.5
      vertex -4.242640687119285 4.242640687119286 -16.5
    endloop
  endfacet
  facet normal 0 0 0
    outer loop
      vertex -4.988817673815272 3.333421398117613 -18
      vertex -5.54327719506772 2.2961005941905395 -18
      vertex -5.54327719506772 2.2961005941905395 -16.5
    endloop
  endfacet
  facet normal 0 0 0
    outer loop
      vertex -4.988817673815272 3.333421398117613 -18
      vertex -5.54327719506772 2.2961005941905395 -16.5
      vertex -4.988817673815272 3.333421398117613 -16.5
    endloop
  endfacet
  facet normal 0 0 0
    outer loop
      vertex -5.54327719506772 2.2961005941905395 -18
      vertex -5.884711682419383 1.1705419320967716 -18
      vertex -5.884711682419383 1.1705419320967716 -16.5
    endloop
  endfacet
  facet normal 0 0 0
    outer loop
      vertex -5.54327719506772 2.2961005941905395 -18
      vertex -5.884711682419383 1.1705419320967716 -16.5
      vertex -5.54327719506772 2.2961005941905395 -16.5
    endloop
  endfacet
  facet normal 0 0 0
    outer loop
      vertex -5.884711682419383 1.1705419320967716 -18
      vertex -6 7.347880794884119e-16 -18
      vertex -6 7.347880794884119e-16 -16.5
    endloop
  endfacet
  facet normal 0 0 0
    outer loop
      vertex -5.884711682419383 1.1705419320967716 -18
      vertex -6 7.347880794884119e-16 -16.5
      vertex -5.884711682419383 1.1705419320967716 -16.5
    endloop
  endfacet
  facet normal 0 0 0
    outer loop
      vertex -6 7.347880794884119e-16 -18
      vertex -5.884711682419383 -1.17054193209677 -18
      vertex -5.884711682419383 -1.17054193209677 -16.5
    endloop
  endfacet
  facet normal 0 0 0
    outer loop
      vertex -6 7.347880794884119e-16 -18
      vertex -5.884711682419383 -1.17054193209677 -16.5
      vertex -6 7.347880794884119e-16 -16.5
    endloop
  endfacet
  facet normal 0 0 0
    outer loop
      vertex -5.884711682419383 -1.17054193209677 -18
      vertex -5.543277195067721 -2.2961005941905377 -18
      vertex -5.543277195067721 -2.2961005941905377 -16.5
    endloop
  endfacet
  facet normal 0 0 0
    outer loop
      vertex -5.884711682419383 -1.17054193209677 -18
      vertex -5.543277195067721 -2.2961005941905377 -16.5
      vertex -5.884711682419383 -1.17054193209677 -16.5
    endloop
  endfacet
  facet normal 0 0 0
    outer loop
      vertex -5.543277195067721 -2.2961005941905377 -18
      vertex -4.988817673815273 -3.3334213981176117 -18
      vertex -4.988817673815273 -3.3334213981176117 -16.5
    endloop
  endfacet
  facet normal 0 0 0
    outer loop
      vertex -5.543277195067721 -2.2961005941905377 -18
      vertex -4.988817673815273 -3.3334213981176117 -16.5
      vertex -5.543277195067721 -2.2961005941905377 -16.5
    endloop
  endfacet
  facet normal 0 0 0
    outer loop
      vertex -4.988817673815273 -3.3334213981176117 -18
      vertex -4.242640687119286 -4.242640687119285 -18
      vertex -4.242640687119286 -4.242640687119285 -16.5
    endloop
  endfacet
  facet normal 0 0 0
    outer loop
      vertex -4.988817673815273 -3.3334213981176117 -18
      vertex -4.242640687119286 -4.242640687119285 -16.5
      vertex -4.988817673815273 -3.3334213981176117 -16.5
    endloop
  endfacet
  facet normal 0 0 0
    outer loop
      vertex -4.242640687119286 -4.242640687119285 -18
      vertex -3.333421398117613 -4.988817673815271 -18
      vertex -3.333421398117613 -4.988817673815271 -16.5
    endloop
  endfacet
  facet normal 0 0 0
    outer loop
      vertex -4.242640687119286 -4.242640687119285 -18
      vertex -3.333421398117613 -4.988817673815271 -16.5
      vertex -4.242640687119286 -4.242640687119285 -16.5
    endloop
  endfacet
  facet normal 0 0 0
    outer loop
      vertex -3.333421398117613 -4.988817673815271 -18
      vertex -2.296100594190542 -5.543277195067719 -18
      vertex -2.296100594190542 -5.543277195067719 -16.5
    endloop
  endfacet
  facet normal 0 0 0
    outer loop
      vertex -3.333421398117613 -4.988817673815271 -18
      vertex -2.296100594190542 -5.543277195067719 -16.5
      vertex -3.333421398117613 -4.988817673815271 -16.5
    endloop
  endfacet
  facet normal 0 0 0
    outer loop
      vertex -2.296100594190542 -5.543277195067719 -18
      vertex -1.170541932096772 -5.884711682419382 -18
      vertex -1.170541932096772 -5.884711682419382 -16.5
    endloop
  endfacet
  facet normal 0 0 0
    outer loop
      vertex -2.296100594190542 -5.543277195067719 -18
      vertex -1.170541932096772 -5.884711682419382 -16.5
      vertex -2.296100594190542 -5.543277195067719 -16.5
    endloop
  endfacet
  facet normal 0 0 0
    outer loop
      vertex -1.170541932096772 -5.884711682419382 -18
      vertex -1.102182119232618e-15 -6 -18
      vertex -1.102182119232618e-15 -6 -16.5
    endloop
  endfacet
  facet normal 0 0 0
    outer loop
      vertex -1.170541932096772 -5.884711682419382 -18
      vertex -1.102182119232618e-15 -6 -16.5
      vertex -1.170541932096772 -5.884711682419382 -16.5
    endloop
  endfacet
  facet normal 0 0 0
    outer loop
      vertex -1.102182119232618e-15 -6 -18
      vertex 1.1705419320967698 -5.884711682419383 -18
      vertex 1.1705419320967698 -5.884711682419383 -16.5
    endloop
  endfacet
  facet normal 0 0 0
    outer loop
      vertex -1.102182119232618e-15 -6 -18
      vertex 1.1705419320967698 -5.884711682419383 -16.5
      vertex -1.102182119232618e-15 -6 -16.5
    endloop
  endfacet
  facet normal 0 0 0
    outer loop
      vertex 1.1705419320967698 -5.884711682419383 -18
      vertex 2.29610059419054 -5.54327719506772 -18
      vertex 2.29610059419054 -5.54327719506772 -16.5
    endloop
  endfacet
  facet normal 0 0 0
    outer loop
      vertex 1.1705419320967698 -5.884711682419383 -18
      vertex 2.29610059419054 -5.54327719506772 -16.5
      vertex 1.1705419320967698 -5.884711682419383 -16.5
    endloop
  endfacet
  facet normal 0 0 0
    outer loop
      vertex 2.29610059419054 -5.54327719506772 -18
      vertex 3.3334213981176113 -4.988817673815273 -18
      vertex 3.3334213981176113 -4.988817673815273 -16.5
    endloop
  endfacet
  facet normal 0 0 0
    outer loop
      vertex 2.29610059419054 -5.54327719506772 -18
      vertex 3.3334213981176113 -4.988817673815273 -16.5
      vertex 2.29610059419054 -5.54327719506772 -16.5
    endloop
  endfacet
  facet normal 0 0 0
    outer loop
      vertex 3.3334213981176113 -4.988817673815273 -18
      vertex 4.242640687119284 -4.242640687119286 -18
      vertex 4.242640687119284 -4.242640687119286 -16.5
    endloop
  endfacet
  facet normal 0 0 0
    outer loop
      vertex 3.3334213981176113 -4.988817673815273 -18
      vertex 4.242640687119284 -4.242640687119286 -16.5
      vertex 3.3334213981176113 -4.988817673815273 -16.5
    endloop
  endfacet
  facet normal 0 0 0
    outer loop
      vertex 4.242640687119284 -4.242640687119286 -18
      vertex 4.988817673815271 -3.333421398117613 -18
      vertex 4.988817673815271 -3.333421398117613 -16.5
    endloop
  endfacet
  facet normal 0 0 0
    outer loop
      vertex 4.242640687119284 -4.242640687119286 -18
      vertex 4.988817673815271 -3.333421398117613 -16.5
      vertex 4.242640687119284 -4.242640687119286 -16.5
    endloop
  endfacet
  facet normal 0 0 0
    outer loop
      vertex 4.988817673815271 -3.333421398117613 -18
      vertex 5.543277195067719 -2.296100594190542 -18
      vertex 5.543277195067719 -2.296100594190542 -16.5
    endloop
  endfacet
  facet normal 0 0 0
    outer loop
      vertex 4.988817673815271 -3.333421398117613 -18
      vertex 5.543277195067719 -2.296100594190542 -16.5
      vertex 4.988817673815271 -3.333421398117613 -16.5
    endloop
  endfacet
  facet normal 0 0 0
    outer loop
      vertex 5.543277195067719 -2.296100594190542 -18
      vertex 5.884711682419382 -1.1705419320967723 -18
      vertex 5.884711682419382 -1.1705419320967723 -16.5
    endloop
  endfacet
  facet normal 0 0 0
    outer loop
      vertex 5.543277195067719 -2.296100594190542 -18
      vertex 5.884711682419382 -1.1705419320967723 -16.5
      vertex 5.543277195067719 -2.296100594190542 -16.5
    endloop
  endfacet
  facet normal 0 0 0
    outer loop
      vertex 5.884711682419382 -1.1705419320967723 -18
      vertex 6 0 -18
      vertex 6 0 -16.5
    endloop
  endfacet
  facet normal 0 0 0
    outer loop
      vertex 5.884711682419382 -1.1705419320967723 -18
      vertex 6 0 -16.5
      vertex 5.884711682419382 -1.1705419320967723 -16.5
    endloop
  endfacet
  facet normal 0 0 0
    outer loop
      vertex 6 0 -16.5
      vertex 5.884711682419383 1.1705419320967696 -16.5
      vertex 5.884711682419383 1.1705419320967696 -15
    endloop
  endfacet
  facet normal 0 0 0
    outer loop
      vertex 6 0 -16.5
      vertex 5.884711682419383 1.1705419320967696 -15
      vertex 6 0 -15
    endloop
  endfacet
  facet normal 0 0 0
    outer loop
      vertex 5.884711682419383 1.1705419320967696 -16.5
      vertex 5.54327719506772 2.2961005941905386 -16.5
      vertex 5.54327719506772 2.2961005941905386 -15
    endloop
  endfacet
  facet normal 0 0 0
    outer loop
      vertex 5.884711682419383 1.1705419320967696 -16.5
      vertex 5.54327719506772 2.2961005941905386 -15
      vertex 5.884711682419383 1.1705419320967696 -15
    endloop
  endfacet
  facet normal 0 0 0
    outer loop
      vertex 5.54327719506772 2.2961005941905386 -16.5
      vertex 4.988817673815271 3.333421398117613 -16.5
      vertex 4.988817673815271 3.333421398117613 -15
    endloop
  endfacet
  facet normal 0 0 0
    outer loop
      vertex 5.54327719506772 2.2961005941905386 -16.5
      vertex 4.988817673815271 3.333421398117613 -15
      vertex 5.54327719506772 2.2961005941905386 -15
    endloop
  endfacet
  facet normal 0 0 0
    outer loop
      vertex 4.988817673815271 3.333421398117613 -16.5
      vertex 4.242640687119286 4.242640687119285 -16.5
      vertex 4.242640687119286 4.242640687119285 -15
    endloop
  endfacet
  facet normal 0 0 0
    outer loop
      vertex 4.988817673815271 3.333421398117613 -16.5
      vertex 4.242640687119286 4.242640687119285 -15
      vertex 4.988817673815271 3.333421398117613 -15
    endloop
  endfacet
  facet normal 0 0 0
    outer loop
      vertex 4.242640687119286 4.242640687119285 -16.5
      vertex 3.333421398117614 4.988817673815271 -16.5
      vertex 3.333421398117614 4.988817673815271 -15
    endloop
  endfacet
  facet normal 0 0 0
    outer loop
      vertex 4.242640687119286 4.242640687119285 -16.5
      vertex 3.333421398117614 4.988817673815271 -15
      vertex 4.242640687119286 4.242640687119285 -15
    endloop
  endfacet
  facet normal 0 0 0
    outer loop
      vertex 3.333421398117614 4.988817673815271 -16.5
      vertex 2.296100594190539 5.54327719506772 -16.5
      vertex 2.296100594190539 5.54327719506772 -15
    endloop
  endfacet
  facet normal 0 0 0
    outer loop
      vertex 3.333421398117614 4.988817673815271 -16.5
      vertex 2.296100594190539 5.54327719506772 -15
      vertex 3.333421398117614 4.988817673815271 -15
    endloop
  endfacet
  facet normal 0 0 0
    outer loop
      vertex 2.296100594190539 5.54327719506772 -16.5
      vertex 1.17054193209677 5.884711682419383 -16.5
      vertex 1.17054193209677 5.884711682419383 -15
    endloop
  endfacet
  facet normal 0 0 0
    outer loop
      vertex 2.296100594190539 5.54327719506772 -16.5
      vertex 1.17054193209677 5.884711682419383 -15
      vertex 2.296100594190539 5.54327719506772 -15
    endloop
  endfacet
  facet normal 0 0 0
    outer loop
      vertex 1.17054193209677 5.884711682419383 -16.5
      vertex 3.6739403974420594e-16 6 -16.5
      vertex 3.6739403974420594e-16 6 -15
    endloop
  endfacet
  facet normal 0 0 0
    outer loop
      vertex 1.17054193209677 5.884711682419383 -16.5
      vertex 3.6739403974420594e-16 6 -15
      vertex 1.17054193209677 5.884711682419383 -15
    endloop
  endfacet
  facet normal 0 0 0
    outer loop
      vertex 3.6739403974420594e-16 6 -16.5
      vertex -1.1705419320967692 5.884711682419383 -16.5
      vertex -1.1705419320967692 5.884711682419383 -15
    endloop
  endfacet
  facet normal 0 0 0
    outer loop
      vertex 3.6739403974420594e-16 6 -16.5
      vertex -1.1705419320967692 5.884711682419383 -15
      vertex 3.6739403974420594e-16 6 -15
    endloop
  endfacet
  facet normal 0 0 0
    outer loop
      vertex -1.1705419320967692 5.884711682419383 -16.5
      vertex -2.2961005941905386 5.54327719506772 -16.5
      vertex -2.2961005941905386 5.54327719506772 -15
    endloop
  endfacet
  facet normal 0 0 0
    outer loop
      vertex -1.1705419320967692 5.884711682419383 -16.5
      vertex -2.2961005941905386 5.54327719506772 -15
      vertex -1.1705419320967692 5.884711682419383 -15
    endloop
  endfacet
  facet normal 0 0 0
    outer loop
      vertex -2.2961005941905386 5.54327719506772 -16.5
      vertex -3.3334213981176117 4.988817673815272 -16.5
      vertex -3.3334213981176117 4.988817673815272 -15
    endloop
  endfacet
  facet normal 0 0 0
    outer loop
      vertex -2.2961005941905386 5.54327719506772 -16.5
      vertex -3.3334213981176117 4.988817673815272 -15
      vertex -2.2961005941905386 5.54327719506772 -15
    endloop
  endfacet
  facet normal 0 0 0
    outer loop
      vertex -3.3334213981176117 4.988817673815272 -16.5
      vertex -4.242640687119285 4.242640687119286 -16.5
      vertex -4.242640687119285 4.242640687119286 -15
    endloop
  endfacet
  facet normal 0 0 0
    outer loop
      vertex -3.3334213981176117 4.988817673815272 -16.5
      vertex -4.242640687119285 4.242640687119286 -15
      vertex -3.3334213981176117 4.988817673815272 -15
    endloop
  endfacet
  facet normal 0 0 0
    outer loop
      vertex -4.242640687119285 4.242640687119286 -16.5
      vertex -4.988817673815272 3.333421398117613 -16.5
      vertex -4.988817673815272 3.333421398117613 -15
    endloop
  endfacet
  facet normal 0 0 0
    outer loop
      vertex -4.242640687119285 4.242640687119286 -16.5
      vertex -4.988817673815272 3.333421398117613 -15
      vertex -4.242640687119285 4.242640687119286 -15
    endloop
  endfacet
  facet normal 0 0 0
    outer loop
      vertex -4.988817673815272 3.333421398117613 -16.5
      vertex -5.54327719506772 2.2961005941905395 -16.5
      vertex -5.54327719506772 2.2961005941905395 -15
    endloop
  endfacet
  facet normal 0 0 0
    outer loop
      vertex -4.988817673815272 3.333421398117613 -16.5
      vertex -5.54327719506772 2.2961005941905395 -15
      vertex -4.988817673815272 3.333421398117613 -15
    endloop
  endfacet
  facet normal 0 0 0
    outer loop
      vertex -5.54327719506772 2.2961005941905395 -16.5
      vertex -5.884711682419383 1.1705419320967716 -16.5
      vertex -5.884711682419383 1.1705419320967716 -15
    endloop
  endfacet
  facet normal 0 0 0
    outer loop
      vertex -5.54327719506772 2.2961005941905395 -16.5
      vertex -5.884711682419383 1.1705419320967716 -15
      vertex -5.54327719506772 2.2961005941905395 -15
    endloop
  endfacet
  facet normal 0 0 0
    outer loop
      vertex -5.884711682419383 1.1705419320967716 -16.5
      vertex -6 7.347880794884119e-16 -16.5
      vertex -6 7.347880794884119e-16 -15
    endloop
  endfacet
  facet normal 0 0 0
    outer loop
      vertex -5.884711682419383 1.1705419320967716 -16.5
      vertex -6 7.347880794884119e-16 -15
      vertex -5.884711682419383 1.1705419320967716 -15
    endloop
  endfacet
  facet normal 0 0 0
    outer loop
      vertex -6 7.347880794884119e-16 -16.5
      vertex -5.884711682419383 -1.17054193209677 -16.5
      vertex -5.884711682419383 -1.17054193209677 -15
    endloop
  endfacet
  facet normal 0 0 0
    outer loop
      vertex -6 7.347880794884119e-16 -16.5
      vertex -5.884711682419383 -1.17054193209677 -15
      vertex -6 7.347880794884119e-16 -15
    endloop
  endfacet
  facet normal 0 0 0
    outer loop
      vertex -5.884711682419383 -1.17054193209677 -16.5
      vertex -5.543277195067721 -2.2961005941905377 -16.5
      vertex -5.543277195067721 -2.2961005941905377 -15
    endloop
  endfacet
  facet normal 0 0 0
    outer loop
      vertex -5.884711682419383 -1.17054193209677 -16.5
      vertex -5.543277195067721 -2.2961005941905377 -15
      vertex -5.884711682419383 -1.17054193209677 -15
    endloop
  endfacet
  facet normal 0 0 0
    outer loop
      vertex -5.543277195067721 -2.2961005941905377 -16.5
      vertex -4.988817673815273 -3.3334213981176117 -16.5
      vertex -4.988817673815273 -3.3334213981176117 -15
    endloop
  endfacet
  facet normal 0 0 0
    outer loop
      vertex -5.543277195067721 -2.2961005941905377 -16.5
      vertex -4.988817673815273 -3.3334213981176117 -15
      vertex -5.543277195067721 -2.2961005941905377 -15
    endloop
  endfacet
  facet normal 0 0 0
    outer loop
      vertex -4.988817673815273 -3.3334213981176117 -16.5
      vertex -4.242640687119286 -4.242640687119285 -16.5
      vertex -4.242640687119286 -4.242640687119285 -15
    endloop
  endfacet
  facet normal 0 0 0
    outer loop
      vertex -4.988817673815273 -3.3334213981176117 -16.5
      vertex -4.242640687119286 -4.242640687119285 -15
      vertex -4.988817673815273 -3.3334213981176117 -15
    endloop
  endfacet
  facet normal 0 0 0
    outer loop
      vertex -4.242640687119286 -4.242640687119285 -16.5
      vertex -3.333421398117613 -4.988817673815271 -16.5
      vertex -3.333421398117613 -4.988817673815271 -15
    endloop
  endfacet
  facet normal 0 0 0
    outer loop
      vertex -4.242640687119286 -4.242640687119285 -16.5
      vertex -3.333421398117613 -4.988817673815271 -15
      vertex -4.242640687119286 -4.242640687119285 -15
    endloop
  endfacet
  facet normal 0 0 0
    outer loop
      vertex -3.333421398117613 -4.988817673815271 -16.5
      vertex -2.296100594190542 -5.543277195067719 -16.5
      vertex -2.296100594190542 -5.543277195067719 -15
    endloop
  endfacet
  facet normal 0 0 0
    outer loop
      vertex -3.333421398117613 -4.988817673815271 -16.5
      vertex -2.296100594190542 -5.543277195067719 -15
      vertex -3.333421398117613 -4.988817673815271 -15
    endloop
  endfacet
  facet normal 0 0 0
    outer loop
      vertex -2.296100594190542 -5.543277195067719 -16.5
      vertex -1.170541932096772 -5.884711682419382 -16.5
      vertex -1.170541932096772 -5.884711682419382 -15
    endloop
  endfacet
  facet normal 0 0 0
    outer loop
      vertex -2.296100594190542 -5.543277195067719 -16.5
      vertex -1.170541932096772 -5.884711682419382 -15
      vertex -2.296100594190542 -5.543277195067719 -15
    endloop
  endfacet
  facet normal 0 0 0
    outer loop
      vertex -1.170541932096772 -5.884711682419382 -16.5
      vertex -1.102182119232618e-15 -6 -16.5
      vertex -1.102182119232618e-15 -6 -15
    endloop
  endfacet
  facet normal 0 0 0
    outer loop
      vertex -1.170541932096772 -5.884711682419382 -16.5
      vertex -1.102182119232618e-15 -6 -15
      vertex -1.170541932096772 -5.884711682419382 -15
    endloop
  endfacet
  facet normal 0 0 0
    outer loop
      vertex -1.102182119232618e-15 -6 -16.5
      vertex 1.1705419320967698 -5.884711682419383 -16.5
      vertex 1.1705419320967698 -5.884711682419383 -15
    endloop
  endfacet
  facet normal 0 0 0
    outer loop
      vertex -1.102182119232618e-15 -6 -16.5
      vertex 1.1705419320967698 -5.884711682419383 -15
      vertex -1.102182119232618e-15 -6 -15
    endloop
  endfacet
  facet normal 0 0 0
    outer loop
      vertex 1.1705419320967698 -5.884711682419383 -16.5
      vertex 2.29610059419054 -5.54327719506772 -16.5
      vertex 2.29610059419054 -5.54327719506772 -15
    endloop
  endfacet
  facet normal 0 0 0
    outer loop
      vertex 1.1705419320967698 -5.884711682419383 -16.5
      vertex 2.29610059419054 -5.54327719506772 -15
      vertex 1.1705419320967698 -5.884711682419383 -15
    endloop
  endfacet
  facet normal 0 0 0
    outer loop
      vertex 2.29610059419054 -5.54327719506772 -16.5
      vertex 3.3334213981176113 -4.988817673815273 -16.5
      vertex 3.3334213981176113 -4.988817673815273 -15
    endloop
  endfacet
  facet normal 0 0 0
    outer loop
      vertex 2.29610059419054 -5.54327719506772 -16.5
      vertex 3.3334213981176113 -4.988817673815273 -15
      vertex 2.29610059419054 -5.54327719506772 -15
    endloop
  endfacet
  facet normal 0 0 0
    outer loop
      vertex 3.3334213981176113 -4.988817673815273 -16.5
      vertex 4.242640687119284 -4.242640687119286 -16.5
      vertex 4.242640687119284 -4.242640687119286 -15
    endloop
  endfacet
  facet normal 0 0 0
    outer loop
      vertex 3.3334213981176113 -4.988817673815273 -16.5
      vertex 4.242640687119284 -4.242640687119286 -15
      vertex 3.3334213981176113 -4.988817673815273 -15
    endloop
  endfacet
  facet normal 0 0 0
    outer loop
      vertex 4.242640687119284 -4.242640687119286 -16.5
      vertex 4.988817673815271 -3.333421398117613 -16.5
      vertex 4.988817673815271 -3.333421398117613 -15
    endloop
  endfacet
  facet normal 0 0 0
    outer loop
      vertex 4.242640687119284 -4.242640687119286 -16.5
      vertex 4.988817673815271 -3.333421398117613 -15
      vertex 4.242640687119284 -4.242640687119286 -15
    endloop
  endfacet
  facet normal 0 0 0
    outer loop
      vertex 4.988817673815271 -3.333421398117613 -16.5
      vertex 5.543277195067719 -2.296100594190542 -16.5
      vertex 5.543277195067719 -2.296100594190542 -15
    endloop
  endfacet
  facet normal 0 0 0
    outer loop
      vertex 4.988817673815271 -3.333421398117613 -16.5
      vertex 5.543277195067719 -2.296100594190542 -15
      vertex 4.988817673815271 -3.333421398117613 -15
    endloop
  endfacet
  facet normal 0 0 0
    outer loop
      vertex 5.543277195067719 -2.296100594190542 -16.5
      vertex 5.884711682419382 -1.1705419320967723 -16.5
      vertex 5.884711682419382 -1.1705419320967723 -15
    endloop
  endfacet
  facet normal 0 0 0
    outer loop
      vertex 5.543277195067719 -2.296100594190542 -16.5
      vertex 5.884711682419382 -1.1705419320967723 -15
      vertex 5.543277195067719 -2.296100594190542 -15
    endloop
  endfacet
  facet normal 0 0 0
    outer loop
      vertex 5.884711682419382 -1.1705419320967723 -16.5
      vertex 6 0 -16.5
      vertex 6 0 -15
    endloop
  endfacet
  facet normal 0 0 0
    outer loop
      vertex 5.884711682419382 -1.1705419320967723 -16.5
      vertex 6 0 -15
      vertex 5.884711682419382 -1.1705419320967723 -15
    endloop
  endfacet
  facet normal 0 0 0
    outer loop
      vertex 6 0 -15
      vertex 5.884711682419383 1.1705419320967696 -15
      vertex 5.884711682419383 1.1705419320967696 -13.5
    endloop
  endfacet
  facet normal 0 0 0
    outer loop
      vertex 6 0 -15
      vertex 5.884711682419383 1.1705419320967696 -13.5
      vertex 6 0 -13.5
    endloop
  endfacet
  facet normal 0 0 0
    outer loop
      vertex 5.884711682419383 1.1705419320967696 -15
      vertex 5.54327719506772 2.2961005941905386 -15
      vertex 5.54327719506772 2.2961005941905386 -13.5
    endloop
  endfacet
  facet normal 0 0 0
    outer loop
      vertex 5.884711682419383 1.1705419320967696 -15
      vertex 5.54327719506772 2.2961005941905386 -13.5
      vertex 5.884711682419383 1.1705419320967696 -13.5
    endloop
  endfacet
  facet normal 0 0 0
    outer loop
      vertex 5.54327719506772 2.2961005941905386 -15
      vertex 4.988817673815271 3.333421398117613 -15
      vertex 4.988817673815271 3.333421398117613 -13.5
    endloop
  endfacet
  facet normal 0 0 0
    outer loop
      vertex 5.54327719506772 2.2961005941905386 -15
      vertex 4.988817673815271 3.333421398117613 -13.5
      vertex 5.54327719506772 2.2961005941905386 -13.5
    endloop
  endfacet
  facet normal 0 0 0
    outer loop
      vertex 4.988817673815271 3.333421398117613 -15
      vertex 4.242640687119286 4.242640687119285 -15
      vertex 4.242640687119286 4.242640687119285 -13.5
    endloop
  endfacet
  facet normal 0 0 0
    outer loop
      vertex 4.988817673815271 3.333421398117613 -15
      vertex 4.242640687119286 4.242640687119285 -13.5
      vertex 4.988817673815271 3.333421398117613 -13.5
    endloop
  endfacet
  facet normal 0 0 0
    outer loop
      vertex 4.242640687119286 4.242640687119285 -15
      vertex 3.333421398117614 4.988817673815271 -15
      vertex 3.333421398117614 4.988817673815271 -13.5
    endloop
  endfacet
  facet normal 0 0 0
    outer loop
      vertex 4.242640687119286 4.242640687119285 -15
      vertex 3.333421398117614 4.988817673815271 -13.5
      vertex 4.242640687119286 4.242640687119285 -13.5
    endloop
  endfacet
  facet normal 0 0 0
    outer loop
      vertex 3.333421398117614 4.988817673815271 -15
      vertex 2.296100594190539 5.54327719506772 -15
      vertex 2.296100594190539 5.54327719506772 -13.5
    endloop
  endfacet
  facet normal 0 0 0
    outer loop
      vertex 3.333421398117614 4.988817673815271 -15
      vertex 2.296100594190539 5.54327719506772 -13.5
      vertex 3.333421398117614 4.988817673815271 -13.5
    endloop
  endfacet
  facet normal 0 0 0
    outer loop
      vertex 2.296100594190539 5.54327719506772 -15
      vertex 1.17054193209677 5.884711682419383 -15
      vertex 1.17054193209677 5.884711682419383 -13.5
    endloop
  endfacet
  facet normal 0 0 0
    outer loop
      vertex 2.296100594190539 5.54327719506772 -15
      vertex 1.17054193209677 5.884711682419383 -13.5
      vertex 2.296100594190539 5.54327719506772 -13.5
    endloop
  endfacet
  facet normal 0 0 0
    outer loop
      vertex 1.17054193209677 5.884711682419383 -15
      vertex 3.6739403974420594e-16 6 -15
      vertex 3.6739403974420594e-16 6 -13.5
    endloop
  endfacet
  facet normal 0 0 0
    outer loop
      vertex 1.17054193209677 5.884711682419383 -15
      vertex 3.6739403974420594e-16 6 -13.5
      vertex 1.17054193209677 5.884711682419383 -13.5
    endloop
  endfacet
  facet normal 0 0 0
    outer loop
      vertex 3.6739403974420594e-16 6 -15
      vertex -1.1705419320967692 5.884711682419383 -15
      vertex -1.1705419320967692 5.884711682419383 -13.5
    endloop
  endfacet
  facet normal 0 0 0
    outer loop
      vertex 3.6739403974420594e-16 6 -15
      vertex -1.1705419320967692 5.884711682419383 -13.5
      vertex 3.6739403974420594e-16 6 -13.5
    endloop
  endfacet
  facet normal 0 0 0
    outer loop
      vertex -1.1705419320967692 5.884711682419383 -15
      vertex -2.2961005941905386 5.54327719506772 -15
      vertex -2.2961005941905386 5.54327719506772 -13.5
    endloop
  endfacet
  facet normal 0 0 0
    outer loop
      vertex -1.1705419320967692 5.884711682419383 -15
      vertex -2.2961005941905386 5.54327719506772 -13.5
      vertex -1.1705419320967692 5.884711682419383 -13.5
    endloop
  endfacet
  facet normal 0 0 0
    outer loop
      vertex -2.2961005941905386 5.54327719506772 -15
      vertex -3.3334213981176117 4.988817673815272 -15
      vertex -3.3334213981176117 4.988817673815272 -13.5
    endloop
  endfacet
  facet normal 0 0 0
    outer loop
      vertex -2.2961005941905386 5.54327719506772 -15
      vertex -3.3334213981176117 4.988817673815272 -13.5
      vertex -2.2961005941905386 5.54327719506772 -13.5
    endloop
  endfacet
  facet normal 0 0 0
    outer loop
      vertex -3.3334213981176117 4.988817673815272 -15
      vertex -4.242640687119285 4.242640687119286 -15
      vertex -4.242640687119285 4.242640687119286 -13.5
    endloop
  endfacet
  facet normal 0 0 0
    outer loop
      vertex -3.3334213981176117 4.988817673815272 -15
      vertex -4.242640687119285 4.242640687119286 -13.5
      vertex -3.3334213981176117 4.988817673815272 -13.5
    endloop
  endfacet
  facet normal 0 0 0
    outer loop
      vertex -4.242640687119285 4.242640687119286 -15
      vertex -4.988817673815272 3.333421398117613 -15
      vertex -4.988817673815272 3.333421398117613 -13.5
    endloop
  endfacet
  facet normal 0 0 0
    outer loop
      vertex -4.242640687119285 4.242640687119286 -15
      vertex -4.988817673815272 3.333421398117613 -13.5
      vertex -4.242640687119285 4.242640687119286 -13.5
    endloop
  endfacet
  facet normal 0 0 0
    outer loop
      vertex -4.988817673815272 3.333421398117613 -15
      vertex -5.54327719506772 2.2961005941905395 -15
      vertex -5.54327719506772 2.2961005941905395 -13.5
    endloop
  endfacet
  facet normal 0 0 0
    outer loop
      vertex -4.988817673815272 3.333421398117613 -15
      vertex -5.54327719506772 2.2961005941905395 -13.5
      vertex -4.988817673815272 3.333421398117613 -13.5
    endloop
  endfacet
  facet normal 0 0 0
    outer loop
      vertex -5.54327719506772 2.2961005941905395 -15
      vertex -5.884711682419383 1.1705419320967716 -15
      vertex -5.884711682419383 1.1705419320967716 -13.5
    endloop
  endfacet
  facet normal 0 0 0
    outer loop
      vertex -5.54327719506772 2.2961005941905395 -15
      vertex -5.884711682419383 1.1705419320967716 -13.5
      vertex -5.54327719506772 2.2961005941905395 -13.5
    endloop
  endfacet
  facet normal 0 0 0
    outer loop
      vertex -5.884711682419383 1.1705419320967716 -15
      vertex -6 7.347880794884119e-16 -15
      vertex -6 7.347880794884119e-16 -13.5
    endloop
  endfacet
  facet normal 0 0 0
    outer loop
      vertex -5.884711682419383 1.1705419320967716 -15
      vertex -6 7.347880794884119e-16 -13.5
      vertex -5.884711682419383 1.1705419320967716 -13.5
    endloop
  endfacet
  facet normal 0 0 0
    outer loop
      vertex -6 7.347880794884119e-16 -15
      vertex -5.884711682419383 -1.17054193209677 -15
      vertex -5.884711682419383 -1.17054193209677 -13.5
    endloop
  endfacet
  facet normal 0 0 0
    outer loop
      vertex -6 7.347880794884119e-16 -15
      vertex -5.884711682419383 -1.17054193209677 -13.5
      vertex -6 7.347880794884119e-16 -13.5
    endloop
  endfacet
  facet normal 0 0 0
    outer loop
      vertex -5.884711682419383 -1.17054193209677 -15
      vertex -5.543277195067721 -2.2961005941905377 -15
      vertex -5.543277195067721 -2.2961005941905377 -13.5
    endloop
  endfacet
  facet normal 0 0 0
    outer loop
      vertex -5.884711682419383 -1.17054193209677 -15
      vertex -5.543277195067721 -2.2961005941905377 -13.5
      vertex -5.884711682419383 -1.17054193209677 -13.5
    endloop
  endfacet
  facet normal 0 0 0
    outer loop
      vertex -5.543277195067721 -2.2961005941905377 -15
      vertex -4.988817673815273 -3.3334213981176117 -15
      vertex -4.988817673815273 -3.3334213981176117 -13.5
    endloop
  endfacet
  facet normal 0 0 0
    outer loop
      vertex -5.543277195067721 -2.2961005941905377 -15
      vertex -4.988817673815273 -3.3334213981176117 -13.5
      vertex -5.543277195067721 -2.2961005941905377 -13.5
    endloop
  endfacet
  facet normal 0 0 0
    outer loop
      vertex -4.988817673815273 -3.3334213981176117 -15
      vertex -4.242640687119286 -4.242640687119285 -15
      vertex -4.242640687119286 -4.242640687119285 -13.5
    endloop
  endfacet
  facet normal 0 0 0
    outer loop
      vertex -4.988817673815273 -3.3334213981176117 -15
      vertex -4.242640687119286 -4.242640687119285 -13.5
      vertex -4.988817673815273 -3.3334213981176117 -13.5
    endloop
  endfacet
  facet normal 0 0 0
    outer loop
      vertex -4.242640687119286 -4.242640687119285 -15
      vertex -3.333421398117613 -4.988817673815271 -15
      vertex -3.333421398117613 -4.988817673815271 -13.5
    endloop
  endfacet
  facet normal 0 0 0
    outer loop
      vertex -4.242640687119286 -4.242640687119285 -15
      vertex -3.333421398117613 -4.988817673815271 -13.5
      vertex -4.242640687119286 -4.242640687119285 -13.5
    endloop
  endfacet
  facet normal 0 0 0
    outer loop
      vertex -3.333421398117613 -4.988817673815271 -15
      vertex -2.296100594190542 -5.543277195067719 -15
      vertex -2.296100594190542 -5.543277195067719 -13.5
    endloop
  endfacet
  facet normal 0 0 0
    outer loop
      vertex -3.333421398117613 -4.988817673815271 -15
      vertex -2.296100594190542 -5.543277195067719 -13.5
      vertex -3.333421398117613 -4.988817673815271 -13.5
    endloop
  endfacet
  facet normal 0 0 0
    outer loop
      vertex -2.296100594190542 -5.543277195067719 -15
      vertex -1.170541932096772 -5.884711682419382 -15
      vertex -1.170541932096772 -5.884711682419382 -13.5
    endloop
  endfacet
  facet normal 0 0 0
    outer loop
      vertex -2.296100594190542 -5.543277195067719 -15
      vertex -1.170541932096772 -5.884711682419382 -13.5
      vertex -2.296100594190542 -5.543277195067719 -13.5
    endloop
  endfacet
  facet normal 0 0 0
    outer loop
      vertex -1.170541932096772 -5.884711682419382 -15
      vertex -1.102182119232618e-15 -6 -15
      vertex -1.102182119232618e-15 -6 -13.5
    endloop
  endfacet
  facet normal 0 0 0
    outer loop
      vertex -1.170541932096772 -5.884711682419382 -15
      vertex -1.102182119232618e-15 -6 -13.5
      vertex -1.170541932096772 -5.884711682419382 -13.5
    endloop
  endfacet
  facet normal 0 0 0
    outer loop
      vertex -1.102182119232618e-15 -6 -15
      vertex 1.1705419320967698 -5.884711682419383 -15
      vertex 1.1705419320967698 -5.884711682419383 -13.5
    endloop
  endfacet
  facet normal 0 0 0
    outer loop
      vertex -1.102182119232618e-15 -6 -15
      vertex 1.1705419320967698 -5.884711682419383 -13.5
      vertex -1.102182119232618e-15 -6 -13.5
    endloop
  endfacet
  facet normal 0 0 0
    outer loop
      vertex 1.1705419320967698 -5.884711682419383 -15
      vertex 2.29610059419054 -5.54327719506772 -15
      vertex 2.29610059419054 -5.54327719506772 -13.5
    endloop
  endfacet
  facet normal 0 0 0
    outer loop
      vertex 1.1705419320967698 -5.884711682419383 -15
      vertex 2.29610059419054 -5.54327719506772 -13.5
      vertex 1.1705419320967698 -5.884711682419383 -13.5
    endloop
  endfacet
  facet normal 0 0 0
    outer loop
      vertex 2.29610059419054 -5.54327719506772 -15
      vertex 3.3334213981176113 -4.988817673815273 -15
      vertex 3.3334213981176113 -4.988817673815273 -13.5
    endloop
  endfacet
  facet normal 0 0 0
    outer loop
      vertex 2.29610059419054 -5.54327719506772 -15
      vertex 3.3334213981176113 -4.988817673815273 -13.5
      vertex 2.29610059419054 -5.54327719506772 -13.5
    endloop
  endfacet
  facet normal 0 0 0
    outer loop
      vertex 3.3334213981176113 -4.988817673815273 -15
      vertex 4.242640687119284 -4.242640687119286 -15
      vertex 4.242640687119284 -4.242640687119286 -13.5
    endloop
  endfacet
  facet normal 0 0 0
    outer loop
      vertex 3.3334213981176113 -4.988817673815273 -15
      vertex 4.242640687119284 -4.242640687119286 -13.5
      vertex 3.3334213981176113 -4.988817673815273 -13.5
    endloop
  endfacet
  facet normal 0 0 0
    outer loop
      vertex 4.242640687119284 -4.242640687119286 -15
      vertex 4.988817673815271 -3.333421398117613 -15
      vertex 4.988817673815271 -3.333421398117613 -13.5
    endloop
  endfacet
  facet normal 0 0 0
    outer loop
      vertex 4.242640687119284 -4.242640687119286 -15
      vertex 4.988817673815271 -3.333421398117613 -13.5
      vertex 4.242640687119284 -4.242640687119286 -13.5
    endloop
  endfacet
  facet normal 0 0 0
    outer loop
      vertex 4.988817673815271 -3.333421398117613 -15
      vertex 5.543277195067719 -2.296100594190542 -15
      vertex 5.543277195067719 -2.296100594190542 -13.5
    endloop
  endfacet
  facet normal 0 0 0
    outer loop
      vertex 4.988817673815271 -3.333421398117613 -15
      vertex 5.543277195067719 -2.296100594190542 -13.5
      vertex 4.988817673815271 -3.333421398117613 -13.5
    endloop
  endfacet
  facet normal 0 0 0
    outer loop
      vertex 5.543277195067719 -2.296100594190542 -15
      vertex 5.884711682419382 -1.1705419320967723 -15
      vertex 5.884711682419382 -1.1705419320967723 -13.5
    endloop
  endfacet
  facet normal 0 0 0
    outer loop
      vertex 5.543277195067719 -2.296100594190542 -15
      vertex 5.884711682419382 -1.1705419320967723 -13.5
      vertex 5.543277195067719 -2.296100594190542 -13.5
    endloop
  endfacet
  facet normal 0 0 0
    outer loop
      vertex 5.884711682419382 -1.1705419320967723 -15
      vertex 6 0 -15
      vertex 6 0 -13.5
    endloop
  endfacet
  facet normal 0 0 0
    outer loop
      vertex 5.884711682419382 -1.1705419320967723 -15
      vertex 6 0 -13.5
      vertex 5.884711682419382 -1.1705419320967723 -13.5
    endloop
  endfacet
  facet normal 0 0 0
    outer loop
      vertex 6 0 -13.5
      vertex 5.884711682419383 1.1705419320967696 -13.5
      vertex 5.884711682419383 1.1705419320967696 -12.000000000000002
    endloop
  endfacet
  facet normal 0 0 0
    outer loop
      vertex 6 0 -13.5
      vertex 5.884711682419383 1.1705419320967696 -12.000000000000002
      vertex 6 0 -12.000000000000002
    endloop
  endfacet
  facet normal 0 0 0
    outer loop
      vertex 5.884711682419383 1.1705419320967696 -13.5
      vertex 5.54327719506772 2.2961005941905386 -13.5
      vertex 5.54327719506772 2.2961005941905386 -12.000000000000002
    endloop
  endfacet
  facet normal 0 0 0
    outer loop
      vertex 5.884711682419383 1.1705419320967696 -13.5
      vertex 5.54327719506772 2.2961005941905386 -12.000000000000002
      vertex 5.884711682419383 1.1705419320967696 -12.000000000000002
    endloop
  endfacet
  facet normal 0 0 0
    outer loop
      vertex 5.54327719506772 2.2961005941905386 -13.5
      vertex 4.988817673815271 3.333421398117613 -13.5
      vertex 4.988817673815271 3.333421398117613 -12.000000000000002
    endloop
  endfacet
  facet normal 0 0 0
    outer loop
      vertex 5.54327719506772 2.2961005941905386 -13.5
      vertex 4.988817673815271 3.333421398117613 -12.000000000000002
      vertex 5.54327719506772 2.2961005941905386 -12.000000000000002
    endloop
  endfacet
  facet normal 0 0 0
    outer loop
      vertex 4.988817673815271 3.333421398117613 -13.5
      vertex 4.242640687119286 4.242640687119285 -13.5
      vertex 4.242640687119286 4.242640687119285 -12.000000000000002
    endloop
  endfacet
  facet normal 0 0 0
    outer loop
      vertex 4.988817673815271 3.333421398117613 -13.5
      vertex 4.242640687119286 4.242640687119285 -12.000000000000002
      vertex 4.988817673815271 3.333421398117613 -12.000000000000002
    endloop
  endfacet
  facet normal 0 0 0
    outer loop
      vertex 4.242640687119286 4.242640687119285 -13.5
      vertex 3.333421398117614 4.988817673815271 -13.5
      vertex 3.333421398117614 4.988817673815271 -12.000000000000002
    endloop
  endfacet
  facet normal 0 0 0
    outer loop
      vertex 4.242640687119286 4.242640687119285 -13.5
      vertex 3.333421398117614 4.988817673815271 -12.000000000000002
      vertex 4.242640687119286 4.242640687119285 -12.000000000000002
    endloop
  endfacet
  facet normal 0 0 0
    outer loop
      vertex 3.333421398117614 4.988817673815271 -13.5
      vertex 2.296100594190539 5.54327719506772 -13.5
      vertex 2.296100594190539 5.54327719506772 -12.000000000000002
    endloop
  endfacet
  facet normal 0 0 0
    outer loop
      vertex 3.333421398117614 4.988817673815271 -13.5
      vertex 2.296100594190539 5.54327719506772 -12.000000000000002
      vertex 3.333421398117614 4.988817673815271 -12.000000000000002
    endloop
  endfacet
  facet normal 0 0 0
    outer loop
      vertex 2.296100594190539 5.54327719506772 -13.5
      vertex 1.17054193209677 5.884711682419383 -13.5
      vertex 1.17054193209677 5.884711682419383 -12.000000000000002
    endloop
  endfacet
  facet normal 0 0 0
    outer loop
      vertex 2.296100594190539 5.54327719506772 -13.5
      vertex 1.17054193209677 5.884711682419383 -12.000000000000002
      vertex 2.296100594190539 5.54327719506772 -12.000000000000002
    endloop
  endfacet
  facet normal 0 0 0
    outer loop
      vertex 1.17054193209677 5.884711682419383 -13.5
      vertex 3.6739403974420594e-16 6 -13.5
      vertex 3.6739403974420594e-16 6 -12.000000000000002
    endloop
  endfacet
  facet normal 0 0 0
    outer loop
      vertex 1.17054193209677 5.884711682419383 -13.5
      vertex 3.6739403974420594e-16 6 -12.000000000000002
      vertex 1.17054193209677 5.884711682419383 -12.000000000000002
    endloop
  endfacet
  facet normal 0 0 0
    outer loop
      vertex 3.6739403974420594e-16 6 -13.5
      vertex -1.1705419320967692 5.884711682419383 -13.5
      vertex -1.1705419320967692 5.884711682419383 -12.000000000000002
    endloop
  endfacet
  facet normal 0 0 0
    outer loop
      vertex 3.6739403974420594e-16 6 -13.5
      vertex -1.1705419320967692 5.884711682419383 -12.000000000000002
      vertex 3.6739403974420594e-16 6 -12.000000000000002
    endloop
  endfacet
  facet normal 0 0 0
    outer loop
      vertex -1.1705419320967692 5.884711682419383 -13.5
      vertex -2.2961005941905386 5.54327719506772 -13.5
      vertex -2.2961005941905386 5.54327719506772 -12.000000000000002
    endloop
  endfacet
  facet normal 0 0 0
    outer loop
      vertex -1.1705419320967692 5.884711682419383 -13.5
      vertex -2.2961005941905386 5.54327719506772 -12.000000000000002
      vertex -1.1705419320967692 5.884711682419383 -12.000000000000002
    endloop
  endfacet
  facet normal 0 0 0
    outer loop
      vertex -2.2961005941905386 5.54327719506772 -13.5
      vertex -3.3334213981176117 4.988817673815272 -13.5
      vertex -3.3334213981176117 4.988817673815272 -12.000000000000002
    endloop
  endfacet
  facet normal 0 0 0
    outer loop
      vertex -2.2961005941905386 5.54327719506772 -13.5
      vertex -3.3334213981176117 4.988817673815272 -12.000000000000002
      vertex -2.2961005941905386 5.54327719506772 -12.000000000000002
    endloop
  endfacet
  facet normal 0 0 0
    outer loop
      vertex -3.3334213981176117 4.988817673815272 -13.5
      vertex -4.242640687119285 4.242640687119286 -13.5
      vertex -4.242640687119285 4.242640687119286 -12.000000000000002
    endloop
  endfacet
  facet normal 0 0 0
    outer loop
      vertex -3.3334213981176117 4.988817673815272 -13.5
      vertex -4.242640687119285 4.242640687119286 -12.000000000000002
      vertex -3.3334213981176117 4.988817673815272 -12.000000000000002
    endloop
  endfacet
  facet normal 0 0 0
    outer loop
      vertex -4.242640687119285 4.242640687119286 -13.5
      vertex -4.988817673815272 3.333421398117613 -13.5
      vertex -4.988817673815272 3.333421398117613 -12.000000000000002
    endloop
  endfacet
  facet normal 0 0 0
    outer loop
      vertex -4.242640687119285 4.242640687119286 -13.5
      vertex -4.988817673815272 3.333421398117613 -12.000000000000002
      vertex -4.242640687119285 4.242640687119286 -12.000000000000002
    endloop
  endfacet
  facet normal 0 0 0
    outer loop
      vertex -4.988817673815272 3.333421398117613 -13.5
      vertex -5.54327719506772 2.2961005941905395 -13.5
      vertex -5.54327719506772 2.2961005941905395 -12.000000000000002
    endloop
  endfacet
  facet normal 0 0 0
    outer loop
      vertex -4.988817673815272 3.333421398117613 -13.5
      vertex -5.54327719506772 2.2961005941905395 -12.000000000000002
      vertex -4.988817673815272 3.333421398117613 -12.000000000000002
    endloop
  endfacet
  facet normal 0 0 0
    outer loop
      vertex -5.54327719506772 2.2961005941905395 -13.5
      vertex -5.884711682419383 1.1705419320967716 -13.5
      vertex -5.884711682419383 1.1705419320967716 -12.000000000000002
    endloop
  endfacet
  facet normal 0 0 0
    outer loop
      vertex -5.54327719506772 2.2961005941905395 -13.5
      vertex -5.884711682419383 1.1705419320967716 -12.000000000000002
      vertex -5.54327719506772 2.2961005941905395 -12.000000000000002
    endloop
  endfacet
  facet normal 0 0 0
    outer loop
      vertex -5.884711682419383 1.1705419320967716 -13.5
      vertex -6 7.347880794884119e-16 -13.5
      vertex -6 7.347880794884119e-16 -12.000000000000002
    endloop
  endfacet
  facet normal 0 0 0
    outer loop
      vertex -5.884711682419383 1.1705419320967716 -13.5
      vertex -6 7.347880794884119e-16 -12.000000000000002
      vertex -5.884711682419383 1.1705419320967716 -12.000000000000002
    endloop
  endfacet
  facet normal 0 0 0
    outer loop
      vertex -6 7.347880794884119e-16 -13.5
      vertex -5.884711682419383 -1.17054193209677 -13.5
      vertex -5.884711682419383 -1.17054193209677 -12.000000000000002
    endloop
  endfacet
  facet normal 0 0 0
    outer loop
      vertex -6 7.347880794884119e-16 -13.5
      vertex -5.884711682419383 -1.17054193209677 -12.000000000000002
      vertex -6 7.347880794884119e-16 -12.000000000000002
    endloop
  endfacet
  facet normal 0 0 0
    outer loop
      vertex -5.884711682419383 -1.17054193209677 -13.5
      vertex -5.543277195067721 -2.2961005941905377 -13.5
      vertex -5.543277195067721 -2.2961005941905377 -12.000000000000002
    endloop
  endfacet
  facet normal 0 0 0
    outer loop
      vertex -5.884711682419383 -1.17054193209677 -13.5
      vertex -5.543277195067721 -2.2961005941905377 -12.000000000000002
      vertex -5.884711682419383 -1.17054193209677 -12.000000000000002
    endloop
  endfacet
  facet normal 0 0 0
    outer loop
      vertex -5.543277195067721 -2.2961005941905377 -13.5
      vertex -4.988817673815273 -3.3334213981176117 -13.5
      vertex -4.988817673815273 -3.3334213981176117 -12.000000000000002
    endloop
  endfacet
  facet normal 0 0 0
    outer loop
      vertex -5.543277195067721 -2.2961005941905377 -13.5
      vertex -4.988817673815273 -3.3334213981176117 -12.000000000000002
      vertex -5.543277195067721 -2.2961005941905377 -12.000000000000002
    endloop
  endfacet
  facet normal 0 0 0
    outer loop
      vertex -4.988817673815273 -3.3334213981176117 -13.5
      vertex -4.242640687119286 -4.242640687119285 -13.5
      vertex -4.242640687119286 -4.242640687119285 -12.000000000000002
    endloop
  endfacet
  facet normal 0 0 0
    outer loop
      vertex -4.988817673815273 -3.3334213981176117 -13.5
      vertex -4.242640687119286 -4.242640687119285 -12.000000000000002
      vertex -4.988817673815273 -3.3334213981176117 -12.000000000000002
    endloop
  endfacet
  facet normal 0 0 0
    outer loop
      vertex -4.242640687119286 -4.242640687119285 -13.5
      vertex -3.333421398117613 -4.988817673815271 -13.5
      vertex -3.333421398117613 -4.988817673815271 -12.000000000000002
    endloop
  endfacet
  facet normal 0 0 0
    outer loop
      vertex -4.242640687119286 -4.242640687119285 -13.5
      vertex -3.333421398117613 -4.988817673815271 -12.000000000000002
      vertex -4.242640687119286 -4.242640687119285 -12.000000000000002
    endloop
  endfacet
  facet normal 0 0 0
    outer loop
      vertex -3.333421398117613 -4.988817673815271 -13.5
      vertex -2.296100594190542 -5.543277195067719 -13.5
      vertex -2.296100594190542 -5.543277195067719 -12.000000000000002
    endloop
  endfacet
  facet normal 0 0 0
    outer loop
      vertex -3.333421398117613 -4.988817673815271 -13.5
      vertex -2.296100594190542 -5.543277195067719 -12.000000000000002
      vertex -3.333421398117613 -4.988817673815271 -12.000000000000002
    endloop
  endfacet
  facet normal 0 0 0
    outer loop
      vertex -2.296100594190542 -5.543277195067719 -13.5
      vertex -1.170541932096772 -5.884711682419382 -13.5
      vertex -1.170541932096772 -5.884711682419382 -12.000000000000002
    endloop
  endfacet
  facet normal 0 0 0
    outer loop
      vertex -2.296100594190542 -5.543277195067719 -13.5
      vertex -1.170541932096772 -5.884711682419382 -12.000000000000002
      vertex -2.296100594190542 -5.543277195067719 -12.000000000000002
    endloop
  endfacet
  facet normal 0 0 0
    outer loop
      vertex -1.170541932096772 -5.884711682419382 -13.5
      vertex -1.102182119232618e-15 -6 -13.5
      vertex -1.102182119232618e-15 -6 -12.000000000000002
    endloop
  endfacet
  facet normal 0 0 0
    outer loop
      vertex -1.170541932096772 -5.884711682419382 -13.5
      vertex -1.102182119232618e-15 -6 -12.000000000000002
      vertex -1.170541932096772 -5.884711682419382 -12.000000000000002
    endloop
  endfacet
  facet normal 0 0 0
    outer loop
      vertex -1.102182119232618e-15 -6 -13.5
      vertex 1.1705419320967698 -5.884711682419383 -13.5
      vertex 1.1705419320967698 -5.884711682419383 -12.000000000000002
    endloop
  endfacet
  facet normal 0 0 0
    outer loop
      vertex -1.102182119232618e-15 -6 -13.5
      vertex 1.1705419320967698 -5.884711682419383 -12.000000000000002
      vertex -1.102182119232618e-15 -6 -12.000000000000002
    endloop
  endfacet
  facet normal 0 0 0
    outer loop
      vertex 1.1705419320967698 -5.884711682419383 -13.5
      vertex 2.29610059419054 -5.54327719506772 -13.5
      vertex 2.29610059419054 -5.54327719506772 -12.000000000000002
    endloop
  endfacet
  facet normal 0 0 0
    outer loop
      vertex 1.1705419320967698 -5.884711682419383 -13.5
      vertex 2.29610059419054 -5.54327719506772 -12.000000000000002
      vertex 1.1705419320967698 -5.884711682419383 -12.000000000000002
    endloop
  endfacet
  facet normal 0 0 0
    outer loop
      vertex 2.29610059419054 -5.54327719506772 -13.5
      vertex 3.3334213981176113 -4.988817673815273 -13.5
      vertex 3.3334213981176113 -4.988817673815273 -12.000000000000002
    endloop
  endfacet
  facet normal 0 0 0
    outer loop
      vertex 2.29610059419054 -5.54327719506772 -13.5
      vertex 3.3334213981176113 -4.988817673815273 -12.000000000000002
      vertex 2.29610059419054 -5.54327719506772 -12.000000000000002
    endloop
  endfacet
  facet normal 0 0 0
    outer loop
      vertex 3.3334213981176113 -4.988817673815273 -13.5
      vertex 4.242640687119284 -4.242640687119286 -13.5
      vertex 4.242640687119284 -4.242640687119286 -12.000000000000002
    endloop
  endfacet
  facet normal 0 0 0
    outer loop
      vertex 3.3334213981176113 -4.988817673815273 -13.5
      vertex 4.242640687119284 -4.242640687119286 -12.000000000000002
      vertex 3.3334213981176113 -4.988817673815273 -12.000000000000002
    endloop
  endfacet
  facet normal 0 0 0
    outer loop
      vertex 4.242640687119284 -4.242640687119286 -13.5
      vertex 4.988817673815271 -3.333421398117613 -13.5
      vertex 4.988817673815271 -3.333421398117613 -12.000000000000002
    endloop
  endfacet
  facet normal 0 0 0
    outer loop
      vertex 4.242640687119284 -4.242640687119286 -13.5
      vertex 4.988817673815271 -3.333421398117613 -12.000000000000002
      vertex 4.242640687119284 -4.242640687119286 -12.000000000000002
    endloop
  endfacet
  facet normal 0 0 0
    outer loop
      vertex 4.988817673815271 -3.333421398117613 -13.5
      vertex 5.543277195067719 -2.296100594190542 -13.5
      vertex 5.543277195067719 -2.296100594190542 -12.000000000000002
    endloop
  endfacet
  facet normal 0 0 0
    outer loop
      vertex 4.988817673815271 -3.333421398117613 -13.5
      vertex 5.543277195067719 -2.296100594190542 -12.000000000000002
      vertex 4.988817673815271 -3.333421398117613 -12.000000000000002
    endloop
  endfacet
  facet normal 0 0 0
    outer loop
      vertex 5.543277195067719 -2.296100594190542 -13.5
      vertex 5.884711682419382 -1.1705419320967723 -13.5
      vertex 5.884711682419382 -1.1705419320967723 -12.000000000000002
    endloop
  endfacet
  facet normal 0 0 0
    outer loop
      vertex 5.543277195067719 -2.296100594190542 -13.5
      vertex 5.884711682419382 -1.1705419320967723 -12.000000000000002
      vertex 5.543277195067719 -2.296100594190542 -12.000000000000002
    endloop
  endfacet
  facet normal 0 0 0
    outer loop
      vertex 5.884711682419382 -1.1705419320967723 -13.5
      vertex 6 0 -13.5
      vertex 6 0 -12.000000000000002
    endloop
  endfacet
  facet normal 0 0 0
    outer loop
      vertex 5.884711682419382 -1.1705419320967723 -13.5
      vertex 6 0 -12.000000000000002
      vertex 5.884711682419382 -1.1705419320967723 -12.000000000000002
    endloop
  endfacet
  facet normal 0 0 0
    outer loop
      vertex 6 0 -12.000000000000002
      vertex 5.884711682419383 1.1705419320967696 -12.000000000000002
      vertex 5.884711682419383 1.1705419320967696 -10.499999999999998
    endloop
  endfacet
  facet normal 0 0 0
    outer loop
      vertex 6 0 -12.000000000000002
      vertex 5.884711682419383 1.1705419320967696 -10.499999999999998
      vertex 6 0 -10.499999999999998
    endloop
  endfacet
  facet normal 0 0 0
    outer loop
      vertex 5.884711682419383 1.1705419320967696 -12.000000000000002
      vertex 5.54327719506772 2.2961005941905386 -12.000000000000002
      vertex 5.54327719506772 2.2961005941905386 -10.499999999999998
    endloop
  endfacet
  facet normal 0 0 0
    outer loop
      vertex 5.884711682419383 1.1705419320967696 -12.000000000000002
      vertex 5.54327719506772 2.2961005941905386 -10.499999999999998
      vertex 5.884711682419383 1.1705419320967696 -10.499999999999998
    endloop
  endfacet
  facet normal 0 0 0
    outer loop
      vertex 5.54327719506772 2.2961005941905386 -12.000000000000002
      vertex 4.988817673815271 3.333421398117613 -12.000000000000002
      vertex 4.988817673815271 3.333421398117613 -10.499999999999998
    endloop
  endfacet
  facet normal 0 0 0
    outer loop
      vertex 5.54327719506772 2.2961005941905386 -12.000000000000002
      vertex 4.988817673815271 3.333421398117613 -10.499999999999998
      vertex 5.54327719506772 2.2961005941905386 -10.499999999999998
    endloop
  endfacet
  facet normal 0 0 0
    outer loop
      vertex 4.988817673815271 3.333421398117613 -12.000000000000002
      vertex 4.242640687119286 4.242640687119285 -12.000000000000002
      vertex 4.242640687119286 4.242640687119285 -10.499999999999998
    endloop
  endfacet
  facet normal 0 0 0
    outer loop
      vertex 4.988817673815271 3.333421398117613 -12.000000000000002
      vertex 4.242640687119286 4.242640687119285 -10.499999999999998
      vertex 4.988817673815271 3.333421398117613 -10.499999999999998
    endloop
  endfacet
  facet normal 0 0 0
    outer loop
      vertex 4.242640687119286 4.242640687119285 -12.000000000000002
      vertex 3.333421398117614 4.988817673815271 -12.000000000000002
      vertex 3.333421398117614 4.988817673815271 -10.499999999999998
    endloop
  endfacet
  facet normal 0 0 0
    outer loop
      vertex 4.242640687119286 4.242640687119285 -12.000000000000002
      vertex 3.333421398117614 4.988817673815271 -10.499999999999998
      vertex 4.242640687119286 4.242640687119285 -10.499999999999998
    endloop
  endfacet
  facet normal 0 0 0
    outer loop
      vertex 3.333421398117614 4.988817673815271 -12.000000000000002
      vertex 2.296100594190539 5.54327719506772 -12.000000000000002
      vertex 2.296100594190539 5.54327719506772 -10.499999999999998
    endloop
  endfacet
  facet normal 0 0 0
    outer loop
      vertex 3.333421398117614 4.988817673815271 -12.000000000000002
      vertex 2.296100594190539 5.54327719506772 -10.499999999999998
      vertex 3.333421398117614 4.988817673815271 -10.499999999999998
    endloop
  endfacet
  facet normal 0 0 0
    outer loop
      vertex 2.296100594190539 5.54327719506772 -12.000000000000002
      vertex 1.17054193209677 5.884711682419383 -12.000000000000002
      vertex 1.17054193209677 5.884711682419383 -10.499999999999998
    endloop
  endfacet
  facet normal 0 0 0
    outer loop
      vertex 2.296100594190539 5.54327719506772 -12.000000000000002
      vertex 1.17054193209677 5.884711682419383 -10.499999999999998
      vertex 2.296100594190539 5.54327719506772 -10.499999999999998
    endloop
  endfacet
  facet normal 0 0 0
    outer loop
      vertex 1.17054193209677 5.884711682419383 -12.000000000000002
      vertex 3.6739403974420594e-16 6 -12.000000000000002
      vertex 3.6739403974420594e-16 6 -10.499999999999998
    endloop
  endfacet
  facet normal 0 0 0
    outer loop
      vertex 1.17054193209677 5.884711682419383 -12.000000000000002
      vertex 3.6739403974420594e-16 6 -10.499999999999998
      vertex 1.17054193209677 5.884711682419383 -10.499999999999998
    endloop
  endfacet
  facet normal 0 0 0
    outer loop
      vertex 3.6739403974420594e-16 6 -12.000000000000002
      vertex -1.1705419320967692 5.884711682419383 -12.000000000000002
      vertex -1.1705419320967692 5.884711682419383 -10.499999999999998
    endloop
  endfacet
  facet normal 0 0 0
    outer loop
      vertex 3.6739403974420594e-16 6 -12.000000000000002
      vertex -1.1705419320967692 5.884711682419383 -10.499999999999998
      vertex 3.6739403974420594e-16 6 -10.499999999999998
    endloop
  endfacet
  facet normal 0 0 0
    outer loop
      vertex -1.1705419320967692 5.884711682419383 -12.000000000000002
      vertex -2.2961005941905386 5.54327719506772 -12.000000000000002
      vertex -2.2961005941905386 5.54327719506772 -10.499999999999998
    endloop
  endfacet
  facet normal 0 0 0
    outer loop
      vertex -1.1705419320967692 5.884711682419383 -12.000000000000002
      vertex -2.2961005941905386 5.54327719506772 -10.499999999999998
      vertex -1.1705419320967692 5.884711682419383 -10.499999999999998
    endloop
  endfacet
  facet normal 0 0 0
    outer loop
      vertex -2.2961005941905386 5.54327719506772 -12.000000000000002
      vertex -3.3334213981176117 4.988817673815272 -12.000000000000002
      vertex -3.3334213981176117 4.988817673815272 -10.499999999999998
    endloop
  endfacet
  facet normal 0 0 0
    outer loop
      vertex -2.2961005941905386 5.54327719506772 -12.000000000000002
      vertex -3.3334213981176117 4.988817673815272 -10.499999999999998
      vertex -2.2961005941905386 5.54327719506772 -10.499999999999998
    endloop
  endfacet
  facet normal 0 0 0
    outer loop
      vertex -3.3334213981176117 4.988817673815272 -12.000000000000002
      vertex -4.242640687119285 4.242640687119286 -12.000000000000002
      vertex -4.242640687119285 4.242640687119286 -10.499999999999998
    endloop
  endfacet
  facet normal 0 0 0
    outer loop
      vertex -3.3334213981176117 4.988817673815272 -12.000000000000002
      vertex -4.242640687119285 4.242640687119286 -10.499999999999998
      vertex -3.3334213981176117 4.988817673815272 -10.499999999999998
    endloop
  endfacet
  facet normal 0 0 0
    outer loop
      vertex -4.242640687119285 4.242640687119286 -12.000000000000002
      vertex -4.988817673815272 3.333421398117613 -12.000000000000002
      vertex -4.988817673815272 3.333421398117613 -10.499999999999998
    endloop
  endfacet
  facet normal 0 0 0
    outer loop
      vertex -4.242640687119285 4.242640687119286 -12.000000000000002
      vertex -4.988817673815272 3.333421398117613 -10.499999999999998
      vertex -4.242640687119285 4.242640687119286 -10.499999999999998
    endloop
  endfacet
  facet normal 0 0 0
    outer loop
      vertex -4.988817673815272 3.333421398117613 -12.000000000000002
      vertex -5.54327719506772 2.2961005941905395 -12.000000000000002
      vertex -5.54327719506772 2.2961005941905395 -10.499999999999998
    endloop
  endfacet
  facet normal 0 0 0
    outer loop
      vertex -4.988817673815272 3.333421398117613 -12.000000000000002
      vertex -5.54327719506772 2.2961005941905395 -10.499999999999998
      vertex -4.988817673815272 3.333421398117613 -10.499999999999998
    endloop
  endfacet
  facet normal 0 0 0
    outer loop
      vertex -5.54327719506772 2.2961005941905395 -12.000000000000002
      vertex -5.884711682419383 1.1705419320967716 -12.000000000000002
      vertex -5.884711682419383 1.1705419320967716 -10.499999999999998
    endloop
  endfacet
  facet normal 0 0 0
    outer loop
      vertex -5.54327719506772 2.2961005941905395 -12.000000000000002
      vertex -5.884711682419383 1.1705419320967716 -10.499999999999998
      vertex -5.54327719506772 2.2961005941905395 -10.499999999999998
    endloop
  endfacet
  facet normal 0 0 0
    outer loop
      vertex -5.884711682419383 1.1705419320967716 -12.000000000000002
      vertex -6 7.347880794884119e-16 -12.000000000000002
      vertex -6 7.347880794884119e-16 -10.499999999999998
    endloop
  endfacet
  facet normal 0 0 0
    outer loop
      vertex -5.884711682419383 1.1705419320967716 -12.000000000000002
      vertex -6 7.347880794884119e-16 -10.499999999999998
      vertex -5.884711682419383 1.1705419320967716 -10.499999999999998
    endloop
  endfacet
  facet normal 0 0 0
    outer loop
      vertex -6 7.347880794884119e-16 -12.000000000000002
      vertex -5.884711682419383 -1.17054193209677 -12.000000000000002
      vertex -5.884711682419383 -1.17054193209677 -10.499999999999998
    endloop
  endfacet
  facet normal 0 0 0
    outer loop
      vertex -6 7.347880794884119e-16 -12.000000000000002
      vertex -5.884711682419383 -1.17054193209677 -10.499999999999998
      vertex -6 7.347880794884119e-16 -10.499999999999998
    endloop
  endfacet
  facet normal 0 0 0
    outer loop
      vertex -5.884711682419383 -1.17054193209677 -12.000000000000002
      vertex -5.543277195067721 -2.2961005941905377 -12.000000000000002
      vertex -5.543277195067721 -2.2961005941905377 -10.499999999999998
    endloop
  endfacet
  facet normal 0 0 0
    outer loop
      vertex -5.884711682419383 -1.17054193209677 -12.000000000000002
      vertex -5.543277195067721 -2.2961005941905377 -10.499999999999998
      vertex -5.884711682419383 -1.17054193209677 -10.499999999999998
    endloop
  endfacet
  facet normal 0 0 0
    outer loop
      vertex -5.543277195067721 -2.2961005941905377 -12.000000000000002
      vertex -4.988817673815273 -3.3334213981176117 -12.000000000000002
      vertex -4.988817673815273 -3.3334213981176117 -10.499999999999998
    endloop
  endfacet
  facet normal 0 0 0
    outer loop
      vertex -5.543277195067721 -2.2961005941905377 -12.000000000000002
      vertex -4.988817673815273 -3.3334213981176117 -10.499999999999998
      vertex -5.543277195067721 -2.2961005941905377 -10.499999999999998
    endloop
  endfacet
  facet normal 0 0 0
    outer loop
      vertex -4.988817673815273 -3.3334213981176117 -12.000000000000002
      vertex -4.242640687119286 -4.242640687119285 -12.000000000000002
      vertex -4.242640687119286 -4.242640687119285 -10.499999999999998
    endloop
  endfacet
  facet normal 0 0 0
    outer loop
      vertex -4.988817673815273 -3.3334213981176117 -12.000000000000002
      vertex -4.242640687119286 -4.242640687119285 -10.499999999999998
      vertex -4.988817673815273 -3.3334213981176117 -10.499999999999998
    endloop
  endfacet
  facet normal 0 0 0
    outer loop
      vertex -4.242640687119286 -4.242640687119285 -12.000000000000002
      vertex -3.333421398117613 -4.988817673815271 -12.000000000000002
      vertex -3.333421398117613 -4.988817673815271 -10.499999999999998
    endloop
  endfacet
  facet normal 0 0 0
    outer loop
      vertex -4.242640687119286 -4.242640687119285 -12.000000000000002
      vertex -3.333421398117613 -4.988817673815271 -10.499999999999998
      vertex -4.242640687119286 -4.242640687119285 -10.499999999999998
    endloop
  endfacet
  facet normal 0 0 0
    outer loop
      vertex -3.333421398117613 -4.988817673815271 -12.000000000000002
      vertex -2.296100594190542 -5.543277195067719 -12.000000000000002
      vertex -2.296100594190542 -5.543277195067719 -10.499999999999998
    endloop
  endfacet
  facet normal 0 0 0
    outer loop
      vertex -3.333421398117613 -4.988817673815271 -12.000000000000002
      vertex -2.296100594190542 -5.543277195067719 -10.499999999999998
      vertex -3.333421398117613 -4.988817673815271 -10.499999999999998
    endloop
  endfacet
  facet normal 0 0 0
    outer loop
      vertex -2.296100594190542 -5.543277195067719 -12.000000000000002
      vertex -1.170541932096772 -5.884711682419382 -12.000000000000002
      vertex -1.170541932096772 -5.884711682419382 -10.499999999999998
    endloop
  endfacet
  facet normal 0 0 0
    outer loop
      vertex -2.296100594190542 -5.543277195067719 -12.000000000000002
      vertex -1.170541932096772 -5.884711682419382 -10.499999999999998
      vertex -2.296100594190542 -5.543277195067719 -10.499999999999998
    endloop
  endfacet
  facet normal 0 0 0
    outer loop
      vertex -1.170541932096772 -5.884711682419382 -12.000000000000002
      vertex -1.102182119232618e-15 -6 -12.000000000000002
      vertex -1.102182119232618e-15 -6 -10.499999999999998
    endloop
  endfacet
  facet normal 0 0 0
    outer loop
      vertex -1.170541932096772 -5.884711682419382 -12.000000000000002
      vertex -1.102182119232618e-15 -6 -10.499999999999998
      vertex -1.170541932096772 -5.884711682419382 -10.499999999999998
    endloop
  endfacet
  facet normal 0 0 0
    outer loop
      vertex -1.102182119232618e-15 -6 -12.000000000000002
      vertex 1.1705419320967698 -5.884711682419383 -12.000000000000002
      vertex 1.1705419320967698 -5.884711682419383 -10.499999999999998
    endloop
  endfacet
  facet normal 0 0 0
    outer loop
      vertex -1.102182119232618e-15 -6 -12.000000000000002
      vertex 1.1705419320967698 -5.884711682419383 -10.499999999999998
      vertex -1.102182119232618e-15 -6 -10.499999999999998
    endloop
  endfacet
  facet normal 0 0 0
    outer loop
      vertex 1.1705419320967698 -5.884711682419383 -12.000000000000002
      vertex 2.29610059419054 -5.54327719506772 -12.000000000000002
      vertex 2.29610059419054 -5.54327719506772 -10.499999999999998
    endloop
  endfacet
  facet normal 0 0 0
    outer loop
      vertex 1.1705419320967698 -5.884711682419383 -12.000000000000002
      vertex 2.29610059419054 -5.54327719506772 -10.499999999999998
      vertex 1.1705419320967698 -5.884711682419383 -10.499999999999998
    endloop
  endfacet
  facet normal 0 0 0
    outer loop
      vertex 2.29610059419054 -5.54327719506772 -12.000000000000002
      vertex 3.3334213981176113 -4.988817673815273 -12.000000000000002
      vertex 3.3334213981176113 -4.988817673815273 -10.499999999999998
    endloop
  endfacet
  facet normal 0 0 0
    outer loop
      vertex 2.29610059419054 -5.54327719506772 -12.000000000000002
      vertex 3.3334213981176113 -4.988817673815273 -10.499999999999998
      vertex 2.29610059419054 -5.54327719506772 -10.499999999999998
    endloop
  endfacet
  facet normal 0 0 0
    outer loop
      vertex 3.3334213981176113 -4.988817673815273 -12.000000000000002
      vertex 4.242640687119284 -4.242640687119286 -12.000000000000002
      vertex 4.242640687119284 -4.242640687119286 -10.499999999999998
    endloop
  endfacet
  facet normal 0 0 0
    outer loop
      vertex 3.3334213981176113 -4.988817673815273 -12.000000000000002
      vertex 4.242640687119284 -4.242640687119286 -10.499999999999998
      vertex 3.3334213981176113 -4.988817673815273 -10.499999999999998
    endloop
  endfacet
  facet normal 0 0 0
    outer loop
      vertex 4.242640687119284 -4.242640687119286 -12.000000000000002
      vertex 4.988817673815271 -3.333421398117613 -12.000000000000002
      vertex 4.988817673815271 -3.333421398117613 -10.499999999999998
    endloop
  endfacet
  facet normal 0 0 0
    outer loop
      vertex 4.242640687119284 -4.242640687119286 -12.000000000000002
      vertex 4.988817673815271 -3.333421398117613 -10.499999999999998
      vertex 4.242640687119284 -4.242640687119286 -10.499999999999998
    endloop
  endfacet
  facet normal 0 0 0
    outer loop
      vertex 4.988817673815271 -3.333421398117613 -12.000000000000002
      vertex 5.543277195067719 -2.296100594190542 -12.000000000000002
      vertex 5.543277195067719 -2.296100594190542 -10.499999999999998
    endloop
  endfacet
  facet normal 0 0 0
    outer loop
      vertex 4.988817673815271 -3.333421398117613 -12.000000000000002
      vertex 5.543277195067719 -2.296100594190542 -10.499999999999998
      vertex 4.988817673815271 -3.333421398117613 -10.499999999999998
    endloop
  endfacet
  facet normal 0 0 0
    outer loop
      vertex 5.543277195067719 -2.296100594190542 -12.000000000000002
      vertex 5.884711682419382 -1.1705419320967723 -12.000000000000002
      vertex 5.884711682419382 -1.1705419320967723 -10.499999999999998
    endloop
  endfacet
  facet normal 0 0 0
    outer loop
      vertex 5.543277195067719 -2.296100594190542 -12.000000000000002
      vertex 5.884711682419382 -1.1705419320967723 -10.499999999999998
      vertex 5.543277195067719 -2.296100594190542 -10.499999999999998
    endloop
  endfacet
  facet normal 0 0 0
    outer loop
      vertex 5.884711682419382 -1.1705419320967723 -12.000000000000002
      vertex 6 0 -12.000000000000002
      vertex 6 0 -10.499999999999998
    endloop
  endfacet
  facet normal 0 0 0
    outer loop
      vertex 5.884711682419382 -1.1705419320967723 -12.000000000000002
      vertex 6 0 -10.499999999999998
      vertex 5.884711682419382 -1.1705419320967723 -10.499999999999998
    endloop
  endfacet
  facet normal 0 0 0
    outer loop
      vertex 6 0 -10.499999999999998
      vertex 5.884711682419383 1.1705419320967696 -10.499999999999998
      vertex 13.730993925645226 2.7312645082257956 -9
    endloop
  endfacet
  facet normal 0 0 0
    outer loop
      vertex 6 0 -10.499999999999998
      vertex 13.730993925645226 2.7312645082257956 -9
      vertex 14 0 -9
    endloop
  endfacet
  facet normal 0 0 0
    outer loop
      vertex 5.884711682419383 1.1705419320967696 -10.499999999999998
      vertex 5.54327719506772 2.2961005941905386 -10.499999999999998
      vertex 12.934313455158014 5.357568053111257 -9
    endloop
  endfacet
  facet normal 0 0 0
    outer loop
      vertex 5.884711682419383 1.1705419320967696 -10.499999999999998
      vertex 12.934313455158014 5.357568053111257 -9
      vertex 13.730993925645226 2.7312645082257956 -9
    endloop
  endfacet
  facet normal 0 0 0
    outer loop
      vertex 5.54327719506772 2.2961005941905386 -10.499999999999998
      vertex 4.988817673815271 3.333421398117613 -10.499999999999998
      vertex 11.640574572235634 7.7779832622744305 -9
    endloop
  endfacet
  facet normal 0 0 0
    outer loop
      vertex 5.54327719506772 2.2961005941905386 -10.499999999999998
      vertex 11.640574572235634 7.7779832622744305 -9
      vertex 12.934313455158014 5.357568053111257 -9
    endloop
  endfacet
  facet normal 0 0 0
    outer loop
      vertex 4.988817673815271 3.333421398117613 -10.499999999999998
      vertex 4.242640687119286 4.242640687119285 -10.499999999999998
      vertex 9.899494936611665 9.899494936611664 -9
    endloop
  endfacet
  facet normal 0 0 0
    outer loop
      vertex 4.988817673815271 3.333421398117613 -10.499999999999998
      vertex 9.899494936611665 9.899494936611664 -9
      vertex 11.640574572235634 7.7779832622744305 -9
    endloop
  endfacet
  facet normal 0 0 0
    outer loop
      vertex 4.242640687119286 4.242640687119285 -10.499999999999998
      vertex 3.333421398117614 4.988817673815271 -10.499999999999998
      vertex 7.777983262274432 11.640574572235634 -9
    endloop
  endfacet
  facet normal 0 0 0
    outer loop
      vertex 4.242640687119286 4.242640687119285 -10.499999999999998
      vertex 7.777983262274432 11.640574572235634 -9
      vertex 9.899494936611665 9.899494936611664 -9
    endloop
  endfacet
  facet normal 0 0 0
    outer loop
      vertex 3.333421398117614 4.988817673815271 -10.499999999999998
      vertex 2.296100594190539 5.54327719506772 -10.499999999999998
      vertex 5.357568053111258 12.934313455158014 -9
    endloop
  endfacet
  facet normal 0 0 0
    outer loop
      vertex 3.333421398117614 4.988817673815271 -10.499999999999998
      vertex 5.357568053111258 12.934313455158014 -9
      vertex 7.777983262274432 11.640574572235634 -9
    endloop
  endfacet
  facet normal 0 0 0
    outer loop
      vertex 2.296100594190539 5.54327719506772 -10.499999999999998
      vertex 1.17054193209677 5.884711682419383 -10.499999999999998
      vertex 2.7312645082257965 13.730993925645226 -9
    endloop
  endfacet
  facet normal 0 0 0
    outer loop
      vertex 2.296100594190539 5.54327719506772 -10.499999999999998
      vertex 2.7312645082257965 13.730993925645226 -9
      vertex 5.357568053111258 12.934313455158014 -9
    endloop
  endfacet
  facet normal 0 0 0
    outer loop
      vertex 1.17054193209677 5.884711682419383 -10.499999999999998
      vertex 3.6739403974420594e-16 6 -10.499999999999998
      vertex 8.572527594031472e-16 14 -9
    endloop
  endfacet
  facet normal 0 0 0
    outer loop
      vertex 1.17054193209677 5.884711682419383 -10.499999999999998
      vertex 8.572527594031472e-16 14 -9
      vertex 2.7312645082257965 13.730993925645226 -9
    endloop
  endfacet
  facet normal 0 0 0
    outer loop
      vertex 3.6739403974420594e-16 6 -10.499999999999998
      vertex -1.1705419320967692 5.884711682419383 -10.499999999999998
      vertex -2.7312645082257947 13.730993925645226 -9
    endloop
  endfacet
  facet normal 0 0 0
    outer loop
      vertex 3.6739403974420594e-16 6 -10.499999999999998
      vertex -2.7312645082257947 13.730993925645226 -9
      vertex 8.572527594031472e-16 14 -9
    endloop
  endfacet
  facet normal 0 0 0
    outer loop
      vertex -1.1705419320967692 5.884711682419383 -10.499999999999998
      vertex -2.2961005941905386 5.54327719506772 -10.499999999999998
      vertex -5.357568053111256 12.934313455158014 -9
    endloop
  endfacet
  facet normal 0 0 0
    outer loop
      vertex -1.1705419320967692 5.884711682419383 -10.499999999999998
      vertex -5.357568053111256 12.934313455158014 -9
      vertex -2.7312645082257947 13.730993925645226 -9
    endloop
  endfacet
  facet normal 0 0 0
    outer loop
      vertex -2.2961005941905386 5.54327719506772 -10.499999999999998
      vertex -3.3334213981176117 4.988817673815272 -10.499999999999998
      vertex -7.777983262274427 11.640574572235636 -9
    endloop
  endfacet
  facet normal 0 0 0
    outer loop
      vertex -2.2961005941905386 5.54327719506772 -10.499999999999998
      vertex -7.777983262274427 11.640574572235636 -9
      vertex -5.357568053111256 12.934313455158014 -9
    endloop
  endfacet
  facet normal 0 0 0
    outer loop
      vertex -3.3334213981176117 4.988817673815272 -10.499999999999998
      vertex -4.242640687119285 4.242640687119286 -10.499999999999998
      vertex -9.899494936611664 9.899494936611665 -9
    endloop
  endfacet
  facet normal 0 0 0
    outer loop
      vertex -3.3334213981176117 4.988817673815272 -10.499999999999998
      vertex -9.899494936611664 9.899494936611665 -9
      vertex -7.777983262274427 11.640574572235636 -9
    endloop
  endfacet
  facet normal 0 0 0
    outer loop
      vertex -4.242640687119285 4.242640687119286 -10.499999999999998
      vertex -4.988817673815272 3.333421398117613 -10.499999999999998
      vertex -11.640574572235636 7.7779832622744305 -9
    endloop
  endfacet
  facet normal 0 0 0
    outer loop
      vertex -4.242640687119285 4.242640687119286 -10.499999999999998
      vertex -11.640574572235636 7.7779832622744305 -9
      vertex -9.899494936611664 9.899494936611665 -9
    endloop
  endfacet
  facet normal 0 0 0
    outer loop
      vertex -4.988817673815272 3.333421398117613 -10.499999999999998
      vertex -5.54327719506772 2.2961005941905395 -10.499999999999998
      vertex -12.934313455158014 5.357568053111258 -9
    endloop
  endfacet
  facet normal 0 0 0
    outer loop
      vertex -4.988817673815272 3.333421398117613 -10.499999999999998
      vertex -12.934313455158014 5.357568053111258 -9
      vertex -11.640574572235636 7.7779832622744305 -9
    endloop
  endfacet
  facet normal 0 0 0
    outer loop
      vertex -5.54327719506772 2.2961005941905395 -10.499999999999998
      vertex -5.884711682419383 1.1705419320967716 -10.499999999999998
      vertex -13.730993925645226 2.7312645082258005 -9
    endloop
  endfacet
  facet normal 0 0 0
    outer loop
      vertex -5.54327719506772 2.2961005941905395 -10.499999999999998
      vertex -13.730993925645226 2.7312645082258005 -9
      vertex -12.934313455158014 5.357568053111258 -9
    endloop
  endfacet
  facet normal 0 0 0
    outer loop
      vertex -5.884711682419383 1.1705419320967716 -10.499999999999998
      vertex -6 7.347880794884119e-16 -10.499999999999998
      vertex -14 1.7145055188062944e-15 -9
    endloop
  endfacet
  facet normal 0 0 0
    outer loop
      vertex -5.884711682419383 1.1705419320967716 -10.499999999999998
      vertex -14 1.7145055188062944e-15 -9
      vertex -13.730993925645226 2.7312645082258005 -9
    endloop
  endfacet
  facet normal 0 0 0
    outer loop
      vertex -6 7.347880794884119e-16 -10.499999999999998
      vertex -5.884711682419383 -1.17054193209677 -10.499999999999998
      vertex -13.730993925645226 -2.731264508225797 -9
    endloop
  endfacet
  facet normal 0 0 0
    outer loop
      vertex -6 7.347880794884119e-16 -10.499999999999998
      vertex -13.730993925645226 -2.731264508225797 -9
      vertex -14 1.7145055188062944e-15 -9
    endloop
  endfacet
  facet normal 0 0 0
    outer loop
      vertex -5.884711682419383 -1.17054193209677 -10.499999999999998
      vertex -5.543277195067721 -2.2961005941905377 -10.499999999999998
      vertex -12.934313455158016 -5.357568053111255 -9
    endloop
  endfacet
  facet normal 0 0 0
    outer loop
      vertex -5.884711682419383 -1.17054193209677 -10.499999999999998
      vertex -12.934313455158016 -5.357568053111255 -9
      vertex -13.730993925645226 -2.731264508225797 -9
    endloop
  endfacet
  facet normal 0 0 0
    outer loop
      vertex -5.543277195067721 -2.2961005941905377 -10.499999999999998
      vertex -4.988817673815273 -3.3334213981176117 -10.499999999999998
      vertex -11.640574572235636 -7.777983262274427 -9
    endloop
  endfacet
  facet normal 0 0 0
    outer loop
      vertex -5.543277195067721 -2.2961005941905377 -10.499999999999998
      vertex -11.640574572235636 -7.777983262274427 -9
      vertex -12.934313455158016 -5.357568053111255 -9
    endloop
  endfacet
  facet normal 0 0 0
    outer loop
      vertex -4.988817673815273 -3.3334213981176117 -10.499999999999998
      vertex -4.242640687119286 -4.242640687119285 -10.499999999999998
      vertex -9.899494936611667 -9.899494936611664 -9
    endloop
  endfacet
  facet normal 0 0 0
    outer loop
      vertex -4.988817673815273 -3.3334213981176117 -10.499999999999998
      vertex -9.899494936611667 -9.899494936611664 -9
      vertex -11.640574572235636 -7.777983262274427 -9
    endloop
  endfacet
  facet normal 0 0 0
    outer loop
      vertex -4.242640687119286 -4.242640687119285 -10.499999999999998
      vertex -3.333421398117613 -4.988817673815271 -10.499999999999998
      vertex -7.7779832622744305 -11.640574572235634 -9
    endloop
  endfacet
  facet normal 0 0 0
    outer loop
      vertex -4.242640687119286 -4.242640687119285 -10.499999999999998
      vertex -7.7779832622744305 -11.640574572235634 -9
      vertex -9.899494936611667 -9.899494936611664 -9
    endloop
  endfacet
  facet normal 0 0 0
    outer loop
      vertex -3.333421398117613 -4.988817673815271 -10.499999999999998
      vertex -2.296100594190542 -5.543277195067719 -10.499999999999998
      vertex -5.357568053111264 -12.934313455158012 -9
    endloop
  endfacet
  facet normal 0 0 0
    outer loop
      vertex -3.333421398117613 -4.988817673815271 -10.499999999999998
      vertex -5.357568053111264 -12.934313455158012 -9
      vertex -7.7779832622744305 -11.640574572235634 -9
    endloop
  endfacet
  facet normal 0 0 0
    outer loop
      vertex -2.296100594190542 -5.543277195067719 -10.499999999999998
      vertex -1.170541932096772 -5.884711682419382 -10.499999999999998
      vertex -2.7312645082258014 -13.730993925645224 -9
    endloop
  endfacet
  facet normal 0 0 0
    outer loop
      vertex -2.296100594190542 -5.543277195067719 -10.499999999999998
      vertex -2.7312645082258014 -13.730993925645224 -9
      vertex -5.357568053111264 -12.934313455158012 -9
    endloop
  endfacet
  facet normal 0 0 0
    outer loop
      vertex -1.170541932096772 -5.884711682419382 -10.499999999999998
      vertex -1.102182119232618e-15 -6 -10.499999999999998
      vertex -2.5717582782094417e-15 -14 -9
    endloop
  endfacet
  facet normal 0 0 0
    outer loop
      vertex -1.170541932096772 -5.884711682419382 -10.499999999999998
      vertex -2.5717582782094417e-15 -14 -9
      vertex -2.7312645082258014 -13.730993925645224 -9
    endloop
  endfacet
  facet normal 0 0 0
    outer loop
      vertex -1.102182119232618e-15 -6 -10.499999999999998
      vertex 1.1705419320967698 -5.884711682419383 -10.499999999999998
      vertex 2.731264508225796 -13.730993925645226 -9
    endloop
  endfacet
  facet normal 0 0 0
    outer loop
      vertex -1.102182119232618e-15 -6 -10.499999999999998
      vertex 2.731264508225796 -13.730993925645226 -9
      vertex -2.5717582782094417e-15 -14 -9
    endloop
  endfacet
  facet normal 0 0 0
    outer loop
      vertex 1.1705419320967698 -5.884711682419383 -10.499999999999998
      vertex 2.29610059419054 -5.54327719506772 -10.499999999999998
      vertex 5.35756805311126 -12.934313455158012 -9
    endloop
  endfacet
  facet normal 0 0 0
    outer loop
      vertex 1.1705419320967698 -5.884711682419383 -10.499999999999998
      vertex 5.35756805311126 -12.934313455158012 -9
      vertex 2.731264508225796 -13.730993925645226 -9
    endloop
  endfacet
  facet normal 0 0 0
    outer loop
      vertex 2.29610059419054 -5.54327719506772 -10.499999999999998
      vertex 3.3334213981176113 -4.988817673815273 -10.499999999999998
      vertex 7.777983262274426 -11.640574572235636 -9
    endloop
  endfacet
  facet normal 0 0 0
    outer loop
      vertex 2.29610059419054 -5.54327719506772 -10.499999999999998
      vertex 7.777983262274426 -11.640574572235636 -9
      vertex 5.35756805311126 -12.934313455158012 -9
    endloop
  endfacet
  facet normal 0 0 0
    outer loop
      vertex 3.3334213981176113 -4.988817673815273 -10.499999999999998
      vertex 4.242640687119284 -4.242640687119286 -10.499999999999998
      vertex 9.899494936611664 -9.899494936611667 -9
    endloop
  endfacet
  facet normal 0 0 0
    outer loop
      vertex 3.3334213981176113 -4.988817673815273 -10.499999999999998
      vertex 9.899494936611664 -9.899494936611667 -9
      vertex 7.777983262274426 -11.640574572235636 -9
    endloop
  endfacet
  facet normal 0 0 0
    outer loop
      vertex 4.242640687119284 -4.242640687119286 -10.499999999999998
      vertex 4.988817673815271 -3.333421398117613 -10.499999999999998
      vertex 11.640574572235634 -7.7779832622744305 -9
    endloop
  endfacet
  facet normal 0 0 0
    outer loop
      vertex 4.242640687119284 -4.242640687119286 -10.499999999999998
      vertex 11.640574572235634 -7.7779832622744305 -9
      vertex 9.899494936611664 -9.899494936611667 -9
    endloop
  endfacet
  facet normal 0 0 0
    outer loop
      vertex 4.988817673815271 -3.333421398117613 -10.499999999999998
      vertex 5.543277195067719 -2.296100594190542 -10.499999999999998
      vertex 12.934313455158012 -5.357568053111265 -9
    endloop
  endfacet
  facet normal 0 0 0
    outer loop
      vertex 4.988817673815271 -3.333421398117613 -10.499999999999998
      vertex 12.934313455158012 -5.357568053111265 -9
      vertex 11.640574572235634 -7.7779832622744305 -9
    endloop
  endfacet
  facet normal 0 0 0
    outer loop
      vertex 5.543277195067719 -2.296100594190542 -10.499999999999998
      vertex 5.884711682419382 -1.1705419320967723 -10.499999999999998
      vertex 13.730993925645224 -2.7312645082258022 -9
    endloop
  endfacet
  facet normal 0 0 0
    outer loop
      vertex 5.543277195067719 -2.296100594190542 -10.499999999999998
      vertex 13.730993925645224 -2.7312645082258022 -9
      vertex 12.934313455158012 -5.357568053111265 -9
    endloop
  endfacet
  facet normal 0 0 0
    outer loop
      vertex 5.884711682419382 -1.1705419320967723 -10.499999999999998
      vertex 6 0 -10.499999999999998
      vertex 14 0 -9
    endloop
  endfacet
  facet normal 0 0 0
    outer loop
      vertex 5.884711682419382 -1.1705419320967723 -10.499999999999998
      vertex 14 0 -9
      vertex 13.730993925645224 -2.7312645082258022 -9
    endloop
  endfacet
  facet normal 0 0 0
    outer loop
      vertex 14 0 -9
      vertex 13.730993925645226 2.7312645082257956 -9
      vertex 13.730993925645226 2.7312645082257956 -7.499999999999999
    endloop
  endfacet
  facet normal 0 0 0
    outer loop
      vertex 14 0 -9
      vertex 13.730993925645226 2.7312645082257956 -7.499999999999999
      vertex 14 0 -7.499999999999999
    endloop
  endfacet
  facet normal 0 0 0
    outer loop
      vertex 13.730993925645226 2.7312645082257956 -9
      vertex 12.934313455158014 5.357568053111257 -9
      vertex 12.934313455158014 5.357568053111257 -7.499999999999999
    endloop
  endfacet
  facet normal 0 0 0
    outer loop
      vertex 13.730993925645226 2.7312645082257956 -9
      vertex 12.934313455158014 5.357568053111257 -7.499999999999999
      vertex 13.730993925645226 2.7312645082257956 -7.499999999999999
    endloop
  endfacet
  facet normal 0 0 0
    outer loop
      vertex 12.934313455158014 5.357568053111257 -9
      vertex 11.640574572235634 7.7779832622744305 -9
      vertex 11.640574572235634 7.7779832622744305 -7.499999999999999
    endloop
  endfacet
  facet normal 0 0 0
    outer loop
      vertex 12.934313455158014 5.357568053111257 -9
      vertex 11.640574572235634 7.7779832622744305 -7.499999999999999
      vertex 12.934313455158014 5.357568053111257 -7.499999999999999
    endloop
  endfacet
  facet normal 0 0 0
    outer loop
      vertex 11.640574572235634 7.7779832622744305 -9
      vertex 9.899494936611665 9.899494936611664 -9
      vertex 9.899494936611665 9.899494936611664 -7.499999999999999
    endloop
  endfacet
  facet normal 0 0 0
    outer loop
      vertex 11.640574572235634 7.7779832622744305 -9
      vertex 9.899494936611665 9.899494936611664 -7.499999999999999
      vertex 11.640574572235634 7.7779832622744305 -7.499999999999999
    endloop
  endfacet
  facet normal 0 0 0
    outer loop
      vertex 9.899494936611665 9.899494936611664 -9
      vertex 7.777983262274432 11.640574572235634 -9
      vertex 7.777983262274432 11.640574572235634 -7.499999999999999
    endloop
  endfacet
  facet normal 0 0 0
    outer loop
      vertex 9.899494936611665 9.899494936611664 -9
      vertex 7.777983262274432 11.640574572235634 -7.499999999999999
      vertex 9.899494936611665 9.899494936611664 -7.499999999999999
    endloop
  endfacet
  facet normal 0 0 0
    outer loop
      vertex 7.777983262274432 11.640574572235634 -9
      vertex 5.357568053111258 12.934313455158014 -9
      vertex 5.357568053111258 12.934313455158014 -7.499999999999999
    endloop
  endfacet
  facet normal 0 0 0
    outer loop
      vertex 7.777983262274432 11.640574572235634 -9
      vertex 5.357568053111258 12.934313455158014 -7.499999999999999
      vertex 7.777983262274432 11.640574572235634 -7.499999999999999
    endloop
  endfacet
  facet normal 0 0 0
    outer loop
      vertex 5.357568053111258 12.934313455158014 -9
      vertex 2.7312645082257965 13.730993925645226 -9
      vertex 2.7312645082257965 13.730993925645226 -7.499999999999999
    endloop
  endfacet
  facet normal 0 0 0
    outer loop
      vertex 5.357568053111258 12.934313455158014 -9
      vertex 2.7312645082257965 13.730993925645226 -7.499999999999999
      vertex 5.357568053111258 12.934313455158014 -7.499999999999999
    endloop
  endfacet
  facet normal 0 0 0
    outer loop
      vertex 2.7312645082257965 13.730993925645226 -9
      vertex 8.572527594031472e-16 14 -9
      vertex 8.572527594031472e-16 14 -7.499999999999999
    endloop
  endfacet
  facet normal 0 0 0
    outer loop
      vertex 2.7312645082257965 13.730993925645226 -9
      vertex 8.572527594031472e-16 14 -7.499999999999999
      vertex 2.7312645082257965 13.730993925645226 -7.499999999999999
    endloop
  endfacet
  facet normal 0 0 0
    outer loop
      vertex 8.572527594031472e-16 14 -9
      vertex -2.7312645082257947 13.730993925645226 -9
      vertex -2.7312645082257947 13.730993925645226 -7.499999999999999
    endloop
  endfacet
  facet normal 0 0 0
    outer loop
      vertex 8.572527594031472e-16 14 -9
      vertex -2.7312645082257947 13.730993925645226 -7.499999999999999
      vertex 8.572527594031472e-16 14 -7.499999999999999
    endloop
  endfacet
  facet normal 0 0 0
    outer loop
      vertex -2.7312645082257947 13.730993925645226 -9
      vertex -5.357568053111256 12.934313455158014 -9
      vertex -5.357568053111256 12.934313455158014 -7.499999999999999
    endloop
  endfacet
  facet normal 0 0 0
    outer loop
      vertex -2.7312645082257947 13.730993925645226 -9
      vertex -5.357568053111256 12.934313455158014 -7.499999999999999
      vertex -2.7312645082257947 13.730993925645226 -7.499999999999999
    endloop
  endfacet
  facet normal 0 0 0
    outer loop
      vertex -5.357568053111256 12.934313455158014 -9
      vertex -7.777983262274427 11.640574572235636 -9
      vertex -7.777983262274427 11.640574572235636 -7.499999999999999
    endloop
  endfacet
  facet normal 0 0 0
    outer loop
      vertex -5.357568053111256 12.934313455158014 -9
      vertex -7.777983262274427 11.640574572235636 -7.499999999999999
      vertex -5.357568053111256 12.934313455158014 -7.499999999999999
    endloop
  endfacet
  facet normal 0 0 0
    outer loop
      vertex -7.777983262274427 11.640574572235636 -9
      vertex -9.899494936611664 9.899494936611665 -9
      vertex -9.899494936611664 9.899494936611665 -7.499999999999999
    endloop
  endfacet
  facet normal 0 0 0
    outer loop
      vertex -7.777983262274427 11.640574572235636 -9
      vertex -9.899494936611664 9.899494936611665 -7.499999999999999
      vertex -7.777983262274427 11.640574572235636 -7.499999999999999
    endloop
  endfacet
  facet normal 0 0 0
    outer loop
      vertex -9.899494936611664 9.899494936611665 -9
      vertex -11.640574572235636 7.7779832622744305 -9
      vertex -11.640574572235636 7.7779832622744305 -7.499999999999999
    endloop
  endfacet
  facet normal 0 0 0
    outer loop
      vertex -9.899494936611664 9.899494936611665 -9
      vertex -11.640574572235636 7.7779832622744305 -7.499999999999999
      vertex -9.899494936611664 9.899494936611665 -7.499999999999999
    endloop
  endfacet
  facet normal 0 0 0
    outer loop
      vertex -11.640574572235636 7.7779832622744305 -9
      vertex -12.934313455158014 5.357568053111258 -9
      vertex -12.934313455158014 5.357568053111258 -7.499999999999999
    endloop
  endfacet
  facet normal 0 0 0
    outer loop
      vertex -11.640574572235636 7.7779832622744305 -9
      vertex -12.934313455158014 5.357568053111258 -7.499999999999999
      vertex -11.640574572235636 7.7779832622744305 -7.499999999999999
    endloop
  endfacet
  facet normal 0 0 0
    outer loop
      vertex -12.934313455158014 5.357568053111258 -9
      vertex -13.730993925645226 2.7312645082258005 -9
      vertex -13.730993925645226 2.7312645082258005 -7.499999999999999
    endloop
  endfacet
  facet normal 0 0 0
    outer loop
      vertex -12.934313455158014 5.357568053111258 -9
      vertex -13.730993925645226 2.7312645082258005 -7.499999999999999
      vertex -12.934313455158014 5.357568053111258 -7.499999999999999
    endloop
  endfacet
  facet normal 0 0 0
    outer loop
      vertex -13.730993925645226 2.7312645082258005 -9
      vertex -14 1.7145055188062944e-15 -9
      vertex -14 1.7145055188062944e-15 -7.499999999999999
    endloop
  endfacet
  facet normal 0 0 0
    outer loop
      vertex -13.730993925645226 2.7312645082258005 -9
      vertex -14 1.7145055188062944e-15 -7.499999999999999
      vertex -13.730993925645226 2.7312645082258005 -7.499999999999999
    endloop
  endfacet
  facet normal 0 0 0
    outer loop
      vertex -14 1.7145055188062944e-15 -9
      vertex -13.730993925645226 -2.731264508225797 -9
      vertex -13.730993925645226 -2.731264508225797 -7.499999999999999
    endloop
  endfacet
  facet normal 0 0 0
    outer loop
      vertex -14 1.7145055188062944e-15 -9
      vertex -13.730993925645226 -2.731264508225797 -7.499999999999999
      vertex -14 1.7145055188062944e-15 -7.499999999999999
    endloop
  endfacet
  facet normal 0 0 0
    outer loop
      vertex -13.730993925645226 -2.731264508225797 -9
      vertex -12.934313455158016 -5.357568053111255 -9
      vertex -12.934313455158016 -5.357568053111255 -7.499999999999999
    endloop
  endfacet
  facet normal 0 0 0
    outer loop
      vertex -13.730993925645226 -2.731264508225797 -9
      vertex -12.934313455158016 -5.357568053111255 -7.499999999999999
      vertex -13.730993925645226 -2.731264508225797 -7.499999999999999
    endloop
  endfacet
  facet normal 0 0 0
    outer loop
      vertex -12.934313455158016 -5.357568053111255 -9
      vertex -11.640574572235636 -7.777983262274427 -9
      vertex -11.640574572235636 -7.777983262274427 -7.499999999999999
    endloop
  endfacet
  facet normal 0 0 0
    outer loop
      vertex -12.934313455158016 -5.357568053111255 -9
      vertex -11.640574572235636 -7.777983262274427 -7.499999999999999
      vertex -12.934313455158016 -5.357568053111255 -7.499999999999999
    endloop
  endfacet
  facet normal 0 0 0
    outer loop
      vertex -11.640574572235636 -7.777983262274427 -9
      vertex -9.899494936611667 -9.899494936611664 -9
      vertex -9.899494936611667 -9.899494936611664 -7.499999999999999
    endloop
  endfacet
  facet normal 0 0 0
    outer loop
      vertex -11.640574572235636 -7.777983262274427 -9
      vertex -9.899494936611667 -9.899494936611664 -7.499999999999999
      vertex -11.640574572235636 -7.777983262274427 -7.499999999999999
    endloop
  endfacet
  facet normal 0 0 0
    outer loop
      vertex -9.899494936611667 -9.899494936611664 -9
      vertex -7.7779832622744305 -11.640574572235634 -9
      vertex -7.7779832622744305 -11.640574572235634 -7.499999999999999
    endloop
  endfacet
  facet normal 0 0 0
    outer loop
      vertex -9.899494936611667 -9.899494936611664 -9
      vertex -7.7779832622744305 -11.640574572235634 -7.499999999999999
      vertex -9.899494936611667 -9.899494936611664 -7.499999999999999
    endloop
  endfacet
  facet normal 0 0 0
    outer loop
      vertex -7.7779832622744305 -11.640574572235634 -9
      vertex -5.357568053111264 -12.934313455158012 -9
      vertex -5.357568053111264 -12.934313455158012 -7.499999999999999
    endloop
  endfacet
  facet normal 0 0 0
    outer loop
      vertex -7.7779832622744305 -11.640574572235634 -9
      vertex -5.357568053111264 -12.934313455158012 -7.499999999999999
      vertex -7.7779832622744305 -11.640574572235634 -7.499999999999999
    endloop
  endfacet
  facet normal 0 0 0
    outer loop
      vertex -5.357568053111264 -12.934313455158012 -9
      vertex -2.7312645082258014 -13.730993925645224 -9
      vertex -2.7312645082258014 -13.730993925645224 -7.499999999999999
    endloop
  endfacet
  facet normal 0 0 0
    outer loop
      vertex -5.357568053111264 -12.934313455158012 -9
      vertex -2.7312645082258014 -13.730993925645224 -7.499999999999999
      vertex -5.357568053111264 -12.934313455158012 -7.499999999999999
    endloop
  endfacet
  facet normal 0 0 0
    outer loop
      vertex -2.7312645082258014 -13.730993925645224 -9
      vertex -2.5717582782094417e-15 -14 -9
      vertex -2.5717582782094417e-15 -14 -7.499999999999999
    endloop
  endfacet
  facet normal 0 0 0
    outer loop
      vertex -2.7312645082258014 -13.730993925645224 -9
      vertex -2.5717582782094417e-15 -14 -7.499999999999999
      vertex -2.7312645082258014 -13.730993925645224 -7.499999999999999
    endloop
  endfacet
  facet normal 0 0 0
    outer loop
      vertex -2.5717582782094417e-15 -14 -9
      vertex 2.731264508225796 -13.730993925645226 -9
      vertex 2.731264508225796 -13.730993925645226 -7.499999999999999
    endloop
  endfacet
  facet normal 0 0 0
    outer loop
      vertex -2.5717582782094417e-15 -14 -9
      vertex 2.731264508225796 -13.730993925645226 -7.499999999999999
      vertex -2.5717582782094417e-15 -14 -7.499999999999999
    endloop
  endfacet
  facet normal 0 0 0
    outer loop
      vertex 2.731264508225796 -13.730993925645226 -9
      vertex 5.35756805311126 -12.934313455158012 -9
      vertex 5.35756805311126 -12.934313455158012 -7.499999999999999
    endloop
  endfacet
  facet normal 0 0 0
    outer loop
      vertex 2.731264508225796 -13.730993925645226 -9
      vertex 5.35756805311126 -12.934313455158012 -7.499999999999999
      vertex 2.731264508225796 -13.730993925645226 -7.499999999999999
    endloop
  endfacet
  facet normal 0 0 0
    outer loop
      vertex 5.35756805311126 -12.934313455158012 -9
      vertex 7.777983262274426 -11.640574572235636 -9
      vertex 7.777983262274426 -11.640574572235636 -7.499999999999999
    endloop
  endfacet
  facet normal 0 0 0
    outer loop
      vertex 5.35756805311126 -12.934313455158012 -9
      vertex 7.777983262274426 -11.640574572235636 -7.499999999999999
      vertex 5.35756805311126 -12.934313455158012 -7.499999999999999
    endloop
  endfacet
  facet normal 0 0 0
    outer loop
      vertex 7.777983262274426 -11.640574572235636 -9
      vertex 9.899494936611664 -9.899494936611667 -9
      vertex 9.899494936611664 -9.899494936611667 -7.499999999999999
    endloop
  endfacet
  facet normal 0 0 0
    outer loop
      vertex 7.777983262274426 -11.640574572235636 -9
      vertex 9.899494936611664 -9.899494936611667 -7.499999999999999
      vertex 7.777983262274426 -11.640574572235636 -7.499999999999999
    endloop
  endfacet
  facet normal 0 0 0
    outer loop
      vertex 9.899494936611664 -9.899494936611667 -9
      vertex 11.640574572235634 -7.7779832622744305 -9
      vertex 11.640574572235634 -7.7779832622744305 -7.499999999999999
    endloop
  endfacet
  facet normal 0 0 0
    outer loop
      vertex 9.899494936611664 -9.899494936611667 -9
      vertex 11.640574572235634 -7.7779832622744305 -7.499999999999999
      vertex 9.899494936611664 -9.899494936611667 -7.499999999999999
    endloop
  endfacet
  facet normal 0 0 0
    outer loop
      vertex 11.640574572235634 -7.7779832622744305 -9
      vertex 12.934313455158012 -5.357568053111265 -9
      vertex 12.934313455158012 -5.357568053111265 -7.499999999999999
    endloop
  endfacet
  facet normal 0 0 0
    outer loop
      vertex 11.640574572235634 -7.7779832622744305 -9
      vertex 12.934313455158012 -5.357568053111265 -7.499999999999999
      vertex 11.640574572235634 -7.7779832622744305 -7.499999999999999
    endloop
  endfacet
  facet normal 0 0 0
    outer loop
      vertex 12.934313455158012 -5.357568053111265 -9
      vertex 13.730993925645224 -2.7312645082258022 -9
      vertex 13.730993925645224 -2.7312645082258022 -7.499999999999999
    endloop
  endfacet
  facet normal 0 0 0
    outer loop
      vertex 12.934313455158012 -5.357568053111265 -9
      vertex 13.730993925645224 -2.7312645082258022 -7.499999999999999
      vertex 12.934313455158012 -5.357568053111265 -7.499999999999999
    endloop
  endfacet
  facet normal 0 0 0
    outer loop
      vertex 13.730993925645224 -2.7312645082258022 -9
      vertex 14 0 -9
      vertex 14 0 -7.499999999999999
    endloop
  endfacet
  facet normal 0 0 0
    outer loop
      vertex 13.730993925645224 -2.7312645082258022 -9
      vertex 14 0 -7.499999999999999
      vertex 13.730993925645224 -2.7312645082258022 -7.499999999999999
    endloop
  endfacet
  facet normal 0 0 0
    outer loop
      vertex 14 0 -7.499999999999999
      vertex 13.730993925645226 2.7312645082257956 -7.499999999999999
      vertex 13.730993925645226 2.7312645082257956 -6.000000000000001
    endloop
  endfacet
  facet normal 0 0 0
    outer loop
      vertex 14 0 -7.499999999999999
      vertex 13.730993925645226 2.7312645082257956 -6.000000000000001
      vertex 14 0 -6.000000000000001
    endloop
  endfacet
  facet normal 0 0 0
    outer loop
      vertex 13.730993925645226 2.7312645082257956 -7.499999999999999
      vertex 12.934313455158014 5.357568053111257 -7.499999999999999
      vertex 12.934313455158014 5.357568053111257 -6.000000000000001
    endloop
  endfacet
  facet normal 0 0 0
    outer loop
      vertex 13.730993925645226 2.7312645082257956 -7.499999999999999
      vertex 12.934313455158014 5.357568053111257 -6.000000000000001
      vertex 13.730993925645226 2.7312645082257956 -6.000000000000001
    endloop
  endfacet
  facet normal 0 0 0
    outer loop
      vertex 12.934313455158014 5.357568053111257 -7.499999999999999
      vertex 11.640574572235634 7.7779832622744305 -7.499999999999999
      vertex 11.640574572235634 7.7779832622744305 -6.000000000000001
    endloop
  endfacet
  facet normal 0 0 0
    outer loop
      vertex 12.934313455158014 5.357568053111257 -7.499999999999999
      vertex 11.640574572235634 7.7779832622744305 -6.000000000000001
      vertex 12.934313455158014 5.357568053111257 -6.000000000000001
    endloop
  endfacet
  facet normal 0 0 0
    outer loop
      vertex 11.640574572235634 7.7779832622744305 -7.499999999999999
      vertex 9.899494936611665 9.899494936611664 -7.499999999999999
      vertex 9.899494936611665 9.899494936611664 -6.000000000000001
    endloop
  endfacet
  facet normal 0 0 0
    outer loop
      vertex 11.640574572235634 7.7779832622744305 -7.499999999999999
      vertex 9.899494936611665 9.899494936611664 -6.000000000000001
      vertex 11.640574572235634 7.7779832622744305 -6.000000000000001
    endloop
  endfacet
  facet normal 0 0 0
    outer loop
      vertex 9.899494936611665 9.899494936611664 -7.499999999999999
      vertex 7.777983262274432 11.640574572235634 -7.499999999999999
      vertex 7.777983262274432 11.640574572235634 -6.000000000000001
    endloop
  endfacet
  facet normal 0 0 0
    outer loop
      vertex 9.899494936611665 9.899494936611664 -7.499999999999999
      vertex 7.777983262274432 11.640574572235634 -6.000000000000001
      vertex 9.899494936611665 9.899494936611664 -6.000000000000001
    endloop
  endfacet
  facet normal 0 0 0
    outer loop
      vertex 7.777983262274432 11.640574572235634 -7.499999999999999
      vertex 5.357568053111258 12.934313455158014 -7.499999999999999
      vertex 5.357568053111258 12.934313455158014 -6.000000000000001
    endloop
  endfacet
  facet normal 0 0 0
    outer loop
      vertex 7.777983262274432 11.640574572235634 -7.499999999999999
      vertex 5.357568053111258 12.934313455158014 -6.000000000000001
      vertex 7.777983262274432 11.640574572235634 -6.000000000000001
    endloop
  endfacet
  facet normal 0 0 0
    outer loop
      vertex 5.357568053111258 12.934313455158014 -7.499999999999999
      vertex 2.7312645082257965 13.730993925645226 -7.499999999999999
      vertex 2.7312645082257965 13.730993925645226 -6.000000000000001
    endloop
  endfacet
  facet normal 0 0 0
    outer loop
      vertex 5.357568053111258 12.934313455158014 -7.499999999999999
      vertex 2.7312645082257965 13.730993925645226 -6.000000000000001
      vertex 5.357568053111258 12.934313455158014 -6.000000000000001
    endloop
  endfacet
  facet normal 0 0 0
    outer loop
      vertex 2.7312645082257965 13.730993925645226 -7.499999999999999
      vertex 8.572527594031472e-16 14 -7.499999999999999
      vertex 8.572527594031472e-16 14 -6.000000000000001
    endloop
  endfacet
  facet normal 0 0 0
    outer loop
      vertex 2.7312645082257965 13.730993925645226 -7.499999999999999
      vertex 8.572527594031472e-16 14 -6.000000000000001
      vertex 2.7312645082257965 13.730993925645226 -6.000000000000001
    endloop
  endfacet
  facet normal 0 0 0
    outer loop
      vertex 8.572527594031472e-16 14 -7.499999999999999
      vertex -2.7312645082257947 13.730993925645226 -7.499999999999999
      vertex -2.7312645082257947 13.730993925645226 -6.000000000000001
    endloop
  endfacet
  facet normal 0 0 0
    outer loop
      vertex 8.572527594031472e-16 14 -7.499999999999999
      vertex -2.7312645082257947 13.730993925645226 -6.000000000000001
      vertex 8.572527594031472e-16 14 -6.000000000000001
    endloop
  endfacet
  facet normal 0 0 0
    outer loop
      vertex -2.7312645082257947 13.730993925645226 -7.499999999999999
      vertex -5.357568053111256 12.934313455158014 -7.499999999999999
      vertex -5.357568053111256 12.934313455158014 -6.000000000000001
    endloop
  endfacet
  facet normal 0 0 0
    outer loop
      vertex -2.7312645082257947 13.730993925645226 -7.499999999999999
      vertex -5.357568053111256 12.934313455158014 -6.000000000000001
      vertex -2.7312645082257947 13.730993925645226 -6.000000000000001
    endloop
  endfacet
  facet normal 0 0 0
    outer loop
      vertex -5.357568053111256 12.934313455158014 -7.499999999999999
      vertex -7.777983262274427 11.640574572235636 -7.499999999999999
      vertex -7.777983262274427 11.640574572235636 -6.000000000000001
    endloop
  endfacet
  facet normal 0 0 0
    outer loop
      vertex -5.357568053111256 12.934313455158014 -7.499999999999999
      vertex -7.777983262274427 11.640574572235636 -6.000000000000001
      vertex -5.357568053111256 12.934313455158014 -6.000000000000001
    endloop
  endfacet
  facet normal 0 0 0
    outer loop
      vertex -7.777983262274427 11.640574572235636 -7.499999999999999
      vertex -9.899494936611664 9.899494936611665 -7.499999999999999
      vertex -9.899494936611664 9.899494936611665 -6.000000000000001
    endloop
  endfacet
  facet normal 0 0 0
    outer loop
      vertex -7.777983262274427 11.640574572235636 -7.499999999999999
      vertex -9.899494936611664 9.899494936611665 -6.000000000000001
      vertex -7.777983262274427 11.640574572235636 -6.000000000000001
    endloop
  endfacet
  facet normal 0 0 0
    outer loop
      vertex -9.899494936611664 9.899494936611665 -7.499999999999999
      vertex -11.640574572235636 7.7779832622744305 -7.499999999999999
      vertex -11.640574572235636 7.7779832622744305 -6.000000000000001
    endloop
  endfacet
  facet normal 0 0 0
    outer loop
      vertex -9.899494936611664 9.899494936611665 -7.499999999999999
      vertex -11.640574572235636 7.7779832622744305 -6.000000000000001
      vertex -9.899494936611664 9.899494936611665 -6.000000000000001
    endloop
  endfacet
  facet normal 0 0 0
    outer loop
      vertex -11.640574572235636 7.7779832622744305 -7.499999999999999
      vertex -12.934313455158014 5.357568053111258 -7.499999999999999
      vertex -12.934313455158014 5.357568053111258 -6.000000000000001
    endloop
  endfacet
  facet normal 0 0 0
    outer loop
      vertex -11.640574572235636 7.7779832622744305 -7.499999999999999
      vertex -12.934313455158014 5.357568053111258 -6.000000000000001
      vertex -11.640574572235636 7.7779832622744305 -6.000000000000001
    endloop
  endfacet
  facet normal 0 0 0
    outer loop
      vertex -12.934313455158014 5.357568053111258 -7.499999999999999
      vertex -13.730993925645226 2.7312645082258005 -7.499999999999999
      vertex -13.730993925645226 2.7312645082258005 -6.000000000000001
    endloop
  endfacet
  facet normal 0 0 0
    outer loop
      vertex -12.934313455158014 5.357568053111258 -7.499999999999999
      vertex -13.730993925645226 2.7312645082258005 -6.000000000000001
      vertex -12.934313455158014 5.357568053111258 -6.000000000000001
    endloop
  endfacet
  facet normal 0 0 0
    outer loop
      vertex -13.730993925645226 2.7312645082258005 -7.499999999999999
      vertex -14 1.7145055188062944e-15 -7.499999999999999
      vertex -14 1.7145055188062944e-15 -6.000000000000001
    endloop
  endfacet
  facet normal 0 0 0
    outer loop
      vertex -13.730993925645226 2.7312645082258005 -7.499999999999999
      vertex -14 1.7145055188062944e-15 -6.000000000000001
      vertex -13.730993925645226 2.7312645082258005 -6.000000000000001
    endloop
  endfacet
  facet normal 0 0 0
    outer loop
      vertex -14 1.7145055188062944e-15 -7.499999999999999
      vertex -13.730993925645226 -2.731264508225797 -7.499999999999999
      vertex -13.730993925645226 -2.731264508225797 -6.000000000000001
    endloop
  endfacet
  facet normal 0 0 0
    outer loop
      vertex -14 1.7145055188062944e-15 -7.499999999999999
      vertex -13.730993925645226 -2.731264508225797 -6.000000000000001
      vertex -14 1.7145055188062944e-15 -6.000000000000001
    endloop
  endfacet
  facet normal 0 0 0
    outer loop
      vertex -13.730993925645226 -2.731264508225797 -7.499999999999999
      vertex -12.934313455158016 -5.357568053111255 -7.499999999999999
      vertex -12.934313455158016 -5.357568053111255 -6.000000000000001
    endloop
  endfacet
  facet normal 0 0 0
    outer loop
      vertex -13.730993925645226 -2.731264508225797 -7.499999999999999
      vertex -12.934313455158016 -5.357568053111255 -6.000000000000001
      vertex -13.730993925645226 -2.731264508225797 -6.000000000000001
    endloop
  endfacet
  facet normal 0 0 0
    outer loop
      vertex -12.934313455158016 -5.357568053111255 -7.499999999999999
      vertex -11.640574572235636 -7.777983262274427 -7.499999999999999
      vertex -11.640574572235636 -7.777983262274427 -6.000000000000001
    endloop
  endfacet
  facet normal 0 0 0
    outer loop
      vertex -12.934313455158016 -5.357568053111255 -7.499999999999999
      vertex -11.640574572235636 -7.777983262274427 -6.000000000000001
      vertex -12.934313455158016 -5.357568053111255 -6.000000000000001
    endloop
  endfacet
  facet normal 0 0 0
    outer loop
      vertex -11.640574572235636 -7.777983262274427 -7.499999999999999
      vertex -9.899494936611667 -9.899494936611664 -7.499999999999999
      vertex -9.899494936611667 -9.899494936611664 -6.000000000000001
    endloop
  endfacet
  facet normal 0 0 0
    outer loop
      vertex -11.640574572235636 -7.777983262274427 -7.499999999999999
      vertex -9.899494936611667 -9.899494936611664 -6.000000000000001
      vertex -11.640574572235636 -7.777983262274427 -6.000000000000001
    endloop
  endfacet
  facet normal 0 0 0
    outer loop
      vertex -9.899494936611667 -9.899494936611664 -7.499999999999999
      vertex -7.7779832622744305 -11.640574572235634 -7.499999999999999
      vertex -7.7779832622744305 -11.640574572235634 -6.000000000000001
    endloop
  endfacet
  facet normal 0 0 0
    outer loop
      vertex -9.899494936611667 -9.899494936611664 -7.499999999999999
      vertex -7.7779832622744305 -11.640574572235634 -6.000000000000001
      vertex -9.899494936611667 -9.899494936611664 -6.000000000000001
    endloop
  endfacet
  facet normal 0 0 0
    outer loop
      vertex -7.7779832622744305 -11.640574572235634 -7.499999999999999
      vertex -5.357568053111264 -12.934313455158012 -7.499999999999999
      vertex -5.357568053111264 -12.934313455158012 -6.000000000000001
    endloop
  endfacet
  facet normal 0 0 0
    outer loop
      vertex -7.7779832622744305 -11.640574572235634 -7.499999999999999
      vertex -5.357568053111264 -12.934313455158012 -6.000000000000001
      vertex -7.7779832622744305 -11.640574572235634 -6.000000000000001
    endloop
  endfacet
  facet normal 0 0 0
    outer loop
      vertex -5.357568053111264 -12.934313455158012 -7.499999999999999
      vertex -2.7312645082258014 -13.730993925645224 -7.499999999999999
      vertex -2.7312645082258014 -13.730993925645224 -6.000000000000001
    endloop
  endfacet
  facet normal 0 0 0
    outer loop
      vertex -5.357568053111264 -12.934313455158012 -7.499999999999999
      vertex -2.7312645082258014 -13.730993925645224 -6.000000000000001
      vertex -5.357568053111264 -12.934313455158012 -6.000000000000001
    endloop
  endfacet
  facet normal 0 0 0
    outer loop
      vertex -2.7312645082258014 -13.730993925645224 -7.499999999999999
      vertex -2.5717582782094417e-15 -14 -7.499999999999999
      vertex -2.5717582782094417e-15 -14 -6.000000000000001
    endloop
  endfacet
  facet normal 0 0 0
    outer loop
      vertex -2.7312645082258014 -13.730993925645224 -7.499999999999999
      vertex -2.5717582782094417e-15 -14 -6.000000000000001
      vertex -2.7312645082258014 -13.730993925645224 -6.000000000000001
    endloop
  endfacet
  facet normal 0 0 0
    outer loop
      vertex -2.5717582782094417e-15 -14 -7.499999999999999
      vertex 2.731264508225796 -13.730993925645226 -7.499999999999999
      vertex 2.731264508225796 -13.730993925645226 -6.000000000000001
    endloop
  endfacet
  facet normal 0 0 0
    outer loop
      vertex -2.5717582782094417e-15 -14 -7.499999999999999
      vertex 2.731264508225796 -13.730993925645226 -6.000000000000001
      vertex -2.5717582782094417e-15 -14 -6.000000000000001
    endloop
  endfacet
  facet normal 0 0 0
    outer loop
      vertex 2.731264508225796 -13.730993925645226 -7.499999999999999
      vertex 5.35756805311126 -12.934313455158012 -7.499999999999999
      vertex 5.35756805311126 -12.934313455158012 -6.000000000000001
    endloop
  endfacet
  facet normal 0 0 0
    outer loop
      vertex 2.731264508225796 -13.730993925645226 -7.499999999999999
      vertex 5.35756805311126 -12.934313455158012 -6.000000000000001
      vertex 2.731264508225796 -13.730993925645226 -6.000000000000001
    endloop
  endfacet
  facet normal 0 0 0
    outer loop
      vertex 5.35756805311126 -12.934313455158012 -7.499999999999999
      vertex 7.777983262274426 -11.640574572235636 -7.499999999999999
      vertex 7.777983262274426 -11.640574572235636 -6.000000000000001
    endloop
  endfacet
  facet normal 0 0 0
    outer loop
      vertex 5.35756805311126 -12.934313455158012 -7.499999999999999
      vertex 7.777983262274426 -11.640574572235636 -6.000000000000001
      vertex 5.35756805311126 -12.934313455158012 -6.000000000000001
    endloop
  endfacet
  facet normal 0 0 0
    outer loop
      vertex 7.777983262274426 -11.640574572235636 -7.499999999999999
      vertex 9.899494936611664 -9.899494936611667 -7.499999999999999
      vertex 9.899494936611664 -9.899494936611667 -6.000000000000001
    endloop
  endfacet
  facet normal 0 0 0
    outer loop
      vertex 7.777983262274426 -11.640574572235636 -7.499999999999999
      vertex 9.899494936611664 -9.899494936611667 -6.000000000000001
      vertex 7.777983262274426 -11.640574572235636 -6.000000000000001
    endloop
  endfacet
  facet normal 0 0 0
    outer loop
      vertex 9.899494936611664 -9.899494936611667 -7.499999999999999
      vertex 11.640574572235634 -7.7779832622744305 -7.499999999999999
      vertex 11.640574572235634 -7.7779832622744305 -6.000000000000001
    endloop
  endfacet
  facet normal 0 0 0
    outer loop
      vertex 9.899494936611664 -9.899494936611667 -7.499999999999999
      vertex 11.640574572235634 -7.7779832622744305 -6.000000000000001
      vertex 9.899494936611664 -9.899494936611667 -6.000000000000001
    endloop
  endfacet
  facet normal 0 0 0
    outer loop
      vertex 11.640574572235634 -7.7779832622744305 -7.499999999999999
      vertex 12.934313455158012 -5.357568053111265 -7.499999999999999
      vertex 12.934313455158012 -5.357568053111265 -6.000000000000001
    endloop
  endfacet
  facet normal 0 0 0
    outer loop
      vertex 11.640574572235634 -7.7779832622744305 -7.499999999999999
      vertex 12.934313455158012 -5.357568053111265 -6.000000000000001
      vertex 11.640574572235634 -7.7779832622744305 -6.000000000000001
    endloop
  endfacet
  facet normal 0 0 0
    outer loop
      vertex 12.934313455158012 -5.357568053111265 -7.499999999999999
      vertex 13.730993925645224 -2.7312645082258022 -7.499999999999999
      vertex 13.730993925645224 -2.7312645082258022 -6.000000000000001
    endloop
  endfacet
  facet normal 0 0 0
    outer loop
      vertex 12.934313455158012 -5.357568053111265 -7.499999999999999
      vertex 13.730993925645224 -2.7312645082258022 -6.000000000000001
      vertex 12.934313455158012 -5.357568053111265 -6.000000000000001
    endloop
  endfacet
  facet normal 0 0 0
    outer loop
      vertex 13.730993925645224 -2.7312645082258022 -7.499999999999999
      vertex 14 0 -7.499999999999999
      vertex 14 0 -6.000000000000001
    endloop
  endfacet
  facet normal 0 0 0
    outer loop
      vertex 13.730993925645224 -2.7312645082258022 -7.499999999999999
      vertex 14 0 -6.000000000000001
      vertex 13.730993925645224 -2.7312645082258022 -6.000000000000001
    endloop
  endfacet
  facet normal 0 0 0
    outer loop
      vertex 14 0 -6.000000000000001
      vertex 13.730993925645226 2.7312645082257956 -6.000000000000001
      vertex 13.730993925645226 2.7312645082257956 -4.5
    endloop
  endfacet
  facet normal 0 0 0
    outer loop
      vertex 14 0 -6.000000000000001
      vertex 13.730993925645226 2.7312645082257956 -4.5
      vertex 14 0 -4.5
    endloop
  endfacet
  facet normal 0 0 0
    outer loop
      vertex 13.730993925645226 2.7312645082257956 -6.000000000000001
      vertex 12.934313455158014 5.357568053111257 -6.000000000000001
      vertex 12.934313455158014 5.357568053111257 -4.5
    endloop
  endfacet
  facet normal 0 0 0
    outer loop
      vertex 13.730993925645226 2.7312645082257956 -6.000000000000001
      vertex 12.934313455158014 5.357568053111257 -4.5
      vertex 13.730993925645226 2.7312645082257956 -4.5
    endloop
  endfacet
  facet normal 0 0 0
    outer loop
      vertex 12.934313455158014 5.357568053111257 -6.000000000000001
      vertex 11.640574572235634 7.7779832622744305 -6.000000000000001
      vertex 11.640574572235634 7.7779832622744305 -4.5
    endloop
  endfacet
  facet normal 0 0 0
    outer loop
      vertex 12.934313455158014 5.357568053111257 -6.000000000000001
      vertex 11.640574572235634 7.7779832622744305 -4.5
      vertex 12.934313455158014 5.357568053111257 -4.5
    endloop
  endfacet
  facet normal 0 0 0
    outer loop
      vertex 11.640574572235634 7.7779832622744305 -6.000000000000001
      vertex 9.899494936611665 9.899494936611664 -6.000000000000001
      vertex 9.899494936611665 9.899494936611664 -4.5
    endloop
  endfacet
  facet normal 0 0 0
    outer loop
      vertex 11.640574572235634 7.7779832622744305 -6.000000000000001
      vertex 9.899494936611665 9.899494936611664 -4.5
      vertex 11.640574572235634 7.7779832622744305 -4.5
    endloop
  endfacet
  facet normal 0 0 0
    outer loop
      vertex 9.899494936611665 9.899494936611664 -6.000000000000001
      vertex 7.777983262274432 11.640574572235634 -6.000000000000001
      vertex 7.777983262274432 11.640574572235634 -4.5
    endloop
  endfacet
  facet normal 0 0 0
    outer loop
      vertex 9.899494936611665 9.899494936611664 -6.000000000000001
      vertex 7.777983262274432 11.640574572235634 -4.5
      vertex 9.899494936611665 9.899494936611664 -4.5
    endloop
  endfacet
  facet normal 0 0 0
    outer loop
      vertex 7.777983262274432 11.640574572235634 -6.000000000000001
      vertex 5.357568053111258 12.934313455158014 -6.000000000000001
      vertex 5.357568053111258 12.934313455158014 -4.5
    endloop
  endfacet
  facet normal 0 0 0
    outer loop
      vertex 7.777983262274432 11.640574572235634 -6.000000000000001
      vertex 5.357568053111258 12.934313455158014 -4.5
      vertex 7.777983262274432 11.640574572235634 -4.5
    endloop
  endfacet
  facet normal 0 0 0
    outer loop
      vertex 5.357568053111258 12.934313455158014 -6.000000000000001
      vertex 2.7312645082257965 13.730993925645226 -6.000000000000001
      vertex 2.7312645082257965 13.730993925645226 -4.5
    endloop
  endfacet
  facet normal 0 0 0
    outer loop
      vertex 5.357568053111258 12.934313455158014 -6.000000000000001
      vertex 2.7312645082257965 13.730993925645226 -4.5
      vertex 5.357568053111258 12.934313455158014 -4.5
    endloop
  endfacet
  facet normal 0 0 0
    outer loop
      vertex 2.7312645082257965 13.730993925645226 -6.000000000000001
      vertex 8.572527594031472e-16 14 -6.000000000000001
      vertex 8.572527594031472e-16 14 -4.5
    endloop
  endfacet
  facet normal 0 0 0
    outer loop
      vertex 2.7312645082257965 13.730993925645226 -6.000000000000001
      vertex 8.572527594031472e-16 14 -4.5
      vertex 2.7312645082257965 13.730993925645226 -4.5
    endloop
  endfacet
  facet normal 0 0 0
    outer loop
      vertex 8.572527594031472e-16 14 -6.000000000000001
      vertex -2.7312645082257947 13.730993925645226 -6.000000000000001
      vertex -2.7312645082257947 13.730993925645226 -4.5
    endloop
  endfacet
  facet normal 0 0 0
    outer loop
      vertex 8.572527594031472e-16 14 -6.000000000000001
      vertex -2.7312645082257947 13.730993925645226 -4.5
      vertex 8.572527594031472e-16 14 -4.5
    endloop
  endfacet
  facet normal 0 0 0
    outer loop
      vertex -2.7312645082257947 13.730993925645226 -6.000000000000001
      vertex -5.357568053111256 12.934313455158014 -6.000000000000001
      vertex -5.357568053111256 12.934313455158014 -4.5
    endloop
  endfacet
  facet normal 0 0 0
    outer loop
      vertex -2.7312645082257947 13.730993925645226 -6.000000000000001
      vertex -5.357568053111256 12.934313455158014 -4.5
      vertex -2.7312645082257947 13.730993925645226 -4.5
    endloop
  endfacet
  facet normal 0 0 0
    outer loop
      vertex -5.357568053111256 12.934313455158014 -6.000000000000001
      vertex -7.777983262274427 11.640574572235636 -6.000000000000001
      vertex -7.777983262274427 11.640574572235636 -4.5
    endloop
  endfacet
  facet normal 0 0 0
    outer loop
      vertex -5.357568053111256 12.934313455158014 -6.000000000000001
      vertex -7.777983262274427 11.640574572235636 -4.5
      vertex -5.357568053111256 12.934313455158014 -4.5
    endloop
  endfacet
  facet normal 0 0 0
    outer loop
      vertex -7.777983262274427 11.640574572235636 -6.000000000000001
      vertex -9.899494936611664 9.899494936611665 -6.000000000000001
      vertex -9.899494936611664 9.899494936611665 -4.5
    endloop
  endfacet
  facet normal 0 0 0
    outer loop
      vertex -7.777983262274427 11.640574572235636 -6.000000000000001
      vertex -9.899494936611664 9.899494936611665 -4.5
      vertex -7.777983262274427 11.640574572235636 -4.5
    endloop
  endfacet
  facet normal 0 0 0
    outer loop
      vertex -9.899494936611664 9.899494936611665 -6.000000000000001
      vertex -11.640574572235636 7.7779832622744305 -6.000000000000001
      vertex -11.640574572235636 7.7779832622744305 -4.5
    endloop
  endfacet
  facet normal 0 0 0
    outer loop
      vertex -9.899494936611664 9.899494936611665 -6.000000000000001
      vertex -11.640574572235636 7.7779832622744305 -4.5
      vertex -9.899494936611664 9.899494936611665 -4.5
    endloop
  endfacet
  facet normal 0 0 0
    outer loop
      vertex -11.640574572235636 7.7779832622744305 -6.000000000000001
      vertex -12.934313455158014 5.357568053111258 -6.000000000000001
      vertex -12.934313455158014 5.357568053111258 -4.5
    endloop
  endfacet
  facet normal 0 0 0
    outer loop
      vertex -11.640574572235636 7.7779832622744305 -6.000000000000001
      vertex -12.934313455158014 5.357568053111258 -4.5
      vertex -11.640574572235636 7.7779832622744305 -4.5
    endloop
  endfacet
  facet normal 0 0 0
    outer loop
      vertex -12.934313455158014 5.357568053111258 -6.000000000000001
      vertex -13.730993925645226 2.7312645082258005 -6.000000000000001
      vertex -13.730993925645226 2.7312645082258005 -4.5
    endloop
  endfacet
  facet normal 0 0 0
    outer loop
      vertex -12.934313455158014 5.357568053111258 -6.000000000000001
      vertex -13.730993925645226 2.7312645082258005 -4.5
      vertex -12.934313455158014 5.357568053111258 -4.5
    endloop
  endfacet
  facet normal 0 0 0
    outer loop
      vertex -13.730993925645226 2.7312645082258005 -6.000000000000001
      vertex -14 1.7145055188062944e-15 -6.000000000000001
      vertex -14 1.7145055188062944e-15 -4.5
    endloop
  endfacet
  facet normal 0 0 0
    outer loop
      vertex -13.730993925645226 2.7312645082258005 -6.000000000000001
      vertex -14 1.7145055188062944e-15 -4.5
      vertex -13.730993925645226 2.7312645082258005 -4.5
    endloop
  endfacet
  facet normal 0 0 0
    outer loop
      vertex -14 1.7145055188062944e-15 -6.000000000000001
      vertex -13.730993925645226 -2.731264508225797 -6.000000000000001
      vertex -13.730993925645226 -2.731264508225797 -4.5
    endloop
  endfacet
  facet normal 0 0 0
    outer loop
      vertex -14 1.7145055188062944e-15 -6.000000000000001
      vertex -13.730993925645226 -2.731264508225797 -4.5
      vertex -14 1.7145055188062944e-15 -4.5
    endloop
  endfacet
  facet normal 0 0 0
    outer loop
      vertex -13.730993925645226 -2.731264508225797 -6.000000000000001
      vertex -12.934313455158016 -5.357568053111255 -6.000000000000001
      vertex -12.934313455158016 -5.357568053111255 -4.5
    endloop
  endfacet
  facet normal 0 0 0
    outer loop
      vertex -13.730993925645226 -2.731264508225797 -6.000000000000001
      vertex -12.934313455158016 -5.357568053111255 -4.5
      vertex -13.730993925645226 -2.731264508225797 -4.5
    endloop
  endfacet
  facet normal 0 0 0
    outer loop
      vertex -12.934313455158016 -5.357568053111255 -6.000000000000001
      vertex -11.640574572235636 -7.777983262274427 -6.000000000000001
      vertex -11.640574572235636 -7.777983262274427 -4.5
    endloop
  endfacet
  facet normal 0 0 0
    outer loop
      vertex -12.934313455158016 -5.357568053111255 -6.000000000000001
      vertex -11.640574572235636 -7.777983262274427 -4.5
      vertex -12.934313455158016 -5.357568053111255 -4.5
    endloop
  endfacet
  facet normal 0 0 0
    outer loop
      vertex -11.640574572235636 -7.777983262274427 -6.000000000000001
      vertex -9.899494936611667 -9.899494936611664 -6.000000000000001
      vertex -9.899494936611667 -9.899494936611664 -4.5
    endloop
  endfacet
  facet normal 0 0 0
    outer loop
      vertex -11.640574572235636 -7.777983262274427 -6.000000000000001
      vertex -9.899494936611667 -9.899494936611664 -4.5
      vertex -11.640574572235636 -7.777983262274427 -4.5
    endloop
  endfacet
  facet normal 0 0 0
    outer loop
      vertex -9.899494936611667 -9.899494936611664 -6.000000000000001
      vertex -7.7779832622744305 -11.640574572235634 -6.000000000000001
      vertex -7.7779832622744305 -11.640574572235634 -4.5
    endloop
  endfacet
  facet normal 0 0 0
    outer loop
      vertex -9.899494936611667 -9.899494936611664 -6.000000000000001
      vertex -7.7779832622744305 -11.640574572235634 -4.5
      vertex -9.899494936611667 -9.899494936611664 -4.5
    endloop
  endfacet
  facet normal 0 0 0
    outer loop
      vertex -7.7779832622744305 -11.640574572235634 -6.000000000000001
      vertex -5.357568053111264 -12.934313455158012 -6.000000000000001
      vertex -5.357568053111264 -12.934313455158012 -4.5
    endloop
  endfacet
  facet normal 0 0 0
    outer loop
      vertex -7.7779832622744305 -11.640574572235634 -6.000000000000001
      vertex -5.357568053111264 -12.934313455158012 -4.5
      vertex -7.7779832622744305 -11.640574572235634 -4.5
    endloop
  endfacet
  facet normal 0 0 0
    outer loop
      vertex -5.357568053111264 -12.934313455158012 -6.000000000000001
      vertex -2.7312645082258014 -13.730993925645224 -6.000000000000001
      vertex -2.7312645082258014 -13.730993925645224 -4.5
    endloop
  endfacet
  facet normal 0 0 0
    outer loop
      vertex -5.357568053111264 -12.934313455158012 -6.000000000000001
      vertex -2.7312645082258014 -13.730993925645224 -4.5
      vertex -5.357568053111264 -12.934313455158012 -4.5
    endloop
  endfacet
  facet normal 0 0 0
    outer loop
      vertex -2.7312645082258014 -13.730993925645224 -6.000000000000001
      vertex -2.5717582782094417e-15 -14 -6.000000000000001
      vertex -2.5717582782094417e-15 -14 -4.5
    endloop
  endfacet
  facet normal 0 0 0
    outer loop
      vertex -2.7312645082258014 -13.730993925645224 -6.000000000000001
      vertex -2.5717582782094417e-15 -14 -4.5
      vertex -2.7312645082258014 -13.730993925645224 -4.5
    endloop
  endfacet
  facet normal 0 0 0
    outer loop
      vertex -2.5717582782094417e-15 -14 -6.000000000000001
      vertex 2.731264508225796 -13.730993925645226 -6.000000000000001
      vertex 2.731264508225796 -13.730993925645226 -4.5
    endloop
  endfacet
  facet normal 0 0 0
    outer loop
      vertex -2.5717582782094417e-15 -14 -6.000000000000001
      vertex 2.731264508225796 -13.730993925645226 -4.5
      vertex -2.5717582782094417e-15 -14 -4.5
    endloop
  endfacet
  facet normal 0 0 0
    outer loop
      vertex 2.731264508225796 -13.730993925645226 -6.000000000000001
      vertex 5.35756805311126 -12.934313455158012 -6.000000000000001
      vertex 5.35756805311126 -12.934313455158012 -4.5
    endloop
  endfacet
  facet normal 0 0 0
    outer loop
      vertex 2.731264508225796 -13.730993925645226 -6.000000000000001
      vertex 5.35756805311126 -12.934313455158012 -4.5
      vertex 2.731264508225796 -13.730993925645226 -4.5
    endloop
  endfacet
  facet normal 0 0 0
    outer loop
      vertex 5.35756805311126 -12.934313455158012 -6.000000000000001
      vertex 7.777983262274426 -11.640574572235636 -6.000000000000001
      vertex 7.777983262274426 -11.640574572235636 -4.5
    endloop
  endfacet
  facet normal 0 0 0
    outer loop
      vertex 5.35756805311126 -12.934313455158012 -6.000000000000001
      vertex 7.777983262274426 -11.640574572235636 -4.5
      vertex 5.35756805311126 -12.934313455158012 -4.5
    endloop
  endfacet
  facet normal 0 0 0
    outer loop
      vertex 7.777983262274426 -11.640574572235636 -6.000000000000001
      vertex 9.899494936611664 -9.899494936611667 -6.000000000000001
      vertex 9.899494936611664 -9.899494936611667 -4.5
    endloop
  endfacet
  facet normal 0 0 0
    outer loop
      vertex 7.777983262274426 -11.640574572235636 -6.000000000000001
      vertex 9.899494936611664 -9.899494936611667 -4.5
      vertex 7.777983262274426 -11.640574572235636 -4.5
    endloop
  endfacet
  facet normal 0 0 0
    outer loop
      vertex 9.899494936611664 -9.899494936611667 -6.000000000000001
      vertex 11.640574572235634 -7.7779832622744305 -6.000000000000001
      vertex 11.640574572235634 -7.7779832622744305 -4.5
    endloop
  endfacet
  facet normal 0 0 0
    outer loop
      vertex 9.899494936611664 -9.899494936611667 -6.000000000000001
      vertex 11.640574572235634 -7.7779832622744305 -4.5
      vertex 9.899494936611664 -9.899494936611667 -4.5
    endloop
  endfacet
  facet normal 0 0 0
    outer loop
      vertex 11.640574572235634 -7.7779832622744305 -6.000000000000001
      vertex 12.934313455158012 -5.357568053111265 -6.000000000000001
      vertex 12.934313455158012 -5.357568053111265 -4.5
    endloop
  endfacet
  facet normal 0 0 0
    outer loop
      vertex 11.640574572235634 -7.7779832622744305 -6.000000000000001
      vertex 12.934313455158012 -5.357568053111265 -4.5
      vertex 11.640574572235634 -7.7779832622744305 -4.5
    endloop
  endfacet
  facet normal 0 0 0
    outer loop
      vertex 12.934313455158012 -5.357568053111265 -6.000000000000001
      vertex 13.730993925645224 -2.7312645082258022 -6.000000000000001
      vertex 13.730993925645224 -2.7312645082258022 -4.5
    endloop
  endfacet
  facet normal 0 0 0
    outer loop
      vertex 12.934313455158012 -5.357568053111265 -6.000000000000001
      vertex 13.730993925645224 -2.7312645082258022 -4.5
      vertex 12.934313455158012 -5.357568053111265 -4.5
    endloop
  endfacet
  facet normal 0 0 0
    outer loop
      vertex 13.730993925645224 -2.7312645082258022 -6.000000000000001
      vertex 14 0 -6.000000000000001
      vertex 14 0 -4.5
    endloop
  endfacet
  facet normal 0 0 0
    outer loop
      vertex 13.730993925645224 -2.7312645082258022 -6.000000000000001
      vertex 14 0 -4.5
      vertex 13.730993925645224 -2.7312645082258022 -4.5
    endloop
  endfacet
  facet normal 0 0 0
    outer loop
      vertex 14 0 -4.5
      vertex 13.730993925645226 2.7312645082257956 -4.5
      vertex 19.61570560806461 3.9018064403225647 -2.999999999999999
    endloop
  endfacet
  facet normal 0 0 0
    outer loop
      vertex 14 0 -4.5
      vertex 19.61570560806461 3.9018064403225647 -2.999999999999999
      vertex 20 0 -2.999999999999999
    endloop
  endfacet
  facet normal 0 0 0
    outer loop
      vertex 13.730993925645226 2.7312645082257956 -4.5
      vertex 12.934313455158014 5.357568053111257 -4.5
      vertex 18.477590650225736 7.653668647301796 -2.999999999999999
    endloop
  endfacet
  facet normal 0 0 0
    outer loop
      vertex 13.730993925645226 2.7312645082257956 -4.5
      vertex 18.477590650225736 7.653668647301796 -2.999999999999999
      vertex 19.61570560806461 3.9018064403225647 -2.999999999999999
    endloop
  endfacet
  facet normal 0 0 0
    outer loop
      vertex 12.934313455158014 5.357568053111257 -4.5
      vertex 11.640574572235634 7.7779832622744305 -4.5
      vertex 16.629392246050905 11.111404660392044 -2.999999999999999
    endloop
  endfacet
  facet normal 0 0 0
    outer loop
      vertex 12.934313455158014 5.357568053111257 -4.5
      vertex 16.629392246050905 11.111404660392044 -2.999999999999999
      vertex 18.477590650225736 7.653668647301796 -2.999999999999999
    endloop
  endfacet
  facet normal 0 0 0
    outer loop
      vertex 11.640574572235634 7.7779832622744305 -4.5
      vertex 9.899494936611665 9.899494936611664 -4.5
      vertex 14.142135623730951 14.14213562373095 -2.999999999999999
    endloop
  endfacet
  facet normal 0 0 0
    outer loop
      vertex 11.640574572235634 7.7779832622744305 -4.5
      vertex 14.142135623730951 14.14213562373095 -2.999999999999999
      vertex 16.629392246050905 11.111404660392044 -2.999999999999999
    endloop
  endfacet
  facet normal 0 0 0
    outer loop
      vertex 9.899494936611665 9.899494936611664 -4.5
      vertex 7.777983262274432 11.640574572235634 -4.5
      vertex 11.111404660392045 16.629392246050905 -2.999999999999999
    endloop
  endfacet
  facet normal 0 0 0
    outer loop
      vertex 9.899494936611665 9.899494936611664 -4.5
      vertex 11.111404660392045 16.629392246050905 -2.999999999999999
      vertex 14.142135623730951 14.14213562373095 -2.999999999999999
    endloop
  endfacet
  facet normal 0 0 0
    outer loop
      vertex 7.777983262274432 11.640574572235634 -4.5
      vertex 5.357568053111258 12.934313455158014 -4.5
      vertex 7.653668647301797 18.477590650225736 -2.999999999999999
    endloop
  endfacet
  facet normal 0 0 0
    outer loop
      vertex 7.777983262274432 11.640574572235634 -4.5
      vertex 7.653668647301797 18.477590650225736 -2.999999999999999
      vertex 11.111404660392045 16.629392246050905 -2.999999999999999
    endloop
  endfacet
  facet normal 0 0 0
    outer loop
      vertex 5.357568053111258 12.934313455158014 -4.5
      vertex 2.7312645082257965 13.730993925645226 -4.5
      vertex 3.9018064403225665 19.61570560806461 -2.999999999999999
    endloop
  endfacet
  facet normal 0 0 0
    outer loop
      vertex 5.357568053111258 12.934313455158014 -4.5
      vertex 3.9018064403225665 19.61570560806461 -2.999999999999999
      vertex 7.653668647301797 18.477590650225736 -2.999999999999999
    endloop
  endfacet
  facet normal 0 0 0
    outer loop
      vertex 2.7312645082257965 13.730993925645226 -4.5
      vertex 8.572527594031472e-16 14 -4.5
      vertex 1.2246467991473533e-15 20 -2.999999999999999
    endloop
  endfacet
  facet normal 0 0 0
    outer loop
      vertex 2.7312645082257965 13.730993925645226 -4.5
      vertex 1.2246467991473533e-15 20 -2.999999999999999
      vertex 3.9018064403225665 19.61570560806461 -2.999999999999999
    endloop
  endfacet
  facet normal 0 0 0
    outer loop
      vertex 8.572527594031472e-16 14 -4.5
      vertex -2.7312645082257947 13.730993925645226 -4.5
      vertex -3.901806440322564 19.61570560806461 -2.999999999999999
    endloop
  endfacet
  facet normal 0 0 0
    outer loop
      vertex 8.572527594031472e-16 14 -4.5
      vertex -3.901806440322564 19.61570560806461 -2.999999999999999
      vertex 1.2246467991473533e-15 20 -2.999999999999999
    endloop
  endfacet
  facet normal 0 0 0
    outer loop
      vertex -2.7312645082257947 13.730993925645226 -4.5
      vertex -5.357568053111256 12.934313455158014 -4.5
      vertex -7.653668647301794 18.477590650225736 -2.999999999999999
    endloop
  endfacet
  facet normal 0 0 0
    outer loop
      vertex -2.7312645082257947 13.730993925645226 -4.5
      vertex -7.653668647301794 18.477590650225736 -2.999999999999999
      vertex -3.901806440322564 19.61570560806461 -2.999999999999999
    endloop
  endfacet
  facet normal 0 0 0
    outer loop
      vertex -5.357568053111256 12.934313455158014 -4.5
      vertex -7.777983262274427 11.640574572235636 -4.5
      vertex -11.11140466039204 16.629392246050905 -2.999999999999999
    endloop
  endfacet
  facet normal 0 0 0
    outer loop
      vertex -5.357568053111256 12.934313455158014 -4.5
      vertex -11.11140466039204 16.629392246050905 -2.999999999999999
      vertex -7.653668647301794 18.477590650225736 -2.999999999999999
    endloop
  endfacet
  facet normal 0 0 0
    outer loop
      vertex -7.777983262274427 11.640574572235636 -4.5
      vertex -9.899494936611664 9.899494936611665 -4.5
      vertex -14.14213562373095 14.142135623730951 -2.999999999999999
    endloop
  endfacet
  facet normal 0 0 0
    outer loop
      vertex -7.777983262274427 11.640574572235636 -4.5
      vertex -14.14213562373095 14.142135623730951 -2.999999999999999
      vertex -11.11140466039204 16.629392246050905 -2.999999999999999
    endloop
  endfacet
  facet normal 0 0 0
    outer loop
      vertex -9.899494936611664 9.899494936611665 -4.5
      vertex -11.640574572235636 7.7779832622744305 -4.5
      vertex -16.629392246050905 11.111404660392044 -2.999999999999999
    endloop
  endfacet
  facet normal 0 0 0
    outer loop
      vertex -9.899494936611664 9.899494936611665 -4.5
      vertex -16.629392246050905 11.111404660392044 -2.999999999999999
      vertex -14.14213562373095 14.142135623730951 -2.999999999999999
    endloop
  endfacet
  facet normal 0 0 0
    outer loop
      vertex -11.640574572235636 7.7779832622744305 -4.5
      vertex -12.934313455158014 5.357568053111258 -4.5
      vertex -18.477590650225736 7.653668647301798 -2.999999999999999
    endloop
  endfacet
  facet normal 0 0 0
    outer loop
      vertex -11.640574572235636 7.7779832622744305 -4.5
      vertex -18.477590650225736 7.653668647301798 -2.999999999999999
      vertex -16.629392246050905 11.111404660392044 -2.999999999999999
    endloop
  endfacet
  facet normal 0 0 0
    outer loop
      vertex -12.934313455158014 5.357568053111258 -4.5
      vertex -13.730993925645226 2.7312645082258005 -4.5
      vertex -19.61570560806461 3.9018064403225723 -2.999999999999999
    endloop
  endfacet
  facet normal 0 0 0
    outer loop
      vertex -12.934313455158014 5.357568053111258 -4.5
      vertex -19.61570560806461 3.9018064403225723 -2.999999999999999
      vertex -18.477590650225736 7.653668647301798 -2.999999999999999
    endloop
  endfacet
  facet normal 0 0 0
    outer loop
      vertex -13.730993925645226 2.7312645082258005 -4.5
      vertex -14 1.7145055188062944e-15 -4.5
      vertex -20 2.4492935982947065e-15 -2.999999999999999
    endloop
  endfacet
  facet normal 0 0 0
    outer loop
      vertex -13.730993925645226 2.7312645082258005 -4.5
      vertex -20 2.4492935982947065e-15 -2.999999999999999
      vertex -19.61570560806461 3.9018064403225723 -2.999999999999999
    endloop
  endfacet
  facet normal 0 0 0
    outer loop
      vertex -14 1.7145055188062944e-15 -4.5
      vertex -13.730993925645226 -2.731264508225797 -4.5
      vertex -19.61570560806461 -3.9018064403225674 -2.999999999999999
    endloop
  endfacet
  facet normal 0 0 0
    outer loop
      vertex -14 1.7145055188062944e-15 -4.5
      vertex -19.61570560806461 -3.9018064403225674 -2.999999999999999
      vertex -20 2.4492935982947065e-15 -2.999999999999999
    endloop
  endfacet
  facet normal 0 0 0
    outer loop
      vertex -13.730993925645226 -2.731264508225797 -4.5
      vertex -12.934313455158016 -5.357568053111255 -4.5
      vertex -18.477590650225736 -7.653668647301792 -2.999999999999999
    endloop
  endfacet
  facet normal 0 0 0
    outer loop
      vertex -13.730993925645226 -2.731264508225797 -4.5
      vertex -18.477590650225736 -7.653668647301792 -2.999999999999999
      vertex -19.61570560806461 -3.9018064403225674 -2.999999999999999
    endloop
  endfacet
  facet normal 0 0 0
    outer loop
      vertex -12.934313455158016 -5.357568053111255 -4.5
      vertex -11.640574572235636 -7.777983262274427 -4.5
      vertex -16.62939224605091 -11.11140466039204 -2.999999999999999
    endloop
  endfacet
  facet normal 0 0 0
    outer loop
      vertex -12.934313455158016 -5.357568053111255 -4.5
      vertex -16.62939224605091 -11.11140466039204 -2.999999999999999
      vertex -18.477590650225736 -7.653668647301792 -2.999999999999999
    endloop
  endfacet
  facet normal 0 0 0
    outer loop
      vertex -11.640574572235636 -7.777983262274427 -4.5
      vertex -9.899494936611667 -9.899494936611664 -4.5
      vertex -14.142135623730955 -14.14213562373095 -2.999999999999999
    endloop
  endfacet
  facet normal 0 0 0
    outer loop
      vertex -11.640574572235636 -7.777983262274427 -4.5
      vertex -14.142135623730955 -14.14213562373095 -2.999999999999999
      vertex -16.62939224605091 -11.11140466039204 -2.999999999999999
    endloop
  endfacet
  facet normal 0 0 0
    outer loop
      vertex -9.899494936611667 -9.899494936611664 -4.5
      vertex -7.7779832622744305 -11.640574572235634 -4.5
      vertex -11.111404660392044 -16.629392246050905 -2.999999999999999
    endloop
  endfacet
  facet normal 0 0 0
    outer loop
      vertex -9.899494936611667 -9.899494936611664 -4.5
      vertex -11.111404660392044 -16.629392246050905 -2.999999999999999
      vertex -14.142135623730955 -14.14213562373095 -2.999999999999999
    endloop
  endfacet
  facet normal 0 0 0
    outer loop
      vertex -7.7779832622744305 -11.640574572235634 -4.5
      vertex -5.357568053111264 -12.934313455158012 -4.5
      vertex -7.6536686473018065 -18.47759065022573 -2.999999999999999
    endloop
  endfacet
  facet normal 0 0 0
    outer loop
      vertex -7.7779832622744305 -11.640574572235634 -4.5
      vertex -7.6536686473018065 -18.47759065022573 -2.999999999999999
      vertex -11.111404660392044 -16.629392246050905 -2.999999999999999
    endloop
  endfacet
  facet normal 0 0 0
    outer loop
      vertex -5.357568053111264 -12.934313455158012 -4.5
      vertex -2.7312645082258014 -13.730993925645224 -4.5
      vertex -3.901806440322573 -19.615705608064605 -2.999999999999999
    endloop
  endfacet
  facet normal 0 0 0
    outer loop
      vertex -5.357568053111264 -12.934313455158012 -4.5
      vertex -3.901806440322573 -19.615705608064605 -2.999999999999999
      vertex -7.6536686473018065 -18.47759065022573 -2.999999999999999
    endloop
  endfacet
  facet normal 0 0 0
    outer loop
      vertex -2.7312645082258014 -13.730993925645224 -4.5
      vertex -2.5717582782094417e-15 -14 -4.5
      vertex -3.673940397442059e-15 -20 -2.999999999999999
    endloop
  endfacet
  facet normal 0 0 0
    outer loop
      vertex -2.7312645082258014 -13.730993925645224 -4.5
      vertex -3.673940397442059e-15 -20 -2.999999999999999
      vertex -3.901806440322573 -19.615705608064605 -2.999999999999999
    endloop
  endfacet
  facet normal 0 0 0
    outer loop
      vertex -2.5717582782094417e-15 -14 -4.5
      vertex 2.731264508225796 -13.730993925645226 -4.5
      vertex 3.901806440322566 -19.61570560806461 -2.999999999999999
    endloop
  endfacet
  facet normal 0 0 0
    outer loop
      vertex -2.5717582782094417e-15 -14 -4.5
      vertex 3.901806440322566 -19.61570560806461 -2.999999999999999
      vertex -3.673940397442059e-15 -20 -2.999999999999999
    endloop
  endfacet
  facet normal 0 0 0
    outer loop
      vertex 2.731264508225796 -13.730993925645226 -4.5
      vertex 5.35756805311126 -12.934313455158012 -4.5
      vertex 7.6536686473018 -18.477590650225732 -2.999999999999999
    endloop
  endfacet
  facet normal 0 0 0
    outer loop
      vertex 2.731264508225796 -13.730993925645226 -4.5
      vertex 7.6536686473018 -18.477590650225732 -2.999999999999999
      vertex 3.901806440322566 -19.61570560806461 -2.999999999999999
    endloop
  endfacet
  facet normal 0 0 0
    outer loop
      vertex 5.35756805311126 -12.934313455158012 -4.5
      vertex 7.777983262274426 -11.640574572235636 -4.5
      vertex 11.111404660392036 -16.62939224605091 -2.999999999999999
    endloop
  endfacet
  facet normal 0 0 0
    outer loop
      vertex 5.35756805311126 -12.934313455158012 -4.5
      vertex 11.111404660392036 -16.62939224605091 -2.999999999999999
      vertex 7.6536686473018 -18.477590650225732 -2.999999999999999
    endloop
  endfacet
  facet normal 0 0 0
    outer loop
      vertex 7.777983262274426 -11.640574572235636 -4.5
      vertex 9.899494936611664 -9.899494936611667 -4.5
      vertex 14.142135623730947 -14.142135623730955 -2.999999999999999
    endloop
  endfacet
  facet normal 0 0 0
    outer loop
      vertex 7.777983262274426 -11.640574572235636 -4.5
      vertex 14.142135623730947 -14.142135623730955 -2.999999999999999
      vertex 11.111404660392036 -16.62939224605091 -2.999999999999999
    endloop
  endfacet
  facet normal 0 0 0
    outer loop
      vertex 9.899494936611664 -9.899494936611667 -4.5
      vertex 11.640574572235634 -7.7779832622744305 -4.5
      vertex 16.629392246050905 -11.111404660392044 -2.999999999999999
    endloop
  endfacet
  facet normal 0 0 0
    outer loop
      vertex 9.899494936611664 -9.899494936611667 -4.5
      vertex 16.629392246050905 -11.111404660392044 -2.999999999999999
      vertex 14.142135623730947 -14.142135623730955 -2.999999999999999
    endloop
  endfacet
  facet normal 0 0 0
    outer loop
      vertex 11.640574572235634 -7.7779832622744305 -4.5
      vertex 12.934313455158012 -5.357568053111265 -4.5
      vertex 18.47759065022573 -7.653668647301808 -2.999999999999999
    endloop
  endfacet
  facet normal 0 0 0
    outer loop
      vertex 11.640574572235634 -7.7779832622744305 -4.5
      vertex 18.47759065022573 -7.653668647301808 -2.999999999999999
      vertex 16.629392246050905 -11.111404660392044 -2.999999999999999
    endloop
  endfacet
  facet normal 0 0 0
    outer loop
      vertex 12.934313455158012 -5.357568053111265 -4.5
      vertex 13.730993925645224 -2.7312645082258022 -4.5
      vertex 19.615705608064605 -3.9018064403225745 -2.999999999999999
    endloop
  endfacet
  facet normal 0 0 0
    outer loop
      vertex 12.934313455158012 -5.357568053111265 -4.5
      vertex 19.615705608064605 -3.9018064403225745 -2.999999999999999
      vertex 18.47759065022573 -7.653668647301808 -2.999999999999999
    endloop
  endfacet
  facet normal 0 0 0
    outer loop
      vertex 13.730993925645224 -2.7312645082258022 -4.5
      vertex 14 0 -4.5
      vertex 20 0 -2.999999999999999
    endloop
  endfacet
  facet normal 0 0 0
    outer loop
      vertex 13.730993925645224 -2.7312645082258022 -4.5
      vertex 20 0 -2.999999999999999
      vertex 19.615705608064605 -3.9018064403225745 -2.999999999999999
    endloop
  endfacet
  facet normal 0 0 0
    outer loop
      vertex 20 0 -2.999999999999999
      vertex 19.61570560806461 3.9018064403225647 -2.999999999999999
      vertex 19.61570560806461 3.9018064403225647 -1.5000000000000007
    endloop
  endfacet
  facet normal 0 0 0
    outer loop
      vertex 20 0 -2.999999999999999
      vertex 19.61570560806461 3.9018064403225647 -1.5000000000000007
      vertex 20 0 -1.5000000000000007
    endloop
  endfacet
  facet normal 0 0 0
    outer loop
      vertex 19.61570560806461 3.9018064403225647 -2.999999999999999
      vertex 18.477590650225736 7.653668647301796 -2.999999999999999
      vertex 18.477590650225736 7.653668647301796 -1.5000000000000007
    endloop
  endfacet
  facet normal 0 0 0
    outer loop
      vertex 19.61570560806461 3.9018064403225647 -2.999999999999999
      vertex 18.477590650225736 7.653668647301796 -1.5000000000000007
      vertex 19.61570560806461 3.9018064403225647 -1.5000000000000007
    endloop
  endfacet
  facet normal 0 0 0
    outer loop
      vertex 18.477590650225736 7.653668647301796 -2.999999999999999
      vertex 16.629392246050905 11.111404660392044 -2.999999999999999
      vertex 16.629392246050905 11.111404660392044 -1.5000000000000007
    endloop
  endfacet
  facet normal 0 0 0
    outer loop
      vertex 18.477590650225736 7.653668647301796 -2.999999999999999
      vertex 16.629392246050905 11.111404660392044 -1.5000000000000007
      vertex 18.477590650225736 7.653668647301796 -1.5000000000000007
    endloop
  endfacet
  facet normal 0 0 0
    outer loop
      vertex 16.629392246050905 11.111404660392044 -2.999999999999999
      vertex 14.142135623730951 14.14213562373095 -2.999999999999999
      vertex 14.142135623730951 14.14213562373095 -1.5000000000000007
    endloop
  endfacet
  facet normal 0 0 0
    outer loop
      vertex 16.629392246050905 11.111404660392044 -2.999999999999999
      vertex 14.142135623730951 14.14213562373095 -1.5000000000000007
      vertex 16.629392246050905 11.111404660392044 -1.5000000000000007
    endloop
  endfacet
  facet normal 0 0 0
    outer loop
      vertex 14.142135623730951 14.14213562373095 -2.999999999999999
      vertex 11.111404660392045 16.629392246050905 -2.999999999999999
      vertex 11.111404660392045 16.629392246050905 -1.5000000000000007
    endloop
  endfacet
  facet normal 0 0 0
    outer loop
      vertex 14.142135623730951 14.14213562373095 -2.999999999999999
      vertex 11.111404660392045 16.629392246050905 -1.5000000000000007
      vertex 14.142135623730951 14.14213562373095 -1.5000000000000007
    endloop
  endfacet
  facet normal 0 0 0
    outer loop
      vertex 11.111404660392045 16.629392246050905 -2.999999999999999
      vertex 7.653668647301797 18.477590650225736 -2.999999999999999
      vertex 7.653668647301797 18.477590650225736 -1.5000000000000007
    endloop
  endfacet
  facet normal 0 0 0
    outer loop
      vertex 11.111404660392045 16.629392246050905 -2.999999999999999
      vertex 7.653668647301797 18.477590650225736 -1.5000000000000007
      vertex 11.111404660392045 16.629392246050905 -1.5000000000000007
    endloop
  endfacet
  facet normal 0 0 0
    outer loop
      vertex 7.653668647301797 18.477590650225736 -2.999999999999999
      vertex 3.9018064403225665 19.61570560806461 -2.999999999999999
      vertex 3.9018064403225665 19.61570560806461 -1.5000000000000007
    endloop
  endfacet
  facet normal 0 0 0
    outer loop
      vertex 7.653668647301797 18.477590650225736 -2.999999999999999
      vertex 3.9018064403225665 19.61570560806461 -1.5000000000000007
      vertex 7.653668647301797 18.477590650225736 -1.5000000000000007
    endloop
  endfacet
  facet normal 0 0 0
    outer loop
      vertex 3.9018064403225665 19.61570560806461 -2.999999999999999
      vertex 1.2246467991473533e-15 20 -2.999999999999999
      vertex 1.2246467991473533e-15 20 -1.5000000000000007
    endloop
  endfacet
  facet normal 0 0 0
    outer loop
      vertex 3.9018064403225665 19.61570560806461 -2.999999999999999
      vertex 1.2246467991473533e-15 20 -1.5000000000000007
      vertex 3.9018064403225665 19.61570560806461 -1.5000000000000007
    endloop
  endfacet
  facet normal 0 0 0
    outer loop
      vertex 1.2246467991473533e-15 20 -2.999999999999999
      vertex -3.901806440322564 19.61570560806461 -2.999999999999999
      vertex -3.901806440322564 19.61570560806461 -1.5000000000000007
    endloop
  endfacet
  facet normal 0 0 0
    outer loop
      vertex 1.2246467991473533e-15 20 -2.999999999999999
      vertex -3.901806440322564 19.61570560806461 -1.5000000000000007
      vertex 1.2246467991473533e-15 20 -1.5000000000000007
    endloop
  endfacet
  facet normal 0 0 0
    outer loop
      vertex -3.901806440322564 19.61570560806461 -2.999999999999999
      vertex -7.653668647301794 18.477590650225736 -2.999999999999999
      vertex -7.653668647301794 18.477590650225736 -1.5000000000000007
    endloop
  endfacet
  facet normal 0 0 0
    outer loop
      vertex -3.901806440322564 19.61570560806461 -2.999999999999999
      vertex -7.653668647301794 18.477590650225736 -1.5000000000000007
      vertex -3.901806440322564 19.61570560806461 -1.5000000000000007
    endloop
  endfacet
  facet normal 0 0 0
    outer loop
      vertex -7.653668647301794 18.477590650225736 -2.999999999999999
      vertex -11.11140466039204 16.629392246050905 -2.999999999999999
      vertex -11.11140466039204 16.629392246050905 -1.5000000000000007
    endloop
  endfacet
  facet normal 0 0 0
    outer loop
      vertex -7.653668647301794 18.477590650225736 -2.999999999999999
      vertex -11.11140466039204 16.629392246050905 -1.5000000000000007
      vertex -7.653668647301794 18.477590650225736 -1.5000000000000007
    endloop
  endfacet
  facet normal 0 0 0
    outer loop
      vertex -11.11140466039204 16.629392246050905 -2.999999999999999
      vertex -14.14213562373095 14.142135623730951 -2.999999999999999
      vertex -14.14213562373095 14.142135623730951 -1.5000000000000007
    endloop
  endfacet
  facet normal 0 0 0
    outer loop
      vertex -11.11140466039204 16.629392246050905 -2.999999999999999
      vertex -14.14213562373095 14.142135623730951 -1.5000000000000007
      vertex -11.11140466039204 16.629392246050905 -1.5000000000000007
    endloop
  endfacet
  facet normal 0 0 0
    outer loop
      vertex -14.14213562373095 14.142135623730951 -2.999999999999999
      vertex -16.629392246050905 11.111404660392044 -2.999999999999999
      vertex -16.629392246050905 11.111404660392044 -1.5000000000000007
    endloop
  endfacet
  facet normal 0 0 0
    outer loop
      vertex -14.14213562373095 14.142135623730951 -2.999999999999999
      vertex -16.629392246050905 11.111404660392044 -1.5000000000000007
      vertex -14.14213562373095 14.142135623730951 -1.5000000000000007
    endloop
  endfacet
  facet normal 0 0 0
    outer loop
      vertex -16.629392246050905 11.111404660392044 -2.999999999999999
      vertex -18.477590650225736 7.653668647301798 -2.999999999999999
      vertex -18.477590650225736 7.653668647301798 -1.5000000000000007
    endloop
  endfacet
  facet normal 0 0 0
    outer loop
      vertex -16.629392246050905 11.111404660392044 -2.999999999999999
      vertex -18.477590650225736 7.653668647301798 -1.5000000000000007
      vertex -16.629392246050905 11.111404660392044 -1.5000000000000007
    endloop
  endfacet
  facet normal 0 0 0
    outer loop
      vertex -18.477590650225736 7.653668647301798 -2.999999999999999
      vertex -19.61570560806461 3.9018064403225723 -2.999999999999999
      vertex -19.61570560806461 3.9018064403225723 -1.5000000000000007
    endloop
  endfacet
  facet normal 0 0 0
    outer loop
      vertex -18.477590650225736 7.653668647301798 -2.999999999999999
      vertex -19.61570560806461 3.9018064403225723 -1.5000000000000007
      vertex -18.477590650225736 7.653668647301798 -1.5000000000000007
    endloop
  endfacet
  facet normal 0 0 0
    outer loop
      vertex -19.61570560806461 3.9018064403225723 -2.999999999999999
      vertex -20 2.4492935982947065e-15 -2.999999999999999
      vertex -20 2.4492935982947065e-15 -1.5000000000000007
    endloop
  endfacet
  facet normal 0 0 0
    outer loop
      vertex -19.61570560806461 3.9018064403225723 -2.999999999999999
      vertex -20 2.4492935982947065e-15 -1.5000000000000007
      vertex -19.61570560806461 3.9018064403225723 -1.5000000000000007
    endloop
  endfacet
  facet normal 0 0 0
    outer loop
      vertex -20 2.4492935982947065e-15 -2.999999999999999
      vertex -19.61570560806461 -3.9018064403225674 -2.999999999999999
      vertex -19.61570560806461 -3.9018064403225674 -1.5000000000000007
    endloop
  endfacet
  facet normal 0 0 0
    outer loop
      vertex -20 2.4492935982947065e-15 -2.999999999999999
      vertex -19.61570560806461 -3.9018064403225674 -1.5000000000000007
      vertex -20 2.4492935982947065e-15 -1.5000000000000007
    endloop
  endfacet
  facet normal 0 0 0
    outer loop
      vertex -19.61570560806461 -3.9018064403225674 -2.999999999999999
      vertex -18.477590650225736 -7.653668647301792 -2.999999999999999
      vertex -18.477590650225736 -7.653668647301792 -1.5000000000000007
    endloop
  endfacet
  facet normal 0 0 0
    outer loop
      vertex -19.61570560806461 -3.9018064403225674 -2.999999999999999
      vertex -18.477590650225736 -7.653668647301792 -1.5000000000000007
      vertex -19.61570560806461 -3.9018064403225674 -1.5000000000000007
    endloop
  endfacet
  facet normal 0 0 0
    outer loop
      vertex -18.477590650225736 -7.653668647301792 -2.999999999999999
      vertex -16.62939224605091 -11.11140466039204 -2.999999999999999
      vertex -16.62939224605091 -11.11140466039204 -1.5000000000000007
    endloop
  endfacet
  facet normal 0 0 0
    outer loop
      vertex -18.477590650225736 -7.653668647301792 -2.999999999999999
      vertex -16.62939224605091 -11.11140466039204 -1.5000000000000007
      vertex -18.477590650225736 -7.653668647301792 -1.5000000000000007
    endloop
  endfacet
  facet normal 0 0 0
    outer loop
      vertex -16.62939224605091 -11.11140466039204 -2.999999999999999
      vertex -14.142135623730955 -14.14213562373095 -2.999999999999999
      vertex -14.142135623730955 -14.14213562373095 -1.5000000000000007
    endloop
  endfacet
  facet normal 0 0 0
    outer loop
      vertex -16.62939224605091 -11.11140466039204 -2.999999999999999
      vertex -14.142135623730955 -14.14213562373095 -1.5000000000000007
      vertex -16.62939224605091 -11.11140466039204 -1.5000000000000007
    endloop
  endfacet
  facet normal 0 0 0
    outer loop
      vertex -14.142135623730955 -14.14213562373095 -2.999999999999999
      vertex -11.111404660392044 -16.629392246050905 -2.999999999999999
      vertex -11.111404660392044 -16.629392246050905 -1.5000000000000007
    endloop
  endfacet
  facet normal 0 0 0
    outer loop
      vertex -14.142135623730955 -14.14213562373095 -2.999999999999999
      vertex -11.111404660392044 -16.629392246050905 -1.5000000000000007
      vertex -14.142135623730955 -14.14213562373095 -1.5000000000000007
    endloop
  endfacet
  facet normal 0 0 0
    outer loop
      vertex -11.111404660392044 -16.629392246050905 -2.999999999999999
      vertex -7.6536686473018065 -18.47759065022573 -2.999999999999999
      vertex -7.6536686473018065 -18.47759065022573 -1.5000000000000007
    endloop
  endfacet
  facet normal 0 0 0
    outer loop
      vertex -11.111404660392044 -16.629392246050905 -2.999999999999999
      vertex -7.6536686473018065 -18.47759065022573 -1.5000000000000007
      vertex -11.111404660392044 -16.629392246050905 -1.5000000000000007
    endloop
  endfacet
  facet normal 0 0 0
    outer loop
      vertex -7.6536686473018065 -18.47759065022573 -2.999999999999999
      vertex -3.901806440322573 -19.615705608064605 -2.999999999999999
      vertex -3.901806440322573 -19.615705608064605 -1.5000000000000007
    endloop
  endfacet
  facet normal 0 0 0
    outer loop
      vertex -7.6536686473018065 -18.47759065022573 -2.999999999999999
      vertex -3.901806440322573 -19.615705608064605 -1.5000000000000007
      vertex -7.6536686473018065 -18.47759065022573 -1.5000000000000007
    endloop
  endfacet
  facet normal 0 0 0
    outer loop
      vertex -3.901806440322573 -19.615705608064605 -2.999999999999999
      vertex -3.673940397442059e-15 -20 -2.999999999999999
      vertex -3.673940397442059e-15 -20 -1.5000000000000007
    endloop
  endfacet
  facet normal 0 0 0
    outer loop
      vertex -3.901806440322573 -19.615705608064605 -2.999999999999999
      vertex -3.673940397442059e-15 -20 -1.5000000000000007
      vertex -3.901806440322573 -19.615705608064605 -1.5000000000000007
    endloop
  endfacet
  facet normal 0 0 0
    outer loop
      vertex -3.673940397442059e-15 -20 -2.999999999999999
      vertex 3.901806440322566 -19.61570560806461 -2.999999999999999
      vertex 3.901806440322566 -19.61570560806461 -1.5000000000000007
    endloop
  endfacet
  facet normal 0 0 0
    outer loop
      vertex -3.673940397442059e-15 -20 -2.999999999999999
      vertex 3.901806440322566 -19.61570560806461 -1.5000000000000007
      vertex -3.673940397442059e-15 -20 -1.5000000000000007
    endloop
  endfacet
  facet normal 0 0 0
    outer loop
      vertex 3.901806440322566 -19.61570560806461 -2.999999999999999
      vertex 7.6536686473018 -18.477590650225732 -2.999999999999999
      vertex 7.6536686473018 -18.477590650225732 -1.5000000000000007
    endloop
  endfacet
  facet normal 0 0 0
    outer loop
      vertex 3.901806440322566 -19.61570560806461 -2.999999999999999
      vertex 7.6536686473018 -18.477590650225732 -1.5000000000000007
      vertex 3.901806440322566 -19.61570560806461 -1.5000000000000007
    endloop
  endfacet
  facet normal 0 0 0
    outer loop
      vertex 7.6536686473018 -18.477590650225732 -2.999999999999999
      vertex 11.111404660392036 -16.62939224605091 -2.999999999999999
      vertex 11.111404660392036 -16.62939224605091 -1.5000000000000007
    endloop
  endfacet
  facet normal 0 0 0
    outer loop
      vertex 7.6536686473018 -18.477590650225732 -2.999999999999999
      vertex 11.111404660392036 -16.62939224605091 -1.5000000000000007
      vertex 7.6536686473018 -18.477590650225732 -1.5000000000000007
    endloop
  endfacet
  facet normal 0 0 0
    outer loop
      vertex 11.111404660392036 -16.62939224605091 -2.999999999999999
      vertex 14.142135623730947 -14.142135623730955 -2.999999999999999
      vertex 14.142135623730947 -14.142135623730955 -1.5000000000000007
    endloop
  endfacet
  facet normal 0 0 0
    outer loop
      vertex 11.111404660392036 -16.62939224605091 -2.999999999999999
      vertex 14.142135623730947 -14.142135623730955 -1.5000000000000007
      vertex 11.111404660392036 -16.62939224605091 -1.5000000000000007
    endloop
  endfacet
  facet normal 0 0 0
    outer loop
      vertex 14.142135623730947 -14.142135623730955 -2.999999999999999
      vertex 16.629392246050905 -11.111404660392044 -2.999999999999999
      vertex 16.629392246050905 -11.111404660392044 -1.5000000000000007
    endloop
  endfacet
  facet normal 0 0 0
    outer loop
      vertex 14.142135623730947 -14.142135623730955 -2.999999999999999
      vertex 16.629392246050905 -11.111404660392044 -1.5000000000000007
      vertex 14.142135623730947 -14.142135623730955 -1.5000000000000007
    endloop
  endfacet
  facet normal 0 0 0
    outer loop
      vertex 16.629392246050905 -11.111404660392044 -2.999999999999999
      vertex 18.47759065022573 -7.653668647301808 -2.999999999999999
      vertex 18.47759065022573 -7.653668647301808 -1.5000000000000007
    endloop
  endfacet
  facet normal 0 0 0
    outer loop
      vertex 16.629392246050905 -11.111404660392044 -2.999999999999999
      vertex 18.47759065022573 -7.653668647301808 -1.5000000000000007
      vertex 16.629392246050905 -11.111404660392044 -1.5000000000000007
    endloop
  endfacet
  facet normal 0 0 0
    outer loop
      vertex 18.47759065022573 -7.653668647301808 -2.999999999999999
      vertex 19.615705608064605 -3.9018064403225745 -2.999999999999999
      vertex 19.615705608064605 -3.9018064403225745 -1.5000000000000007
    endloop
  endfacet
  facet normal 0 0 0
    outer loop
      vertex 18.47759065022573 -7.653668647301808 -2.999999999999999
      vertex 19.615705608064605 -3.9018064403225745 -1.5000000000000007
      vertex 18.47759065022573 -7.653668647301808 -1.5000000000000007
    endloop
  endfacet
  facet normal 0 0 0
    outer loop
      vertex 19.615705608064605 -3.9018064403225745 -2.999999999999999
      vertex 20 0 -2.999999999999999
      vertex 20 0 -1.5000000000000007
    endloop
  endfacet
  facet normal 0 0 0
    outer loop
      vertex 19.615705608064605 -3.9018064403225745 -2.999999999999999
      vertex 20 0 -1.5000000000000007
      vertex 19.615705608064605 -3.9018064403225745 -1.5000000000000007
    endloop
  endfacet
  facet normal 0 0 0
    outer loop
      vertex 20 0 -1.5000000000000007
      vertex 19.61570560806461 3.9018064403225647 -1.5000000000000007
      vertex 19.61570560806461 3.9018064403225647 0
    endloop
  endfacet
  facet normal 0 0 0
    outer loop
      vertex 20 0 -1.5000000000000007
      vertex 19.61570560806461 3.9018064403225647 0
      vertex 20 0 0
    endloop
  endfacet
  facet normal 0 0 0
    outer loop
      vertex 19.61570560806461 3.9018064403225647 -1.5000000000000007
      vertex 18.477590650225736 7.653668647301796 -1.5000000000000007
      vertex 18.477590650225736 7.653668647301796 0
    endloop
  endfacet
  facet normal 0 0 0
    outer loop
      vertex 19.61570560806461 3.9018064403225647 -1.5000000000000007
      vertex 18.477590650225736 7.653668647301796 0
      vertex 19.61570560806461 3.9018064403225647 0
    endloop
  endfacet
  facet normal 0 0 0
    outer loop
      vertex 18.477590650225736 7.653668647301796 -1.5000000000000007
      vertex 16.629392246050905 11.111404660392044 -1.5000000000000007
      vertex 16.629392246050905 11.111404660392044 0
    endloop
  endfacet
  facet normal 0 0 0
    outer loop
      vertex 18.477590650225736 7.653668647301796 -1.5000000000000007
      vertex 16.629392246050905 11.111404660392044 0
      vertex 18.477590650225736 7.653668647301796 0
    endloop
  endfacet
  facet normal 0 0 0
    outer loop
      vertex 16.629392246050905 11.111404660392044 -1.5000000000000007
      vertex 14.142135623730951 14.14213562373095 -1.5000000000000007
      vertex 14.142135623730951 14.14213562373095 0
    endloop
  endfacet
  facet normal 0 0 0
    outer loop
      vertex 16.629392246050905 11.111404660392044 -1.5000000000000007
      vertex 14.142135623730951 14.14213562373095 0
      vertex 16.629392246050905 11.111404660392044 0
    endloop
  endfacet
  facet normal 0 0 0
    outer loop
      vertex 14.142135623730951 14.14213562373095 -1.5000000000000007
      vertex 11.111404660392045 16.629392246050905 -1.5000000000000007
      vertex 11.111404660392045 16.629392246050905 0
    endloop
  endfacet
  facet normal 0 0 0
    outer loop
      vertex 14.142135623730951 14.14213562373095 -1.5000000000000007
      vertex 11.111404660392045 16.629392246050905 0
      vertex 14.142135623730951 14.14213562373095 0
    endloop
  endfacet
  facet normal 0 0 0
    outer loop
      vertex 11.111404660392045 16.629392246050905 -1.5000000000000007
      vertex 7.653668647301797 18.477590650225736 -1.5000000000000007
      vertex 7.653668647301797 18.477590650225736 0
    endloop
  endfacet
  facet normal 0 0 0
    outer loop
      vertex 11.111404660392045 16.629392246050905 -1.5000000000000007
      vertex 7.653668647301797 18.477590650225736 0
      vertex 11.111404660392045 16.629392246050905 0
    endloop
  endfacet
  facet normal 0 0 0
    outer loop
      vertex 7.653668647301797 18.477590650225736 -1.5000000000000007
      vertex 3.9018064403225665 19.61570560806461 -1.5000000000000007
      vertex 3.9018064403225665 19.61570560806461 0
    endloop
  endfacet
  facet normal 0 0 0
    outer loop
      vertex 7.653668647301797 18.477590650225736 -1.5000000000000007
      vertex 3.9018064403225665 19.61570560806461 0
      vertex 7.653668647301797 18.477590650225736 0
    endloop
  endfacet
  facet normal 0 0 0
    outer loop
      vertex 3.9018064403225665 19.61570560806461 -1.5000000000000007
      vertex 1.2246467991473533e-15 20 -1.5000000000000007
      vertex 1.2246467991473533e-15 20 0
    endloop
  endfacet
  facet normal 0 0 0
    outer loop
      vertex 3.9018064403225665 19.61570560806461 -1.5000000000000007
      vertex 1.2246467991473533e-15 20 0
      vertex 3.9018064403225665 19.61570560806461 0
    endloop
  endfacet
  facet normal 0 0 0
    outer loop
      vertex 1.2246467991473533e-15 20 -1.5000000000000007
      vertex -3.901806440322564 19.61570560806461 -1.5000000000000007
      vertex -3.901806440322564 19.61570560806461 0
    endloop
  endfacet
  facet normal 0 0 0
    outer loop
      vertex 1.2246467991473533e-15 20 -1.5000000000000007
      vertex -3.901806440322564 19.61570560806461 0
      vertex 1.2246467991473533e-15 20 0
    endloop
  endfacet
  facet normal 0 0 0
    outer loop
      vertex -3.901806440322564 19.61570560806461 -1.5000000000000007
      vertex -7.653668647301794 18.477590650225736 -1.5000000000000007
      vertex -7.653668647301794 18.477590650225736 0
    endloop
  endfacet
  facet normal 0 0 0
    outer loop
      vertex -3.901806440322564 19.61570560806461 -1.5000000000000007
      vertex -7.653668647301794 18.477590650225736 0
      vertex -3.901806440322564 19.61570560806461 0
    endloop
  endfacet
  facet normal 0 0 0
    outer loop
      vertex -7.653668647301794 18.477590650225736 -1.5000000000000007
      vertex -11.11140466039204 16.629392246050905 -1.5000000000000007
      vertex -11.11140466039204 16.629392246050905 0
    endloop
  endfacet
  facet normal 0 0 0
    outer loop
      vertex -7.653668647301794 18.477590650225736 -1.5000000000000007
      vertex -11.11140466039204 16.629392246050905 0
      vertex -7.653668647301794 18.477590650225736 0
    endloop
  endfacet
  facet normal 0 0 0
    outer loop
      vertex -11.11140466039204 16.629392246050905 -1.5000000000000007
      vertex -14.14213562373095 14.142135623730951 -1.5000000000000007
      vertex -14.14213562373095 14.142135623730951 0
    endloop
  endfacet
  facet normal 0 0 0
    outer loop
      vertex -11.11140466039204 16.629392246050905 -1.5000000000000007
      vertex -14.14213562373095 14.142135623730951 0
      vertex -11.11140466039204 16.629392246050905 0
    endloop
  endfacet
  facet normal 0 0 0
    outer loop
      vertex -14.14213562373095 14.142135623730951 -1.5000000000000007
      vertex -16.629392246050905 11.111404660392044 -1.5000000000000007
      vertex -16.629392246050905 11.111404660392044 0
    endloop
  endfacet
  facet normal 0 0 0
    outer loop
      vertex -14.14213562373095 14.142135623730951 -1.5000000000000007
      vertex -16.629392246050905 11.111404660392044 0
      vertex -14.14213562373095 14.142135623730951 0
    endloop
  endfacet
  facet normal 0 0 0
    outer loop
      vertex -16.629392246050905 11.111404660392044 -1.5000000000000007
      vertex -18.477590650225736 7.653668647301798 -1.5000000000000007
      vertex -18.477590650225736 7.653668647301798 0
    endloop
  endfacet
  facet normal 0 0 0
    outer loop
      vertex -16.629392246050905 11.111404660392044 -1.5000000000000007
      vertex -18.477590650225736 7.653668647301798 0
      vertex -16.629392246050905 11.111404660392044 0
    endloop
  endfacet
  facet normal 0 0 0
    outer loop
      vertex -18.477590650225736 7.653668647301798 -1.5000000000000007
      vertex -19.61570560806461 3.9018064403225723 -1.5000000000000007
      vertex -19.61570560806461 3.9018064403225723 0
    endloop
  endfacet
  facet normal 0 0 0
    outer loop
      vertex -18.477590650225736 7.653668647301798 -1.5000000000000007
      vertex -19.61570560806461 3.9018064403225723 0
      vertex -18.477590650225736 7.653668647301798 0
    endloop
  endfacet
  facet normal 0 0 0
    outer loop
      vertex -19.61570560806461 3.9018064403225723 -1.5000000000000007
      vertex -20 2.4492935982947065e-15 -1.5000000000000007
      vertex -20 2.4492935982947065e-15 0
    endloop
  endfacet
  facet normal 0 0 0
    outer loop
      vertex -19.61570560806461 3.9018064403225723 -1.5000000000000007
      vertex -20 2.4492935982947065e-15 0
      vertex -19.61570560806461 3.9018064403225723 0
    endloop
  endfacet
  facet normal 0 0 0
    outer loop
      vertex -20 2.4492935982947065e-15 -1.5000000000000007
      vertex -19.61570560806461 -3.9018064403225674 -1.5000000000000007
      vertex -19.61570560806461 -3.9018064403225674 0
    endloop
  endfacet
  facet normal 0 0 0
    outer loop
      vertex -20 2.4492935982947065e-15 -1.5000000000000007
      vertex -19.61570560806461 -3.9018064403225674 0
      vertex -20 2.4492935982947065e-15 0
    endloop
  endfacet
  facet normal 0 0 0
    outer loop
      vertex -19.61570560806461 -3.9018064403225674 -1.5000000000000007
      vertex -18.477590650225736 -7.653668647301792 -1.5000000000000007
      vertex -18.477590650225736 -7.653668647301792 0
    endloop
  endfacet
  facet normal 0 0 0
    outer loop
      vertex -19.61570560806461 -3.9018064403225674 -1.5000000000000007
      vertex -18.477590650225736 -7.653668647301792 0
      vertex -19.61570560806461 -3.9018064403225674 0
    endloop
  endfacet
  facet normal 0 0 0
    outer loop
      vertex -18.477590650225736 -7.653668647301792 -1.5000000000000007
      vertex -16.62939224605091 -11.11140466039204 -1.5000000000000007
      vertex -16.62939224605091 -11.11140466039204 0
    endloop
  endfacet
  facet normal 0 0 0
    outer loop
      vertex -18.477590650225736 -7.653668647301792 -1.5000000000000007
      vertex -16.62939224605091 -11.11140466039204 0
      vertex -18.477590650225736 -7.653668647301792 0
    endloop
  endfacet
  facet normal 0 0 0
    outer loop
      vertex -16.62939224605091 -11.11140466039204 -1.5000000000000007
      vertex -14.142135623730955 -14.14213562373095 -1.5000000000000007
      vertex -14.142135623730955 -14.14213562373095 0
    endloop
  endfacet
  facet normal 0 0 0
    outer loop
      vertex -16.62939224605091 -11.11140466039204 -1.5000000000000007
      vertex -14.142135623730955 -14.14213562373095 0
      vertex -16.62939224605091 -11.11140466039204 0
    endloop
  endfacet
  facet normal 0 0 0
    outer loop
      vertex -14.142135623730955 -14.14213562373095 -1.5000000000000007
      vertex -11.111404660392044 -16.629392246050905 -1.5000000000000007
      vertex -11.111404660392044 -16.629392246050905 0
    endloop
  endfacet
  facet normal 0 0 0
    outer loop
      vertex -14.142135623730955 -14.14213562373095 -1.5000000000000007
      vertex -11.111404660392044 -16.629392246050905 0
      vertex -14.142135623730955 -14.14213562373095 0
    endloop
  endfacet
  facet normal 0 0 0
    outer loop
      vertex -11.111404660392044 -16.629392246050905 -1.5000000000000007
      vertex -7.6536686473018065 -18.47759065022573 -1.5000000000000007
      vertex -7.6536686473018065 -18.47759065022573 0
    endloop
  endfacet
  facet normal 0 0 0
    outer loop
      vertex -11.111404660392044 -16.629392246050905 -1.5000000000000007
      vertex -7.6536686473018065 -18.47759065022573 0
      vertex -11.111404660392044 -16.629392246050905 0
    endloop
  endfacet
  facet normal 0 0 0
    outer loop
      vertex -7.6536686473018065 -18.47759065022573 -1.5000000000000007
      vertex -3.901806440322573 -19.615705608064605 -1.5000000000000007
      vertex -3.901806440322573 -19.615705608064605 0
    endloop
  endfacet
  facet normal 0 0 0
    outer loop
      vertex -7.6536686473018065 -18.47759065022573 -1.5000000000000007
      vertex -3.901806440322573 -19.615705608064605 0
      vertex -7.6536686473018065 -18.47759065022573 0
    endloop
  endfacet
  facet normal 0 0 0
    outer loop
      vertex -3.901806440322573 -19.615705608064605 -1.5000000000000007
      vertex -3.673940397442059e-15 -20 -1.5000000000000007
      vertex -3.673940397442059e-15 -20 0
    endloop
  endfacet
  facet normal 0 0 0
    outer loop
      vertex -3.901806440322573 -19.615705608064605 -1.5000000000000007
      vertex -3.673940397442059e-15 -20 0
      vertex -3.901806440322573 -19.615705608064605 0
    endloop
  endfacet
  facet normal 0 0 0
    outer loop
      vertex -3.673940397442059e-15 -20 -1.5000000000000007
      vertex 3.901806440322566 -19.61570560806461 -1.5000000000000007
      vertex 3.901806440322566 -19.61570560806461 0
    endloop
  endfacet
  facet normal 0 0 0
    outer loop
      vertex -3.673940397442059e-15 -20 -1.5000000000000007
      vertex 3.901806440322566 -19.61570560806461 0
      vertex -3.673940397442059e-15 -20 0
    endloop
  endfacet
  facet normal 0 0 0
    outer loop
      vertex 3.901806440322566 -19.61570560806461 -1.5000000000000007
      vertex 7.6536686473018 -18.477590650225732 -1.5000000000000007
      vertex 7.6536686473018 -18.477590650225732 0
    endloop
  endfacet
  facet normal 0 0 0
    outer loop
      vertex 3.901806440322566 -19.61570560806461 -1.5000000000000007
      vertex 7.6536686473018 -18.477590650225732 0
      vertex 3.901806440322566 -19.61570560806461 0
    endloop
  endfacet
  facet normal 0 0 0
    outer loop
      vertex 7.6536686473018 -18.477590650225732 -1.5000000000000007
      vertex 11.111404660392036 -16.62939224605091 -1.5000000000000007
      vertex 11.111404660392036 -16.62939224605091 0
    endloop
  endfacet
  facet normal 0 0 0
    outer loop
      vertex 7.6536686473018 -18.477590650225732 -1.5000000000000007
      vertex 11.111404660392036 -16.62939224605091 0
      vertex 7.6536686473018 -18.477590650225732 0
    endloop
  endfacet
  facet normal 0 0 0
    outer loop
      vertex 11.111404660392036 -16.62939224605091 -1.5000000000000007
      vertex 14.142135623730947 -14.142135623730955 -1.5000000000000007
      vertex 14.142135623730947 -14.142135623730955 0
    endloop
  endfacet
  facet normal 0 0 0
    outer loop
      vertex 11.111404660392036 -16.62939224605091 -1.5000000000000007
      vertex 14.142135623730947 -14.142135623730955 0
      vertex 11.111404660392036 -16.62939224605091 0
    endloop
  endfacet
  facet normal 0 0 0
    outer loop
      vertex 14.142135623730947 -14.142135623730955 -1.5000000000000007
      vertex 16.629392246050905 -11.111404660392044 -1.5000000000000007
      vertex 16.629392246050905 -11.111404660392044 0
    endloop
  endfacet
  facet normal 0 0 0
    outer loop
      vertex 14.142135623730947 -14.142135623730955 -1.5000000000000007
      vertex 16.629392246050905 -11.111404660392044 0
      vertex 14.142135623730947 -14.142135623730955 0
    endloop
  endfacet
  facet normal 0 0 0
    outer loop
      vertex 16.629392246050905 -11.111404660392044 -1.5000000000000007
      vertex 18.47759065022573 -7.653668647301808 -1.5000000000000007
      vertex 18.47759065022573 -7.653668647301808 0
    endloop
  endfacet
  facet normal 0 0 0
    outer loop
      vertex 16.629392246050905 -11.111404660392044 -1.5000000000000007
      vertex 18.47759065022573 -7.653668647301808 0
      vertex 16.629392246050905 -11.111404660392044 0
    endloop
  endfacet
  facet normal 0 0 0
    outer loop
      vertex 18.47759065022573 -7.653668647301808 -1.5000000000000007
      vertex 19.615705608064605 -3.9018064403225745 -1.5000000000000007
      vertex 19.615705608064605 -3.9018064403225745 0
    endloop
  endfacet
  facet normal 0 0 0
    outer loop
      vertex 18.47759065022573 -7.653668647301808 -1.5000000000000007
      vertex 19.615705608064605 -3.9018064403225745 0
      vertex 18.47759065022573 -7.653668647301808 0
    endloop
  endfacet
  facet normal 0 0 0
    outer loop
      vertex 19.615705608064605 -3.9018064403225745 -1.5000000000000007
      vertex 20 0 -1.5000000000000007
      vertex 20 0 0
    endloop
  endfacet
  facet normal 0 0 0
    outer loop
      vertex 19.615705608064605 -3.9018064403225745 -1.5000000000000007
      vertex 20 0 0
      vertex 19.615705608064605 -3.9018064403225745 0
    endloop
  endfacet
  facet normal 0 0 0
    outer loop
      vertex 20 0 0
      vertex 19.61570560806461 3.9018064403225647 0
      vertex 19.61570560806461 3.9018064403225647 1.4999999999999987
    endloop
  endfacet
  facet normal 0 0 0
    outer loop
      vertex 20 0 0
      vertex 19.61570560806461 3.9018064403225647 1.4999999999999987
      vertex 20 0 1.4999999999999987
    endloop
  endfacet
  facet normal 0 0 0
    outer loop
      vertex 19.61570560806461 3.9018064403225647 0
      vertex 18.477590650225736 7.653668647301796 0
      vertex 18.477590650225736 7.653668647301796 1.4999999999999987
    endloop
  endfacet
  facet normal 0 0 0
    outer loop
      vertex 19.61570560806461 3.9018064403225647 0
      vertex 18.477590650225736 7.653668647301796 1.4999999999999987
      vertex 19.61570560806461 3.9018064403225647 1.4999999999999987
    endloop
  endfacet
  facet normal 0 0 0
    outer loop
      vertex 18.477590650225736 7.653668647301796 0
      vertex 16.629392246050905 11.111404660392044 0
      vertex 16.629392246050905 11.111404660392044 1.4999999999999987
    endloop
  endfacet
  facet normal 0 0 0
    outer loop
      vertex 18.477590650225736 7.653668647301796 0
      vertex 16.629392246050905 11.111404660392044 1.4999999999999987
      vertex 18.477590650225736 7.653668647301796 1.4999999999999987
    endloop
  endfacet
  facet normal 0 0 0
    outer loop
      vertex 16.629392246050905 11.111404660392044 0
      vertex 14.142135623730951 14.14213562373095 0
      vertex 14.142135623730951 14.14213562373095 1.4999999999999987
    endloop
  endfacet
  facet normal 0 0 0
    outer loop
      vertex 16.629392246050905 11.111404660392044 0
      vertex 14.142135623730951 14.14213562373095 1.4999999999999987
      vertex 16.629392246050905 11.111404660392044 1.4999999999999987
    endloop
  endfacet
  facet normal 0 0 0
    outer loop
      vertex 14.142135623730951 14.14213562373095 0
      vertex 11.111404660392045 16.629392246050905 0
      vertex 11.111404660392045 16.629392246050905 1.4999999999999987
    endloop
  endfacet
  facet normal 0 0 0
    outer loop
      vertex 14.142135623730951 14.14213562373095 0
      vertex 11.111404660392045 16.629392246050905 1.4999999999999987
      vertex 14.142135623730951 14.14213562373095 1.4999999999999987
    endloop
  endfacet
  facet normal 0 0 0
    outer loop
      vertex 11.111404660392045 16.629392246050905 0
      vertex 7.653668647301797 18.477590650225736 0
      vertex 7.653668647301797 18.477590650225736 1.4999999999999987
    endloop
  endfacet
  facet normal 0 0 0
    outer loop
      vertex 11.111404660392045 16.629392246050905 0
      vertex 7.653668647301797 18.477590650225736 1.4999999999999987
      vertex 11.111404660392045 16.629392246050905 1.4999999999999987
    endloop
  endfacet
  facet normal 0 0 0
    outer loop
      vertex 7.653668647301797 18.477590650225736 0
      vertex 3.9018064403225665 19.61570560806461 0
      vertex 3.9018064403225665 19.61570560806461 1.4999999999999987
    endloop
  endfacet
  facet normal 0 0 0
    outer loop
      vertex 7.653668647301797 18.477590650225736 0
      vertex 3.9018064403225665 19.61570560806461 1.4999999999999987
      vertex 7.653668647301797 18.477590650225736 1.4999999999999987
    endloop
  endfacet
  facet normal 0 0 0
    outer loop
      vertex 3.9018064403225665 19.61570560806461 0
      vertex 1.2246467991473533e-15 20 0
      vertex 1.2246467991473533e-15 20 1.4999999999999987
    endloop
  endfacet
  facet normal 0 0 0
    outer loop
      vertex 3.9018064403225665 19.61570560806461 0
      vertex 1.2246467991473533e-15 20 1.4999999999999987
      vertex 3.9018064403225665 19.61570560806461 1.4999999999999987
    endloop
  endfacet
  facet normal 0 0 0
    outer loop
      vertex 1.2246467991473533e-15 20 0
      vertex -3.901806440322564 19.61570560806461 0
      vertex -3.901806440322564 19.61570560806461 1.4999999999999987
    endloop
  endfacet
  facet normal 0 0 0
    outer loop
      vertex 1.2246467991473533e-15 20 0
      vertex -3.901806440322564 19.61570560806461 1.4999999999999987
      vertex 1.2246467991473533e-15 20 1.4999999999999987
    endloop
  endfacet
  facet normal 0 0 0
    outer loop
      vertex -3.901806440322564 19.61570560806461 0
      vertex -7.653668647301794 18.477590650225736 0
      vertex -7.653668647301794 18.477590650225736 1.4999999999999987
    endloop
  endfacet
  facet normal 0 0 0
    outer loop
      vertex -3.901806440322564 19.61570560806461 0
      vertex -7.653668647301794 18.477590650225736 1.4999999999999987
      vertex -3.901806440322564 19.61570560806461 1.4999999999999987
    endloop
  endfacet
  facet normal 0 0 0
    outer loop
      vertex -7.653668647301794 18.477590650225736 0
      vertex -11.11140466039204 16.629392246050905 0
      vertex -11.11140466039204 16.629392246050905 1.4999999999999987
    endloop
  endfacet
  facet normal 0 0 0
    outer loop
      vertex -7.653668647301794 18.477590650225736 0
      vertex -11.11140466039204 16.629392246050905 1.4999999999999987
      vertex -7.653668647301794 18.477590650225736 1.4999999999999987
    endloop
  endfacet
  facet normal 0 0 0
    outer loop
      vertex -11.11140466039204 16.629392246050905 0
      vertex -14.14213562373095 14.142135623730951 0
      vertex -14.14213562373095 14.142135623730951 1.4999999999999987
    endloop
  endfacet
  facet normal 0 0 0
    outer loop
      vertex -11.11140466039204 16.629392246050905 0
      vertex -14.14213562373095 14.142135623730951 1.4999999999999987
      vertex -11.11140466039204 16.629392246050905 1.4999999999999987
    endloop
  endfacet
  facet normal 0 0 0
    outer loop
      vertex -14.14213562373095 14.142135623730951 0
      vertex -16.629392246050905 11.111404660392044 0
      vertex -16.629392246050905 11.111404660392044 1.4999999999999987
    endloop
  endfacet
  facet normal 0 0 0
    outer loop
      vertex -14.14213562373095 14.142135623730951 0
      vertex -16.629392246050905 11.111404660392044 1.4999999999999987
      vertex -14.14213562373095 14.142135623730951 1.4999999999999987
    endloop
  endfacet
  facet normal 0 0 0
    outer loop
      vertex -16.629392246050905 11.111404660392044 0
      vertex -18.477590650225736 7.653668647301798 0
      vertex -18.477590650225736 7.653668647301798 1.4999999999999987
    endloop
  endfacet
  facet normal 0 0 0
    outer loop
      vertex -16.629392246050905 11.111404660392044 0
      vertex -18.477590650225736 7.653668647301798 1.4999999999999987
      vertex -16.629392246050905 11.111404660392044 1.4999999999999987
    endloop
  endfacet
  facet normal 0 0 0
    outer loop
      vertex -18.477590650225736 7.653668647301798 0
      vertex -19.61570560806461 3.9018064403225723 0
      vertex -19.61570560806461 3.9018064403225723 1.4999999999999987
    endloop
  endfacet
  facet normal 0 0 0
    outer loop
      vertex -18.477590650225736 7.653668647301798 0
      vertex -19.61570560806461 3.9018064403225723 1.4999999999999987
      vertex -18.477590650225736 7.653668647301798 1.4999999999999987
    endloop
  endfacet
  facet normal 0 0 0
    outer loop
      vertex -19.61570560806461 3.9018064403225723 0
      vertex -20 2.4492935982947065e-15 0
      vertex -20 2.4492935982947065e-15 1.4999999999999987
    endloop
  endfacet
  facet normal 0 0 0
    outer loop
      vertex -19.61570560806461 3.9018064403225723 0
      vertex -20 2.4492935982947065e-15 1.4999999999999987
      vertex -19.61570560806461 3.9018064403225723 1.4999999999999987
    endloop
  endfacet
  facet normal 0 0 0
    outer loop
      vertex -20 2.4492935982947065e-15 0
      vertex -19.61570560806461 -3.9018064403225674 0
      vertex -19.61570560806461 -3.9018064403225674 1.4999999999999987
    endloop
  endfacet
  facet normal 0 0 0
    outer loop
      vertex -20 2.4492935982947065e-15 0
      vertex -19.61570560806461 -3.9018064403225674 1.4999999999999987
      vertex -20 2.4492935982947065e-15 1.4999999999999987
    endloop
  endfacet
  facet normal 0 0 0
    outer loop
      vertex -19.61570560806461 -3.9018064403225674 0
      vertex -18.477590650225736 -7.653668647301792 0
      vertex -18.477590650225736 -7.653668647301792 1.4999999999999987
    endloop
  endfacet
  facet normal 0 0 0
    outer loop
      vertex -19.61570560806461 -3.9018064403225674 0
      vertex -18.477590650225736 -7.653668647301792 1.4999999999999987
      vertex -19.61570560806461 -3.9018064403225674 1.4999999999999987
    endloop
  endfacet
  facet normal 0 0 0
    outer loop
      vertex -18.477590650225736 -7.653668647301792 0
      vertex -16.62939224605091 -11.11140466039204 0
      vertex -16.62939224605091 -11.11140466039204 1.4999999999999987
    endloop
  endfacet
  facet normal 0 0 0
    outer loop
      vertex -18.477590650225736 -7.653668647301792 0
      vertex -16.62939224605091 -11.11140466039204 1.4999999999999987
      vertex -18.477590650225736 -7.653668647301792 1.4999999999999987
    endloop
  endfacet
  facet normal 0 0 0
    outer loop
      vertex -16.62939224605091 -11.11140466039204 0
      vertex -14.142135623730955 -14.14213562373095 0
      vertex -14.142135623730955 -14.14213562373095 1.4999999999999987
    endloop
  endfacet
  facet normal 0 0 0
    outer loop
      vertex -16.62939224605091 -11.11140466039204 0
      vertex -14.142135623730955 -14.14213562373095 1.4999999999999987
      vertex -16.62939224605091 -11.11140466039204 1.4999999999999987
    endloop
  endfacet
  facet normal 0 0 0
    outer loop
      vertex -14.142135623730955 -14.14213562373095 0
      vertex -11.111404660392044 -16.629392246050905 0
      vertex -11.111404660392044 -16.629392246050905 1.4999999999999987
    endloop
  endfacet
  facet normal 0 0 0
    outer loop
      vertex -14.142135623730955 -14.14213562373095 0
      vertex -11.111404660392044 -16.629392246050905 1.4999999999999987
      vertex -14.142135623730955 -14.14213562373095 1.4999999999999987
    endloop
  endfacet
  facet normal 0 0 0
    outer loop
      vertex -11.111404660392044 -16.629392246050905 0
      vertex -7.6536686473018065 -18.47759065022573 0
      vertex -7.6536686473018065 -18.47759065022573 1.4999999999999987
    endloop
  endfacet
  facet normal 0 0 0
    outer loop
      vertex -11.111404660392044 -16.629392246050905 0
      vertex -7.6536686473018065 -18.47759065022573 1.4999999999999987
      vertex -11.111404660392044 -16.629392246050905 1.4999999999999987
    endloop
  endfacet
  facet normal 0 0 0
    outer loop
      vertex -7.6536686473018065 -18.47759065022573 0
      vertex -3.901806440322573 -19.615705608064605 0
      vertex -3.901806440322573 -19.615705608064605 1.4999999999999987
    endloop
  endfacet
  facet normal 0 0 0
    outer loop
      vertex -7.6536686473018065 -18.47759065022573 0
      vertex -3.901806440322573 -19.615705608064605 1.4999999999999987
      vertex -7.6536686473018065 -18.47759065022573 1.4999999999999987
    endloop
  endfacet
  facet normal 0 0 0
    outer loop
      vertex -3.901806440322573 -19.615705608064605 0
      vertex -3.673940397442059e-15 -20 0
      vertex -3.673940397442059e-15 -20 1.4999999999999987
    endloop
  endfacet
  facet normal 0 0 0
    outer loop
      vertex -3.901806440322573 -19.615705608064605 0
      vertex -3.673940397442059e-15 -20 1.4999999999999987
      vertex -3.901806440322573 -19.615705608064605 1.4999999999999987
    endloop
  endfacet
  facet normal 0 0 0
    outer loop
      vertex -3.673940397442059e-15 -20 0
      vertex 3.901806440322566 -19.61570560806461 0
      vertex 3.901806440322566 -19.61570560806461 1.4999999999999987
    endloop
  endfacet
  facet normal 0 0 0
    outer loop
      vertex -3.673940397442059e-15 -20 0
      vertex 3.901806440322566 -19.61570560806461 1.4999999999999987
      vertex -3.673940397442059e-15 -20 1.4999999999999987
    endloop
  endfacet
  facet normal 0 0 0
    outer loop
      vertex 3.901806440322566 -19.61570560806461 0
      vertex 7.6536686473018 -18.477590650225732 0
      vertex 7.6536686473018 -18.477590650225732 1.4999999999999987
    endloop
  endfacet
  facet normal 0 0 0
    outer loop
      vertex 3.901806440322566 -19.61570560806461 0
      vertex 7.6536686473018 -18.477590650225732 1.4999999999999987
      vertex 3.901806440322566 -19.61570560806461 1.4999999999999987
    endloop
  endfacet
  facet normal 0 0 0
    outer loop
      vertex 7.6536686473018 -18.477590650225732 0
      vertex 11.111404660392036 -16.62939224605091 0
      vertex 11.111404660392036 -16.62939224605091 1.4999999999999987
    endloop
  endfacet
  facet normal 0 0 0
    outer loop
      vertex 7.6536686473018 -18.477590650225732 0
      vertex 11.111404660392036 -16.62939224605091 1.4999999999999987
      vertex 7.6536686473018 -18.477590650225732 1.4999999999999987
    endloop
  endfacet
  facet normal 0 0 0
    outer loop
      vertex 11.111404660392036 -16.62939224605091 0
      vertex 14.142135623730947 -14.142135623730955 0
      vertex 14.142135623730947 -14.142135623730955 1.4999999999999987
    endloop
  endfacet
  facet normal 0 0 0
    outer loop
      vertex 11.111404660392036 -16.62939224605091 0
      vertex 14.142135623730947 -14.142135623730955 1.4999999999999987
      vertex 11.111404660392036 -16.62939224605091 1.4999999999999987
    endloop
  endfacet
  facet normal 0 0 0
    outer loop
      vertex 14.142135623730947 -14.142135623730955 0
      vertex 16.629392246050905 -11.111404660392044 0
      vertex 16.629392246050905 -11.111404660392044 1.4999999999999987
    endloop
  endfacet
  facet normal 0 0 0
    outer loop
      vertex 14.142135623730947 -14.142135623730955 0
      vertex 16.629392246050905 -11.111404660392044 1.4999999999999987
      vertex 14.142135623730947 -14.142135623730955 1.4999999999999987
    endloop
  endfacet
  facet normal 0 0 0
    outer loop
      vertex 16.629392246050905 -11.111404660392044 0
      vertex 18.47759065022573 -7.653668647301808 0
      vertex 18.47759065022573 -7.653668647301808 1.4999999999999987
    endloop
  endfacet
  facet normal 0 0 0
    outer loop
      vertex 16.629392246050905 -11.111404660392044 0
      vertex 18.47759065022573 -7.653668647301808 1.4999999999999987
      vertex 16.629392246050905 -11.111404660392044 1.4999999999999987
    endloop
  endfacet
  facet normal 0 0 0
    outer loop
      vertex 18.47759065022573 -7.653668647301808 0
      vertex 19.615705608064605 -3.9018064403225745 0
      vertex 19.615705608064605 -3.9018064403225745 1.4999999999999987
    endloop
  endfacet
  facet normal 0 0 0
    outer loop
      vertex 18.47759065022573 -7.653668647301808 0
      vertex 19.615705608064605 -3.9018064403225745 1.4999999999999987
      vertex 18.47759065022573 -7.653668647301808 1.4999999999999987
    endloop
  endfacet
  facet normal 0 0 0
    outer loop
      vertex 19.615705608064605 -3.9018064403225745 0
      vertex 20 0 0
      vertex 20 0 1.4999999999999987
    endloop
  endfacet
  facet normal 0 0 0
    outer loop
      vertex 19.615705608064605 -3.9018064403225745 0
      vertex 20 0 1.4999999999999987
      vertex 19.615705608064605 -3.9018064403225745 1.4999999999999987
    endloop
  endfacet
  facet normal 0 0 0
    outer loop
      vertex 20 0 1.4999999999999987
      vertex 19.61570560806461 3.9018064403225647 1.4999999999999987
      vertex 19.61570560806461 3.9018064403225647 3.0000000000000013
    endloop
  endfacet
  facet normal 0 0 0
    outer loop
      vertex 20 0 1.4999999999999987
      vertex 19.61570560806461 3.9018064403225647 3.0000000000000013
      vertex 20 0 3.0000000000000013
    endloop
  endfacet
  facet normal 0 0 0
    outer loop
      vertex 19.61570560806461 3.9018064403225647 1.4999999999999987
      vertex 18.477590650225736 7.653668647301796 1.4999999999999987
      vertex 18.477590650225736 7.653668647301796 3.0000000000000013
    endloop
  endfacet
  facet normal 0 0 0
    outer loop
      vertex 19.61570560806461 3.9018064403225647 1.4999999999999987
      vertex 18.477590650225736 7.653668647301796 3.0000000000000013
      vertex 19.61570560806461 3.9018064403225647 3.0000000000000013
    endloop
  endfacet
  facet normal 0 0 0
    outer loop
      vertex 18.477590650225736 7.653668647301796 1.4999999999999987
      vertex 16.629392246050905 11.111404660392044 1.4999999999999987
      vertex 16.629392246050905 11.111404660392044 3.0000000000000013
    endloop
  endfacet
  facet normal 0 0 0
    outer loop
      vertex 18.477590650225736 7.653668647301796 1.4999999999999987
      vertex 16.629392246050905 11.111404660392044 3.0000000000000013
      vertex 18.477590650225736 7.653668647301796 3.0000000000000013
    endloop
  endfacet
  facet normal 0 0 0
    outer loop
      vertex 16.629392246050905 11.111404660392044 1.4999999999999987
      vertex 14.142135623730951 14.14213562373095 1.4999999999999987
      vertex 14.142135623730951 14.14213562373095 3.0000000000000013
    endloop
  endfacet
  facet normal 0 0 0
    outer loop
      vertex 16.629392246050905 11.111404660392044 1.4999999999999987
      vertex 14.142135623730951 14.14213562373095 3.0000000000000013
      vertex 16.629392246050905 11.111404660392044 3.0000000000000013
    endloop
  endfacet
  facet normal 0 0 0
    outer loop
      vertex 14.142135623730951 14.14213562373095 1.4999999999999987
      vertex 11.111404660392045 16.629392246050905 1.4999999999999987
      vertex 11.111404660392045 16.629392246050905 3.0000000000000013
    endloop
  endfacet
  facet normal 0 0 0
    outer loop
      vertex 14.142135623730951 14.14213562373095 1.4999999999999987
      vertex 11.111404660392045 16.629392246050905 3.0000000000000013
      vertex 14.142135623730951 14.14213562373095 3.0000000000000013
    endloop
  endfacet
  facet normal 0 0 0
    outer loop
      vertex 11.111404660392045 16.629392246050905 1.4999999999999987
      vertex 7.653668647301797 18.477590650225736 1.4999999999999987
      vertex 7.653668647301797 18.477590650225736 3.0000000000000013
    endloop
  endfacet
  facet normal 0 0 0
    outer loop
      vertex 11.111404660392045 16.629392246050905 1.4999999999999987
      vertex 7.653668647301797 18.477590650225736 3.0000000000000013
      vertex 11.111404660392045 16.629392246050905 3.0000000000000013
    endloop
  endfacet
  facet normal 0 0 0
    outer loop
      vertex 7.653668647301797 18.477590650225736 1.4999999999999987
      vertex 3.9018064403225665 19.61570560806461 1.4999999999999987
      vertex 3.9018064403225665 19.61570560806461 3.0000000000000013
    endloop
  endfacet
  facet normal 0 0 0
    outer loop
      vertex 7.653668647301797 18.477590650225736 1.4999999999999987
      vertex 3.9018064403225665 19.61570560806461 3.0000000000000013
      vertex 7.653668647301797 18.477590650225736 3.0000000000000013
    endloop
  endfacet
  facet normal 0 0 0
    outer loop
      vertex 3.9018064403225665 19.61570560806461 1.4999999999999987
      vertex 1.2246467991473533e-15 20 1.4999999999999987
      vertex 1.2246467991473533e-15 20 3.0000000000000013
    endloop
  endfacet
  facet normal 0 0 0
    outer loop
      vertex 3.9018064403225665 19.61570560806461 1.4999999999999987
      vertex 1.2246467991473533e-15 20 3.0000000000000013
      vertex 3.9018064403225665 19.61570560806461 3.0000000000000013
    endloop
  endfacet
  facet normal 0 0 0
    outer loop
      vertex 1.2246467991473533e-15 20 1.4999999999999987
      vertex -3.901806440322564 19.61570560806461 1.4999999999999987
      vertex -3.901806440322564 19.61570560806461 3.0000000000000013
    endloop
  endfacet
  facet normal 0 0 0
    outer loop
      vertex 1.2246467991473533e-15 20 1.4999999999999987
      vertex -3.901806440322564 19.61570560806461 3.0000000000000013
      vertex 1.2246467991473533e-15 20 3.0000000000000013
    endloop
  endfacet
  facet normal 0 0 0
    outer loop
      vertex -3.901806440322564 19.61570560806461 1.4999999999999987
      vertex -7.653668647301794 18.477590650225736 1.4999999999999987
      vertex -7.653668647301794 18.477590650225736 3.0000000000000013
    endloop
  endfacet
  facet normal 0 0 0
    outer loop
      vertex -3.901806440322564 19.61570560806461 1.4999999999999987
      vertex -7.653668647301794 18.477590650225736 3.0000000000000013
      vertex -3.901806440322564 19.61570560806461 3.0000000000000013
    endloop
  endfacet
  facet normal 0 0 0
    outer loop
      vertex -7.653668647301794 18.477590650225736 1.4999999999999987
      vertex -11.11140466039204 16.629392246050905 1.4999999999999987
      vertex -11.11140466039204 16.629392246050905 3.0000000000000013
    endloop
  endfacet
  facet normal 0 0 0
    outer loop
      vertex -7.653668647301794 18.477590650225736 1.4999999999999987
      vertex -11.11140466039204 16.629392246050905 3.0000000000000013
      vertex -7.653668647301794 18.477590650225736 3.0000000000000013
    endloop
  endfacet
  facet normal 0 0 0
    outer loop
      vertex -11.11140466039204 16.629392246050905 1.4999999999999987
      vertex -14.14213562373095 14.142135623730951 1.4999999999999987
      vertex -14.14213562373095 14.142135623730951 3.0000000000000013
    endloop
  endfacet
  facet normal 0 0 0
    outer loop
      vertex -11.11140466039204 16.629392246050905 1.4999999999999987
      vertex -14.14213562373095 14.142135623730951 3.0000000000000013
      vertex -11.11140466039204 16.629392246050905 3.0000000000000013
    endloop
  endfacet
  facet normal 0 0 0
    outer loop
      vertex -14.14213562373095 14.142135623730951 1.4999999999999987
      vertex -16.629392246050905 11.111404660392044 1.4999999999999987
      vertex -16.629392246050905 11.111404660392044 3.0000000000000013
    endloop
  endfacet
  facet normal 0 0 0
    outer loop
      vertex -14.14213562373095 14.142135623730951 1.4999999999999987
      vertex -16.629392246050905 11.111404660392044 3.0000000000000013
      vertex -14.14213562373095 14.142135623730951 3.0000000000000013
    endloop
  endfacet
  facet normal 0 0 0
    outer loop
      vertex -16.629392246050905 11.111404660392044 1.4999999999999987
      vertex -18.477590650225736 7.653668647301798 1.4999999999999987
      vertex -18.477590650225736 7.653668647301798 3.0000000000000013
    endloop
  endfacet
  facet normal 0 0 0
    outer loop
      vertex -16.629392246050905 11.111404660392044 1.4999999999999987
      vertex -18.477590650225736 7.653668647301798 3.0000000000000013
      vertex -16.629392246050905 11.111404660392044 3.0000000000000013
    endloop
  endfacet
  facet normal 0 0 0
    outer loop
      vertex -18.477590650225736 7.653668647301798 1.4999999999999987
      vertex -19.61570560806461 3.9018064403225723 1.4999999999999987
      vertex -19.61570560806461 3.9018064403225723 3.0000000000000013
    endloop
  endfacet
  facet normal 0 0 0
    outer loop
      vertex -18.477590650225736 7.653668647301798 1.4999999999999987
      vertex -19.61570560806461 3.9018064403225723 3.0000000000000013
      vertex -18.477590650225736 7.653668647301798 3.0000000000000013
    endloop
  endfacet
  facet normal 0 0 0
    outer loop
      vertex -19.61570560806461 3.9018064403225723 1.4999999999999987
      vertex -20 2.4492935982947065e-15 1.4999999999999987
      vertex -20 2.4492935982947065e-15 3.0000000000000013
    endloop
  endfacet
  facet normal 0 0 0
    outer loop
      vertex -19.61570560806461 3.9018064403225723 1.4999999999999987
      vertex -20 2.4492935982947065e-15 3.0000000000000013
      vertex -19.61570560806461 3.9018064403225723 3.0000000000000013
    endloop
  endfacet
  facet normal 0 0 0
    outer loop
      vertex -20 2.4492935982947065e-15 1.4999999999999987
      vertex -19.61570560806461 -3.9018064403225674 1.4999999999999987
      vertex -19.61570560806461 -3.9018064403225674 3.0000000000000013
    endloop
  endfacet
  facet normal 0 0 0
    outer loop
      vertex -20 2.4492935982947065e-15 1.4999999999999987
      vertex -19.61570560806461 -3.9018064403225674 3.0000000000000013
      vertex -20 2.4492935982947065e-15 3.0000000000000013
    endloop
  endfacet
  facet normal 0 0 0
    outer loop
      vertex -19.61570560806461 -3.9018064403225674 1.4999999999999987
      vertex -18.477590650225736 -7.653668647301792 1.4999999999999987
      vertex -18.477590650225736 -7.653668647301792 3.0000000000000013
    endloop
  endfacet
  facet normal 0 0 0
    outer loop
      vertex -19.61570560806461 -3.9018064403225674 1.4999999999999987
      vertex -18.477590650225736 -7.653668647301792 3.0000000000000013
      vertex -19.61570560806461 -3.9018064403225674 3.0000000000000013
    endloop
  endfacet
  facet normal 0 0 0
    outer loop
      vertex -18.477590650225736 -7.653668647301792 1.4999999999999987
      vertex -16.62939224605091 -11.11140466039204 1.4999999999999987
      vertex -16.62939224605091 -11.11140466039204 3.0000000000000013
    endloop
  endfacet
  facet normal 0 0 0
    outer loop
      vertex -18.477590650225736 -7.653668647301792 1.4999999999999987
      vertex -16.62939224605091 -11.11140466039204 3.0000000000000013
      vertex -18.477590650225736 -7.653668647301792 3.0000000000000013
    endloop
  endfacet
  facet normal 0 0 0
    outer loop
      vertex -16.62939224605091 -11.11140466039204 1.4999999999999987
      vertex -14.142135623730955 -14.14213562373095 1.4999999999999987
      vertex -14.142135623730955 -14.14213562373095 3.0000000000000013
    endloop
  endfacet
  facet normal 0 0 0
    outer loop
      vertex -16.62939224605091 -11.11140466039204 1.4999999999999987
      vertex -14.142135623730955 -14.14213562373095 3.0000000000000013
      vertex -16.62939224605091 -11.11140466039204 3.0000000000000013
    endloop
  endfacet
  facet normal 0 0 0
    outer loop
      vertex -14.142135623730955 -14.14213562373095 1.4999999999999987
      vertex -11.111404660392044 -16.629392246050905 1.4999999999999987
      vertex -11.111404660392044 -16.629392246050905 3.0000000000000013
    endloop
  endfacet
  facet normal 0 0 0
    outer loop
      vertex -14.142135623730955 -14.14213562373095 1.4999999999999987
      vertex -11.111404660392044 -16.629392246050905 3.0000000000000013
      vertex -14.142135623730955 -14.14213562373095 3.0000000000000013
    endloop
  endfacet
  facet normal 0 0 0
    outer loop
      vertex -11.111404660392044 -16.629392246050905 1.4999999999999987
      vertex -7.6536686473018065 -18.47759065022573 1.4999999999999987
      vertex -7.6536686473018065 -18.47759065022573 3.0000000000000013
    endloop
  endfacet
  facet normal 0 0 0
    outer loop
      vertex -11.111404660392044 -16.629392246050905 1.4999999999999987
      vertex -7.6536686473018065 -18.47759065022573 3.0000000000000013
      vertex -11.111404660392044 -16.629392246050905 3.0000000000000013
    endloop
  endfacet
  facet normal 0 0 0
    outer loop
      vertex -7.6536686473018065 -18.47759065022573 1.4999999999999987
      vertex -3.901806440322573 -19.615705608064605 1.4999999999999987
      vertex -3.901806440322573 -19.615705608064605 3.0000000000000013
    endloop
  endfacet
  facet normal 0 0 0
    outer loop
      vertex -7.6536686473018065 -18.47759065022573 1.4999999999999987
      vertex -3.901806440322573 -19.615705608064605 3.0000000000000013
      vertex -7.6536686473018065 -18.47759065022573 3.0000000000000013
    endloop
  endfacet
  facet normal 0 0 0
    outer loop
      vertex -3.901806440322573 -19.615705608064605 1.4999999999999987
      vertex -3.673940397442059e-15 -20 1.4999999999999987
      vertex -3.673940397442059e-15 -20 3.0000000000000013
    endloop
  endfacet
  facet normal 0 0 0
    outer loop
      vertex -3.901806440322573 -19.615705608064605 1.4999999999999987
      vertex -3.673940397442059e-15 -20 3.0000000000000013
      vertex -3.901806440322573 -19.615705608064605 3.0000000000000013
    endloop
  endfacet
  facet normal 0 0 0
    outer loop
      vertex -3.673940397442059e-15 -20 1.4999999999999987
      vertex 3.901806440322566 -19.61570560806461 1.4999999999999987
      vertex 3.901806440322566 -19.61570560806461 3.0000000000000013
    endloop
  endfacet
  facet normal 0 0 0
    outer loop
      vertex -3.673940397442059e-15 -20 1.4999999999999987
      vertex 3.901806440322566 -19.61570560806461 3.0000000000000013
      vertex -3.673940397442059e-15 -20 3.0000000000000013
    endloop
  endfacet
  facet normal 0 0 0
    outer loop
      vertex 3.901806440322566 -19.61570560806461 1.4999999999999987
      vertex 7.6536686473018 -18.477590650225732 1.4999999999999987
      vertex 7.6536686473018 -18.477590650225732 3.0000000000000013
    endloop
  endfacet
  facet normal 0 0 0
    outer loop
      vertex 3.901806440322566 -19.61570560806461 1.4999999999999987
      vertex 7.6536686473018 -18.477590650225732 3.0000000000000013
      vertex 3.901806440322566 -19.61570560806461 3.0000000000000013
    endloop
  endfacet
  facet normal 0 0 0
    outer loop
      vertex 7.6536686473018 -18.477590650225732 1.4999999999999987
      vertex 11.111404660392036 -16.62939224605091 1.4999999999999987
      vertex 11.111404660392036 -16.62939224605091 3.0000000000000013
    endloop
  endfacet
  facet normal 0 0 0
    outer loop
      vertex 7.6536686473018 -18.477590650225732 1.4999999999999987
      vertex 11.111404660392036 -16.62939224605091 3.0000000000000013
      vertex 7.6536686473018 -18.477590650225732 3.0000000000000013
    endloop
  endfacet
  facet normal 0 0 0
    outer loop
      vertex 11.111404660392036 -16.62939224605091 1.4999999999999987
      vertex 14.142135623730947 -14.142135623730955 1.4999999999999987
      vertex 14.142135623730947 -14.142135623730955 3.0000000000000013
    endloop
  endfacet
  facet normal 0 0 0
    outer loop
      vertex 11.111404660392036 -16.62939224605091 1.4999999999999987
      vertex 14.142135623730947 -14.142135623730955 3.0000000000000013
      vertex 11.111404660392036 -16.62939224605091 3.0000000000000013
    endloop
  endfacet
  facet normal 0 0 0
    outer loop
      vertex 14.142135623730947 -14.142135623730955 1.4999999999999987
      vertex 16.629392246050905 -11.111404660392044 1.4999999999999987
      vertex 16.629392246050905 -11.111404660392044 3.0000000000000013
    endloop
  endfacet
  facet normal 0 0 0
    outer loop
      vertex 14.142135623730947 -14.142135623730955 1.4999999999999987
      vertex 16.629392246050905 -11.111404660392044 3.0000000000000013
      vertex 14.142135623730947 -14.142135623730955 3.0000000000000013
    endloop
  endfacet
  facet normal 0 0 0
    outer loop
      vertex 16.629392246050905 -11.111404660392044 1.4999999999999987
      vertex 18.47759065022573 -7.653668647301808 1.4999999999999987
      vertex 18.47759065022573 -7.653668647301808 3.0000000000000013
    endloop
  endfacet
  facet normal 0 0 0
    outer loop
      vertex 16.629392246050905 -11.111404660392044 1.4999999999999987
      vertex 18.47759065022573 -7.653668647301808 3.0000000000000013
      vertex 16.629392246050905 -11.111404660392044 3.0000000000000013
    endloop
  endfacet
  facet normal 0 0 0
    outer loop
      vertex 18.47759065022573 -7.653668647301808 1.4999999999999987
      vertex 19.615705608064605 -3.9018064403225745 1.4999999999999987
      vertex 19.615705608064605 -3.9018064403225745 3.0000000000000013
    endloop
  endfacet
  facet normal 0 0 0
    outer loop
      vertex 18.47759065022573 -7.653668647301808 1.4999999999999987
      vertex 19.615705608064605 -3.9018064403225745 3.0000000000000013
      vertex 18.47759065022573 -7.653668647301808 3.0000000000000013
    endloop
  endfacet
  facet normal 0 0 0
    outer loop
      vertex 19.615705608064605 -3.9018064403225745 1.4999999999999987
      vertex 20 0 1.4999999999999987
      vertex 20 0 3.0000000000000013
    endloop
  endfacet
  facet normal 0 0 0
    outer loop
      vertex 19.615705608064605 -3.9018064403225745 1.4999999999999987
      vertex 20 0 3.0000000000000013
      vertex 19.615705608064605 -3.9018064403225745 3.0000000000000013
    endloop
  endfacet
  facet normal 0 0 0
    outer loop
      vertex 20 0 3.0000000000000013
      vertex 19.61570560806461 3.9018064403225647 3.0000000000000013
      vertex 13.730993925645226 2.7312645082257956 4.5
    endloop
  endfacet
  facet normal 0 0 0
    outer loop
      vertex 20 0 3.0000000000000013
      vertex 13.730993925645226 2.7312645082257956 4.5
      vertex 14 0 4.5
    endloop
  endfacet
  facet normal 0 0 0
    outer loop
      vertex 19.61570560806461 3.9018064403225647 3.0000000000000013
      vertex 18.477590650225736 7.653668647301796 3.0000000000000013
      vertex 12.934313455158014 5.357568053111257 4.5
    endloop
  endfacet
  facet normal 0 0 0
    outer loop
      vertex 19.61570560806461 3.9018064403225647 3.0000000000000013
      vertex 12.934313455158014 5.357568053111257 4.5
      vertex 13.730993925645226 2.7312645082257956 4.5
    endloop
  endfacet
  facet normal 0 0 0
    outer loop
      vertex 18.477590650225736 7.653668647301796 3.0000000000000013
      vertex 16.629392246050905 11.111404660392044 3.0000000000000013
      vertex 11.640574572235634 7.7779832622744305 4.5
    endloop
  endfacet
  facet normal 0 0 0
    outer loop
      vertex 18.477590650225736 7.653668647301796 3.0000000000000013
      vertex 11.640574572235634 7.7779832622744305 4.5
      vertex 12.934313455158014 5.357568053111257 4.5
    endloop
  endfacet
  facet normal 0 0 0
    outer loop
      vertex 16.629392246050905 11.111404660392044 3.0000000000000013
      vertex 14.142135623730951 14.14213562373095 3.0000000000000013
      vertex 9.899494936611665 9.899494936611664 4.5
    endloop
  endfacet
  facet normal 0 0 0
    outer loop
      vertex 16.629392246050905 11.111404660392044 3.0000000000000013
      vertex 9.899494936611665 9.899494936611664 4.5
      vertex 11.640574572235634 7.7779832622744305 4.5
    endloop
  endfacet
  facet normal 0 0 0
    outer loop
      vertex 14.142135623730951 14.14213562373095 3.0000000000000013
      vertex 11.111404660392045 16.629392246050905 3.0000000000000013
      vertex 7.777983262274432 11.640574572235634 4.5
    endloop
  endfacet
  facet normal 0 0 0
    outer loop
      vertex 14.142135623730951 14.14213562373095 3.0000000000000013
      vertex 7.777983262274432 11.640574572235634 4.5
      vertex 9.899494936611665 9.899494936611664 4.5
    endloop
  endfacet
  facet normal 0 0 0
    outer loop
      vertex 11.111404660392045 16.629392246050905 3.0000000000000013
      vertex 7.653668647301797 18.477590650225736 3.0000000000000013
      vertex 5.357568053111258 12.934313455158014 4.5
    endloop
  endfacet
  facet normal 0 0 0
    outer loop
      vertex 11.111404660392045 16.629392246050905 3.0000000000000013
      vertex 5.357568053111258 12.934313455158014 4.5
      vertex 7.777983262274432 11.640574572235634 4.5
    endloop
  endfacet
  facet normal 0 0 0
    outer loop
      vertex 7.653668647301797 18.477590650225736 3.0000000000000013
      vertex 3.9018064403225665 19.61570560806461 3.0000000000000013
      vertex 2.7312645082257965 13.730993925645226 4.5
    endloop
  endfacet
  facet normal 0 0 0
    outer loop
      vertex 7.653668647301797 18.477590650225736 3.0000000000000013
      vertex 2.7312645082257965 13.730993925645226 4.5
      vertex 5.357568053111258 12.934313455158014 4.5
    endloop
  endfacet
  facet normal 0 0 0
    outer loop
      vertex 3.9018064403225665 19.61570560806461 3.0000000000000013
      vertex 1.2246467991473533e-15 20 3.0000000000000013
      vertex 8.572527594031472e-16 14 4.5
    endloop
  endfacet
  facet normal 0 0 0
    outer loop
      vertex 3.9018064403225665 19.61570560806461 3.0000000000000013
      vertex 8.572527594031472e-16 14 4.5
      vertex 2.7312645082257965 13.730993925645226 4.5
    endloop
  endfacet
  facet normal 0 0 0
    outer loop
      vertex 1.2246467991473533e-15 20 3.0000000000000013
      vertex -3.901806440322564 19.61570560806461 3.0000000000000013
      vertex -2.7312645082257947 13.730993925645226 4.5
    endloop
  endfacet
  facet normal 0 0 0
    outer loop
      vertex 1.2246467991473533e-15 20 3.0000000000000013
      vertex -2.7312645082257947 13.730993925645226 4.5
      vertex 8.572527594031472e-16 14 4.5
    endloop
  endfacet
  facet normal 0 0 0
    outer loop
      vertex -3.901806440322564 19.61570560806461 3.0000000000000013
      vertex -7.653668647301794 18.477590650225736 3.0000000000000013
      vertex -5.357568053111256 12.934313455158014 4.5
    endloop
  endfacet
  facet normal 0 0 0
    outer loop
      vertex -3.901806440322564 19.61570560806461 3.0000000000000013
      vertex -5.357568053111256 12.934313455158014 4.5
      vertex -2.7312645082257947 13.730993925645226 4.5
    endloop
  endfacet
  facet normal 0 0 0
    outer loop
      vertex -7.653668647301794 18.477590650225736 3.0000000000000013
      vertex -11.11140466039204 16.629392246050905 3.0000000000000013
      vertex -7.777983262274427 11.640574572235636 4.5
    endloop
  endfacet
  facet normal 0 0 0
    outer loop
      vertex -7.653668647301794 18.477590650225736 3.0000000000000013
      vertex -7.777983262274427 11.640574572235636 4.5
      vertex -5.357568053111256 12.934313455158014 4.5
    endloop
  endfacet
  facet normal 0 0 0
    outer loop
      vertex -11.11140466039204 16.629392246050905 3.0000000000000013
      vertex -14.14213562373095 14.142135623730951 3.0000000000000013
      vertex -9.899494936611664 9.899494936611665 4.5
    endloop
  endfacet
  facet normal 0 0 0
    outer loop
      vertex -11.11140466039204 16.629392246050905 3.0000000000000013
      vertex -9.899494936611664 9.899494936611665 4.5
      vertex -7.777983262274427 11.640574572235636 4.5
    endloop
  endfacet
  facet normal 0 0 0
    outer loop
      vertex -14.14213562373095 14.142135623730951 3.0000000000000013
      vertex -16.629392246050905 11.111404660392044 3.0000000000000013
      vertex -11.640574572235636 7.7779832622744305 4.5
    endloop
  endfacet
  facet normal 0 0 0
    outer loop
      vertex -14.14213562373095 14.142135623730951 3.0000000000000013
      vertex -11.640574572235636 7.7779832622744305 4.5
      vertex -9.899494936611664 9.899494936611665 4.5
    endloop
  endfacet
  facet normal 0 0 0
    outer loop
      vertex -16.629392246050905 11.111404660392044 3.0000000000000013
      vertex -18.477590650225736 7.653668647301798 3.0000000000000013
      vertex -12.934313455158014 5.357568053111258 4.5
    endloop
  endfacet
  facet normal 0 0 0
    outer loop
      vertex -16.629392246050905 11.111404660392044 3.0000000000000013
      vertex -12.934313455158014 5.357568053111258 4.5
      vertex -11.640574572235636 7.7779832622744305 4.5
    endloop
  endfacet
  facet normal 0 0 0
    outer loop
      vertex -18.477590650225736 7.653668647301798 3.0000000000000013
      vertex -19.61570560806461 3.9018064403225723 3.0000000000000013
      vertex -13.730993925645226 2.7312645082258005 4.5
    endloop
  endfacet
  facet normal 0 0 0
    outer loop
      vertex -18.477590650225736 7.653668647301798 3.0000000000000013
      vertex -13.730993925645226 2.7312645082258005 4.5
      vertex -12.934313455158014 5.357568053111258 4.5
    endloop
  endfacet
  facet normal 0 0 0
    outer loop
      vertex -19.61570560806461 3.9018064403225723 3.0000000000000013
      vertex -20 2.4492935982947065e-15 3.0000000000000013
      vertex -14 1.7145055188062944e-15 4.5
    endloop
  endfacet
  facet normal 0 0 0
    outer loop
      vertex -19.61570560806461 3.9018064403225723 3.0000000000000013
      vertex -14 1.7145055188062944e-15 4.5
      vertex -13.730993925645226 2.7312645082258005 4.5
    endloop
  endfacet
  facet normal 0 0 0
    outer loop
      vertex -20 2.4492935982947065e-15 3.0000000000000013
      vertex -19.61570560806461 -3.9018064403225674 3.0000000000000013
      vertex -13.730993925645226 -2.731264508225797 4.5
    endloop
  endfacet
  facet normal 0 0 0
    outer loop
      vertex -20 2.4492935982947065e-15 3.0000000000000013
      vertex -13.730993925645226 -2.731264508225797 4.5
      vertex -14 1.7145055188062944e-15 4.5
    endloop
  endfacet
  facet normal 0 0 0
    outer loop
      vertex -19.61570560806461 -3.9018064403225674 3.0000000000000013
      vertex -18.477590650225736 -7.653668647301792 3.0000000000000013
      vertex -12.934313455158016 -5.357568053111255 4.5
    endloop
  endfacet
  facet normal 0 0 0
    outer loop
      vertex -19.61570560806461 -3.9018064403225674 3.0000000000000013
      vertex -12.934313455158016 -5.357568053111255 4.5
      vertex -13.730993925645226 -2.731264508225797 4.5
    endloop
  endfacet
  facet normal 0 0 0
    outer loop
      vertex -18.477590650225736 -7.653668647301792 3.0000000000000013
      vertex -16.62939224605091 -11.11140466039204 3.0000000000000013
      vertex -11.640574572235636 -7.777983262274427 4.5
    endloop
  endfacet
  facet normal 0 0 0
    outer loop
      vertex -18.477590650225736 -7.653668647301792 3.0000000000000013
      vertex -11.640574572235636 -7.777983262274427 4.5
      vertex -12.934313455158016 -5.357568053111255 4.5
    endloop
  endfacet
  facet normal 0 0 0
    outer loop
      vertex -16.62939224605091 -11.11140466039204 3.0000000000000013
      vertex -14.142135623730955 -14.14213562373095 3.0000000000000013
      vertex -9.899494936611667 -9.899494936611664 4.5
    endloop
  endfacet
  facet normal 0 0 0
    outer loop
      vertex -16.62939224605091 -11.11140466039204 3.0000000000000013
      vertex -9.899494936611667 -9.899494936611664 4.5
      vertex -11.640574572235636 -7.777983262274427 4.5
    endloop
  endfacet
  facet normal 0 0 0
    outer loop
      vertex -14.142135623730955 -14.14213562373095 3.0000000000000013
      vertex -11.111404660392044 -16.629392246050905 3.0000000000000013
      vertex -7.7779832622744305 -11.640574572235634 4.5
    endloop
  endfacet
  facet normal 0 0 0
    outer loop
      vertex -14.142135623730955 -14.14213562373095 3.0000000000000013
      vertex -7.7779832622744305 -11.640574572235634 4.5
      vertex -9.899494936611667 -9.899494936611664 4.5
    endloop
  endfacet
  facet normal 0 0 0
    outer loop
      vertex -11.111404660392044 -16.629392246050905 3.0000000000000013
      vertex -7.6536686473018065 -18.47759065022573 3.0000000000000013
      vertex -5.357568053111264 -12.934313455158012 4.5
    endloop
  endfacet
  facet normal 0 0 0
    outer loop
      vertex -11.111404660392044 -16.629392246050905 3.0000000000000013
      vertex -5.357568053111264 -12.934313455158012 4.5
      vertex -7.7779832622744305 -11.640574572235634 4.5
    endloop
  endfacet
  facet normal 0 0 0
    outer loop
      vertex -7.6536686473018065 -18.47759065022573 3.0000000000000013
      vertex -3.901806440322573 -19.615705608064605 3.0000000000000013
      vertex -2.7312645082258014 -13.730993925645224 4.5
    endloop
  endfacet
  facet normal 0 0 0
    outer loop
      vertex -7.6536686473018065 -18.47759065022573 3.0000000000000013
      vertex -2.7312645082258014 -13.730993925645224 4.5
      vertex -5.357568053111264 -12.934313455158012 4.5
    endloop
  endfacet
  facet normal 0 0 0
    outer loop
      vertex -3.901806440322573 -19.615705608064605 3.0000000000000013
      vertex -3.673940397442059e-15 -20 3.0000000000000013
      vertex -2.5717582782094417e-15 -14 4.5
    endloop
  endfacet
  facet normal 0 0 0
    outer loop
      vertex -3.901806440322573 -19.615705608064605 3.0000000000000013
      vertex -2.5717582782094417e-15 -14 4.5
      vertex -2.7312645082258014 -13.730993925645224 4.5
    endloop
  endfacet
  facet normal 0 0 0
    outer loop
      vertex -3.673940397442059e-15 -20 3.0000000000000013
      vertex 3.901806440322566 -19.61570560806461 3.0000000000000013
      vertex 2.731264508225796 -13.730993925645226 4.5
    endloop
  endfacet
  facet normal 0 0 0
    outer loop
      vertex -3.673940397442059e-15 -20 3.0000000000000013
      vertex 2.731264508225796 -13.730993925645226 4.5
      vertex -2.5717582782094417e-15 -14 4.5
    endloop
  endfacet
  facet normal 0 0 0
    outer loop
      vertex 3.901806440322566 -19.61570560806461 3.0000000000000013
      vertex 7.6536686473018 -18.477590650225732 3.0000000000000013
      vertex 5.35756805311126 -12.934313455158012 4.5
    endloop
  endfacet
  facet normal 0 0 0
    outer loop
      vertex 3.901806440322566 -19.61570560806461 3.0000000000000013
      vertex 5.35756805311126 -12.934313455158012 4.5
      vertex 2.731264508225796 -13.730993925645226 4.5
    endloop
  endfacet
  facet normal 0 0 0
    outer loop
      vertex 7.6536686473018 -18.477590650225732 3.0000000000000013
      vertex 11.111404660392036 -16.62939224605091 3.0000000000000013
      vertex 7.777983262274426 -11.640574572235636 4.5
    endloop
  endfacet
  facet normal 0 0 0
    outer loop
      vertex 7.6536686473018 -18.477590650225732 3.0000000000000013
      vertex 7.777983262274426 -11.640574572235636 4.5
      vertex 5.35756805311126 -12.934313455158012 4.5
    endloop
  endfacet
  facet normal 0 0 0
    outer loop
      vertex 11.111404660392036 -16.62939224605091 3.0000000000000013
      vertex 14.142135623730947 -14.142135623730955 3.0000000000000013
      vertex 9.899494936611664 -9.899494936611667 4.5
    endloop
  endfacet
  facet normal 0 0 0
    outer loop
      vertex 11.111404660392036 -16.62939224605091 3.0000000000000013
      vertex 9.899494936611664 -9.899494936611667 4.5
      vertex 7.777983262274426 -11.640574572235636 4.5
    endloop
  endfacet
  facet normal 0 0 0
    outer loop
      vertex 14.142135623730947 -14.142135623730955 3.0000000000000013
      vertex 16.629392246050905 -11.111404660392044 3.0000000000000013
      vertex 11.640574572235634 -7.7779832622744305 4.5
    endloop
  endfacet
  facet normal 0 0 0
    outer loop
      vertex 14.142135623730947 -14.142135623730955 3.0000000000000013
      vertex 11.640574572235634 -7.7779832622744305 4.5
      vertex 9.899494936611664 -9.899494936611667 4.5
    endloop
  endfacet
  facet normal 0 0 0
    outer loop
      vertex 16.629392246050905 -11.111404660392044 3.0000000000000013
      vertex 18.47759065022573 -7.653668647301808 3.0000000000000013
      vertex 12.934313455158012 -5.357568053111265 4.5
    endloop
  endfacet
  facet normal 0 0 0
    outer loop
      vertex 16.629392246050905 -11.111404660392044 3.0000000000000013
      vertex 12.934313455158012 -5.357568053111265 4.5
      vertex 11.640574572235634 -7.7779832622744305 4.5
    endloop
  endfacet
  facet normal 0 0 0
    outer loop
      vertex 18.47759065022573 -7.653668647301808 3.0000000000000013
      vertex 19.615705608064605 -3.9018064403225745 3.0000000000000013
      vertex 13.730993925645224 -2.7312645082258022 4.5
    endloop
  endfacet
  facet normal 0 0 0
    outer loop
      vertex 18.47759065022573 -7.653668647301808 3.0000000000000013
      vertex 13.730993925645224 -2.7312645082258022 4.5
      vertex 12.934313455158012 -5.357568053111265 4.5
    endloop
  endfacet
  facet normal 0 0 0
    outer loop
      vertex 19.615705608064605 -3.9018064403225745 3.0000000000000013
      vertex 20 0 3.0000000000000013
      vertex 14 0 4.5
    endloop
  endfacet
  facet normal 0 0 0
    outer loop
      vertex 19.615705608064605 -3.9018064403225745 3.0000000000000013
      vertex 14 0 4.5
      vertex 13.730993925645224 -2.7312645082258022 4.5
    endloop
  endfacet
  facet normal 0 0 0
    outer loop
      vertex 14 0 4.5
      vertex 13.730993925645226 2.7312645082257956 4.5
      vertex 13.730993925645226 2.7312645082257956 5.999999999999998
    endloop
  endfacet
  facet normal 0 0 0
    outer loop
      vertex 14 0 4.5
      vertex 13.730993925645226 2.7312645082257956 5.999999999999998
      vertex 14 0 5.999999999999998
    endloop
  endfacet
  facet normal 0 0 0
    outer loop
      vertex 13.730993925645226 2.7312645082257956 4.5
      vertex 12.934313455158014 5.357568053111257 4.5
      vertex 12.934313455158014 5.357568053111257 5.999999999999998
    endloop
  endfacet
  facet normal 0 0 0
    outer loop
      vertex 13.730993925645226 2.7312645082257956 4.5
      vertex 12.934313455158014 5.357568053111257 5.999999999999998
      vertex 13.730993925645226 2.7312645082257956 5.999999999999998
    endloop
  endfacet
  facet normal 0 0 0
    outer loop
      vertex 12.934313455158014 5.357568053111257 4.5
      vertex 11.640574572235634 7.7779832622744305 4.5
      vertex 11.640574572235634 7.7779832622744305 5.999999999999998
    endloop
  endfacet
  facet normal 0 0 0
    outer loop
      vertex 12.934313455158014 5.357568053111257 4.5
      vertex 11.640574572235634 7.7779832622744305 5.999999999999998
      vertex 12.934313455158014 5.357568053111257 5.999999999999998
    endloop
  endfacet
  facet normal 0 0 0
    outer loop
      vertex 11.640574572235634 7.7779832622744305 4.5
      vertex 9.899494936611665 9.899494936611664 4.5
      vertex 9.899494936611665 9.899494936611664 5.999999999999998
    endloop
  endfacet
  facet normal 0 0 0
    outer loop
      vertex 11.640574572235634 7.7779832622744305 4.5
      vertex 9.899494936611665 9.899494936611664 5.999999999999998
      vertex 11.640574572235634 7.7779832622744305 5.999999999999998
    endloop
  endfacet
  facet normal 0 0 0
    outer loop
      vertex 9.899494936611665 9.899494936611664 4.5
      vertex 7.777983262274432 11.640574572235634 4.5
      vertex 7.777983262274432 11.640574572235634 5.999999999999998
    endloop
  endfacet
  facet normal 0 0 0
    outer loop
      vertex 9.899494936611665 9.899494936611664 4.5
      vertex 7.777983262274432 11.640574572235634 5.999999999999998
      vertex 9.899494936611665 9.899494936611664 5.999999999999998
    endloop
  endfacet
  facet normal 0 0 0
    outer loop
      vertex 7.777983262274432 11.640574572235634 4.5
      vertex 5.357568053111258 12.934313455158014 4.5
      vertex 5.357568053111258 12.934313455158014 5.999999999999998
    endloop
  endfacet
  facet normal 0 0 0
    outer loop
      vertex 7.777983262274432 11.640574572235634 4.5
      vertex 5.357568053111258 12.934313455158014 5.999999999999998
      vertex 7.777983262274432 11.640574572235634 5.999999999999998
    endloop
  endfacet
  facet normal 0 0 0
    outer loop
      vertex 5.357568053111258 12.934313455158014 4.5
      vertex 2.7312645082257965 13.730993925645226 4.5
      vertex 2.7312645082257965 13.730993925645226 5.999999999999998
    endloop
  endfacet
  facet normal 0 0 0
    outer loop
      vertex 5.357568053111258 12.934313455158014 4.5
      vertex 2.7312645082257965 13.730993925645226 5.999999999999998
      vertex 5.357568053111258 12.934313455158014 5.999999999999998
    endloop
  endfacet
  facet normal 0 0 0
    outer loop
      vertex 2.7312645082257965 13.730993925645226 4.5
      vertex 8.572527594031472e-16 14 4.5
      vertex 8.572527594031472e-16 14 5.999999999999998
    endloop
  endfacet
  facet normal 0 0 0
    outer loop
      vertex 2.7312645082257965 13.730993925645226 4.5
      vertex 8.572527594031472e-16 14 5.999999999999998
      vertex 2.7312645082257965 13.730993925645226 5.999999999999998
    endloop
  endfacet
  facet normal 0 0 0
    outer loop
      vertex 8.572527594031472e-16 14 4.5
      vertex -2.7312645082257947 13.730993925645226 4.5
      vertex -2.7312645082257947 13.730993925645226 5.999999999999998
    endloop
  endfacet
  facet normal 0 0 0
    outer loop
      vertex 8.572527594031472e-16 14 4.5
      vertex -2.7312645082257947 13.730993925645226 5.999999999999998
      vertex 8.572527594031472e-16 14 5.999999999999998
    endloop
  endfacet
  facet normal 0 0 0
    outer loop
      vertex -2.7312645082257947 13.730993925645226 4.5
      vertex -5.357568053111256 12.934313455158014 4.5
      vertex -5.357568053111256 12.934313455158014 5.999999999999998
    endloop
  endfacet
  facet normal 0 0 0
    outer loop
      vertex -2.7312645082257947 13.730993925645226 4.5
      vertex -5.357568053111256 12.934313455158014 5.999999999999998
      vertex -2.7312645082257947 13.730993925645226 5.999999999999998
    endloop
  endfacet
  facet normal 0 0 0
    outer loop
      vertex -5.357568053111256 12.934313455158014 4.5
      vertex -7.777983262274427 11.640574572235636 4.5
      vertex -7.777983262274427 11.640574572235636 5.999999999999998
    endloop
  endfacet
  facet normal 0 0 0
    outer loop
      vertex -5.357568053111256 12.934313455158014 4.5
      vertex -7.777983262274427 11.640574572235636 5.999999999999998
      vertex -5.357568053111256 12.934313455158014 5.999999999999998
    endloop
  endfacet
  facet normal 0 0 0
    outer loop
      vertex -7.777983262274427 11.640574572235636 4.5
      vertex -9.899494936611664 9.899494936611665 4.5
      vertex -9.899494936611664 9.899494936611665 5.999999999999998
    endloop
  endfacet
  facet normal 0 0 0
    outer loop
      vertex -7.777983262274427 11.640574572235636 4.5
      vertex -9.899494936611664 9.899494936611665 5.999999999999998
      vertex -7.777983262274427 11.640574572235636 5.999999999999998
    endloop
  endfacet
  facet normal 0 0 0
    outer loop
      vertex -9.899494936611664 9.899494936611665 4.5
      vertex -11.640574572235636 7.7779832622744305 4.5
      vertex -11.640574572235636 7.7779832622744305 5.999999999999998
    endloop
  endfacet
  facet normal 0 0 0
    outer loop
      vertex -9.899494936611664 9.899494936611665 4.5
      vertex -11.640574572235636 7.7779832622744305 5.999999999999998
      vertex -9.899494936611664 9.899494936611665 5.999999999999998
    endloop
  endfacet
  facet normal 0 0 0
    outer loop
      vertex -11.640574572235636 7.7779832622744305 4.5
      vertex -12.934313455158014 5.357568053111258 4.5
      vertex -12.934313455158014 5.357568053111258 5.999999999999998
    endloop
  endfacet
  facet normal 0 0 0
    outer loop
      vertex -11.640574572235636 7.7779832622744305 4.5
      vertex -12.934313455158014 5.357568053111258 5.999999999999998
      vertex -11.640574572235636 7.7779832622744305 5.999999999999998
    endloop
  endfacet
  facet normal 0 0 0
    outer loop
      vertex -12.934313455158014 5.357568053111258 4.5
      vertex -13.730993925645226 2.7312645082258005 4.5
      vertex -13.730993925645226 2.7312645082258005 5.999999999999998
    endloop
  endfacet
  facet normal 0 0 0
    outer loop
      vertex -12.934313455158014 5.357568053111258 4.5
      vertex -13.730993925645226 2.7312645082258005 5.999999999999998
      vertex -12.934313455158014 5.357568053111258 5.999999999999998
    endloop
  endfacet
  facet normal 0 0 0
    outer loop
      vertex -13.730993925645226 2.7312645082258005 4.5
      vertex -14 1.7145055188062944e-15 4.5
      vertex -14 1.7145055188062944e-15 5.999999999999998
    endloop
  endfacet
  facet normal 0 0 0
    outer loop
      vertex -13.730993925645226 2.7312645082258005 4.5
      vertex -14 1.7145055188062944e-15 5.999999999999998
      vertex -13.730993925645226 2.7312645082258005 5.999999999999998
    endloop
  endfacet
  facet normal 0 0 0
    outer loop
      vertex -14 1.7145055188062944e-15 4.5
      vertex -13.730993925645226 -2.731264508225797 4.5
      vertex -13.730993925645226 -2.731264508225797 5.999999999999998
    endloop
  endfacet
  facet normal 0 0 0
    outer loop
      vertex -14 1.7145055188062944e-15 4.5
      vertex -13.730993925645226 -2.731264508225797 5.999999999999998
      vertex -14 1.7145055188062944e-15 5.999999999999998
    endloop
  endfacet
  facet normal 0 0 0
    outer loop
      vertex -13.730993925645226 -2.731264508225797 4.5
      vertex -12.934313455158016 -5.357568053111255 4.5
      vertex -12.934313455158016 -5.357568053111255 5.999999999999998
    endloop
  endfacet
  facet normal 0 0 0
    outer loop
      vertex -13.730993925645226 -2.731264508225797 4.5
      vertex -12.934313455158016 -5.357568053111255 5.999999999999998
      vertex -13.730993925645226 -2.731264508225797 5.999999999999998
    endloop
  endfacet
  facet normal 0 0 0
    outer loop
      vertex -12.934313455158016 -5.357568053111255 4.5
      vertex -11.640574572235636 -7.777983262274427 4.5
      vertex -11.640574572235636 -7.777983262274427 5.999999999999998
    endloop
  endfacet
  facet normal 0 0 0
    outer loop
      vertex -12.934313455158016 -5.357568053111255 4.5
      vertex -11.640574572235636 -7.777983262274427 5.999999999999998
      vertex -12.934313455158016 -5.357568053111255 5.999999999999998
    endloop
  endfacet
  facet normal 0 0 0
    outer loop
      vertex -11.640574572235636 -7.777983262274427 4.5
      vertex -9.899494936611667 -9.899494936611664 4.5
      vertex -9.899494936611667 -9.899494936611664 5.999999999999998
    endloop
  endfacet
  facet normal 0 0 0
    outer loop
      vertex -11.640574572235636 -7.777983262274427 4.5
      vertex -9.899494936611667 -9.899494936611664 5.999999999999998
      vertex -11.640574572235636 -7.777983262274427 5.999999999999998
    endloop
  endfacet
  facet normal 0 0 0
    outer loop
      vertex -9.899494936611667 -9.899494936611664 4.5
      vertex -7.7779832622744305 -11.640574572235634 4.5
      vertex -7.7779832622744305 -11.640574572235634 5.999999999999998
    endloop
  endfacet
  facet normal 0 0 0
    outer loop
      vertex -9.899494936611667 -9.899494936611664 4.5
      vertex -7.7779832622744305 -11.640574572235634 5.999999999999998
      vertex -9.899494936611667 -9.899494936611664 5.999999999999998
    endloop
  endfacet
  facet normal 0 0 0
    outer loop
      vertex -7.7779832622744305 -11.640574572235634 4.5
      vertex -5.357568053111264 -12.934313455158012 4.5
      vertex -5.357568053111264 -12.934313455158012 5.999999999999998
    endloop
  endfacet
  facet normal 0 0 0
    outer loop
      vertex -7.7779832622744305 -11.640574572235634 4.5
      vertex -5.357568053111264 -12.934313455158012 5.999999999999998
      vertex -7.7779832622744305 -11.640574572235634 5.999999999999998
    endloop
  endfacet
  facet normal 0 0 0
    outer loop
      vertex -5.357568053111264 -12.934313455158012 4.5
      vertex -2.7312645082258014 -13.730993925645224 4.5
      vertex -2.7312645082258014 -13.730993925645224 5.999999999999998
    endloop
  endfacet
  facet normal 0 0 0
    outer loop
      vertex -5.357568053111264 -12.934313455158012 4.5
      vertex -2.7312645082258014 -13.730993925645224 5.999999999999998
      vertex -5.357568053111264 -12.934313455158012 5.999999999999998
    endloop
  endfacet
  facet normal 0 0 0
    outer loop
      vertex -2.7312645082258014 -13.730993925645224 4.5
      vertex -2.5717582782094417e-15 -14 4.5
      vertex -2.5717582782094417e-15 -14 5.999999999999998
    endloop
  endfacet
  facet normal 0 0 0
    outer loop
      vertex -2.7312645082258014 -13.730993925645224 4.5
      vertex -2.5717582782094417e-15 -14 5.999999999999998
      vertex -2.7312645082258014 -13.730993925645224 5.999999999999998
    endloop
  endfacet
  facet normal 0 0 0
    outer loop
      vertex -2.5717582782094417e-15 -14 4.5
      vertex 2.731264508225796 -13.730993925645226 4.5
      vertex 2.731264508225796 -13.730993925645226 5.999999999999998
    endloop
  endfacet
  facet normal 0 0 0
    outer loop
      vertex -2.5717582782094417e-15 -14 4.5
      vertex 2.731264508225796 -13.730993925645226 5.999999999999998
      vertex -2.5717582782094417e-15 -14 5.999999999999998
    endloop
  endfacet
  facet normal 0 0 0
    outer loop
      vertex 2.731264508225796 -13.730993925645226 4.5
      vertex 5.35756805311126 -12.934313455158012 4.5
      vertex 5.35756805311126 -12.934313455158012 5.999999999999998
    endloop
  endfacet
  facet normal 0 0 0
    outer loop
      vertex 2.731264508225796 -13.730993925645226 4.5
      vertex 5.35756805311126 -12.934313455158012 5.999999999999998
      vertex 2.731264508225796 -13.730993925645226 5.999999999999998
    endloop
  endfacet
  facet normal 0 0 0
    outer loop
      vertex 5.35756805311126 -12.934313455158012 4.5
      vertex 7.777983262274426 -11.640574572235636 4.5
      vertex 7.777983262274426 -11.640574572235636 5.999999999999998
    endloop
  endfacet
  facet normal 0 0 0
    outer loop
      vertex 5.35756805311126 -12.934313455158012 4.5
      vertex 7.777983262274426 -11.640574572235636 5.999999999999998
      vertex 5.35756805311126 -12.934313455158012 5.999999999999998
    endloop
  endfacet
  facet normal 0 0 0
    outer loop
      vertex 7.777983262274426 -11.640574572235636 4.5
      vertex 9.899494936611664 -9.899494936611667 4.5
      vertex 9.899494936611664 -9.899494936611667 5.999999999999998
    endloop
  endfacet
  facet normal 0 0 0
    outer loop
      vertex 7.777983262274426 -11.640574572235636 4.5
      vertex 9.899494936611664 -9.899494936611667 5.999999999999998
      vertex 7.777983262274426 -11.640574572235636 5.999999999999998
    endloop
  endfacet
  facet normal 0 0 0
    outer loop
      vertex 9.899494936611664 -9.899494936611667 4.5
      vertex 11.640574572235634 -7.7779832622744305 4.5
      vertex 11.640574572235634 -7.7779832622744305 5.999999999999998
    endloop
  endfacet
  facet normal 0 0 0
    outer loop
      vertex 9.899494936611664 -9.899494936611667 4.5
      vertex 11.640574572235634 -7.7779832622744305 5.999999999999998
      vertex 9.899494936611664 -9.899494936611667 5.999999999999998
    endloop
  endfacet
  facet normal 0 0 0
    outer loop
      vertex 11.640574572235634 -7.7779832622744305 4.5
      vertex 12.934313455158012 -5.357568053111265 4.5
      vertex 12.934313455158012 -5.357568053111265 5.999999999999998
    endloop
  endfacet
  facet normal 0 0 0
    outer loop
      vertex 11.640574572235634 -7.7779832622744305 4.5
      vertex 12.934313455158012 -5.357568053111265 5.999999999999998
      vertex 11.640574572235634 -7.7779832622744305 5.999999999999998
    endloop
  endfacet
  facet normal 0 0 0
    outer loop
      vertex 12.934313455158012 -5.357568053111265 4.5
      vertex 13.730993925645224 -2.7312645082258022 4.5
      vertex 13.730993925645224 -2.7312645082258022 5.999999999999998
    endloop
  endfacet
  facet normal 0 0 0
    outer loop
      vertex 12.934313455158012 -5.357568053111265 4.5
      vertex 13.730993925645224 -2.7312645082258022 5.999999999999998
      vertex 12.934313455158012 -5.357568053111265 5.999999999999998
    endloop
  endfacet
  facet normal 0 0 0
    outer loop
      vertex 13.730993925645224 -2.7312645082258022 4.5
      vertex 14 0 4.5
      vertex 14 0 5.999999999999998
    endloop
  endfacet
  facet normal 0 0 0
    outer loop
      vertex 13.730993925645224 -2.7312645082258022 4.5
      vertex 14 0 5.999999999999998
      vertex 13.730993925645224 -2.7312645082258022 5.999999999999998
    endloop
  endfacet
  facet normal 0 0 0
    outer loop
      vertex 14 0 5.999999999999998
      vertex 13.730993925645226 2.7312645082257956 5.999999999999998
      vertex 13.730993925645226 2.7312645082257956 7.500000000000002
    endloop
  endfacet
  facet normal 0 0 0
    outer loop
      vertex 14 0 5.999999999999998
      vertex 13.730993925645226 2.7312645082257956 7.500000000000002
      vertex 14 0 7.500000000000002
    endloop
  endfacet
  facet normal 0 0 0
    outer loop
      vertex 13.730993925645226 2.7312645082257956 5.999999999999998
      vertex 12.934313455158014 5.357568053111257 5.999999999999998
      vertex 12.934313455158014 5.357568053111257 7.500000000000002
    endloop
  endfacet
  facet normal 0 0 0
    outer loop
      vertex 13.730993925645226 2.7312645082257956 5.999999999999998
      vertex 12.934313455158014 5.357568053111257 7.500000000000002
      vertex 13.730993925645226 2.7312645082257956 7.500000000000002
    endloop
  endfacet
  facet normal 0 0 0
    outer loop
      vertex 12.934313455158014 5.357568053111257 5.999999999999998
      vertex 11.640574572235634 7.7779832622744305 5.999999999999998
      vertex 11.640574572235634 7.7779832622744305 7.500000000000002
    endloop
  endfacet
  facet normal 0 0 0
    outer loop
      vertex 12.934313455158014 5.357568053111257 5.999999999999998
      vertex 11.640574572235634 7.7779832622744305 7.500000000000002
      vertex 12.934313455158014 5.357568053111257 7.500000000000002
    endloop
  endfacet
  facet normal 0 0 0
    outer loop
      vertex 11.640574572235634 7.7779832622744305 5.999999999999998
      vertex 9.899494936611665 9.899494936611664 5.999999999999998
      vertex 9.899494936611665 9.899494936611664 7.500000000000002
    endloop
  endfacet
  facet normal 0 0 0
    outer loop
      vertex 11.640574572235634 7.7779832622744305 5.999999999999998
      vertex 9.899494936611665 9.899494936611664 7.500000000000002
      vertex 11.640574572235634 7.7779832622744305 7.500000000000002
    endloop
  endfacet
  facet normal 0 0 0
    outer loop
      vertex 9.899494936611665 9.899494936611664 5.999999999999998
      vertex 7.777983262274432 11.640574572235634 5.999999999999998
      vertex 7.777983262274432 11.640574572235634 7.500000000000002
    endloop
  endfacet
  facet normal 0 0 0
    outer loop
      vertex 9.899494936611665 9.899494936611664 5.999999999999998
      vertex 7.777983262274432 11.640574572235634 7.500000000000002
      vertex 9.899494936611665 9.899494936611664 7.500000000000002
    endloop
  endfacet
  facet normal 0 0 0
    outer loop
      vertex 7.777983262274432 11.640574572235634 5.999999999999998
      vertex 5.357568053111258 12.934313455158014 5.999999999999998
      vertex 5.357568053111258 12.934313455158014 7.500000000000002
    endloop
  endfacet
  facet normal 0 0 0
    outer loop
      vertex 7.777983262274432 11.640574572235634 5.999999999999998
      vertex 5.357568053111258 12.934313455158014 7.500000000000002
      vertex 7.777983262274432 11.640574572235634 7.500000000000002
    endloop
  endfacet
  facet normal 0 0 0
    outer loop
      vertex 5.357568053111258 12.934313455158014 5.999999999999998
      vertex 2.7312645082257965 13.730993925645226 5.999999999999998
      vertex 2.7312645082257965 13.730993925645226 7.500000000000002
    endloop
  endfacet
  facet normal 0 0 0
    outer loop
      vertex 5.357568053111258 12.934313455158014 5.999999999999998
      vertex 2.7312645082257965 13.730993925645226 7.500000000000002
      vertex 5.357568053111258 12.934313455158014 7.500000000000002
    endloop
  endfacet
  facet normal 0 0 0
    outer loop
      vertex 2.7312645082257965 13.730993925645226 5.999999999999998
      vertex 8.572527594031472e-16 14 5.999999999999998
      vertex 8.572527594031472e-16 14 7.500000000000002
    endloop
  endfacet
  facet normal 0 0 0
    outer loop
      vertex 2.7312645082257965 13.730993925645226 5.999999999999998
      vertex 8.572527594031472e-16 14 7.500000000000002
      vertex 2.7312645082257965 13.730993925645226 7.500000000000002
    endloop
  endfacet
  facet normal 0 0 0
    outer loop
      vertex 8.572527594031472e-16 14 5.999999999999998
      vertex -2.7312645082257947 13.730993925645226 5.999999999999998
      vertex -2.7312645082257947 13.730993925645226 7.500000000000002
    endloop
  endfacet
  facet normal 0 0 0
    outer loop
      vertex 8.572527594031472e-16 14 5.999999999999998
      vertex -2.7312645082257947 13.730993925645226 7.500000000000002
      vertex 8.572527594031472e-16 14 7.500000000000002
    endloop
  endfacet
  facet normal 0 0 0
    outer loop
      vertex -2.7312645082257947 13.730993925645226 5.999999999999998
      vertex -5.357568053111256 12.934313455158014 5.999999999999998
      vertex -5.357568053111256 12.934313455158014 7.500000000000002
    endloop
  endfacet
  facet normal 0 0 0
    outer loop
      vertex -2.7312645082257947 13.730993925645226 5.999999999999998
      vertex -5.357568053111256 12.934313455158014 7.500000000000002
      vertex -2.7312645082257947 13.730993925645226 7.500000000000002
    endloop
  endfacet
  facet normal 0 0 0
    outer loop
      vertex -5.357568053111256 12.934313455158014 5.999999999999998
      vertex -7.777983262274427 11.640574572235636 5.999999999999998
      vertex -7.777983262274427 11.640574572235636 7.500000000000002
    endloop
  endfacet
  facet normal 0 0 0
    outer loop
      vertex -5.357568053111256 12.934313455158014 5.999999999999998
      vertex -7.777983262274427 11.640574572235636 7.500000000000002
      vertex -5.357568053111256 12.934313455158014 7.500000000000002
    endloop
  endfacet
  facet normal 0 0 0
    outer loop
      vertex -7.777983262274427 11.640574572235636 5.999999999999998
      vertex -9.899494936611664 9.899494936611665 5.999999999999998
      vertex -9.899494936611664 9.899494936611665 7.500000000000002
    endloop
  endfacet
  facet normal 0 0 0
    outer loop
      vertex -7.777983262274427 11.640574572235636 5.999999999999998
      vertex -9.899494936611664 9.899494936611665 7.500000000000002
      vertex -7.777983262274427 11.640574572235636 7.500000000000002
    endloop
  endfacet
  facet normal 0 0 0
    outer loop
      vertex -9.899494936611664 9.899494936611665 5.999999999999998
      vertex -11.640574572235636 7.7779832622744305 5.999999999999998
      vertex -11.640574572235636 7.7779832622744305 7.500000000000002
    endloop
  endfacet
  facet normal 0 0 0
    outer loop
      vertex -9.899494936611664 9.899494936611665 5.999999999999998
      vertex -11.640574572235636 7.7779832622744305 7.500000000000002
      vertex -9.899494936611664 9.899494936611665 7.500000000000002
    endloop
  endfacet
  facet normal 0 0 0
    outer loop
      vertex -11.640574572235636 7.7779832622744305 5.999999999999998
      vertex -12.934313455158014 5.357568053111258 5.999999999999998
      vertex -12.934313455158014 5.357568053111258 7.500000000000002
    endloop
  endfacet
  facet normal 0 0 0
    outer loop
      vertex -11.640574572235636 7.7779832622744305 5.999999999999998
      vertex -12.934313455158014 5.357568053111258 7.500000000000002
      vertex -11.640574572235636 7.7779832622744305 7.500000000000002
    endloop
  endfacet
  facet normal 0 0 0
    outer loop
      vertex -12.934313455158014 5.357568053111258 5.999999999999998
      vertex -13.730993925645226 2.7312645082258005 5.999999999999998
      vertex -13.730993925645226 2.7312645082258005 7.500000000000002
    endloop
  endfacet
  facet normal 0 0 0
    outer loop
      vertex -12.934313455158014 5.357568053111258 5.999999999999998
      vertex -13.730993925645226 2.7312645082258005 7.500000000000002
      vertex -12.934313455158014 5.357568053111258 7.500000000000002
    endloop
  endfacet
  facet normal 0 0 0
    outer loop
      vertex -13.730993925645226 2.7312645082258005 5.999999999999998
      vertex -14 1.7145055188062944e-15 5.999999999999998
      vertex -14 1.7145055188062944e-15 7.500000000000002
    endloop
  endfacet
  facet normal 0 0 0
    outer loop
      vertex -13.730993925645226 2.7312645082258005 5.999999999999998
      vertex -14 1.7145055188062944e-15 7.500000000000002
      vertex -13.730993925645226 2.7312645082258005 7.500000000000002
    endloop
  endfacet
  facet normal 0 0 0
    outer loop
      vertex -14 1.7145055188062944e-15 5.999999999999998
      vertex -13.730993925645226 -2.731264508225797 5.999999999999998
      vertex -13.730993925645226 -2.731264508225797 7.500000000000002
    endloop
  endfacet
  facet normal 0 0 0
    outer loop
      vertex -14 1.7145055188062944e-15 5.999999999999998
      vertex -13.730993925645226 -2.731264508225797 7.500000000000002
      vertex -14 1.7145055188062944e-15 7.500000000000002
    endloop
  endfacet
  facet normal 0 0 0
    outer loop
      vertex -13.730993925645226 -2.731264508225797 5.999999999999998
      vertex -12.934313455158016 -5.357568053111255 5.999999999999998
      vertex -12.934313455158016 -5.357568053111255 7.500000000000002
    endloop
  endfacet
  facet normal 0 0 0
    outer loop
      vertex -13.730993925645226 -2.731264508225797 5.999999999999998
      vertex -12.934313455158016 -5.357568053111255 7.500000000000002
      vertex -13.730993925645226 -2.731264508225797 7.500000000000002
    endloop
  endfacet
  facet normal 0 0 0
    outer loop
      vertex -12.934313455158016 -5.357568053111255 5.999999999999998
      vertex -11.640574572235636 -7.777983262274427 5.999999999999998
      vertex -11.640574572235636 -7.777983262274427 7.500000000000002
    endloop
  endfacet
  facet normal 0 0 0
    outer loop
      vertex -12.934313455158016 -5.357568053111255 5.999999999999998
      vertex -11.640574572235636 -7.777983262274427 7.500000000000002
      vertex -12.934313455158016 -5.357568053111255 7.500000000000002
    endloop
  endfacet
  facet normal 0 0 0
    outer loop
      vertex -11.640574572235636 -7.777983262274427 5.999999999999998
      vertex -9.899494936611667 -9.899494936611664 5.999999999999998
      vertex -9.899494936611667 -9.899494936611664 7.500000000000002
    endloop
  endfacet
  facet normal 0 0 0
    outer loop
      vertex -11.640574572235636 -7.777983262274427 5.999999999999998
      vertex -9.899494936611667 -9.899494936611664 7.500000000000002
      vertex -11.640574572235636 -7.777983262274427 7.500000000000002
    endloop
  endfacet
  facet normal 0 0 0
    outer loop
      vertex -9.899494936611667 -9.899494936611664 5.999999999999998
      vertex -7.7779832622744305 -11.640574572235634 5.999999999999998
      vertex -7.7779832622744305 -11.640574572235634 7.500000000000002
    endloop
  endfacet
  facet normal 0 0 0
    outer loop
      vertex -9.899494936611667 -9.899494936611664 5.999999999999998
      vertex -7.7779832622744305 -11.640574572235634 7.500000000000002
      vertex -9.899494936611667 -9.899494936611664 7.500000000000002
    endloop
  endfacet
  facet normal 0 0 0
    outer loop
      vertex -7.7779832622744305 -11.640574572235634 5.999999999999998
      vertex -5.357568053111264 -12.934313455158012 5.999999999999998
      vertex -5.357568053111264 -12.934313455158012 7.500000000000002
    endloop
  endfacet
  facet normal 0 0 0
    outer loop
      vertex -7.7779832622744305 -11.640574572235634 5.999999999999998
      vertex -5.357568053111264 -12.934313455158012 7.500000000000002
      vertex -7.7779832622744305 -11.640574572235634 7.500000000000002
    endloop
  endfacet
  facet normal 0 0 0
    outer loop
      vertex -5.357568053111264 -12.934313455158012 5.999999999999998
      vertex -2.7312645082258014 -13.730993925645224 5.999999999999998
      vertex -2.7312645082258014 -13.730993925645224 7.500000000000002
    endloop
  endfacet
  facet normal 0 0 0
    outer loop
      vertex -5.357568053111264 -12.934313455158012 5.999999999999998
      vertex -2.7312645082258014 -13.730993925645224 7.500000000000002
      vertex -5.357568053111264 -12.934313455158012 7.500000000000002
    endloop
  endfacet
  facet normal 0 0 0
    outer loop
      vertex -2.7312645082258014 -13.730993925645224 5.999999999999998
      vertex -2.5717582782094417e-15 -14 5.999999999999998
      vertex -2.5717582782094417e-15 -14 7.500000000000002
    endloop
  endfacet
  facet normal 0 0 0
    outer loop
      vertex -2.7312645082258014 -13.730993925645224 5.999999999999998
      vertex -2.5717582782094417e-15 -14 7.500000000000002
      vertex -2.7312645082258014 -13.730993925645224 7.500000000000002
    endloop
  endfacet
  facet normal 0 0 0
    outer loop
      vertex -2.5717582782094417e-15 -14 5.999999999999998
      vertex 2.731264508225796 -13.730993925645226 5.999999999999998
      vertex 2.731264508225796 -13.730993925645226 7.500000000000002
    endloop
  endfacet
  facet normal 0 0 0
    outer loop
      vertex -2.5717582782094417e-15 -14 5.999999999999998
      vertex 2.731264508225796 -13.730993925645226 7.500000000000002
      vertex -2.5717582782094417e-15 -14 7.500000000000002
    endloop
  endfacet
  facet normal 0 0 0
    outer loop
      vertex 2.731264508225796 -13.730993925645226 5.999999999999998
      vertex 5.35756805311126 -12.934313455158012 5.999999999999998
      vertex 5.35756805311126 -12.934313455158012 7.500000000000002
    endloop
  endfacet
  facet normal 0 0 0
    outer loop
      vertex 2.731264508225796 -13.730993925645226 5.999999999999998
      vertex 5.35756805311126 -12.934313455158012 7.500000000000002
      vertex 2.731264508225796 -13.730993925645226 7.500000000000002
    endloop
  endfacet
  facet normal 0 0 0
    outer loop
      vertex 5.35756805311126 -12.934313455158012 5.999999999999998
      vertex 7.777983262274426 -11.640574572235636 5.999999999999998
      vertex 7.777983262274426 -11.640574572235636 7.500000000000002
    endloop
  endfacet
  facet normal 0 0 0
    outer loop
      vertex 5.35756805311126 -12.934313455158012 5.999999999999998
      vertex 7.777983262274426 -11.640574572235636 7.500000000000002
      vertex 5.35756805311126 -12.934313455158012 7.500000000000002
    endloop
  endfacet
  facet normal 0 0 0
    outer loop
      vertex 7.777983262274426 -11.640574572235636 5.999999999999998
      vertex 9.899494936611664 -9.899494936611667 5.999999999999998
      vertex 9.899494936611664 -9.899494936611667 7.500000000000002
    endloop
  endfacet
  facet normal 0 0 0
    outer loop
      vertex 7.777983262274426 -11.640574572235636 5.999999999999998
      vertex 9.899494936611664 -9.899494936611667 7.500000000000002
      vertex 7.777983262274426 -11.640574572235636 7.500000000000002
    endloop
  endfacet
  facet normal 0 0 0
    outer loop
      vertex 9.899494936611664 -9.899494936611667 5.999999999999998
      vertex 11.640574572235634 -7.7779832622744305 5.999999999999998
      vertex 11.640574572235634 -7.7779832622744305 7.500000000000002
    endloop
  endfacet
  facet normal 0 0 0
    outer loop
      vertex 9.899494936611664 -9.899494936611667 5.999999999999998
      vertex 11.640574572235634 -7.7779832622744305 7.500000000000002
      vertex 9.899494936611664 -9.899494936611667 7.500000000000002
    endloop
  endfacet
  facet normal 0 0 0
    outer loop
      vertex 11.640574572235634 -7.7779832622744305 5.999999999999998
      vertex 12.934313455158012 -5.357568053111265 5.999999999999998
      vertex 12.934313455158012 -5.357568053111265 7.500000000000002
    endloop
  endfacet
  facet normal 0 0 0
    outer loop
      vertex 11.640574572235634 -7.7779832622744305 5.999999999999998
      vertex 12.934313455158012 -5.357568053111265 7.500000000000002
      vertex 11.640574572235634 -7.7779832622744305 7.500000000000002
    endloop
  endfacet
  facet normal 0 0 0
    outer loop
      vertex 12.934313455158012 -5.357568053111265 5.999999999999998
      vertex 13.730993925645224 -2.7312645082258022 5.999999999999998
      vertex 13.730993925645224 -2.7312645082258022 7.500000000000002
    endloop
  endfacet
  facet normal 0 0 0
    outer loop
      vertex 12.934313455158012 -5.357568053111265 5.999999999999998
      vertex 13.730993925645224 -2.7312645082258022 7.500000000000002
      vertex 12.934313455158012 -5.357568053111265 7.500000000000002
    endloop
  endfacet
  facet normal 0 0 0
    outer loop
      vertex 13.730993925645224 -2.7312645082258022 5.999999999999998
      vertex 14 0 5.999999999999998
      vertex 14 0 7.500000000000002
    endloop
  endfacet
  facet normal 0 0 0
    outer loop
      vertex 13.730993925645224 -2.7312645082258022 5.999999999999998
      vertex 14 0 7.500000000000002
      vertex 13.730993925645224 -2.7312645082258022 7.500000000000002
    endloop
  endfacet
  facet normal 0 0 0
    outer loop
      vertex 14 0 7.500000000000002
      vertex 13.730993925645226 2.7312645082257956 7.500000000000002
      vertex 13.730993925645226 2.7312645082257956 9
    endloop
  endfacet
  facet normal 0 0 0
    outer loop
      vertex 14 0 7.500000000000002
      vertex 13.730993925645226 2.7312645082257956 9
      vertex 14 0 9
    endloop
  endfacet
  facet normal 0 0 0
    outer loop
      vertex 13.730993925645226 2.7312645082257956 7.500000000000002
      vertex 12.934313455158014 5.357568053111257 7.500000000000002
      vertex 12.934313455158014 5.357568053111257 9
    endloop
  endfacet
  facet normal 0 0 0
    outer loop
      vertex 13.730993925645226 2.7312645082257956 7.500000000000002
      vertex 12.934313455158014 5.357568053111257 9
      vertex 13.730993925645226 2.7312645082257956 9
    endloop
  endfacet
  facet normal 0 0 0
    outer loop
      vertex 12.934313455158014 5.357568053111257 7.500000000000002
      vertex 11.640574572235634 7.7779832622744305 7.500000000000002
      vertex 11.640574572235634 7.7779832622744305 9
    endloop
  endfacet
  facet normal 0 0 0
    outer loop
      vertex 12.934313455158014 5.357568053111257 7.500000000000002
      vertex 11.640574572235634 7.7779832622744305 9
      vertex 12.934313455158014 5.357568053111257 9
    endloop
  endfacet
  facet normal 0 0 0
    outer loop
      vertex 11.640574572235634 7.7779832622744305 7.500000000000002
      vertex 9.899494936611665 9.899494936611664 7.500000000000002
      vertex 9.899494936611665 9.899494936611664 9
    endloop
  endfacet
  facet normal 0 0 0
    outer loop
      vertex 11.640574572235634 7.7779832622744305 7.500000000000002
      vertex 9.899494936611665 9.899494936611664 9
      vertex 11.640574572235634 7.7779832622744305 9
    endloop
  endfacet
  facet normal 0 0 0
    outer loop
      vertex 9.899494936611665 9.899494936611664 7.500000000000002
      vertex 7.777983262274432 11.640574572235634 7.500000000000002
      vertex 7.777983262274432 11.640574572235634 9
    endloop
  endfacet
  facet normal 0 0 0
    outer loop
      vertex 9.899494936611665 9.899494936611664 7.500000000000002
      vertex 7.777983262274432 11.640574572235634 9
      vertex 9.899494936611665 9.899494936611664 9
    endloop
  endfacet
  facet normal 0 0 0
    outer loop
      vertex 7.777983262274432 11.640574572235634 7.500000000000002
      vertex 5.357568053111258 12.934313455158014 7.500000000000002
      vertex 5.357568053111258 12.934313455158014 9
    endloop
  endfacet
  facet normal 0 0 0
    outer loop
      vertex 7.777983262274432 11.640574572235634 7.500000000000002
      vertex 5.357568053111258 12.934313455158014 9
      vertex 7.777983262274432 11.640574572235634 9
    endloop
  endfacet
  facet normal 0 0 0
    outer loop
      vertex 5.357568053111258 12.934313455158014 7.500000000000002
      vertex 2.7312645082257965 13.730993925645226 7.500000000000002
      vertex 2.7312645082257965 13.730993925645226 9
    endloop
  endfacet
  facet normal 0 0 0
    outer loop
      vertex 5.357568053111258 12.934313455158014 7.500000000000002
      vertex 2.7312645082257965 13.730993925645226 9
      vertex 5.357568053111258 12.934313455158014 9
    endloop
  endfacet
  facet normal 0 0 0
    outer loop
      vertex 2.7312645082257965 13.730993925645226 7.500000000000002
      vertex 8.572527594031472e-16 14 7.500000000000002
      vertex 8.572527594031472e-16 14 9
    endloop
  endfacet
  facet normal 0 0 0
    outer loop
      vertex 2.7312645082257965 13.730993925645226 7.500000000000002
      vertex 8.572527594031472e-16 14 9
      vertex 2.7312645082257965 13.730993925645226 9
    endloop
  endfacet
  facet normal 0 0 0
    outer loop
      vertex 8.572527594031472e-16 14 7.500000000000002
      vertex -2.7312645082257947 13.730993925645226 7.500000000000002
      vertex -2.7312645082257947 13.730993925645226 9
    endloop
  endfacet
  facet normal 0 0 0
    outer loop
      vertex 8.572527594031472e-16 14 7.500000000000002
      vertex -2.7312645082257947 13.730993925645226 9
      vertex 8.572527594031472e-16 14 9
    endloop
  endfacet
  facet normal 0 0 0
    outer loop
      vertex -2.7312645082257947 13.730993925645226 7.500000000000002
      vertex -5.357568053111256 12.934313455158014 7.500000000000002
      vertex -5.357568053111256 12.934313455158014 9
    endloop
  endfacet
  facet normal 0 0 0
    outer loop
      vertex -2.7312645082257947 13.730993925645226 7.500000000000002
      vertex -5.357568053111256 12.934313455158014 9
      vertex -2.7312645082257947 13.730993925645226 9
    endloop
  endfacet
  facet normal 0 0 0
    outer loop
      vertex -5.357568053111256 12.934313455158014 7.500000000000002
      vertex -7.777983262274427 11.640574572235636 7.500000000000002
      vertex -7.777983262274427 11.640574572235636 9
    endloop
  endfacet
  facet normal 0 0 0
    outer loop
      vertex -5.357568053111256 12.934313455158014 7.500000000000002
      vertex -7.777983262274427 11.640574572235636 9
      vertex -5.357568053111256 12.934313455158014 9
    endloop
  endfacet
  facet normal 0 0 0
    outer loop
      vertex -7.777983262274427 11.640574572235636 7.500000000000002
      vertex -9.899494936611664 9.899494936611665 7.500000000000002
      vertex -9.899494936611664 9.899494936611665 9
    endloop
  endfacet
  facet normal 0 0 0
    outer loop
      vertex -7.777983262274427 11.640574572235636 7.500000000000002
      vertex -9.899494936611664 9.899494936611665 9
      vertex -7.777983262274427 11.640574572235636 9
    endloop
  endfacet
  facet normal 0 0 0
    outer loop
      vertex -9.899494936611664 9.899494936611665 7.500000000000002
      vertex -11.640574572235636 7.7779832622744305 7.500000000000002
      vertex -11.640574572235636 7.7779832622744305 9
    endloop
  endfacet
  facet normal 0 0 0
    outer loop
      vertex -9.899494936611664 9.899494936611665 7.500000000000002
      vertex -11.640574572235636 7.7779832622744305 9
      vertex -9.899494936611664 9.899494936611665 9
    endloop
  endfacet
  facet normal 0 0 0
    outer loop
      vertex -11.640574572235636 7.7779832622744305 7.500000000000002
      vertex -12.934313455158014 5.357568053111258 7.500000000000002
      vertex -12.934313455158014 5.357568053111258 9
    endloop
  endfacet
  facet normal 0 0 0
    outer loop
      vertex -11.640574572235636 7.7779832622744305 7.500000000000002
      vertex -12.934313455158014 5.357568053111258 9
      vertex -11.640574572235636 7.7779832622744305 9
    endloop
  endfacet
  facet normal 0 0 0
    outer loop
      vertex -12.934313455158014 5.357568053111258 7.500000000000002
      vertex -13.730993925645226 2.7312645082258005 7.500000000000002
      vertex -13.730993925645226 2.7312645082258005 9
    endloop
  endfacet
  facet normal 0 0 0
    outer loop
      vertex -12.934313455158014 5.357568053111258 7.500000000000002
      vertex -13.730993925645226 2.7312645082258005 9
      vertex -12.934313455158014 5.357568053111258 9
    endloop
  endfacet
  facet normal 0 0 0
    outer loop
      vertex -13.730993925645226 2.7312645082258005 7.500000000000002
      vertex -14 1.7145055188062944e-15 7.500000000000002
      vertex -14 1.7145055188062944e-15 9
    endloop
  endfacet
  facet normal 0 0 0
    outer loop
      vertex -13.730993925645226 2.7312645082258005 7.500000000000002
      vertex -14 1.7145055188062944e-15 9
      vertex -13.730993925645226 2.7312645082258005 9
    endloop
  endfacet
  facet normal 0 0 0
    outer loop
      vertex -14 1.7145055188062944e-15 7.500000000000002
      vertex -13.730993925645226 -2.731264508225797 7.500000000000002
      vertex -13.730993925645226 -2.731264508225797 9
    endloop
  endfacet
  facet normal 0 0 0
    outer loop
      vertex -14 1.7145055188062944e-15 7.500000000000002
      vertex -13.730993925645226 -2.731264508225797 9
      vertex -14 1.7145055188062944e-15 9
    endloop
  endfacet
  facet normal 0 0 0
    outer loop
      vertex -13.730993925645226 -2.731264508225797 7.500000000000002
      vertex -12.934313455158016 -5.357568053111255 7.500000000000002
      vertex -12.934313455158016 -5.357568053111255 9
    endloop
  endfacet
  facet normal 0 0 0
    outer loop
      vertex -13.730993925645226 -2.731264508225797 7.500000000000002
      vertex -12.934313455158016 -5.357568053111255 9
      vertex -13.730993925645226 -2.731264508225797 9
    endloop
  endfacet
  facet normal 0 0 0
    outer loop
      vertex -12.934313455158016 -5.357568053111255 7.500000000000002
      vertex -11.640574572235636 -7.777983262274427 7.500000000000002
      vertex -11.640574572235636 -7.777983262274427 9
    endloop
  endfacet
  facet normal 0 0 0
    outer loop
      vertex -12.934313455158016 -5.357568053111255 7.500000000000002
      vertex -11.640574572235636 -7.777983262274427 9
      vertex -12.934313455158016 -5.357568053111255 9
    endloop
  endfacet
  facet normal 0 0 0
    outer loop
      vertex -11.640574572235636 -7.777983262274427 7.500000000000002
      vertex -9.899494936611667 -9.899494936611664 7.500000000000002
      vertex -9.899494936611667 -9.899494936611664 9
    endloop
  endfacet
  facet normal 0 0 0
    outer loop
      vertex -11.640574572235636 -7.777983262274427 7.500000000000002
      vertex -9.899494936611667 -9.899494936611664 9
      vertex -11.640574572235636 -7.777983262274427 9
    endloop
  endfacet
  facet normal 0 0 0
    outer loop
      vertex -9.899494936611667 -9.899494936611664 7.500000000000002
      vertex -7.7779832622744305 -11.640574572235634 7.500000000000002
      vertex -7.7779832622744305 -11.640574572235634 9
    endloop
  endfacet
  facet normal 0 0 0
    outer loop
      vertex -9.899494936611667 -9.899494936611664 7.500000000000002
      vertex -7.7779832622744305 -11.640574572235634 9
      vertex -9.899494936611667 -9.899494936611664 9
    endloop
  endfacet
  facet normal 0 0 0
    outer loop
      vertex -7.7779832622744305 -11.640574572235634 7.500000000000002
      vertex -5.357568053111264 -12.934313455158012 7.500000000000002
      vertex -5.357568053111264 -12.934313455158012 9
    endloop
  endfacet
  facet normal 0 0 0
    outer loop
      vertex -7.7779832622744305 -11.640574572235634 7.500000000000002
      vertex -5.357568053111264 -12.934313455158012 9
      vertex -7.7779832622744305 -11.640574572235634 9
    endloop
  endfacet
  facet normal 0 0 0
    outer loop
      vertex -5.357568053111264 -12.934313455158012 7.500000000000002
      vertex -2.7312645082258014 -13.730993925645224 7.500000000000002
      vertex -2.7312645082258014 -13.730993925645224 9
    endloop
  endfacet
  facet normal 0 0 0
    outer loop
      vertex -5.357568053111264 -12.934313455158012 7.500000000000002
      vertex -2.7312645082258014 -13.730993925645224 9
      vertex -5.357568053111264 -12.934313455158012 9
    endloop
  endfacet
  facet normal 0 0 0
    outer loop
      vertex -2.7312645082258014 -13.730993925645224 7.500000000000002
      vertex -2.5717582782094417e-15 -14 7.500000000000002
      vertex -2.5717582782094417e-15 -14 9
    endloop
  endfacet
  facet normal 0 0 0
    outer loop
      vertex -2.7312645082258014 -13.730993925645224 7.500000000000002
      vertex -2.5717582782094417e-15 -14 9
      vertex -2.7312645082258014 -13.730993925645224 9
    endloop
  endfacet
  facet normal 0 0 0
    outer loop
      vertex -2.5717582782094417e-15 -14 7.500000000000002
      vertex 2.731264508225796 -13.730993925645226 7.500000000000002
      vertex 2.731264508225796 -13.730993925645226 9
    endloop
  endfacet
  facet normal 0 0 0
    outer loop
      vertex -2.5717582782094417e-15 -14 7.500000000000002
      vertex 2.731264508225796 -13.730993925645226 9
      vertex -2.5717582782094417e-15 -14 9
    endloop
  endfacet
  facet normal 0 0 0
    outer loop
      vertex 2.731264508225796 -13.730993925645226 7.500000000000002
      vertex 5.35756805311126 -12.934313455158012 7.500000000000002
      vertex 5.35756805311126 -12.934313455158012 9
    endloop
  endfacet
  facet normal 0 0 0
    outer loop
      vertex 2.731264508225796 -13.730993925645226 7.500000000000002
      vertex 5.35756805311126 -12.934313455158012 9
      vertex 2.731264508225796 -13.730993925645226 9
    endloop
  endfacet
  facet normal 0 0 0
    outer loop
      vertex 5.35756805311126 -12.934313455158012 7.500000000000002
      vertex 7.777983262274426 -11.640574572235636 7.500000000000002
      vertex 7.777983262274426 -11.640574572235636 9
    endloop
  endfacet
  facet normal 0 0 0
    outer loop
      vertex 5.35756805311126 -12.934313455158012 7.500000000000002
      vertex 7.777983262274426 -11.640574572235636 9
      vertex 5.35756805311126 -12.934313455158012 9
    endloop
  endfacet
  facet normal 0 0 0
    outer loop
      vertex 7.777983262274426 -11.640574572235636 7.500000000000002
      vertex 9.899494936611664 -9.899494936611667 7.500000000000002
      vertex 9.899494936611664 -9.899494936611667 9
    endloop
  endfacet
  facet normal 0 0 0
    outer loop
      vertex 7.777983262274426 -11.640574572235636 7.500000000000002
      vertex 9.899494936611664 -9.899494936611667 9
      vertex 7.777983262274426 -11.640574572235636 9
    endloop
  endfacet
  facet normal 0 0 0
    outer loop
      vertex 9.899494936611664 -9.899494936611667 7.500000000000002
      vertex 11.640574572235634 -7.7779832622744305 7.500000000000002
      vertex 11.640574572235634 -7.7779832622744305 9
    endloop
  endfacet
  facet normal 0 0 0
    outer loop
      vertex 9.899494936611664 -9.899494936611667 7.500000000000002
      vertex 11.640574572235634 -7.7779832622744305 9
      vertex 9.899494936611664 -9.899494936611667 9
    endloop
  endfacet
  facet normal 0 0 0
    outer loop
      vertex 11.640574572235634 -7.7779832622744305 7.500000000000002
      vertex 12.934313455158012 -5.357568053111265 7.500000000000002
      vertex 12.934313455158012 -5.357568053111265 9
    endloop
  endfacet
  facet normal 0 0 0
    outer loop
      vertex 11.640574572235634 -7.7779832622744305 7.500000000000002
      vertex 12.934313455158012 -5.357568053111265 9
      vertex 11.640574572235634 -7.7779832622744305 9
    endloop
  endfacet
  facet normal 0 0 0
    outer loop
      vertex 12.934313455158012 -5.357568053111265 7.500000000000002
      vertex 13.730993925645224 -2.7312645082258022 7.500000000000002
      vertex 13.730993925645224 -2.7312645082258022 9
    endloop
  endfacet
  facet normal 0 0 0
    outer loop
      vertex 12.934313455158012 -5.357568053111265 7.500000000000002
      vertex 13.730993925645224 -2.7312645082258022 9
      vertex 12.934313455158012 -5.357568053111265 9
    endloop
  endfacet
  facet normal 0 0 0
    outer loop
      vertex 13.730993925645224 -2.7312645082258022 7.500000000000002
      vertex 14 0 7.500000000000002
      vertex 14 0 9
    endloop
  endfacet
  facet normal 0 0 0
    outer loop
      vertex 13.730993925645224 -2.7312645082258022 7.500000000000002
      vertex 14 0 9
      vertex 13.730993925645224 -2.7312645082258022 9
    endloop
  endfacet
  facet normal 0 0 0
    outer loop
      vertex 14 0 9
      vertex 13.730993925645226 2.7312645082257956 9
      vertex 5.884711682419383 1.1705419320967696 10.499999999999998
    endloop
  endfacet
  facet normal 0 0 0
    outer loop
      vertex 14 0 9
      vertex 5.884711682419383 1.1705419320967696 10.499999999999998
      vertex 6 0 10.499999999999998
    endloop
  endfacet
  facet normal 0 0 0
    outer loop
      vertex 13.730993925645226 2.7312645082257956 9
      vertex 12.934313455158014 5.357568053111257 9
      vertex 5.54327719506772 2.2961005941905386 10.499999999999998
    endloop
  endfacet
  facet normal 0 0 0
    outer loop
      vertex 13.730993925645226 2.7312645082257956 9
      vertex 5.54327719506772 2.2961005941905386 10.499999999999998
      vertex 5.884711682419383 1.1705419320967696 10.499999999999998
    endloop
  endfacet
  facet normal 0 0 0
    outer loop
      vertex 12.934313455158014 5.357568053111257 9
      vertex 11.640574572235634 7.7779832622744305 9
      vertex 4.988817673815271 3.333421398117613 10.499999999999998
    endloop
  endfacet
  facet normal 0 0 0
    outer loop
      vertex 12.934313455158014 5.357568053111257 9
      vertex 4.988817673815271 3.333421398117613 10.499999999999998
      vertex 5.54327719506772 2.2961005941905386 10.499999999999998
    endloop
  endfacet
  facet normal 0 0 0
    outer loop
      vertex 11.640574572235634 7.7779832622744305 9
      vertex 9.899494936611665 9.899494936611664 9
      vertex 4.242640687119286 4.242640687119285 10.499999999999998
    endloop
  endfacet
  facet normal 0 0 0
    outer loop
      vertex 11.640574572235634 7.7779832622744305 9
      vertex 4.242640687119286 4.242640687119285 10.499999999999998
      vertex 4.988817673815271 3.333421398117613 10.499999999999998
    endloop
  endfacet
  facet normal 0 0 0
    outer loop
      vertex 9.899494936611665 9.899494936611664 9
      vertex 7.777983262274432 11.640574572235634 9
      vertex 3.333421398117614 4.988817673815271 10.499999999999998
    endloop
  endfacet
  facet normal 0 0 0
    outer loop
      vertex 9.899494936611665 9.899494936611664 9
      vertex 3.333421398117614 4.988817673815271 10.499999999999998
      vertex 4.242640687119286 4.242640687119285 10.499999999999998
    endloop
  endfacet
  facet normal 0 0 0
    outer loop
      vertex 7.777983262274432 11.640574572235634 9
      vertex 5.357568053111258 12.934313455158014 9
      vertex 2.296100594190539 5.54327719506772 10.499999999999998
    endloop
  endfacet
  facet normal 0 0 0
    outer loop
      vertex 7.777983262274432 11.640574572235634 9
      vertex 2.296100594190539 5.54327719506772 10.499999999999998
      vertex 3.333421398117614 4.988817673815271 10.499999999999998
    endloop
  endfacet
  facet normal 0 0 0
    outer loop
      vertex 5.357568053111258 12.934313455158014 9
      vertex 2.7312645082257965 13.730993925645226 9
      vertex 1.17054193209677 5.884711682419383 10.499999999999998
    endloop
  endfacet
  facet normal 0 0 0
    outer loop
      vertex 5.357568053111258 12.934313455158014 9
      vertex 1.17054193209677 5.884711682419383 10.499999999999998
      vertex 2.296100594190539 5.54327719506772 10.499999999999998
    endloop
  endfacet
  facet normal 0 0 0
    outer loop
      vertex 2.7312645082257965 13.730993925645226 9
      vertex 8.572527594031472e-16 14 9
      vertex 3.6739403974420594e-16 6 10.499999999999998
    endloop
  endfacet
  facet normal 0 0 0
    outer loop
      vertex 2.7312645082257965 13.730993925645226 9
      vertex 3.6739403974420594e-16 6 10.499999999999998
      vertex 1.17054193209677 5.884711682419383 10.499999999999998
    endloop
  endfacet
  facet normal 0 0 0
    outer loop
      vertex 8.572527594031472e-16 14 9
      vertex -2.7312645082257947 13.730993925645226 9
      vertex -1.1705419320967692 5.884711682419383 10.499999999999998
    endloop
  endfacet
  facet normal 0 0 0
    outer loop
      vertex 8.572527594031472e-16 14 9
      vertex -1.1705419320967692 5.884711682419383 10.499999999999998
      vertex 3.6739403974420594e-16 6 10.499999999999998
    endloop
  endfacet
  facet normal 0 0 0
    outer loop
      vertex -2.7312645082257947 13.730993925645226 9
      vertex -5.357568053111256 12.934313455158014 9
      vertex -2.2961005941905386 5.54327719506772 10.499999999999998
    endloop
  endfacet
  facet normal 0 0 0
    outer loop
      vertex -2.7312645082257947 13.730993925645226 9
      vertex -2.2961005941905386 5.54327719506772 10.499999999999998
      vertex -1.1705419320967692 5.884711682419383 10.499999999999998
    endloop
  endfacet
  facet normal 0 0 0
    outer loop
      vertex -5.357568053111256 12.934313455158014 9
      vertex -7.777983262274427 11.640574572235636 9
      vertex -3.3334213981176117 4.988817673815272 10.499999999999998
    endloop
  endfacet
  facet normal 0 0 0
    outer loop
      vertex -5.357568053111256 12.934313455158014 9
      vertex -3.3334213981176117 4.988817673815272 10.499999999999998
      vertex -2.2961005941905386 5.54327719506772 10.499999999999998
    endloop
  endfacet
  facet normal 0 0 0
    outer loop
      vertex -7.777983262274427 11.640574572235636 9
      vertex -9.899494936611664 9.899494936611665 9
      vertex -4.242640687119285 4.242640687119286 10.499999999999998
    endloop
  endfacet
  facet normal 0 0 0
    outer loop
      vertex -7.777983262274427 11.640574572235636 9
      vertex -4.242640687119285 4.242640687119286 10.499999999999998
      vertex -3.3334213981176117 4.988817673815272 10.499999999999998
    endloop
  endfacet
  facet normal 0 0 0
    outer loop
      vertex -9.899494936611664 9.899494936611665 9
      vertex -11.640574572235636 7.7779832622744305 9
      vertex -4.988817673815272 3.333421398117613 10.499999999999998
    endloop
  endfacet
  facet normal 0 0 0
    outer loop
      vertex -9.899494936611664 9.899494936611665 9
      vertex -4.988817673815272 3.333421398117613 10.499999999999998
      vertex -4.242640687119285 4.242640687119286 10.499999999999998
    endloop
  endfacet
  facet normal 0 0 0
    outer loop
      vertex -11.640574572235636 7.7779832622744305 9
      vertex -12.934313455158014 5.357568053111258 9
      vertex -5.54327719506772 2.2961005941905395 10.499999999999998
    endloop
  endfacet
  facet normal 0 0 0
    outer loop
      vertex -11.640574572235636 7.7779832622744305 9
      vertex -5.54327719506772 2.2961005941905395 10.499999999999998
      vertex -4.988817673815272 3.333421398117613 10.499999999999998
    endloop
  endfacet
  facet normal 0 0 0
    outer loop
      vertex -12.934313455158014 5.357568053111258 9
      vertex -13.730993925645226 2.7312645082258005 9
      vertex -5.884711682419383 1.1705419320967716 10.499999999999998
    endloop
  endfacet
  facet normal 0 0 0
    outer loop
      vertex -12.934313455158014 5.357568053111258 9
      vertex -5.884711682419383 1.1705419320967716 10.499999999999998
      vertex -5.54327719506772 2.2961005941905395 10.499999999999998
    endloop
  endfacet
  facet normal 0 0 0
    outer loop
      vertex -13.730993925645226 2.7312645082258005 9
      vertex -14 1.7145055188062944e-15 9
      vertex -6 7.347880794884119e-16 10.499999999999998
    endloop
  endfacet
  facet normal 0 0 0
    outer loop
      vertex -13.730993925645226 2.7312645082258005 9
      vertex -6 7.347880794884119e-16 10.499999999999998
      vertex -5.884711682419383 1.1705419320967716 10.499999999999998
    endloop
  endfacet
  facet normal 0 0 0
    outer loop
      vertex -14 1.7145055188062944e-15 9
      vertex -13.730993925645226 -2.731264508225797 9
      vertex -5.884711682419383 -1.17054193209677 10.499999999999998
    endloop
  endfacet
  facet normal 0 0 0
    outer loop
      vertex -14 1.7145055188062944e-15 9
      vertex -5.884711682419383 -1.17054193209677 10.499999999999998
      vertex -6 7.347880794884119e-16 10.499999999999998
    endloop
  endfacet
  facet normal 0 0 0
    outer loop
      vertex -13.730993925645226 -2.731264508225797 9
      vertex -12.934313455158016 -5.357568053111255 9
      vertex -5.543277195067721 -2.2961005941905377 10.499999999999998
    endloop
  endfacet
  facet normal 0 0 0
    outer loop
      vertex -13.730993925645226 -2.731264508225797 9
      vertex -5.543277195067721 -2.2961005941905377 10.499999999999998
      vertex -5.884711682419383 -1.17054193209677 10.499999999999998
    endloop
  endfacet
  facet normal 0 0 0
    outer loop
      vertex -12.934313455158016 -5.357568053111255 9
      vertex -11.640574572235636 -7.777983262274427 9
      vertex -4.988817673815273 -3.3334213981176117 10.499999999999998
    endloop
  endfacet
  facet normal 0 0 0
    outer loop
      vertex -12.934313455158016 -5.357568053111255 9
      vertex -4.988817673815273 -3.3334213981176117 10.499999999999998
      vertex -5.543277195067721 -2.2961005941905377 10.499999999999998
    endloop
  endfacet
  facet normal 0 0 0
    outer loop
      vertex -11.640574572235636 -7.777983262274427 9
      vertex -9.899494936611667 -9.899494936611664 9
      vertex -4.242640687119286 -4.242640687119285 10.499999999999998
    endloop
  endfacet
  facet normal 0 0 0
    outer loop
      vertex -11.640574572235636 -7.777983262274427 9
      vertex -4.242640687119286 -4.242640687119285 10.499999999999998
      vertex -4.988817673815273 -3.3334213981176117 10.499999999999998
    endloop
  endfacet
  facet normal 0 0 0
    outer loop
      vertex -9.899494936611667 -9.899494936611664 9
      vertex -7.7779832622744305 -11.640574572235634 9
      vertex -3.333421398117613 -4.988817673815271 10.499999999999998
    endloop
  endfacet
  facet normal 0 0 0
    outer loop
      vertex -9.899494936611667 -9.899494936611664 9
      vertex -3.333421398117613 -4.988817673815271 10.499999999999998
      vertex -4.242640687119286 -4.242640687119285 10.499999999999998
    endloop
  endfacet
  facet normal 0 0 0
    outer loop
      vertex -7.7779832622744305 -11.640574572235634 9
      vertex -5.357568053111264 -12.934313455158012 9
      vertex -2.296100594190542 -5.543277195067719 10.499999999999998
    endloop
  endfacet
  facet normal 0 0 0
    outer loop
      vertex -7.7779832622744305 -11.640574572235634 9
      vertex -2.296100594190542 -5.543277195067719 10.499999999999998
      vertex -3.333421398117613 -4.988817673815271 10.499999999999998
    endloop
  endfacet
  facet normal 0 0 0
    outer loop
      vertex -5.357568053111264 -12.934313455158012 9
      vertex -2.7312645082258014 -13.730993925645224 9
      vertex -1.170541932096772 -5.884711682419382 10.499999999999998
    endloop
  endfacet
  facet normal 0 0 0
    outer loop
      vertex -5.357568053111264 -12.934313455158012 9
      vertex -1.170541932096772 -5.884711682419382 10.499999999999998
      vertex -2.296100594190542 -5.543277195067719 10.499999999999998
    endloop
  endfacet
  facet normal 0 0 0
    outer loop
      vertex -2.7312645082258014 -13.730993925645224 9
      vertex -2.5717582782094417e-15 -14 9
      vertex -1.102182119232618e-15 -6 10.499999999999998
    endloop
  endfacet
  facet normal 0 0 0
    outer loop
      vertex -2.7312645082258014 -13.730993925645224 9
      vertex -1.102182119232618e-15 -6 10.499999999999998
      vertex -1.170541932096772 -5.884711682419382 10.499999999999998
    endloop
  endfacet
  facet normal 0 0 0
    outer loop
      vertex -2.5717582782094417e-15 -14 9
      vertex 2.731264508225796 -13.730993925645226 9
      vertex 1.1705419320967698 -5.884711682419383 10.499999999999998
    endloop
  endfacet
  facet normal 0 0 0
    outer loop
      vertex -2.5717582782094417e-15 -14 9
      vertex 1.1705419320967698 -5.884711682419383 10.499999999999998
      vertex -1.102182119232618e-15 -6 10.499999999999998
    endloop
  endfacet
  facet normal 0 0 0
    outer loop
      vertex 2.731264508225796 -13.730993925645226 9
      vertex 5.35756805311126 -12.934313455158012 9
      vertex 2.29610059419054 -5.54327719506772 10.499999999999998
    endloop
  endfacet
  facet normal 0 0 0
    outer loop
      vertex 2.731264508225796 -13.730993925645226 9
      vertex 2.29610059419054 -5.54327719506772 10.499999999999998
      vertex 1.1705419320967698 -5.884711682419383 10.499999999999998
    endloop
  endfacet
  facet normal 0 0 0
    outer loop
      vertex 5.35756805311126 -12.934313455158012 9
      vertex 7.777983262274426 -11.640574572235636 9
      vertex 3.3334213981176113 -4.988817673815273 10.499999999999998
    endloop
  endfacet
  facet normal 0 0 0
    outer loop
      vertex 5.35756805311126 -12.934313455158012 9
      vertex 3.3334213981176113 -4.988817673815273 10.499999999999998
      vertex 2.29610059419054 -5.54327719506772 10.499999999999998
    endloop
  endfacet
  facet normal 0 0 0
    outer loop
      vertex 7.777983262274426 -11.640574572235636 9
      vertex 9.899494936611664 -9.899494936611667 9
      vertex 4.242640687119284 -4.242640687119286 10.499999999999998
    endloop
  endfacet
  facet normal 0 0 0
    outer loop
      vertex 7.777983262274426 -11.640574572235636 9
      vertex 4.242640687119284 -4.242640687119286 10.499999999999998
      vertex 3.3334213981176113 -4.988817673815273 10.499999999999998
    endloop
  endfacet
  facet normal 0 0 0
    outer loop
      vertex 9.899494936611664 -9.899494936611667 9
      vertex 11.640574572235634 -7.7779832622744305 9
      vertex 4.988817673815271 -3.333421398117613 10.499999999999998
    endloop
  endfacet
  facet normal 0 0 0
    outer loop
      vertex 9.899494936611664 -9.899494936611667 9
      vertex 4.988817673815271 -3.333421398117613 10.499999999999998
      vertex 4.242640687119284 -4.242640687119286 10.499999999999998
    endloop
  endfacet
  facet normal 0 0 0
    outer loop
      vertex 11.640574572235634 -7.7779832622744305 9
      vertex 12.934313455158012 -5.357568053111265 9
      vertex 5.543277195067719 -2.296100594190542 10.499999999999998
    endloop
  endfacet
  facet normal 0 0 0
    outer loop
      vertex 11.640574572235634 -7.7779832622744305 9
      vertex 5.543277195067719 -2.296100594190542 10.499999999999998
      vertex 4.988817673815271 -3.333421398117613 10.499999999999998
    endloop
  endfacet
  facet normal 0 0 0
    outer loop
      vertex 12.934313455158012 -5.357568053111265 9
      vertex 13.730993925645224 -2.7312645082258022 9
      vertex 5.884711682419382 -1.1705419320967723 10.499999999999998
    endloop
  endfacet
  facet normal 0 0 0
    outer loop
      vertex 12.934313455158012 -5.357568053111265 9
      vertex 5.884711682419382 -1.1705419320967723 10.499999999999998
      vertex 5.543277195067719 -2.296100594190542 10.499999999999998
    endloop
  endfacet
  facet normal 0 0 0
    outer loop
      vertex 13.730993925645224 -2.7312645082258022 9
      vertex 14 0 9
      vertex 6 0 10.499999999999998
    endloop
  endfacet
  facet normal 0 0 0
    outer loop
      vertex 13.730993925645224 -2.7312645082258022 9
      vertex 6 0 10.499999999999998
      vertex 5.884711682419382 -1.1705419320967723 10.499999999999998
    endloop
  endfacet
  facet normal 0 0 0
    outer loop
      vertex 6 0 10.499999999999998
      vertex 5.884711682419383 1.1705419320967696 10.499999999999998
      vertex 5.884711682419383 1.1705419320967696 12.000000000000002
    endloop
  endfacet
  facet normal 0 0 0
    outer loop
      vertex 6 0 10.499999999999998
      vertex 5.884711682419383 1.1705419320967696 12.000000000000002
      vertex 6 0 12.000000000000002
    endloop
  endfacet
  facet normal 0 0 0
    outer loop
      vertex 5.884711682419383 1.1705419320967696 10.499999999999998
      vertex 5.54327719506772 2.2961005941905386 10.499999999999998
      vertex 5.54327719506772 2.2961005941905386 12.000000000000002
    endloop
  endfacet
  facet normal 0 0 0
    outer loop
      vertex 5.884711682419383 1.1705419320967696 10.499999999999998
      vertex 5.54327719506772 2.2961005941905386 12.000000000000002
      vertex 5.884711682419383 1.1705419320967696 12.000000000000002
    endloop
  endfacet
  facet normal 0 0 0
    outer loop
      vertex 5.54327719506772 2.2961005941905386 10.499999999999998
      vertex 4.988817673815271 3.333421398117613 10.499999999999998
      vertex 4.988817673815271 3.333421398117613 12.000000000000002
    endloop
  endfacet
  facet normal 0 0 0
    outer loop
      vertex 5.54327719506772 2.2961005941905386 10.499999999999998
      vertex 4.988817673815271 3.333421398117613 12.000000000000002
      vertex 5.54327719506772 2.2961005941905386 12.000000000000002
    endloop
  endfacet
  facet normal 0 0 0
    outer loop
      vertex 4.988817673815271 3.333421398117613 10.499999999999998
      vertex 4.242640687119286 4.242640687119285 10.499999999999998
      vertex 4.242640687119286 4.242640687119285 12.000000000000002
    endloop
  endfacet
  facet normal 0 0 0
    outer loop
      vertex 4.988817673815271 3.333421398117613 10.499999999999998
      vertex 4.242640687119286 4.242640687119285 12.000000000000002
      vertex 4.988817673815271 3.333421398117613 12.000000000000002
    endloop
  endfacet
  facet normal 0 0 0
    outer loop
      vertex 4.242640687119286 4.242640687119285 10.499999999999998
      vertex 3.333421398117614 4.988817673815271 10.499999999999998
      vertex 3.333421398117614 4.988817673815271 12.000000000000002
    endloop
  endfacet
  facet normal 0 0 0
    outer loop
      vertex 4.242640687119286 4.242640687119285 10.499999999999998
      vertex 3.333421398117614 4.988817673815271 12.000000000000002
      vertex 4.242640687119286 4.242640687119285 12.000000000000002
    endloop
  endfacet
  facet normal 0 0 0
    outer loop
      vertex 3.333421398117614 4.988817673815271 10.499999999999998
      vertex 2.296100594190539 5.54327719506772 10.499999999999998
      vertex 2.296100594190539 5.54327719506772 12.000000000000002
    endloop
  endfacet
  facet normal 0 0 0
    outer loop
      vertex 3.333421398117614 4.988817673815271 10.499999999999998
      vertex 2.296100594190539 5.54327719506772 12.000000000000002
      vertex 3.333421398117614 4.988817673815271 12.000000000000002
    endloop
  endfacet
  facet normal 0 0 0
    outer loop
      vertex 2.296100594190539 5.54327719506772 10.499999999999998
      vertex 1.17054193209677 5.884711682419383 10.499999999999998
      vertex 1.17054193209677 5.884711682419383 12.000000000000002
    endloop
  endfacet
  facet normal 0 0 0
    outer loop
      vertex 2.296100594190539 5.54327719506772 10.499999999999998
      vertex 1.17054193209677 5.884711682419383 12.000000000000002
      vertex 2.296100594190539 5.54327719506772 12.000000000000002
    endloop
  endfacet
  facet normal 0 0 0
    outer loop
      vertex 1.17054193209677 5.884711682419383 10.499999999999998
      vertex 3.6739403974420594e-16 6 10.499999999999998
      vertex 3.6739403974420594e-16 6 12.000000000000002
    endloop
  endfacet
  facet normal 0 0 0
    outer loop
      vertex 1.17054193209677 5.884711682419383 10.499999999999998
      vertex 3.6739403974420594e-16 6 12.000000000000002
      vertex 1.17054193209677 5.884711682419383 12.000000000000002
    endloop
  endfacet
  facet normal 0 0 0
    outer loop
      vertex 3.6739403974420594e-16 6 10.499999999999998
      vertex -1.1705419320967692 5.884711682419383 10.499999999999998
      vertex -1.1705419320967692 5.884711682419383 12.000000000000002
    endloop
  endfacet
  facet normal 0 0 0
    outer loop
      vertex 3.6739403974420594e-16 6 10.499999999999998
      vertex -1.1705419320967692 5.884711682419383 12.000000000000002
      vertex 3.6739403974420594e-16 6 12.000000000000002
    endloop
  endfacet
  facet normal 0 0 0
    outer loop
      vertex -1.1705419320967692 5.884711682419383 10.499999999999998
      vertex -2.2961005941905386 5.54327719506772 10.499999999999998
      vertex -2.2961005941905386 5.54327719506772 12.000000000000002
    endloop
  endfacet
  facet normal 0 0 0
    outer loop
      vertex -1.1705419320967692 5.884711682419383 10.499999999999998
      vertex -2.2961005941905386 5.54327719506772 12.000000000000002
      vertex -1.1705419320967692 5.884711682419383 12.000000000000002
    endloop
  endfacet
  facet normal 0 0 0
    outer loop
      vertex -2.2961005941905386 5.54327719506772 10.499999999999998
      vertex -3.3334213981176117 4.988817673815272 10.499999999999998
      vertex -3.3334213981176117 4.988817673815272 12.000000000000002
    endloop
  endfacet
  facet normal 0 0 0
    outer loop
      vertex -2.2961005941905386 5.54327719506772 10.499999999999998
      vertex -3.3334213981176117 4.988817673815272 12.000000000000002
      vertex -2.2961005941905386 5.54327719506772 12.000000000000002
    endloop
  endfacet
  facet normal 0 0 0
    outer loop
      vertex -3.3334213981176117 4.988817673815272 10.499999999999998
      vertex -4.242640687119285 4.242640687119286 10.499999999999998
      vertex -4.242640687119285 4.242640687119286 12.000000000000002
    endloop
  endfacet
  facet normal 0 0 0
    outer loop
      vertex -3.3334213981176117 4.988817673815272 10.499999999999998
      vertex -4.242640687119285 4.242640687119286 12.000000000000002
      vertex -3.3334213981176117 4.988817673815272 12.000000000000002
    endloop
  endfacet
  facet normal 0 0 0
    outer loop
      vertex -4.242640687119285 4.242640687119286 10.499999999999998
      vertex -4.988817673815272 3.333421398117613 10.499999999999998
      vertex -4.988817673815272 3.333421398117613 12.000000000000002
    endloop
  endfacet
  facet normal 0 0 0
    outer loop
      vertex -4.242640687119285 4.242640687119286 10.499999999999998
      vertex -4.988817673815272 3.333421398117613 12.000000000000002
      vertex -4.242640687119285 4.242640687119286 12.000000000000002
    endloop
  endfacet
  facet normal 0 0 0
    outer loop
      vertex -4.988817673815272 3.333421398117613 10.499999999999998
      vertex -5.54327719506772 2.2961005941905395 10.499999999999998
      vertex -5.54327719506772 2.2961005941905395 12.000000000000002
    endloop
  endfacet
  facet normal 0 0 0
    outer loop
      vertex -4.988817673815272 3.333421398117613 10.499999999999998
      vertex -5.54327719506772 2.2961005941905395 12.000000000000002
      vertex -4.988817673815272 3.333421398117613 12.000000000000002
    endloop
  endfacet
  facet normal 0 0 0
    outer loop
      vertex -5.54327719506772 2.2961005941905395 10.499999999999998
      vertex -5.884711682419383 1.1705419320967716 10.499999999999998
      vertex -5.884711682419383 1.1705419320967716 12.000000000000002
    endloop
  endfacet
  facet normal 0 0 0
    outer loop
      vertex -5.54327719506772 2.2961005941905395 10.499999999999998
      vertex -5.884711682419383 1.1705419320967716 12.000000000000002
      vertex -5.54327719506772 2.2961005941905395 12.000000000000002
    endloop
  endfacet
  facet normal 0 0 0
    outer loop
      vertex -5.884711682419383 1.1705419320967716 10.499999999999998
      vertex -6 7.347880794884119e-16 10.499999999999998
      vertex -6 7.347880794884119e-16 12.000000000000002
    endloop
  endfacet
  facet normal 0 0 0
    outer loop
      vertex -5.884711682419383 1.1705419320967716 10.499999999999998
      vertex -6 7.347880794884119e-16 12.000000000000002
      vertex -5.884711682419383 1.1705419320967716 12.000000000000002
    endloop
  endfacet
  facet normal 0 0 0
    outer loop
      vertex -6 7.347880794884119e-16 10.499999999999998
      vertex -5.884711682419383 -1.17054193209677 10.499999999999998
      vertex -5.884711682419383 -1.17054193209677 12.000000000000002
    endloop
  endfacet
  facet normal 0 0 0
    outer loop
      vertex -6 7.347880794884119e-16 10.499999999999998
      vertex -5.884711682419383 -1.17054193209677 12.000000000000002
      vertex -6 7.347880794884119e-16 12.000000000000002
    endloop
  endfacet
  facet normal 0 0 0
    outer loop
      vertex -5.884711682419383 -1.17054193209677 10.499999999999998
      vertex -5.543277195067721 -2.2961005941905377 10.499999999999998
      vertex -5.543277195067721 -2.2961005941905377 12.000000000000002
    endloop
  endfacet
  facet normal 0 0 0
    outer loop
      vertex -5.884711682419383 -1.17054193209677 10.499999999999998
      vertex -5.543277195067721 -2.2961005941905377 12.000000000000002
      vertex -5.884711682419383 -1.17054193209677 12.000000000000002
    endloop
  endfacet
  facet normal 0 0 0
    outer loop
      vertex -5.543277195067721 -2.2961005941905377 10.499999999999998
      vertex -4.988817673815273 -3.3334213981176117 10.499999999999998
      vertex -4.988817673815273 -3.3334213981176117 12.000000000000002
    endloop
  endfacet
  facet normal 0 0 0
    outer loop
      vertex -5.543277195067721 -2.2961005941905377 10.499999999999998
      vertex -4.988817673815273 -3.3334213981176117 12.000000000000002
      vertex -5.543277195067721 -2.2961005941905377 12.000000000000002
    endloop
  endfacet
  facet normal 0 0 0
    outer loop
      vertex -4.988817673815273 -3.3334213981176117 10.499999999999998
      vertex -4.242640687119286 -4.242640687119285 10.499999999999998
      vertex -4.242640687119286 -4.242640687119285 12.000000000000002
    endloop
  endfacet
  facet normal 0 0 0
    outer loop
      vertex -4.988817673815273 -3.3334213981176117 10.499999999999998
      vertex -4.242640687119286 -4.242640687119285 12.000000000000002
      vertex -4.988817673815273 -3.3334213981176117 12.000000000000002
    endloop
  endfacet
  facet normal 0 0 0
    outer loop
      vertex -4.242640687119286 -4.242640687119285 10.499999999999998
      vertex -3.333421398117613 -4.988817673815271 10.499999999999998
      vertex -3.333421398117613 -4.988817673815271 12.000000000000002
    endloop
  endfacet
  facet normal 0 0 0
    outer loop
      vertex -4.242640687119286 -4.242640687119285 10.499999999999998
      vertex -3.333421398117613 -4.988817673815271 12.000000000000002
      vertex -4.242640687119286 -4.242640687119285 12.000000000000002
    endloop
  endfacet
  facet normal 0 0 0
    outer loop
      vertex -3.333421398117613 -4.988817673815271 10.499999999999998
      vertex -2.296100594190542 -5.543277195067719 10.499999999999998
      vertex -2.296100594190542 -5.543277195067719 12.000000000000002
    endloop
  endfacet
  facet normal 0 0 0
    outer loop
      vertex -3.333421398117613 -4.988817673815271 10.499999999999998
      vertex -2.296100594190542 -5.543277195067719 12.000000000000002
      vertex -3.333421398117613 -4.988817673815271 12.000000000000002
    endloop
  endfacet
  facet normal 0 0 0
    outer loop
      vertex -2.296100594190542 -5.543277195067719 10.499999999999998
      vertex -1.170541932096772 -5.884711682419382 10.499999999999998
      vertex -1.170541932096772 -5.884711682419382 12.000000000000002
    endloop
  endfacet
  facet normal 0 0 0
    outer loop
      vertex -2.296100594190542 -5.543277195067719 10.499999999999998
      vertex -1.170541932096772 -5.884711682419382 12.000000000000002
      vertex -2.296100594190542 -5.543277195067719 12.000000000000002
    endloop
  endfacet
  facet normal 0 0 0
    outer loop
      vertex -1.170541932096772 -5.884711682419382 10.499999999999998
      vertex -1.102182119232618e-15 -6 10.499999999999998
      vertex -1.102182119232618e-15 -6 12.000000000000002
    endloop
  endfacet
  facet normal 0 0 0
    outer loop
      vertex -1.170541932096772 -5.884711682419382 10.499999999999998
      vertex -1.102182119232618e-15 -6 12.000000000000002
      vertex -1.170541932096772 -5.884711682419382 12.000000000000002
    endloop
  endfacet
  facet normal 0 0 0
    outer loop
      vertex -1.102182119232618e-15 -6 10.499999999999998
      vertex 1.1705419320967698 -5.884711682419383 10.499999999999998
      vertex 1.1705419320967698 -5.884711682419383 12.000000000000002
    endloop
  endfacet
  facet normal 0 0 0
    outer loop
      vertex -1.102182119232618e-15 -6 10.499999999999998
      vertex 1.1705419320967698 -5.884711682419383 12.000000000000002
      vertex -1.102182119232618e-15 -6 12.000000000000002
    endloop
  endfacet
  facet normal 0 0 0
    outer loop
      vertex 1.1705419320967698 -5.884711682419383 10.499999999999998
      vertex 2.29610059419054 -5.54327719506772 10.499999999999998
      vertex 2.29610059419054 -5.54327719506772 12.000000000000002
    endloop
  endfacet
  facet normal 0 0 0
    outer loop
      vertex 1.1705419320967698 -5.884711682419383 10.499999999999998
      vertex 2.29610059419054 -5.54327719506772 12.000000000000002
      vertex 1.1705419320967698 -5.884711682419383 12.000000000000002
    endloop
  endfacet
  facet normal 0 0 0
    outer loop
      vertex 2.29610059419054 -5.54327719506772 10.499999999999998
      vertex 3.3334213981176113 -4.988817673815273 10.499999999999998
      vertex 3.3334213981176113 -4.988817673815273 12.000000000000002
    endloop
  endfacet
  facet normal 0 0 0
    outer loop
      vertex 2.29610059419054 -5.54327719506772 10.499999999999998
      vertex 3.3334213981176113 -4.988817673815273 12.000000000000002
      vertex 2.29610059419054 -5.54327719506772 12.000000000000002
    endloop
  endfacet
  facet normal 0 0 0
    outer loop
      vertex 3.3334213981176113 -4.988817673815273 10.499999999999998
      vertex 4.242640687119284 -4.242640687119286 10.499999999999998
      vertex 4.242640687119284 -4.242640687119286 12.000000000000002
    endloop
  endfacet
  facet normal 0 0 0
    outer loop
      vertex 3.3334213981176113 -4.988817673815273 10.499999999999998
      vertex 4.242640687119284 -4.242640687119286 12.000000000000002
      vertex 3.3334213981176113 -4.988817673815273 12.000000000000002
    endloop
  endfacet
  facet normal 0 0 0
    outer loop
      vertex 4.242640687119284 -4.242640687119286 10.499999999999998
      vertex 4.988817673815271 -3.333421398117613 10.499999999999998
      vertex 4.988817673815271 -3.333421398117613 12.000000000000002
    endloop
  endfacet
  facet normal 0 0 0
    outer loop
      vertex 4.242640687119284 -4.242640687119286 10.499999999999998
      vertex 4.988817673815271 -3.333421398117613 12.000000000000002
      vertex 4.242640687119284 -4.242640687119286 12.000000000000002
    endloop
  endfacet
  facet normal 0 0 0
    outer loop
      vertex 4.988817673815271 -3.333421398117613 10.499999999999998
      vertex 5.543277195067719 -2.296100594190542 10.499999999999998
      vertex 5.543277195067719 -2.296100594190542 12.000000000000002
    endloop
  endfacet
  facet normal 0 0 0
    outer loop
      vertex 4.988817673815271 -3.333421398117613 10.499999999999998
      vertex 5.543277195067719 -2.296100594190542 12.000000000000002
      vertex 4.988817673815271 -3.333421398117613 12.000000000000002
    endloop
  endfacet
  facet normal 0 0 0
    outer loop
      vertex 5.543277195067719 -2.296100594190542 10.499999999999998
      vertex 5.884711682419382 -1.1705419320967723 10.499999999999998
      vertex 5.884711682419382 -1.1705419320967723 12.000000000000002
    endloop
  endfacet
  facet normal 0 0 0
    outer loop
      vertex 5.543277195067719 -2.296100594190542 10.499999999999998
      vertex 5.884711682419382 -1.1705419320967723 12.000000000000002
      vertex 5.543277195067719 -2.296100594190542 12.000000000000002
    endloop
  endfacet
  facet normal 0 0 0
    outer loop
      vertex 5.884711682419382 -1.1705419320967723 10.499999999999998
      vertex 6 0 10.499999999999998
      vertex 6 0 12.000000000000002
    endloop
  endfacet
  facet normal 0 0 0
    outer loop
      vertex 5.884711682419382 -1.1705419320967723 10.499999999999998
      vertex 6 0 12.000000000000002
      vertex 5.884711682419382 -1.1705419320967723 12.000000000000002
    endloop
  endfacet
  facet normal 0 0 0
    outer loop
      vertex 6 0 12.000000000000002
      vertex 5.884711682419383 1.1705419320967696 12.000000000000002
      vertex 5.884711682419383 1.1705419320967696 13.5
    endloop
  endfacet
  facet normal 0 0 0
    outer loop
      vertex 6 0 12.000000000000002
      vertex 5.884711682419383 1.1705419320967696 13.5
      vertex 6 0 13.5
    endloop
  endfacet
  facet normal 0 0 0
    outer loop
      vertex 5.884711682419383 1.1705419320967696 12.000000000000002
      vertex 5.54327719506772 2.2961005941905386 12.000000000000002
      vertex 5.54327719506772 2.2961005941905386 13.5
    endloop
  endfacet
  facet normal 0 0 0
    outer loop
      vertex 5.884711682419383 1.1705419320967696 12.000000000000002
      vertex 5.54327719506772 2.2961005941905386 13.5
      vertex 5.884711682419383 1.1705419320967696 13.5
    endloop
  endfacet
  facet normal 0 0 0
    outer loop
      vertex 5.54327719506772 2.2961005941905386 12.000000000000002
      vertex 4.988817673815271 3.333421398117613 12.000000000000002
      vertex 4.988817673815271 3.333421398117613 13.5
    endloop
  endfacet
  facet normal 0 0 0
    outer loop
      vertex 5.54327719506772 2.2961005941905386 12.000000000000002
      vertex 4.988817673815271 3.333421398117613 13.5
      vertex 5.54327719506772 2.2961005941905386 13.5
    endloop
  endfacet
  facet normal 0 0 0
    outer loop
      vertex 4.988817673815271 3.333421398117613 12.000000000000002
      vertex 4.242640687119286 4.242640687119285 12.000000000000002
      vertex 4.242640687119286 4.242640687119285 13.5
    endloop
  endfacet
  facet normal 0 0 0
    outer loop
      vertex 4.988817673815271 3.333421398117613 12.000000000000002
      vertex 4.242640687119286 4.242640687119285 13.5
      vertex 4.988817673815271 3.333421398117613 13.5
    endloop
  endfacet
  facet normal 0 0 0
    outer loop
      vertex 4.242640687119286 4.242640687119285 12.000000000000002
      vertex 3.333421398117614 4.988817673815271 12.000000000000002
      vertex 3.333421398117614 4.988817673815271 13.5
    endloop
  endfacet
  facet normal 0 0 0
    outer loop
      vertex 4.242640687119286 4.242640687119285 12.000000000000002
      vertex 3.333421398117614 4.988817673815271 13.5
      vertex 4.242640687119286 4.242640687119285 13.5
    endloop
  endfacet
  facet normal 0 0 0
    outer loop
      vertex 3.333421398117614 4.988817673815271 12.000000000000002
      vertex 2.296100594190539 5.54327719506772 12.000000000000002
      vertex 2.296100594190539 5.54327719506772 13.5
    endloop
  endfacet
  facet normal 0 0 0
    outer loop
      vertex 3.333421398117614 4.988817673815271 12.000000000000002
      vertex 2.296100594190539 5.54327719506772 13.5
      vertex 3.333421398117614 4.988817673815271 13.5
    endloop
  endfacet
  facet normal 0 0 0
    outer loop
      vertex 2.296100594190539 5.54327719506772 12.000000000000002
      vertex 1.17054193209677 5.884711682419383 12.000000000000002
      vertex 1.17054193209677 5.884711682419383 13.5
    endloop
  endfacet
  facet normal 0 0 0
    outer loop
      vertex 2.296100594190539 5.54327719506772 12.000000000000002
      vertex 1.17054193209677 5.884711682419383 13.5
      vertex 2.296100594190539 5.54327719506772 13.5
    endloop
  endfacet
  facet normal 0 0 0
    outer loop
      vertex 1.17054193209677 5.884711682419383 12.000000000000002
      vertex 3.6739403974420594e-16 6 12.000000000000002
      vertex 3.6739403974420594e-16 6 13.5
    endloop
  endfacet
  facet normal 0 0 0
    outer loop
      vertex 1.17054193209677 5.884711682419383 12.000000000000002
      vertex 3.6739403974420594e-16 6 13.5
      vertex 1.17054193209677 5.884711682419383 13.5
    endloop
  endfacet
  facet normal 0 0 0
    outer loop
      vertex 3.6739403974420594e-16 6 12.000000000000002
      vertex -1.1705419320967692 5.884711682419383 12.000000000000002
      vertex -1.1705419320967692 5.884711682419383 13.5
    endloop
  endfacet
  facet normal 0 0 0
    outer loop
      vertex 3.6739403974420594e-16 6 12.000000000000002
      vertex -1.1705419320967692 5.884711682419383 13.5
      vertex 3.6739403974420594e-16 6 13.5
    endloop
  endfacet
  facet normal 0 0 0
    outer loop
      vertex -1.1705419320967692 5.884711682419383 12.000000000000002
      vertex -2.2961005941905386 5.54327719506772 12.000000000000002
      vertex -2.2961005941905386 5.54327719506772 13.5
    endloop
  endfacet
  facet normal 0 0 0
    outer loop
      vertex -1.1705419320967692 5.884711682419383 12.000000000000002
      vertex -2.2961005941905386 5.54327719506772 13.5
      vertex -1.1705419320967692 5.884711682419383 13.5
    endloop
  endfacet
  facet normal 0 0 0
    outer loop
      vertex -2.2961005941905386 5.54327719506772 12.000000000000002
      vertex -3.3334213981176117 4.988817673815272 12.000000000000002
      vertex -3.3334213981176117 4.988817673815272 13.5
    endloop
  endfacet
  facet normal 0 0 0
    outer loop
      vertex -2.2961005941905386 5.54327719506772 12.000000000000002
      vertex -3.3334213981176117 4.988817673815272 13.5
      vertex -2.2961005941905386 5.54327719506772 13.5
    endloop
  endfacet
  facet normal 0 0 0
    outer loop
      vertex -3.3334213981176117 4.988817673815272 12.000000000000002
      vertex -4.242640687119285 4.242640687119286 12.000000000000002
      vertex -4.242640687119285 4.242640687119286 13.5
    endloop
  endfacet
  facet normal 0 0 0
    outer loop
      vertex -3.3334213981176117 4.988817673815272 12.000000000000002
      vertex -4.242640687119285 4.242640687119286 13.5
      vertex -3.3334213981176117 4.988817673815272 13.5
    endloop
  endfacet
  facet normal 0 0 0
    outer loop
      vertex -4.242640687119285 4.242640687119286 12.000000000000002
      vertex -4.988817673815272 3.333421398117613 12.000000000000002
      vertex -4.988817673815272 3.333421398117613 13.5
    endloop
  endfacet
  facet normal 0 0 0
    outer loop
      vertex -4.242640687119285 4.242640687119286 12.000000000000002
      vertex -4.988817673815272 3.333421398117613 13.5
      vertex -4.242640687119285 4.242640687119286 13.5
    endloop
  endfacet
  facet normal 0 0 0
    outer loop
      vertex -4.988817673815272 3.333421398117613 12.000000000000002
      vertex -5.54327719506772 2.2961005941905395 12.000000000000002
      vertex -5.54327719506772 2.2961005941905395 13.5
    endloop
  endfacet
  facet normal 0 0 0
    outer loop
      vertex -4.988817673815272 3.333421398117613 12.000000000000002
      vertex -5.54327719506772 2.2961005941905395 13.5
      vertex -4.988817673815272 3.333421398117613 13.5
    endloop
  endfacet
  facet normal 0 0 0
    outer loop
      vertex -5.54327719506772 2.2961005941905395 12.000000000000002
      vertex -5.884711682419383 1.1705419320967716 12.000000000000002
      vertex -5.884711682419383 1.1705419320967716 13.5
    endloop
  endfacet
  facet normal 0 0 0
    outer loop
      vertex -5.54327719506772 2.2961005941905395 12.000000000000002
      vertex -5.884711682419383 1.1705419320967716 13.5
      vertex -5.54327719506772 2.2961005941905395 13.5
    endloop
  endfacet
  facet normal 0 0 0
    outer loop
      vertex -5.884711682419383 1.1705419320967716 12.000000000000002
      vertex -6 7.347880794884119e-16 12.000000000000002
      vertex -6 7.347880794884119e-16 13.5
    endloop
  endfacet
  facet normal 0 0 0
    outer loop
      vertex -5.884711682419383 1.1705419320967716 12.000000000000002
      vertex -6 7.347880794884119e-16 13.5
      vertex -5.884711682419383 1.1705419320967716 13.5
    endloop
  endfacet
  facet normal 0 0 0
    outer loop
      vertex -6 7.347880794884119e-16 12.000000000000002
      vertex -5.884711682419383 -1.17054193209677 12.000000000000002
      vertex -5.884711682419383 -1.17054193209677 13.5
    endloop
  endfacet
  facet normal 0 0 0
    outer loop
      vertex -6 7.347880794884119e-16 12.000000000000002
      vertex -5.884711682419383 -1.17054193209677 13.5
      vertex -6 7.347880794884119e-16 13.5
    endloop
  endfacet
  facet normal 0 0 0
    outer loop
      vertex -5.884711682419383 -1.17054193209677 12.000000000000002
      vertex -5.543277195067721 -2.2961005941905377 12.000000000000002
      vertex -5.543277195067721 -2.2961005941905377 13.5
    endloop
  endfacet
  facet normal 0 0 0
    outer loop
      vertex -5.884711682419383 -1.17054193209677 12.000000000000002
      vertex -5.543277195067721 -2.2961005941905377 13.5
      vertex -5.884711682419383 -1.17054193209677 13.5
    endloop
  endfacet
  facet normal 0 0 0
    outer loop
      vertex -5.543277195067721 -2.2961005941905377 12.000000000000002
      vertex -4.988817673815273 -3.3334213981176117 12.000000000000002
      vertex -4.988817673815273 -3.3334213981176117 13.5
    endloop
  endfacet
  facet normal 0 0 0
    outer loop
      vertex -5.543277195067721 -2.2961005941905377 12.000000000000002
      vertex -4.988817673815273 -3.3334213981176117 13.5
      vertex -5.543277195067721 -2.2961005941905377 13.5
    endloop
  endfacet
  facet normal 0 0 0
    outer loop
      vertex -4.988817673815273 -3.3334213981176117 12.000000000000002
      vertex -4.242640687119286 -4.242640687119285 12.000000000000002
      vertex -4.242640687119286 -4.242640687119285 13.5
    endloop
  endfacet
  facet normal 0 0 0
    outer loop
      vertex -4.988817673815273 -3.3334213981176117 12.000000000000002
      vertex -4.242640687119286 -4.242640687119285 13.5
      vertex -4.988817673815273 -3.3334213981176117 13.5
    endloop
  endfacet
  facet normal 0 0 0
    outer loop
      vertex -4.242640687119286 -4.242640687119285 12.000000000000002
      vertex -3.333421398117613 -4.988817673815271 12.000000000000002
      vertex -3.333421398117613 -4.988817673815271 13.5
    endloop
  endfacet
  facet normal 0 0 0
    outer loop
      vertex -4.242640687119286 -4.242640687119285 12.000000000000002
      vertex -3.333421398117613 -4.988817673815271 13.5
      vertex -4.242640687119286 -4.242640687119285 13.5
    endloop
  endfacet
  facet normal 0 0 0
    outer loop
      vertex -3.333421398117613 -4.988817673815271 12.000000000000002
      vertex -2.296100594190542 -5.543277195067719 12.000000000000002
      vertex -2.296100594190542 -5.543277195067719 13.5
    endloop
  endfacet
  facet normal 0 0 0
    outer loop
      vertex -3.333421398117613 -4.988817673815271 12.000000000000002
      vertex -2.296100594190542 -5.543277195067719 13.5
      vertex -3.333421398117613 -4.988817673815271 13.5
    endloop
  endfacet
  facet normal 0 0 0
    outer loop
      vertex -2.296100594190542 -5.543277195067719 12.000000000000002
      vertex -1.170541932096772 -5.884711682419382 12.000000000000002
      vertex -1.170541932096772 -5.884711682419382 13.5
    endloop
  endfacet
  facet normal 0 0 0
    outer loop
      vertex -2.296100594190542 -5.543277195067719 12.000000000000002
      vertex -1.170541932096772 -5.884711682419382 13.5
      vertex -2.296100594190542 -5.543277195067719 13.5
    endloop
  endfacet
  facet normal 0 0 0
    outer loop
      vertex -1.170541932096772 -5.884711682419382 12.000000000000002
      vertex -1.102182119232618e-15 -6 12.000000000000002
      vertex -1.102182119232618e-15 -6 13.5
    endloop
  endfacet
  facet normal 0 0 0
    outer loop
      vertex -1.170541932096772 -5.884711682419382 12.000000000000002
      vertex -1.102182119232618e-15 -6 13.5
      vertex -1.170541932096772 -5.884711682419382 13.5
    endloop
  endfacet
  facet normal 0 0 0
    outer loop
      vertex -1.102182119232618e-15 -6 12.000000000000002
      vertex 1.1705419320967698 -5.884711682419383 12.000000000000002
      vertex 1.1705419320967698 -5.884711682419383 13.5
    endloop
  endfacet
  facet normal 0 0 0
    outer loop
      vertex -1.102182119232618e-15 -6 12.000000000000002
      vertex 1.1705419320967698 -5.884711682419383 13.5
      vertex -1.102182119232618e-15 -6 13.5
    endloop
  endfacet
  facet normal 0 0 0
    outer loop
      vertex 1.1705419320967698 -5.884711682419383 12.000000000000002
      vertex 2.29610059419054 -5.54327719506772 12.000000000000002
      vertex 2.29610059419054 -5.54327719506772 13.5
    endloop
  endfacet
  facet normal 0 0 0
    outer loop
      vertex 1.1705419320967698 -5.884711682419383 12.000000000000002
      vertex 2.29610059419054 -5.54327719506772 13.5
      vertex 1.1705419320967698 -5.884711682419383 13.5
    endloop
  endfacet
  facet normal 0 0 0
    outer loop
      vertex 2.29610059419054 -5.54327719506772 12.000000000000002
      vertex 3.3334213981176113 -4.988817673815273 12.000000000000002
      vertex 3.3334213981176113 -4.988817673815273 13.5
    endloop
  endfacet
  facet normal 0 0 0
    outer loop
      vertex 2.29610059419054 -5.54327719506772 12.000000000000002
      vertex 3.3334213981176113 -4.988817673815273 13.5
      vertex 2.29610059419054 -5.54327719506772 13.5
    endloop
  endfacet
  facet normal 0 0 0
    outer loop
      vertex 3.3334213981176113 -4.988817673815273 12.000000000000002
      vertex 4.242640687119284 -4.242640687119286 12.000000000000002
      vertex 4.242640687119284 -4.242640687119286 13.5
    endloop
  endfacet
  facet normal 0 0 0
    outer loop
      vertex 3.3334213981176113 -4.988817673815273 12.000000000000002
      vertex 4.242640687119284 -4.242640687119286 13.5
      vertex 3.3334213981176113 -4.988817673815273 13.5
    endloop
  endfacet
  facet normal 0 0 0
    outer loop
      vertex 4.242640687119284 -4.242640687119286 12.000000000000002
      vertex 4.988817673815271 -3.333421398117613 12.000000000000002
      vertex 4.988817673815271 -3.333421398117613 13.5
    endloop
  endfacet
  facet normal 0 0 0
    outer loop
      vertex 4.242640687119284 -4.242640687119286 12.000000000000002
      vertex 4.988817673815271 -3.333421398117613 13.5
      vertex 4.242640687119284 -4.242640687119286 13.5
    endloop
  endfacet
  facet normal 0 0 0
    outer loop
      vertex 4.988817673815271 -3.333421398117613 12.000000000000002
      vertex 5.543277195067719 -2.296100594190542 12.000000000000002
      vertex 5.543277195067719 -2.296100594190542 13.5
    endloop
  endfacet
  facet normal 0 0 0
    outer loop
      vertex 4.988817673815271 -3.333421398117613 12.000000000000002
      vertex 5.543277195067719 -2.296100594190542 13.5
      vertex 4.988817673815271 -3.333421398117613 13.5
    endloop
  endfacet
  facet normal 0 0 0
    outer loop
      vertex 5.543277195067719 -2.296100594190542 12.000000000000002
      vertex 5.884711682419382 -1.1705419320967723 12.000000000000002
      vertex 5.884711682419382 -1.1705419320967723 13.5
    endloop
  endfacet
  facet normal 0 0 0
    outer loop
      vertex 5.543277195067719 -2.296100594190542 12.000000000000002
      vertex 5.884711682419382 -1.1705419320967723 13.5
      vertex 5.543277195067719 -2.296100594190542 13.5
    endloop
  endfacet
  facet normal 0 0 0
    outer loop
      vertex 5.884711682419382 -1.1705419320967723 12.000000000000002
      vertex 6 0 12.000000000000002
      vertex 6 0 13.5
    endloop
  endfacet
  facet normal 0 0 0
    outer loop
      vertex 5.884711682419382 -1.1705419320967723 12.000000000000002
      vertex 6 0 13.5
      vertex 5.884711682419382 -1.1705419320967723 13.5
    endloop
  endfacet
  facet normal 0 0 0
    outer loop
      vertex 6 0 13.5
      vertex 5.884711682419383 1.1705419320967696 13.5
      vertex 5.884711682419383 1.1705419320967696 14.999999999999998
    endloop
  endfacet
  facet normal 0 0 0
    outer loop
      vertex 6 0 13.5
      vertex 5.884711682419383 1.1705419320967696 14.999999999999998
      vertex 6 0 14.999999999999998
    endloop
  endfacet
  facet normal 0 0 0
    outer loop
      vertex 5.884711682419383 1.1705419320967696 13.5
      vertex 5.54327719506772 2.2961005941905386 13.5
      vertex 5.54327719506772 2.2961005941905386 14.999999999999998
    endloop
  endfacet
  facet normal 0 0 0
    outer loop
      vertex 5.884711682419383 1.1705419320967696 13.5
      vertex 5.54327719506772 2.2961005941905386 14.999999999999998
      vertex 5.884711682419383 1.1705419320967696 14.999999999999998
    endloop
  endfacet
  facet normal 0 0 0
    outer loop
      vertex 5.54327719506772 2.2961005941905386 13.5
      vertex 4.988817673815271 3.333421398117613 13.5
      vertex 4.988817673815271 3.333421398117613 14.999999999999998
    endloop
  endfacet
  facet normal 0 0 0
    outer loop
      vertex 5.54327719506772 2.2961005941905386 13.5
      vertex 4.988817673815271 3.333421398117613 14.999999999999998
      vertex 5.54327719506772 2.2961005941905386 14.999999999999998
    endloop
  endfacet
  facet normal 0 0 0
    outer loop
      vertex 4.988817673815271 3.333421398117613 13.5
      vertex 4.242640687119286 4.242640687119285 13.5
      vertex 4.242640687119286 4.242640687119285 14.999999999999998
    endloop
  endfacet
  facet normal 0 0 0
    outer loop
      vertex 4.988817673815271 3.333421398117613 13.5
      vertex 4.242640687119286 4.242640687119285 14.999999999999998
      vertex 4.988817673815271 3.333421398117613 14.999999999999998
    endloop
  endfacet
  facet normal 0 0 0
    outer loop
      vertex 4.242640687119286 4.242640687119285 13.5
      vertex 3.333421398117614 4.988817673815271 13.5
      vertex 3.333421398117614 4.988817673815271 14.999999999999998
    endloop
  endfacet
  facet normal 0 0 0
    outer loop
      vertex 4.242640687119286 4.242640687119285 13.5
      vertex 3.333421398117614 4.988817673815271 14.999999999999998
      vertex 4.242640687119286 4.242640687119285 14.999999999999998
    endloop
  endfacet
  facet normal 0 0 0
    outer loop
      vertex 3.333421398117614 4.988817673815271 13.5
      vertex 2.296100594190539 5.54327719506772 13.5
      vertex 2.296100594190539 5.54327719506772 14.999999999999998
    endloop
  endfacet
  facet normal 0 0 0
    outer loop
      vertex 3.333421398117614 4.988817673815271 13.5
      vertex 2.296100594190539 5.54327719506772 14.999999999999998
      vertex 3.333421398117614 4.988817673815271 14.999999999999998
    endloop
  endfacet
  facet normal 0 0 0
    outer loop
      vertex 2.296100594190539 5.54327719506772 13.5
      vertex 1.17054193209677 5.884711682419383 13.5
      vertex 1.17054193209677 5.884711682419383 14.999999999999998
    endloop
  endfacet
  facet normal 0 0 0
    outer loop
      vertex 2.296100594190539 5.54327719506772 13.5
      vertex 1.17054193209677 5.884711682419383 14.999999999999998
      vertex 2.296100594190539 5.54327719506772 14.999999999999998
    endloop
  endfacet
  facet normal 0 0 0
    outer loop
      vertex 1.17054193209677 5.884711682419383 13.5
      vertex 3.6739403974420594e-16 6 13.5
      vertex 3.6739403974420594e-16 6 14.999999999999998
    endloop
  endfacet
  facet normal 0 0 0
    outer loop
      vertex 1.17054193209677 5.884711682419383 13.5
      vertex 3.6739403974420594e-16 6 14.999999999999998
      vertex 1.17054193209677 5.884711682419383 14.999999999999998
    endloop
  endfacet
  facet normal 0 0 0
    outer loop
      vertex 3.6739403974420594e-16 6 13.5
      vertex -1.1705419320967692 5.884711682419383 13.5
      vertex -1.1705419320967692 5.884711682419383 14.999999999999998
    endloop
  endfacet
  facet normal 0 0 0
    outer loop
      vertex 3.6739403974420594e-16 6 13.5
      vertex -1.1705419320967692 5.884711682419383 14.999999999999998
      vertex 3.6739403974420594e-16 6 14.999999999999998
    endloop
  endfacet
  facet normal 0 0 0
    outer loop
      vertex -1.1705419320967692 5.884711682419383 13.5
      vertex -2.2961005941905386 5.54327719506772 13.5
      vertex -2.2961005941905386 5.54327719506772 14.999999999999998
    endloop
  endfacet
  facet normal 0 0 0
    outer loop
      vertex -1.1705419320967692 5.884711682419383 13.5
      vertex -2.2961005941905386 5.54327719506772 14.999999999999998
      vertex -1.1705419320967692 5.884711682419383 14.999999999999998
    endloop
  endfacet
  facet normal 0 0 0
    outer loop
      vertex -2.2961005941905386 5.54327719506772 13.5
      vertex -3.3334213981176117 4.988817673815272 13.5
      vertex -3.3334213981176117 4.988817673815272 14.999999999999998
    endloop
  endfacet
  facet normal 0 0 0
    outer loop
      vertex -2.2961005941905386 5.54327719506772 13.5
      vertex -3.3334213981176117 4.988817673815272 14.999999999999998
      vertex -2.2961005941905386 5.54327719506772 14.999999999999998
    endloop
  endfacet
  facet normal 0 0 0
    outer loop
      vertex -3.3334213981176117 4.988817673815272 13.5
      vertex -4.242640687119285 4.242640687119286 13.5
      vertex -4.242640687119285 4.242640687119286 14.999999999999998
    endloop
  endfacet
  facet normal 0 0 0
    outer loop
      vertex -3.3334213981176117 4.988817673815272 13.5
      vertex -4.242640687119285 4.242640687119286 14.999999999999998
      vertex -3.3334213981176117 4.988817673815272 14.999999999999998
    endloop
  endfacet
  facet normal 0 0 0
    outer loop
      vertex -4.242640687119285 4.242640687119286 13.5
      vertex -4.988817673815272 3.333421398117613 13.5
      vertex -4.988817673815272 3.333421398117613 14.999999999999998
    endloop
  endfacet
  facet normal 0 0 0
    outer loop
      vertex -4.242640687119285 4.242640687119286 13.5
      vertex -4.988817673815272 3.333421398117613 14.999999999999998
      vertex -4.242640687119285 4.242640687119286 14.999999999999998
    endloop
  endfacet
  facet normal 0 0 0
    outer loop
      vertex -4.988817673815272 3.333421398117613 13.5
      vertex -5.54327719506772 2.2961005941905395 13.5
      vertex -5.54327719506772 2.2961005941905395 14.999999999999998
    endloop
  endfacet
  facet normal 0 0 0
    outer loop
      vertex -4.988817673815272 3.333421398117613 13.5
      vertex -5.54327719506772 2.2961005941905395 14.999999999999998
      vertex -4.988817673815272 3.333421398117613 14.999999999999998
    endloop
  endfacet
  facet normal 0 0 0
    outer loop
      vertex -5.54327719506772 2.2961005941905395 13.5
      vertex -5.884711682419383 1.1705419320967716 13.5
      vertex -5.884711682419383 1.1705419320967716 14.999999999999998
    endloop
  endfacet
  facet normal 0 0 0
    outer loop
      vertex -5.54327719506772 2.2961005941905395 13.5
      vertex -5.884711682419383 1.1705419320967716 14.999999999999998
      vertex -5.54327719506772 2.2961005941905395 14.999999999999998
    endloop
  endfacet
  facet normal 0 0 0
    outer loop
      vertex -5.884711682419383 1.1705419320967716 13.5
      vertex -6 7.347880794884119e-16 13.5
      vertex -6 7.347880794884119e-16 14.999999999999998
    endloop
  endfacet
  facet normal 0 0 0
    outer loop
      vertex -5.884711682419383 1.1705419320967716 13.5
      vertex -6 7.347880794884119e-16 14.999999999999998
      vertex -5.884711682419383 1.1705419320967716 14.999999999999998
    endloop
  endfacet
  facet normal 0 0 0
    outer loop
      vertex -6 7.347880794884119e-16 13.5
      vertex -5.884711682419383 -1.17054193209677 13.5
      vertex -5.884711682419383 -1.17054193209677 14.999999999999998
    endloop
  endfacet
  facet normal 0 0 0
    outer loop
      vertex -6 7.347880794884119e-16 13.5
      vertex -5.884711682419383 -1.17054193209677 14.999999999999998
      vertex -6 7.347880794884119e-16 14.999999999999998
    endloop
  endfacet
  facet normal 0 0 0
    outer loop
      vertex -5.884711682419383 -1.17054193209677 13.5
      vertex -5.543277195067721 -2.2961005941905377 13.5
      vertex -5.543277195067721 -2.2961005941905377 14.999999999999998
    endloop
  endfacet
  facet normal 0 0 0
    outer loop
      vertex -5.884711682419383 -1.17054193209677 13.5
      vertex -5.543277195067721 -2.2961005941905377 14.999999999999998
      vertex -5.884711682419383 -1.17054193209677 14.999999999999998
    endloop
  endfacet
  facet normal 0 0 0
    outer loop
      vertex -5.543277195067721 -2.2961005941905377 13.5
      vertex -4.988817673815273 -3.3334213981176117 13.5
      vertex -4.988817673815273 -3.3334213981176117 14.999999999999998
    endloop
  endfacet
  facet normal 0 0 0
    outer loop
      vertex -5.543277195067721 -2.2961005941905377 13.5
      vertex -4.988817673815273 -3.3334213981176117 14.999999999999998
      vertex -5.543277195067721 -2.2961005941905377 14.999999999999998
    endloop
  endfacet
  facet normal 0 0 0
    outer loop
      vertex -4.988817673815273 -3.3334213981176117 13.5
      vertex -4.242640687119286 -4.242640687119285 13.5
      vertex -4.242640687119286 -4.242640687119285 14.999999999999998
    endloop
  endfacet
  facet normal 0 0 0
    outer loop
      vertex -4.988817673815273 -3.3334213981176117 13.5
      vertex -4.242640687119286 -4.242640687119285 14.999999999999998
      vertex -4.988817673815273 -3.3334213981176117 14.999999999999998
    endloop
  endfacet
  facet normal 0 0 0
    outer loop
      vertex -4.242640687119286 -4.242640687119285 13.5
      vertex -3.333421398117613 -4.988817673815271 13.5
      vertex -3.333421398117613 -4.988817673815271 14.999999999999998
    endloop
  endfacet
  facet normal 0 0 0
    outer loop
      vertex -4.242640687119286 -4.242640687119285 13.5
      vertex -3.333421398117613 -4.988817673815271 14.999999999999998
      vertex -4.242640687119286 -4.242640687119285 14.999999999999998
    endloop
  endfacet
  facet normal 0 0 0
    outer loop
      vertex -3.333421398117613 -4.988817673815271 13.5
      vertex -2.296100594190542 -5.543277195067719 13.5
      vertex -2.296100594190542 -5.543277195067719 14.999999999999998
    endloop
  endfacet
  facet normal 0 0 0
    outer loop
      vertex -3.333421398117613 -4.988817673815271 13.5
      vertex -2.296100594190542 -5.543277195067719 14.999999999999998
      vertex -3.333421398117613 -4.988817673815271 14.999999999999998
    endloop
  endfacet
  facet normal 0 0 0
    outer loop
      vertex -2.296100594190542 -5.543277195067719 13.5
      vertex -1.170541932096772 -5.884711682419382 13.5
      vertex -1.170541932096772 -5.884711682419382 14.999999999999998
    endloop
  endfacet
  facet normal 0 0 0
    outer loop
      vertex -2.296100594190542 -5.543277195067719 13.5
      vertex -1.170541932096772 -5.884711682419382 14.999999999999998
      vertex -2.296100594190542 -5.543277195067719 14.999999999999998
    endloop
  endfacet
  facet normal 0 0 0
    outer loop
      vertex -1.170541932096772 -5.884711682419382 13.5
      vertex -1.102182119232618e-15 -6 13.5
      vertex -1.102182119232618e-15 -6 14.999999999999998
    endloop
  endfacet
  facet normal 0 0 0
    outer loop
      vertex -1.170541932096772 -5.884711682419382 13.5
      vertex -1.102182119232618e-15 -6 14.999999999999998
      vertex -1.170541932096772 -5.884711682419382 14.999999999999998
    endloop
  endfacet
  facet normal 0 0 0
    outer loop
      vertex -1.102182119232618e-15 -6 13.5
      vertex 1.1705419320967698 -5.884711682419383 13.5
      vertex 1.1705419320967698 -5.884711682419383 14.999999999999998
    endloop
  endfacet
  facet normal 0 0 0
    outer loop
      vertex -1.102182119232618e-15 -6 13.5
      vertex 1.1705419320967698 -5.884711682419383 14.999999999999998
      vertex -1.102182119232618e-15 -6 14.999999999999998
    endloop
  endfacet
  facet normal 0 0 0
    outer loop
      vertex 1.1705419320967698 -5.884711682419383 13.5
      vertex 2.29610059419054 -5.54327719506772 13.5
      vertex 2.29610059419054 -5.54327719506772 14.999999999999998
    endloop
  endfacet
  facet normal 0 0 0
    outer loop
      vertex 1.1705419320967698 -5.884711682419383 13.5
      vertex 2.29610059419054 -5.54327719506772 14.999999999999998
      vertex 1.1705419320967698 -5.884711682419383 14.999999999999998
    endloop
  endfacet
  facet normal 0 0 0
    outer loop
      vertex 2.29610059419054 -5.54327719506772 13.5
      vertex 3.3334213981176113 -4.988817673815273 13.5
      vertex 3.3334213981176113 -4.988817673815273 14.999999999999998
    endloop
  endfacet
  facet normal 0 0 0
    outer loop
      vertex 2.29610059419054 -5.54327719506772 13.5
      vertex 3.3334213981176113 -4.988817673815273 14.999999999999998
      vertex 2.29610059419054 -5.54327719506772 14.999999999999998
    endloop
  endfacet
  facet normal 0 0 0
    outer loop
      vertex 3.3334213981176113 -4.988817673815273 13.5
      vertex 4.242640687119284 -4.242640687119286 13.5
      vertex 4.242640687119284 -4.242640687119286 14.999999999999998
    endloop
  endfacet
  facet normal 0 0 0
    outer loop
      vertex 3.3334213981176113 -4.988817673815273 13.5
      vertex 4.242640687119284 -4.242640687119286 14.999999999999998
      vertex 3.3334213981176113 -4.988817673815273 14.999999999999998
    endloop
  endfacet
  facet normal 0 0 0
    outer loop
      vertex 4.242640687119284 -4.242640687119286 13.5
      vertex 4.988817673815271 -3.333421398117613 13.5
      vertex 4.988817673815271 -3.333421398117613 14.999999999999998
    endloop
  endfacet
  facet normal 0 0 0
    outer loop
      vertex 4.242640687119284 -4.242640687119286 13.5
      vertex 4.988817673815271 -3.333421398117613 14.999999999999998
      vertex 4.242640687119284 -4.242640687119286 14.999999999999998
    endloop
  endfacet
  facet normal 0 0 0
    outer loop
      vertex 4.988817673815271 -3.333421398117613 13.5
      vertex 5.543277195067719 -2.296100594190542 13.5
      vertex 5.543277195067719 -2.296100594190542 14.999999999999998
    endloop
  endfacet
  facet normal 0 0 0
    outer loop
      vertex 4.988817673815271 -3.333421398117613 13.5
      vertex 5.543277195067719 -2.296100594190542 14.999999999999998
      vertex 4.988817673815271 -3.333421398117613 14.999999999999998
    endloop
  endfacet
  facet normal 0 0 0
    outer loop
      vertex 5.543277195067719 -2.296100594190542 13.5
      vertex 5.884711682419382 -1.1705419320967723 13.5
      vertex 5.884711682419382 -1.1705419320967723 14.999999999999998
    endloop
  endfacet
  facet normal 0 0 0
    outer loop
      vertex 5.543277195067719 -2.296100594190542 13.5
      vertex 5.884711682419382 -1.1705419320967723 14.999999999999998
      vertex 5.543277195067719 -2.296100594190542 14.999999999999998
    endloop
  endfacet
  facet normal 0 0 0
    outer loop
      vertex 5.884711682419382 -1.1705419320967723 13.5
      vertex 6 0 13.5
      vertex 6 0 14.999999999999998
    endloop
  endfacet
  facet normal 0 0 0
    outer loop
      vertex 5.884711682419382 -1.1705419320967723 13.5
      vertex 6 0 14.999999999999998
      vertex 5.884711682419382 -1.1705419320967723 14.999999999999998
    endloop
  endfacet
  facet normal 0 0 0
    outer loop
      vertex 6 0 14.999999999999998
      vertex 5.884711682419383 1.1705419320967696 14.999999999999998
      vertex 5.884711682419383 1.1705419320967696 16.5
    endloop
  endfacet
  facet normal 0 0 0
    outer loop
      vertex 6 0 14.999999999999998
      vertex 5.884711682419383 1.1705419320967696 16.5
      vertex 6 0 16.5
    endloop
  endfacet
  facet normal 0 0 0
    outer loop
      vertex 5.884711682419383 1.1705419320967696 14.999999999999998
      vertex 5.54327719506772 2.2961005941905386 14.999999999999998
      vertex 5.54327719506772 2.2961005941905386 16.5
    endloop
  endfacet
  facet normal 0 0 0
    outer loop
      vertex 5.884711682419383 1.1705419320967696 14.999999999999998
      vertex 5.54327719506772 2.2961005941905386 16.5
      vertex 5.884711682419383 1.1705419320967696 16.5
    endloop
  endfacet
  facet normal 0 0 0
    outer loop
      vertex 5.54327719506772 2.2961005941905386 14.999999999999998
      vertex 4.988817673815271 3.333421398117613 14.999999999999998
      vertex 4.988817673815271 3.333421398117613 16.5
    endloop
  endfacet
  facet normal 0 0 0
    outer loop
      vertex 5.54327719506772 2.2961005941905386 14.999999999999998
      vertex 4.988817673815271 3.333421398117613 16.5
      vertex 5.54327719506772 2.2961005941905386 16.5
    endloop
  endfacet
  facet normal 0 0 0
    outer loop
      vertex 4.988817673815271 3.333421398117613 14.999999999999998
      vertex 4.242640687119286 4.242640687119285 14.999999999999998
      vertex 4.242640687119286 4.242640687119285 16.5
    endloop
  endfacet
  facet normal 0 0 0
    outer loop
      vertex 4.988817673815271 3.333421398117613 14.999999999999998
      vertex 4.242640687119286 4.242640687119285 16.5
      vertex 4.988817673815271 3.333421398117613 16.5
    endloop
  endfacet
  facet normal 0 0 0
    outer loop
      vertex 4.242640687119286 4.242640687119285 14.999999999999998
      vertex 3.333421398117614 4.988817673815271 14.999999999999998
      vertex 3.333421398117614 4.988817673815271 16.5
    endloop
  endfacet
  facet normal 0 0 0
    outer loop
      vertex 4.242640687119286 4.242640687119285 14.999999999999998
      vertex 3.333421398117614 4.988817673815271 16.5
      vertex 4.242640687119286 4.242640687119285 16.5
    endloop
  endfacet
  facet normal 0 0 0
    outer loop
      vertex 3.333421398117614 4.988817673815271 14.999999999999998
      vertex 2.296100594190539 5.54327719506772 14.999999999999998
      vertex 2.296100594190539 5.54327719506772 16.5
    endloop
  endfacet
  facet normal 0 0 0
    outer loop
      vertex 3.333421398117614 4.988817673815271 14.999999999999998
      vertex 2.296100594190539 5.54327719506772 16.5
      vertex 3.333421398117614 4.988817673815271 16.5
    endloop
  endfacet
  facet normal 0 0 0
    outer loop
      vertex 2.296100594190539 5.54327719506772 14.999999999999998
      vertex 1.17054193209677 5.884711682419383 14.999999999999998
      vertex 1.17054193209677 5.884711682419383 16.5
    endloop
  endfacet
  facet normal 0 0 0
    outer loop
      vertex 2.296100594190539 5.54327719506772 14.999999999999998
      vertex 1.17054193209677 5.884711682419383 16.5
      vertex 2.296100594190539 5.54327719506772 16.5
    endloop
  endfacet
  facet normal 0 0 0
    outer loop
      vertex 1.17054193209677 5.884711682419383 14.999999999999998
      vertex 3.6739403974420594e-16 6 14.999999999999998
      vertex 3.6739403974420594e-16 6 16.5
    endloop
  endfacet
  facet normal 0 0 0
    outer loop
      vertex 1.17054193209677 5.884711682419383 14.999999999999998
      vertex 3.6739403974420594e-16 6 16.5
      vertex 1.17054193209677 5.884711682419383 16.5
    endloop
  endfacet
  facet normal 0 0 0
    outer loop
      vertex 3.6739403974420594e-16 6 14.999999999999998
      vertex -1.1705419320967692 5.884711682419383 14.999999999999998
      vertex -1.1705419320967692 5.884711682419383 16.5
    endloop
  endfacet
  facet normal 0 0 0
    outer loop
      vertex 3.6739403974420594e-16 6 14.999999999999998
      vertex -1.1705419320967692 5.884711682419383 16.5
      vertex 3.6739403974420594e-16 6 16.5
    endloop
  endfacet
  facet normal 0 0 0
    outer loop
      vertex -1.1705419320967692 5.884711682419383 14.999999999999998
      vertex -2.2961005941905386 5.54327719506772 14.999999999999998
      vertex -2.2961005941905386 5.54327719506772 16.5
    endloop
  endfacet
  facet normal 0 0 0
    outer loop
      vertex -1.1705419320967692 5.884711682419383 14.999999999999998
      vertex -2.2961005941905386 5.54327719506772 16.5
      vertex -1.1705419320967692 5.884711682419383 16.5
    endloop
  endfacet
  facet normal 0 0 0
    outer loop
      vertex -2.2961005941905386 5.54327719506772 14.999999999999998
      vertex -3.3334213981176117 4.988817673815272 14.999999999999998
      vertex -3.3334213981176117 4.988817673815272 16.5
    endloop
  endfacet
  facet normal 0 0 0
    outer loop
      vertex -2.2961005941905386 5.54327719506772 14.999999999999998
      vertex -3.3334213981176117 4.988817673815272 16.5
      vertex -2.2961005941905386 5.54327719506772 16.5
    endloop
  endfacet
  facet normal 0 0 0
    outer loop
      vertex -3.3334213981176117 4.988817673815272 14.999999999999998
      vertex -4.242640687119285 4.242640687119286 14.999999999999998
      vertex -4.242640687119285 4.242640687119286 16.5
    endloop
  endfacet
  facet normal 0 0 0
    outer loop
      vertex -3.3334213981176117 4.988817673815272 14.999999999999998
      vertex -4.242640687119285 4.242640687119286 16.5
      vertex -3.3334213981176117 4.988817673815272 16.5
    endloop
  endfacet
  facet normal 0 0 0
    outer loop
      vertex -4.242640687119285 4.242640687119286 14.999999999999998
      vertex -4.988817673815272 3.333421398117613 14.999999999999998
      vertex -4.988817673815272 3.333421398117613 16.5
    endloop
  endfacet
  facet normal 0 0 0
    outer loop
      vertex -4.242640687119285 4.242640687119286 14.999999999999998
      vertex -4.988817673815272 3.333421398117613 16.5
      vertex -4.242640687119285 4.242640687119286 16.5
    endloop
  endfacet
  facet normal 0 0 0
    outer loop
      vertex -4.988817673815272 3.333421398117613 14.999999999999998
      vertex -5.54327719506772 2.2961005941905395 14.999999999999998
      vertex -5.54327719506772 2.2961005941905395 16.5
    endloop
  endfacet
  facet normal 0 0 0
    outer loop
      vertex -4.988817673815272 3.333421398117613 14.999999999999998
      vertex -5.54327719506772 2.2961005941905395 16.5
      vertex -4.988817673815272 3.333421398117613 16.5
    endloop
  endfacet
  facet normal 0 0 0
    outer loop
      vertex -5.54327719506772 2.2961005941905395 14.999999999999998
      vertex -5.884711682419383 1.1705419320967716 14.999999999999998
      vertex -5.884711682419383 1.1705419320967716 16.5
    endloop
  endfacet
  facet normal 0 0 0
    outer loop
      vertex -5.54327719506772 2.2961005941905395 14.999999999999998
      vertex -5.884711682419383 1.1705419320967716 16.5
      vertex -5.54327719506772 2.2961005941905395 16.5
    endloop
  endfacet
  facet normal 0 0 0
    outer loop
      vertex -5.884711682419383 1.1705419320967716 14.999999999999998
      vertex -6 7.347880794884119e-16 14.999999999999998
      vertex -6 7.347880794884119e-16 16.5
    endloop
  endfacet
  facet normal 0 0 0
    outer loop
      vertex -5.884711682419383 1.1705419320967716 14.999999999999998
      vertex -6 7.347880794884119e-16 16.5
      vertex -5.884711682419383 1.1705419320967716 16.5
    endloop
  endfacet
  facet normal 0 0 0
    outer loop
      vertex -6 7.347880794884119e-16 14.999999999999998
      vertex -5.884711682419383 -1.17054193209677 14.999999999999998
      vertex -5.884711682419383 -1.17054193209677 16.5
    endloop
  endfacet
  facet normal 0 0 0
    outer loop
      vertex -6 7.347880794884119e-16 14.999999999999998
      vertex -5.884711682419383 -1.17054193209677 16.5
      vertex -6 7.347880794884119e-16 16.5
    endloop
  endfacet
  facet normal 0 0 0
    outer loop
      vertex -5.884711682419383 -1.17054193209677 14.999999999999998
      vertex -5.543277195067721 -2.2961005941905377 14.999999999999998
      vertex -5.543277195067721 -2.2961005941905377 16.5
    endloop
  endfacet
  facet normal 0 0 0
    outer loop
      vertex -5.884711682419383 -1.17054193209677 14.999999999999998
      vertex -5.543277195067721 -2.2961005941905377 16.5
      vertex -5.884711682419383 -1.17054193209677 16.5
    endloop
  endfacet
  facet normal 0 0 0
    outer loop
      vertex -5.543277195067721 -2.2961005941905377 14.999999999999998
      vertex -4.988817673815273 -3.3334213981176117 14.999999999999998
      vertex -4.988817673815273 -3.3334213981176117 16.5
    endloop
  endfacet
  facet normal 0 0 0
    outer loop
      vertex -5.543277195067721 -2.2961005941905377 14.999999999999998
      vertex -4.988817673815273 -3.3334213981176117 16.5
      vertex -5.543277195067721 -2.2961005941905377 16.5
    endloop
  endfacet
  facet normal 0 0 0
    outer loop
      vertex -4.988817673815273 -3.3334213981176117 14.999999999999998
      vertex -4.242640687119286 -4.242640687119285 14.999999999999998
      vertex -4.242640687119286 -4.242640687119285 16.5
    endloop
  endfacet
  facet normal 0 0 0
    outer loop
      vertex -4.988817673815273 -3.3334213981176117 14.999999999999998
      vertex -4.242640687119286 -4.242640687119285 16.5
      vertex -4.988817673815273 -3.3334213981176117 16.5
    endloop
  endfacet
  facet normal 0 0 0
    outer loop
      vertex -4.242640687119286 -4.242640687119285 14.999999999999998
      vertex -3.333421398117613 -4.988817673815271 14.999999999999998
      vertex -3.333421398117613 -4.988817673815271 16.5
    endloop
  endfacet
  facet normal 0 0 0
    outer loop
      vertex -4.242640687119286 -4.242640687119285 14.999999999999998
      vertex -3.333421398117613 -4.988817673815271 16.5
      vertex -4.242640687119286 -4.242640687119285 16.5
    endloop
  endfacet
  facet normal 0 0 0
    outer loop
      vertex -3.333421398117613 -4.988817673815271 14.999999999999998
      vertex -2.296100594190542 -5.543277195067719 14.999999999999998
      vertex -2.296100594190542 -5.543277195067719 16.5
    endloop
  endfacet
  facet normal 0 0 0
    outer loop
      vertex -3.333421398117613 -4.988817673815271 14.999999999999998
      vertex -2.296100594190542 -5.543277195067719 16.5
      vertex -3.333421398117613 -4.988817673815271 16.5
    endloop
  endfacet
  facet normal 0 0 0
    outer loop
      vertex -2.296100594190542 -5.543277195067719 14.999999999999998
      vertex -1.170541932096772 -5.884711682419382 14.999999999999998
      vertex -1.170541932096772 -5.884711682419382 16.5
    endloop
  endfacet
  facet normal 0 0 0
    outer loop
      vertex -2.296100594190542 -5.543277195067719 14.999999999999998
      vertex -1.170541932096772 -5.884711682419382 16.5
      vertex -2.296100594190542 -5.543277195067719 16.5
    endloop
  endfacet
  facet normal 0 0 0
    outer loop
      vertex -1.170541932096772 -5.884711682419382 14.999999999999998
      vertex -1.102182119232618e-15 -6 14.999999999999998
      vertex -1.102182119232618e-15 -6 16.5
    endloop
  endfacet
  facet normal 0 0 0
    outer loop
      vertex -1.170541932096772 -5.884711682419382 14.999999999999998
      vertex -1.102182119232618e-15 -6 16.5
      vertex -1.170541932096772 -5.884711682419382 16.5
    endloop
  endfacet
  facet normal 0 0 0
    outer loop
      vertex -1.102182119232618e-15 -6 14.999999999999998
      vertex 1.1705419320967698 -5.884711682419383 14.999999999999998
      vertex 1.1705419320967698 -5.884711682419383 16.5
    endloop
  endfacet
  facet normal 0 0 0
    outer loop
      vertex -1.102182119232618e-15 -6 14.999999999999998
      vertex 1.1705419320967698 -5.884711682419383 16.5
      vertex -1.102182119232618e-15 -6 16.5
    endloop
  endfacet
  facet normal 0 0 0
    outer loop
      vertex 1.1705419320967698 -5.884711682419383 14.999999999999998
      vertex 2.29610059419054 -5.54327719506772 14.999999999999998
      vertex 2.29610059419054 -5.54327719506772 16.5
    endloop
  endfacet
  facet normal 0 0 0
    outer loop
      vertex 1.1705419320967698 -5.884711682419383 14.999999999999998
      vertex 2.29610059419054 -5.54327719506772 16.5
      vertex 1.1705419320967698 -5.884711682419383 16.5
    endloop
  endfacet
  facet normal 0 0 0
    outer loop
      vertex 2.29610059419054 -5.54327719506772 14.999999999999998
      vertex 3.3334213981176113 -4.988817673815273 14.999999999999998
      vertex 3.3334213981176113 -4.988817673815273 16.5
    endloop
  endfacet
  facet normal 0 0 0
    outer loop
      vertex 2.29610059419054 -5.54327719506772 14.999999999999998
      vertex 3.3334213981176113 -4.988817673815273 16.5
      vertex 2.29610059419054 -5.54327719506772 16.5
    endloop
  endfacet
  facet normal 0 0 0
    outer loop
      vertex 3.3334213981176113 -4.988817673815273 14.999999999999998
      vertex 4.242640687119284 -4.242640687119286 14.999999999999998
      vertex 4.242640687119284 -4.242640687119286 16.5
    endloop
  endfacet
  facet normal 0 0 0
    outer loop
      vertex 3.3334213981176113 -4.988817673815273 14.999999999999998
      vertex 4.242640687119284 -4.242640687119286 16.5
      vertex 3.3334213981176113 -4.988817673815273 16.5
    endloop
  endfacet
  facet normal 0 0 0
    outer loop
      vertex 4.242640687119284 -4.242640687119286 14.999999999999998
      vertex 4.988817673815271 -3.333421398117613 14.999999999999998
      vertex 4.988817673815271 -3.333421398117613 16.5
    endloop
  endfacet
  facet normal 0 0 0
    outer loop
      vertex 4.242640687119284 -4.242640687119286 14.999999999999998
      vertex 4.988817673815271 -3.333421398117613 16.5
      vertex 4.242640687119284 -4.242640687119286 16.5
    endloop
  endfacet
  facet normal 0 0 0
    outer loop
      vertex 4.988817673815271 -3.333421398117613 14.999999999999998
      vertex 5.543277195067719 -2.296100594190542 14.999999999999998
      vertex 5.543277195067719 -2.296100594190542 16.5
    endloop
  endfacet
  facet normal 0 0 0
    outer loop
      vertex 4.988817673815271 -3.333421398117613 14.999999999999998
      vertex 5.543277195067719 -2.296100594190542 16.5
      vertex 4.988817673815271 -3.333421398117613 16.5
    endloop
  endfacet
  facet normal 0 0 0
    outer loop
      vertex 5.543277195067719 -2.296100594190542 14.999999999999998
      vertex 5.884711682419382 -1.1705419320967723 14.999999999999998
      vertex 5.884711682419382 -1.1705419320967723 16.5
    endloop
  endfacet
  facet normal 0 0 0
    outer loop
      vertex 5.543277195067719 -2.296100594190542 14.999999999999998
      vertex 5.884711682419382 -1.1705419320967723 16.5
      vertex 5.543277195067719 -2.296100594190542 16.5
    endloop
  endfacet
  facet normal 0 0 0
    outer loop
      vertex 5.884711682419382 -1.1705419320967723 14.999999999999998
      vertex 6 0 14.999999999999998
      vertex 6 0 16.5
    endloop
  endfacet
  facet normal 0 0 0
    outer loop
      vertex 5.884711682419382 -1.1705419320967723 14.999999999999998
      vertex 6 0 16.5
      vertex 5.884711682419382 -1.1705419320967723 16.5
    endloop
  endfacet
  facet normal 0 0 0
    outer loop
      vertex 6 0 16.5
      vertex 5.884711682419383 1.1705419320967696 16.5
      vertex 5.884711682419383 1.1705419320967696 18
    endloop
  endfacet
  facet normal 0 0 0
    outer loop
      vertex 6 0 16.5
      vertex 5.884711682419383 1.1705419320967696 18
      vertex 6 0 18
    endloop
  endfacet
  facet normal 0 0 0
    outer loop
      vertex 5.884711682419383 1.1705419320967696 16.5
      vertex 5.54327719506772 2.2961005941905386 16.5
      vertex 5.54327719506772 2.2961005941905386 18
    endloop
  endfacet
  facet normal 0 0 0
    outer loop
      vertex 5.884711682419383 1.1705419320967696 16.5
      vertex 5.54327719506772 2.2961005941905386 18
      vertex 5.884711682419383 1.1705419320967696 18
    endloop
  endfacet
  facet normal 0 0 0
    outer loop
      vertex 5.54327719506772 2.2961005941905386 16.5
      vertex 4.988817673815271 3.333421398117613 16.5
      vertex 4.988817673815271 3.333421398117613 18
    endloop
  endfacet
  facet normal 0 0 0
    outer loop
      vertex 5.54327719506772 2.2961005941905386 16.5
      vertex 4.988817673815271 3.333421398117613 18
      vertex 5.54327719506772 2.2961005941905386 18
    endloop
  endfacet
  facet normal 0 0 0
    outer loop
      vertex 4.988817673815271 3.333421398117613 16.5
      vertex 4.242640687119286 4.242640687119285 16.5
      vertex 4.242640687119286 4.242640687119285 18
    endloop
  endfacet
  facet normal 0 0 0
    outer loop
      vertex 4.988817673815271 3.333421398117613 16.5
      vertex 4.242640687119286 4.242640687119285 18
      vertex 4.988817673815271 3.333421398117613 18
    endloop
  endfacet
  facet normal 0 0 0
    outer loop
      vertex 4.242640687119286 4.242640687119285 16.5
      vertex 3.333421398117614 4.988817673815271 16.5
      vertex 3.333421398117614 4.988817673815271 18
    endloop
  endfacet
  facet normal 0 0 0
    outer loop
      vertex 4.242640687119286 4.242640687119285 16.5
      vertex 3.333421398117614 4.988817673815271 18
      vertex 4.242640687119286 4.242640687119285 18
    endloop
  endfacet
  facet normal 0 0 0
    outer loop
      vertex 3.333421398117614 4.988817673815271 16.5
      vertex 2.296100594190539 5.54327719506772 16.5
      vertex 2.296100594190539 5.54327719506772 18
    endloop
  endfacet
  facet normal 0 0 0
    outer loop
      vertex 3.333421398117614 4.988817673815271 16.5
      vertex 2.296100594190539 5.54327719506772 18
      vertex 3.333421398117614 4.988817673815271 18
    endloop
  endfacet
  facet normal 0 0 0
    outer loop
      vertex 2.296100594190539 5.54327719506772 16.5
      vertex 1.17054193209677 5.884711682419383 16.5
      vertex 1.17054193209677 5.884711682419383 18
    endloop
  endfacet
  facet normal 0 0 0
    outer loop
      vertex 2.296100594190539 5.54327719506772 16.5
      vertex 1.17054193209677 5.884711682419383 18
      vertex 2.296100594190539 5.54327719506772 18
    endloop
  endfacet
  facet normal 0 0 0
    outer loop
      vertex 1.17054193209677 5.884711682419383 16.5
      vertex 3.6739403974420594e-16 6 16.5
      vertex 3.6739403974420594e-16 6 18
    endloop
  endfacet
  facet normal 0 0 0
    outer loop
      vertex 1.17054193209677 5.884711682419383 16.5
      vertex 3.6739403974420594e-16 6 18
      vertex 1.17054193209677 5.884711682419383 18
    endloop
  endfacet
  facet normal 0 0 0
    outer loop
      vertex 3.6739403974420594e-16 6 16.5
      vertex -1.1705419320967692 5.884711682419383 16.5
      vertex -1.1705419320967692 5.884711682419383 18
    endloop
  endfacet
  facet normal 0 0 0
    outer loop
      vertex 3.6739403974420594e-16 6 16.5
      vertex -1.1705419320967692 5.884711682419383 18
      vertex 3.6739403974420594e-16 6 18
    endloop
  endfacet
  facet normal 0 0 0
    outer loop
      vertex -1.1705419320967692 5.884711682419383 16.5
      vertex -2.2961005941905386 5.54327719506772 16.5
      vertex -2.2961005941905386 5.54327719506772 18
    endloop
  endfacet
  facet normal 0 0 0
    outer loop
      vertex -1.1705419320967692 5.884711682419383 16.5
      vertex -2.2961005941905386 5.54327719506772 18
      vertex -1.1705419320967692 5.884711682419383 18
    endloop
  endfacet
  facet normal 0 0 0
    outer loop
      vertex -2.2961005941905386 5.54327719506772 16.5
      vertex -3.3334213981176117 4.988817673815272 16.5
      vertex -3.3334213981176117 4.988817673815272 18
    endloop
  endfacet
  facet normal 0 0 0
    outer loop
      vertex -2.2961005941905386 5.54327719506772 16.5
      vertex -3.3334213981176117 4.988817673815272 18
      vertex -2.2961005941905386 5.54327719506772 18
    endloop
  endfacet
  facet normal 0 0 0
    outer loop
      vertex -3.3334213981176117 4.988817673815272 16.5
      vertex -4.242640687119285 4.242640687119286 16.5
      vertex -4.242640687119285 4.242640687119286 18
    endloop
  endfacet
  facet normal 0 0 0
    outer loop
      vertex -3.3334213981176117 4.988817673815272 16.5
      vertex -4.242640687119285 4.242640687119286 18
      vertex -3.3334213981176117 4.988817673815272 18
    endloop
  endfacet
  facet normal 0 0 0
    outer loop
      vertex -4.242640687119285 4.242640687119286 16.5
      vertex -4.988817673815272 3.333421398117613 16.5
      vertex -4.988817673815272 3.333421398117613 18
    endloop
  endfacet
  facet normal 0 0 0
    outer loop
      vertex -4.242640687119285 4.242640687119286 16.5
      vertex -4.988817673815272 3.333421398117613 18
      vertex -4.242640687119285 4.242640687119286 18
    endloop
  endfacet
  facet normal 0 0 0
    outer loop
      vertex -4.988817673815272 3.333421398117613 16.5
      vertex -5.54327719506772 2.2961005941905395 16.5
      vertex -5.54327719506772 2.2961005941905395 18
    endloop
  endfacet
  facet normal 0 0 0
    outer loop
      vertex -4.988817673815272 3.333421398117613 16.5
      vertex -5.54327719506772 2.2961005941905395 18
      vertex -4.988817673815272 3.333421398117613 18
    endloop
  endfacet
  facet normal 0 0 0
    outer loop
      vertex -5.54327719506772 2.2961005941905395 16.5
      vertex -5.884711682419383 1.1705419320967716 16.5
      vertex -5.884711682419383 1.1705419320967716 18
    endloop
  endfacet
  facet normal 0 0 0
    outer loop
      vertex -5.54327719506772 2.2961005941905395 16.5
      vertex -5.884711682419383 1.1705419320967716 18
      vertex -5.54327719506772 2.2961005941905395 18
    endloop
  endfacet
  facet normal 0 0 0
    outer loop
      vertex -5.884711682419383 1.1705419320967716 16.5
      vertex -6 7.347880794884119e-16 16.5
      vertex -6 7.347880794884119e-16 18
    endloop
  endfacet
  facet normal 0 0 0
    outer loop
      vertex -5.884711682419383 1.1705419320967716 16.5
      vertex -6 7.347880794884119e-16 18
      vertex -5.884711682419383 1.1705419320967716 18
    endloop
  endfacet
  facet normal 0 0 0
    outer loop
      vertex -6 7.347880794884119e-16 16.5
      vertex -5.884711682419383 -1.17054193209677 16.5
      vertex -5.884711682419383 -1.17054193209677 18
    endloop
  endfacet
  facet normal 0 0 0
    outer loop
      vertex -6 7.347880794884119e-16 16.5
      vertex -5.884711682419383 -1.17054193209677 18
      vertex -6 7.347880794884119e-16 18
    endloop
  endfacet
  facet normal 0 0 0
    outer loop
      vertex -5.884711682419383 -1.17054193209677 16.5
      vertex -5.543277195067721 -2.2961005941905377 16.5
      vertex -5.543277195067721 -2.2961005941905377 18
    endloop
  endfacet
  facet normal 0 0 0
    outer loop
      vertex -5.884711682419383 -1.17054193209677 16.5
      vertex -5.543277195067721 -2.2961005941905377 18
      vertex -5.884711682419383 -1.17054193209677 18
    endloop
  endfacet
  facet normal 0 0 0
    outer loop
      vertex -5.543277195067721 -2.2961005941905377 16.5
      vertex -4.988817673815273 -3.3334213981176117 16.5
      vertex -4.988817673815273 -3.3334213981176117 18
    endloop
  endfacet
  facet normal 0 0 0
    outer loop
      vertex -5.543277195067721 -2.2961005941905377 16.5
      vertex -4.988817673815273 -3.3334213981176117 18
      vertex -5.543277195067721 -2.2961005941905377 18
    endloop
  endfacet
  facet normal 0 0 0
    outer loop
      vertex -4.988817673815273 -3.3334213981176117 16.5
      vertex -4.242640687119286 -4.242640687119285 16.5
      vertex -4.242640687119286 -4.242640687119285 18
    endloop
  endfacet
  facet normal 0 0 0
    outer loop
      vertex -4.988817673815273 -3.3334213981176117 16.5
      vertex -4.242640687119286 -4.242640687119285 18
      vertex -4.988817673815273 -3.3334213981176117 18
    endloop
  endfacet
  facet normal 0 0 0
    outer loop
      vertex -4.242640687119286 -4.242640687119285 16.5
      vertex -3.333421398117613 -4.988817673815271 16.5
      vertex -3.333421398117613 -4.988817673815271 18
    endloop
  endfacet
  facet normal 0 0 0
    outer loop
      vertex -4.242640687119286 -4.242640687119285 16.5
      vertex -3.333421398117613 -4.988817673815271 18
      vertex -4.242640687119286 -4.242640687119285 18
    endloop
  endfacet
  facet normal 0 0 0
    outer loop
      vertex -3.333421398117613 -4.988817673815271 16.5
      vertex -2.296100594190542 -5.543277195067719 16.5
      vertex -2.296100594190542 -5.543277195067719 18
    endloop
  endfacet
  facet normal 0 0 0
    outer loop
      vertex -3.333421398117613 -4.988817673815271 16.5
      vertex -2.296100594190542 -5.543277195067719 18
      vertex -3.333421398117613 -4.988817673815271 18
    endloop
  endfacet
  facet normal 0 0 0
    outer loop
      vertex -2.296100594190542 -5.543277195067719 16.5
      vertex -1.170541932096772 -5.884711682419382 16.5
      vertex -1.170541932096772 -5.884711682419382 18
    endloop
  endfacet
  facet normal 0 0 0
    outer loop
      vertex -2.296100594190542 -5.543277195067719 16.5
      vertex -1.170541932096772 -5.884711682419382 18
      vertex -2.296100594190542 -5.543277195067719 18
    endloop
  endfacet
  facet normal 0 0 0
    outer loop
      vertex -1.170541932096772 -5.884711682419382 16.5
      vertex -1.102182119232618e-15 -6 16.5
      vertex -1.102182119232618e-15 -6 18
    endloop
  endfacet
  facet normal 0 0 0
    outer loop
      vertex -1.170541932096772 -5.884711682419382 16.5
      vertex -1.102182119232618e-15 -6 18
      vertex -1.170541932096772 -5.884711682419382 18
    endloop
  endfacet
  facet normal 0 0 0
    outer loop
      vertex -1.102182119232618e-15 -6 16.5
      vertex 1.1705419320967698 -5.884711682419383 16.5
      vertex 1.1705419320967698 -5.884711682419383 18
    endloop
  endfacet
  facet normal 0 0 0
    outer loop
      vertex -1.102182119232618e-15 -6 16.5
      vertex 1.1705419320967698 -5.884711682419383 18
      vertex -1.102182119232618e-15 -6 18
    endloop
  endfacet
  facet normal 0 0 0
    outer loop
      vertex 1.1705419320967698 -5.884711682419383 16.5
      vertex 2.29610059419054 -5.54327719506772 16.5
      vertex 2.29610059419054 -5.54327719506772 18
    endloop
  endfacet
  facet normal 0 0 0
    outer loop
      vertex 1.1705419320967698 -5.884711682419383 16.5
      vertex 2.29610059419054 -5.54327719506772 18
      vertex 1.1705419320967698 -5.884711682419383 18
    endloop
  endfacet
  facet normal 0 0 0
    outer loop
      vertex 2.29610059419054 -5.54327719506772 16.5
      vertex 3.3334213981176113 -4.988817673815273 16.5
      vertex 3.3334213981176113 -4.988817673815273 18
    endloop
  endfacet
  facet normal 0 0 0
    outer loop
      vertex 2.29610059419054 -5.54327719506772 16.5
      vertex 3.3334213981176113 -4.988817673815273 18
      vertex 2.29610059419054 -5.54327719506772 18
    endloop
  endfacet
  facet normal 0 0 0
    outer loop
      vertex 3.3334213981176113 -4.988817673815273 16.5
      vertex 4.242640687119284 -4.242640687119286 16.5
      vertex 4.242640687119284 -4.242640687119286 18
    endloop
  endfacet
  facet normal 0 0 0
    outer loop
      vertex 3.3334213981176113 -4.988817673815273 16.5
      vertex 4.242640687119284 -4.242640687119286 18
      vertex 3.3334213981176113 -4.988817673815273 18
    endloop
  endfacet
  facet normal 0 0 0
    outer loop
      vertex 4.242640687119284 -4.242640687119286 16.5
      vertex 4.988817673815271 -3.333421398117613 16.5
      vertex 4.988817673815271 -3.333421398117613 18
    endloop
  endfacet
  facet normal 0 0 0
    outer loop
      vertex 4.242640687119284 -4.242640687119286 16.5
      vertex 4.988817673815271 -3.333421398117613 18
      vertex 4.242640687119284 -4.242640687119286 18
    endloop
  endfacet
  facet normal 0 0 0
    outer loop
      vertex 4.988817673815271 -3.333421398117613 16.5
      vertex 5.543277195067719 -2.296100594190542 16.5
      vertex 5.543277195067719 -2.296100594190542 18
    endloop
  endfacet
  facet normal 0 0 0
    outer loop
      vertex 4.988817673815271 -3.333421398117613 16.5
      vertex 5.543277195067719 -2.296100594190542 18
      vertex 4.988817673815271 -3.333421398117613 18
    endloop
  endfacet
  facet normal 0 0 0
    outer loop
      vertex 5.543277195067719 -2.296100594190542 16.5
      vertex 5.884711682419382 -1.1705419320967723 16.5
      vertex 5.884711682419382 -1.1705419320967723 18
    endloop
  endfacet
  facet normal 0 0 0
    outer loop
      vertex 5.543277195067719 -2.296100594190542 16.5
      vertex 5.884711682419382 -1.1705419320967723 18
      vertex 5.543277195067719 -2.296100594190542 18
    endloop
  endfacet
  facet normal 0 0 0
    outer loop
      vertex 5.884711682419382 -1.1705419320967723 16.5
      vertex 6 0 16.5
      vertex 6 0 18
    endloop
  endfacet
  facet normal 0 0 0
    outer loop
      vertex 5.884711682419382 -1.1705419320967723 16.5
      vertex 6 0 18
      vertex 5.884711682419382 -1.1705419320967723 18
    endloop
  endfacet
  facet normal 0 0 0
    outer loop
      vertex 0 0 -18
      vertex 5.884711682419383 1.1705419320967696 -18
      vertex 6 0 -18
    endloop
  endfacet
  facet normal 0 0 0
    outer loop
      vertex 0 0 18
      vertex 6 0 18
      vertex 5.884711682419383 1.1705419320967696 18
    endloop
  endfacet
  facet normal 0 0 0
    outer loop
      vertex 0 0 -18
      vertex 5.54327719506772 2.2961005941905386 -18
      vertex 5.884711682419383 1.1705419320967696 -18
    endloop
  endfacet
  facet normal 0 0 0
    outer loop
      vertex 0 0 18
      vertex 5.884711682419383 1.1705419320967696 18
      vertex 5.54327719506772 2.2961005941905386 18
    endloop
  endfacet
  facet normal 0 0 0
    outer loop
      vertex 0 0 -18
      vertex 4.988817673815271 3.333421398117613 -18
      vertex 5.54327719506772 2.2961005941905386 -18
    endloop
  endfacet
  facet normal 0 0 0
    outer loop
      vertex 0 0 18
      vertex 5.54327719506772 2.2961005941905386 18
      vertex 4.988817673815271 3.333421398117613 18
    endloop
  endfacet
  facet normal 0 0 0
    outer loop
      vertex 0 0 -18
      vertex 4.242640687119286 4.242640687119285 -18
      vertex 4.988817673815271 3.333421398117613 -18
    endloop
  endfacet
  facet normal 0 0 0
    outer loop
      vertex 0 0 18
      vertex 4.988817673815271 3.333421398117613 18
      vertex 4.242640687119286 4.242640687119285 18
    endloop
  endfacet
  facet normal 0 0 0
    outer loop
      vertex 0 0 -18
      vertex 3.333421398117614 4.988817673815271 -18
      vertex 4.242640687119286 4.242640687119285 -18
    endloop
  endfacet
  facet normal 0 0 0
    outer loop
      vertex 0 0 18
      vertex 4.242640687119286 4.242640687119285 18
      vertex 3.333421398117614 4.988817673815271 18
    endloop
  endfacet
  facet normal 0 0 0
    outer loop
      vertex 0 0 -18
      vertex 2.296100594190539 5.54327719506772 -18
      vertex 3.333421398117614 4.988817673815271 -18
    endloop
  endfacet
  facet normal 0 0 0
    outer loop
      vertex 0 0 18
      vertex 3.333421398117614 4.988817673815271 18
      vertex 2.296100594190539 5.54327719506772 18
    endloop
  endfacet
  facet normal 0 0 0
    outer loop
      vertex 0 0 -18
      vertex 1.17054193209677 5.884711682419383 -18
      vertex 2.296100594190539 5.54327719506772 -18
    endloop
  endfacet
  facet normal 0 0 0
    outer loop
      vertex 0 0 18
      vertex 2.296100594190539 5.54327719506772 18
      vertex 1.17054193209677 5.884711682419383 18
    endloop
  endfacet
  facet normal 0 0 0
    outer loop
      vertex 0 0 -18
      vertex 3.6739403974420594e-16 6 -18
      vertex 1.17054193209677 5.884711682419383 -18
    endloop
  endfacet
  facet normal 0 0 0
    outer loop
      vertex 0 0 18
      vertex 1.17054193209677 5.884711682419383 18
      vertex 3.6739403974420594e-16 6 18
    endloop
  endfacet
  facet normal 0 0 0
    outer loop
      vertex 0 0 -18
      vertex -1.1705419320967692 5.884711682419383 -18
      vertex 3.6739403974420594e-16 6 -18
    endloop
  endfacet
  facet normal 0 0 0
    outer loop
      vertex 0 0 18
      vertex 3.6739403974420594e-16 6 18
      vertex -1.1705419320967692 5.884711682419383 18
    endloop
  endfacet
  facet normal 0 0 0
    outer loop
      vertex 0 0 -18
      vertex -2.2961005941905386 5.54327719506772 -18
      vertex -1.1705419320967692 5.884711682419383 -18
    endloop
  endfacet
  facet normal 0 0 0
    outer loop
      vertex 0 0 18
      vertex -1.1705419320967692 5.884711682419383 18
      vertex -2.2961005941905386 5.54327719506772 18
    endloop
  endfacet
  facet normal 0 0 0
    outer loop
      vertex 0 0 -18
      vertex -3.3334213981176117 4.988817673815272 -18
      vertex -2.2961005941905386 5.54327719506772 -18
    endloop
  endfacet
  facet normal 0 0 0
    outer loop
      vertex 0 0 18
      vertex -2.2961005941905386 5.54327719506772 18
      vertex -3.3334213981176117 4.988817673815272 18
    endloop
  endfacet
  facet normal 0 0 0
    outer loop
      vertex 0 0 -18
      vertex -4.242640687119285 4.242640687119286 -18
      vertex -3.3334213981176117 4.988817673815272 -18
    endloop
  endfacet
  facet normal 0 0 0
    outer loop
      vertex 0 0 18
      vertex -3.3334213981176117 4.988817673815272 18
      vertex -4.242640687119285 4.242640687119286 18
    endloop
  endfacet
  facet normal 0 0 0
    outer loop
      vertex 0 0 -18
      vertex -4.988817673815272 3.333421398117613 -18
      vertex -4.242640687119285 4.242640687119286 -18
    endloop
  endfacet
  facet normal 0 0 0
    outer loop
      vertex 0 0 18
      vertex -4.242640687119285 4.242640687119286 18
      vertex -4.988817673815272 3.333421398117613 18
    endloop
  endfacet
  facet normal 0 0 0
    outer loop
      vertex 0 0 -18
      vertex -5.54327719506772 2.2961005941905395 -18
      vertex -4.988817673815272 3.333421398117613 -18
    endloop
  endfacet
  facet normal 0 0 0
    outer loop
      vertex 0 0 18
      vertex -4.988817673815272 3.333421398117613 18
      vertex -5.54327719506772 2.2961005941905395 18
    endloop
  endfacet
  facet normal 0 0 0
    outer loop
      vertex 0 0 -18
      vertex -5.884711682419383 1.1705419320967716 -18
      vertex -5.54327719506772 2.2961005941905395 -18
    endloop
  endfacet
  facet normal 0 0 0
    outer loop
      vertex 0 0 18
      vertex -5.54327719506772 2.2961005941905395 18
      vertex -5.884711682419383 1.1705419320967716 18
    endloop
  endfacet
  facet normal 0 0 0
    outer loop
      vertex 0 0 -18
      vertex -6 7.347880794884119e-16 -18
      vertex -5.884711682419383 1.1705419320967716 -18
    endloop
  endfacet
  facet normal 0 0 0
    outer loop
      vertex 0 0 18
      vertex -5.884711682419383 1.1705419320967716 18
      vertex -6 7.347880794884119e-16 18
    endloop
  endfacet
  facet normal 0 0 0
    outer loop
      vertex 0 0 -18
      vertex -5.884711682419383 -1.17054193209677 -18
      vertex -6 7.347880794884119e-16 -18
    endloop
  endfacet
  facet normal 0 0 0
    outer loop
      vertex 0 0 18
      vertex -6 7.347880794884119e-16 18
      vertex -5.884711682419383 -1.17054193209677 18
    endloop
  endfacet
  facet normal 0 0 0
    outer loop
      vertex 0 0 -18
      vertex -5.543277195067721 -2.2961005941905377 -18
      vertex -5.884711682419383 -1.17054193209677 -18
    endloop
  endfacet
  facet normal 0 0 0
    outer loop
      vertex 0 0 18
      vertex -5.884711682419383 -1.17054193209677 18
      vertex -5.543277195067721 -2.2961005941905377 18
    endloop
  endfacet
  facet normal 0 0 0
    outer loop
      vertex 0 0 -18
      vertex -4.988817673815273 -3.3334213981176117 -18
      vertex -5.543277195067721 -2.2961005941905377 -18
    endloop
  endfacet
  facet normal 0 0 0
    outer loop
      vertex 0 0 18
      vertex -5.543277195067721 -2.2961005941905377 18
      vertex -4.988817673815273 -3.3334213981176117 18
    endloop
  endfacet
  facet normal 0 0 0
    outer loop
      vertex 0 0 -18
      vertex -4.242640687119286 -4.242640687119285 -18
      vertex -4.988817673815273 -3.3334213981176117 -18
    endloop
  endfacet
  facet normal 0 0 0
    outer loop
      vertex 0 0 18
      vertex -4.988817673815273 -3.3334213981176117 18
      vertex -4.242640687119286 -4.242640687119285 18
    endloop
  endfacet
  facet normal 0 0 0
    outer loop
      vertex 0 0 -18
      vertex -3.333421398117613 -4.988817673815271 -18
      vertex -4.242640687119286 -4.242640687119285 -18
    endloop
  endfacet
  facet normal 0 0 0
    outer loop
      vertex 0 0 18
      vertex -4.242640687119286 -4.242640687119285 18
      vertex -3.333421398117613 -4.988817673815271 18
    endloop
  endfacet
  facet normal 0 0 0
    outer loop
      vertex 0 0 -18
      vertex -2.296100594190542 -5.543277195067719 -18
      vertex -3.333421398117613 -4.988817673815271 -18
    endloop
  endfacet
  facet normal 0 0 0
    outer loop
      vertex 0 0 18
      vertex -3.333421398117613 -4.988817673815271 18
      vertex -2.296100594190542 -5.543277195067719 18
    endloop
  endfacet
  facet normal 0 0 0
    outer loop
      vertex 0 0 -18
      vertex -1.170541932096772 -5.884711682419382 -18
      vertex -2.296100594190542 -5.543277195067719 -18
    endloop
  endfacet
  facet normal 0 0 0
    outer loop
      vertex 0 0 18
      vertex -2.296100594190542 -5.543277195067719 18
      vertex -1.170541932096772 -5.884711682419382 18
    endloop
  endfacet
  facet normal 0 0 0
    outer loop
      vertex 0 0 -18
      vertex -1.102182119232618e-15 -6 -18
      vertex -1.170541932096772 -5.884711682419382 -18
    endloop
  endfacet
  facet normal 0 0 0
    outer loop
      vertex 0 0 18
      vertex -1.170541932096772 -5.884711682419382 18
      vertex -1.102182119232618e-15 -6 18
    endloop
  endfacet
  facet normal 0 0 0
    outer loop
      vertex 0 0 -18
      vertex 1.1705419320967698 -5.884711682419383 -18
      vertex -1.102182119232618e-15 -6 -18
    endloop
  endfacet
  facet normal 0 0 0
    outer loop
      vertex 0 0 18
      vertex -1.102182119232618e-15 -6 18
      vertex 1.1705419320967698 -5.884711682419383 18
    endloop
  endfacet
  facet normal 0 0 0
    outer loop
      vertex 0 0 -18
      vertex 2.29610059419054 -5.54327719506772 -18
      vertex 1.1705419320967698 -5.884711682419383 -18
    endloop
  endfacet
  facet normal 0 0 0
    outer loop
      vertex 0 0 18
      vertex 1.1705419320967698 -5.884711682419383 18
      vertex 2.29610059419054 -5.54327719506772 18
    endloop
  endfacet
  facet normal 0 0 0
    outer loop
      vertex 0 0 -18
      vertex 3.3334213981176113 -4.988817673815273 -18
      vertex 2.29610059419054 -5.54327719506772 -18
    endloop
  endfacet
  facet normal 0 0 0
    outer loop
      vertex 0 0 18
      vertex 2.29610059419054 -5.54327719506772 18
      vertex 3.3334213981176113 -4.988817673815273 18
    endloop
  endfacet
  facet normal 0 0 0
    outer loop
      vertex 0 0 -18
      vertex 4.242640687119284 -4.242640687119286 -18
      vertex 3.3334213981176113 -4.988817673815273 -18
    endloop
  endfacet
  facet normal 0 0 0
    outer loop
      vertex 0 0 18
      vertex 3.3334213981176113 -4.988817673815273 18
      vertex 4.242640687119284 -4.242640687119286 18
    endloop
  endfacet
  facet normal 0 0 0
    outer loop
      vertex 0 0 -18
      vertex 4.988817673815271 -3.333421398117613 -18
      vertex 4.242640687119284 -4.242640687119286 -18
    endloop
  endfacet
  facet normal 0 0 0
    outer loop
      vertex 0 0 18
      vertex 4.242640687119284 -4.242640687119286 18
      vertex 4.988817673815271 -3.333421398117613 18
    endloop
  endfacet
  facet normal 0 0 0
    outer loop
      vertex 0 0 -18
      vertex 5.543277195067719 -2.296100594190542 -18
      vertex 4.988817673815271 -3.333421398117613 -18
    endloop
  endfacet
  facet normal 0 0 0
    outer loop
      vertex 0 0 18
      vertex 4.988817673815271 -3.333421398117613 18
      vertex 5.543277195067719 -2.296100594190542 18
    endloop
  endfacet
  facet normal 0 0 0
    outer loop
      vertex 0 0 -18
      vertex 5.884711682419382 -1.1705419320967723 -18
      vertex 5.543277195067719 -2.296100594190542 -18
    endloop
  endfacet
  facet normal 0 0 0
    outer loop
      vertex 0 0 18
      vertex 5.543277195067719 -2.296100594190542 18
      vertex 5.884711682419382 -1.1705419320967723 18
    endloop
  endfacet
  facet normal 0 0 0
    outer loop
      vertex 0 0 -18
      vertex 6 0 -18
      vertex 5.884711682419382 -1.1705419320967723 -18
    endloop
  endfacet
  facet normal 0 0 0
    outer loop
      vertex 0 0 18
      vertex 5.884711682419382 -1.1705419320967723 18
      vertex 6 0 18
    endloop
  endfacet
endsolid stepped_profile
