solid symmetric_textured
  facet normal 0 0 0
    outer loop
      vertex 4.14 0 -18
      vertex 3.9231411216129217 0.780361288064513 -18
      vertex 5.971431810197069 1.1877916380124955 -16.5
    endloop
  endfacet
  facet normal 0 0 0
    outer loop
      vertex 4.14 0 -18
      vertex 5.971431810197069 1.1877916380124955 -16.5
      vertex 6.301513743164054 0 -16.5
    endloop
  endfacet
  facet normal 0 0 0
    outer loop
      vertex 3.9231411216129217 0.780361288064513 -18
      vertex 3.566174995493567 1.4771580489292464 -18
      vertex 5.428091967302105 2.248389310664987 -16.5
    endloop
  endfacet
  facet normal 0 0 0
    outer loop
      vertex 3.9231411216129217 0.780361288064513 -18
      vertex 5.428091967302105 2.248389310664987 -16.5
      vertex 5.971431810197069 1.1877916380124955 -16.5
    endloop
  endfacet
  facet normal 0 0 0
    outer loop
      vertex 3.566174995493567 1.4771580489292464 -18
      vertex 3.325878449210181 2.2222809320784087 -18
      vertex 5.062335448258722 3.3825444045080957 -16.5
    endloop
  endfacet
  facet normal 0 0 0
    outer loop
      vertex 3.566174995493567 1.4771580489292464 -18
      vertex 5.062335448258722 3.3825444045080957 -16.5
      vertex 5.428091967302105 2.248389310664987 -16.5
    endloop
  endfacet
  facet normal 0 0 0
    outer loop
      vertex 3.325878449210181 2.2222809320784087 -18
      vertex 2.927422074112307 2.9274220741123065 -18
      vertex 4.455843099531527 4.455843099531526 -16.5
    endloop
  endfacet
  facet normal 0 0 0
    outer loop
      vertex 3.325878449210181 2.2222809320784087 -18
      vertex 4.455843099531527 4.455843099531526 -16.5
      vertex 5.062335448258722 3.3825444045080957 -16.5
    endloop
  endfacet
  facet normal 0 0 0
    outer loop
      vertex 2.927422074112307 2.9274220741123065 -18
      vertex 2.222280932078409 3.325878449210181 -18
      vertex 3.3825444045080966 5.062335448258722 -16.5
    endloop
  endfacet
  facet normal 0 0 0
    outer loop
      vertex 2.927422074112307 2.9274220741123065 -18
      vertex 3.3825444045080966 5.062335448258722 -16.5
      vertex 4.455843099531527 4.455843099531526 -16.5
    endloop
  endfacet
  facet normal 0 0 0
    outer loop
      vertex 2.222280932078409 3.325878449210181 -18
      vertex 1.4771580489292466 3.566174995493567 -18
      vertex 2.2483893106649875 5.428091967302105 -16.5
    endloop
  endfacet
  facet normal 0 0 0
    outer loop
      vertex 2.222280932078409 3.325878449210181 -18
      vertex 2.2483893106649875 5.428091967302105 -16.5
      vertex 3.3825444045080966 5.062335448258722 -16.5
    endloop
  endfacet
  facet normal 0 0 0
    outer loop
      vertex 1.4771580489292466 3.566174995493567 -18
      vertex 0.7803612880645133 3.9231411216129217 -18
      vertex 1.1877916380124962 5.971431810197069 -16.5
    endloop
  endfacet
  facet normal 0 0 0
    outer loop
      vertex 1.4771580489292466 3.566174995493567 -18
      vertex 1.1877916380124962 5.971431810197069 -16.5
      vertex 2.2483893106649875 5.428091967302105 -16.5
    endloop
  endfacet
  facet normal 0 0 0
    outer loop
      vertex 0.7803612880645133 3.9231411216129217 -18
      vertex 2.5350188742350207e-16 4.14 -18
      vertex 3.8585643176744574e-16 6.301513743164054 -16.5
    endloop
  endfacet
  facet normal 0 0 0
    outer loop
      vertex 0.7803612880645133 3.9231411216129217 -18
      vertex 3.8585643176744574e-16 6.301513743164054 -16.5
      vertex 1.1877916380124962 5.971431810197069 -16.5
    endloop
  endfacet
  facet normal 0 0 0
    outer loop
      vertex 2.5350188742350207e-16 4.14 -18
      vertex -0.7803612880645128 3.9231411216129217 -18
      vertex -1.1877916380124953 5.971431810197069 -16.5
    endloop
  endfacet
  facet normal 0 0 0
    outer loop
      vertex 2.5350188742350207e-16 4.14 -18
      vertex -1.1877916380124953 5.971431810197069 -16.5
      vertex 3.8585643176744574e-16 6.301513743164054 -16.5
    endloop
  endfacet
  facet normal 0 0 0
    outer loop
      vertex -0.7803612880645128 3.9231411216129217 -18
      vertex -1.4771580489292464 3.566174995493567 -18
      vertex -2.2483893106649866 5.428091967302105 -16.5
    endloop
  endfacet
  facet normal 0 0 0
    outer loop
      vertex -0.7803612880645128 3.9231411216129217 -18
      vertex -2.2483893106649866 5.428091967302105 -16.5
      vertex -1.1877916380124953 5.971431810197069 -16.5
    endloop
  endfacet
  facet normal 0 0 0
    outer loop
      vertex -1.4771580489292464 3.566174995493567 -18
      vertex -2.2222809320784074 3.325878449210181 -18
      vertex -3.382544404508094 5.062335448258722 -16.5
    endloop
  endfacet
  facet normal 0 0 0
    outer loop
      vertex -1.4771580489292464 3.566174995493567 -18
      vertex -3.382544404508094 5.062335448258722 -16.5
      vertex -2.2483893106649866 5.428091967302105 -16.5
    endloop
  endfacet
  facet normal 0 0 0
    outer loop
      vertex -2.2222809320784074 3.325878449210181 -18
      vertex -2.9274220741123065 2.927422074112307 -18
      vertex -4.455843099531526 4.455843099531527 -16.5
    endloop
  endfacet
  facet normal 0 0 0
    outer loop
      vertex -2.2222809320784074 3.325878449210181 -18
      vertex -4.455843099531526 4.455843099531527 -16.5
      vertex -3.382544404508094 5.062335448258722 -16.5
    endloop
  endfacet
  facet normal 0 0 0
    outer loop
      vertex -2.9274220741123065 2.927422074112307 -18
      vertex -3.3258784492101814 2.2222809320784087 -18
      vertex -5.062335448258722 3.3825444045080957 -16.5
    endloop
  endfacet
  facet normal 0 0 0
    outer loop
      vertex -2.9274220741123065 2.927422074112307 -18
      vertex -5.062335448258722 3.3825444045080957 -16.5
      vertex -4.455843099531526 4.455843099531527 -16.5
    endloop
  endfacet
  facet normal 0 0 0
    outer loop
      vertex -3.3258784492101814 2.2222809320784087 -18
      vertex -3.566174995493567 1.4771580489292468 -18
      vertex -5.428091967302105 2.248389310664988 -16.5
    endloop
  endfacet
  facet normal 0 0 0
    outer loop
      vertex -3.3258784492101814 2.2222809320784087 -18
      vertex -5.428091967302105 2.248389310664988 -16.5
      vertex -5.062335448258722 3.3825444045080957 -16.5
    endloop
  endfacet
  facet normal 0 0 0
    outer loop
      vertex -3.566174995493567 1.4771580489292468 -18
      vertex -3.9231411216129213 0.7803612880645143 -18
      vertex -5.9714318101970685 1.1877916380124978 -16.5
    endloop
  endfacet
  facet normal 0 0 0
    outer loop
      vertex -3.566174995493567 1.4771580489292468 -18
      vertex -5.9714318101970685 1.1877916380124978 -16.5
      vertex -5.428091967302105 2.248389310664988 -16.5
    endloop
  endfacet
  facet normal 0 0 0
    outer loop
      vertex -3.9231411216129213 0.7803612880645143 -18
      vertex -4.14 5.070037748470041e-16 -18
      vertex -6.301513743164054 7.717128635348915e-16 -16.5
    endloop
  endfacet
  facet normal 0 0 0
    outer loop
      vertex -3.9231411216129213 0.7803612880645143 -18
      vertex -6.301513743164054 7.717128635348915e-16 -16.5
      vertex -5.9714318101970685 1.1877916380124978 -16.5
    endloop
  endfacet
  facet normal 0 0 0
    outer loop
      vertex -4.14 5.070037748470041e-16 -18
      vertex -3.9231411216129217 -0.7803612880645134 -18
      vertex -5.971431810197069 -1.1877916380124962 -16.5
    endloop
  endfacet
  facet normal 0 0 0
    outer loop
      vertex -4.14 5.070037748470041e-16 -18
      vertex -5.971431810197069 -1.1877916380124962 -16.5
      vertex -6.301513743164054 7.717128635348915e-16 -16.5
    endloop
  endfacet
  facet normal 0 0 0
    outer loop
      vertex -3.9231411216129217 -0.7803612880645134 -18
      vertex -3.5661749954935673 -1.477158048929246 -18
      vertex -5.428091967302106 -2.248389310664986 -16.5
    endloop
  endfacet
  facet normal 0 0 0
    outer loop
      vertex -3.9231411216129217 -0.7803612880645134 -18
      vertex -5.428091967302106 -2.248389310664986 -16.5
      vertex -5.971431810197069 -1.1877916380124962 -16.5
    endloop
  endfacet
  facet normal 0 0 0
    outer loop
      vertex -3.5661749954935673 -1.477158048929246 -18
      vertex -3.3258784492101814 -2.2222809320784074 -18
      vertex -5.062335448258722 -3.382544404508094 -16.5
    endloop
  endfacet
  facet normal 0 0 0
    outer loop
      vertex -3.5661749954935673 -1.477158048929246 -18
      vertex -5.062335448258722 -3.382544404508094 -16.5
      vertex -5.428091967302106 -2.248389310664986 -16.5
    endloop
  endfacet
  facet normal 0 0 0
    outer loop
      vertex -3.3258784492101814 -2.2222809320784074 -18
      vertex -2.9274220741123074 -2.9274220741123065 -18
      vertex -4.455843099531528 -4.455843099531526 -16.5
    endloop
  endfacet
  facet normal 0 0 0
    outer loop
      vertex -3.3258784492101814 -2.2222809320784074 -18
      vertex -4.455843099531528 -4.455843099531526 -16.5
      vertex -5.062335448258722 -3.382544404508094 -16.5
    endloop
  endfacet
  facet normal 0 0 0
    outer loop
      vertex -2.9274220741123074 -2.9274220741123065 -18
      vertex -2.2222809320784087 -3.325878449210181 -18
      vertex -3.3825444045080957 -5.062335448258722 -16.5
    endloop
  endfacet
  facet normal 0 0 0
    outer loop
      vertex -2.9274220741123074 -2.9274220741123065 -18
      vertex -3.3825444045080957 -5.062335448258722 -16.5
      vertex -4.455843099531528 -4.455843099531526 -16.5
    endloop
  endfacet
  facet normal 0 0 0
    outer loop
      vertex -2.2222809320784087 -3.325878449210181 -18
      vertex -1.4771580489292486 -3.566174995493566 -18
      vertex -2.24838931066499 -5.428091967302104 -16.5
    endloop
  endfacet
  facet normal 0 0 0
    outer loop
      vertex -2.2222809320784087 -3.325878449210181 -18
      vertex -2.24838931066499 -5.428091967302104 -16.5
      vertex -3.3825444045080957 -5.062335448258722 -16.5
    endloop
  endfacet
  facet normal 0 0 0
    outer loop
      vertex -1.4771580489292486 -3.566174995493566 -18
      vertex -0.7803612880645145 -3.923141121612921 -18
      vertex -1.187791638012498 -5.971431810197068 -16.5
    endloop
  endfacet
  facet normal 0 0 0
    outer loop
      vertex -1.4771580489292486 -3.566174995493566 -18
      vertex -1.187791638012498 -5.971431810197068 -16.5
      vertex -2.24838931066499 -5.428091967302104 -16.5
    endloop
  endfacet
  facet normal 0 0 0
    outer loop
      vertex -0.7803612880645145 -3.923141121612921 -18
      vertex -7.605056622705063e-16 -4.14 -18
      vertex -1.1575692953023372e-15 -6.301513743164054 -16.5
    endloop
  endfacet
  facet normal 0 0 0
    outer loop
      vertex -0.7803612880645145 -3.923141121612921 -18
      vertex -1.1575692953023372e-15 -6.301513743164054 -16.5
      vertex -1.187791638012498 -5.971431810197068 -16.5
    endloop
  endfacet
  facet normal 0 0 0
    outer loop
      vertex -7.605056622705063e-16 -4.14 -18
      vertex 0.7803612880645132 -3.9231411216129217 -18
      vertex 1.187791638012496 -5.971431810197069 -16.5
    endloop
  endfacet
  facet normal 0 0 0
    outer loop
      vertex -7.605056622705063e-16 -4.14 -18
      vertex 1.187791638012496 -5.971431810197069 -16.5
      vertex -1.1575692953023372e-15 -6.301513743164054 -16.5
    endloop
  endfacet
  facet normal 0 0 0
    outer loop
      vertex 0.7803612880645132 -3.9231411216129217 -18
      vertex 1.4771580489292473 -3.5661749954935664 -18
      vertex 2.2483893106649884 -5.428091967302105 -16.5
    endloop
  endfacet
  facet normal 0 0 0
    outer loop
      vertex 0.7803612880645132 -3.9231411216129217 -18
      vertex 2.2483893106649884 -5.428091967302105 -16.5
      vertex 1.187791638012496 -5.971431810197069 -16.5
    endloop
  endfacet
  facet normal 0 0 0
    outer loop
      vertex 1.4771580489292473 -3.5661749954935664 -18
      vertex 2.222280932078407 -3.3258784492101814 -18
      vertex 3.382544404508093 -5.062335448258722 -16.5
    endloop
  endfacet
  facet normal 0 0 0
    outer loop
      vertex 1.4771580489292473 -3.5661749954935664 -18
      vertex 3.382544404508093 -5.062335448258722 -16.5
      vertex 2.2483893106649884 -5.428091967302105 -16.5
    endloop
  endfacet
  facet normal 0 0 0
    outer loop
      vertex 2.222280932078407 -3.3258784492101814 -18
      vertex 2.9274220741123056 -2.9274220741123074 -18
      vertex 4.455843099531526 -4.455843099531528 -16.5
    endloop
  endfacet
  facet normal 0 0 0
    outer loop
      vertex 2.222280932078407 -3.3258784492101814 -18
      vertex 4.455843099531526 -4.455843099531528 -16.5
      vertex 3.382544404508093 -5.062335448258722 -16.5
    endloop
  endfacet
  facet normal 0 0 0
    outer loop
      vertex 2.9274220741123056 -2.9274220741123074 -18
      vertex 3.325878449210181 -2.2222809320784087 -18
      vertex 5.062335448258722 -3.3825444045080957 -16.5
    endloop
  endfacet
  facet normal 0 0 0
    outer loop
      vertex 2.9274220741123056 -2.9274220741123074 -18
      vertex 5.062335448258722 -3.3825444045080957 -16.5
      vertex 4.455843099531526 -4.455843099531528 -16.5
    endloop
  endfacet
  facet normal 0 0 0
    outer loop
      vertex 3.325878449210181 -2.2222809320784087 -18
      vertex 3.566174995493566 -1.4771580489292488 -18
      vertex 5.428091967302104 -2.2483893106649906 -16.5
    endloop
  endfacet
  facet normal 0 0 0
    outer loop
      vertex 3.325878449210181 -2.2222809320784087 -18
      vertex 5.428091967302104 -2.2483893106649906 -16.5
      vertex 5.062335448258722 -3.3825444045080957 -16.5
    endloop
  endfacet
  facet normal 0 0 0
    outer loop
      vertex 3.566174995493566 -1.4771580489292488 -18
      vertex 3.923141121612921 -0.7803612880645148 -18
      vertex 5.971431810197068 -1.1877916380124984 -16.5
    endloop
  endfacet
  facet normal 0 0 0
    outer loop
      vertex 3.566174995493566 -1.4771580489292488 -18
      vertex 5.971431810197068 -1.1877916380124984 -16.5
      vertex 5.428091967302104 -2.2483893106649906 -16.5
    endloop
  endfacet
  facet normal 0 0 0
    outer loop
      vertex 3.923141121612921 -0.7803612880645148 -18
      vertex 4.14 0 -18
      vertex 6.301513743164054 0 -16.5
    endloop
  endfacet
  facet normal 0 0 0
    outer loop
      vertex 3.923141121612921 -0.7803612880645148 -18
      vertex 6.301513743164054 0 -16.5
      vertex 5.971431810197068 -1.1877916380124984 -16.5
    endloop
  endfacet
  facet normal 0 0 0
    outer loop
      vertex 6.301513743164054 0 -16.5
      vertex 5.971431810197069 1.1877916380124955 -16.5
      vertex 7.984675677206076 1.5882507417118346 -15
    endloop
  endfacet
  facet normal 0 0 0
    outer loop
      vertex 6.301513743164054 0 -16.5
      vertex 7.984675677206076 1.5882507417118346 -15
      vertex 8.426043386897742 0 -15
    endloop
  endfacet
  facet normal 0 0 0
    outer loop
      vertex 5.971431810197069 1.1877916380124955 -16.5
      vertex 5.428091967302105 2.248389310664987 -16.5
      vertex 7.258151023502091 3.006424591686727 -15
    endloop
  endfacet
  facet normal 0 0 0
    outer loop
      vertex 5.971431810197069 1.1877916380124955 -16.5
      vertex 7.258151023502091 3.006424591686727 -15
      vertex 7.984675677206076 1.5882507417118346 -15
    endloop
  endfacet
  facet normal 0 0 0
    outer loop
      vertex 5.428091967302105 2.248389310664987 -16.5
      vertex 5.062335448258722 3.3825444045080957 -16.5
      vertex 6.769081186616707 4.522955447238703 -15
    endloop
  endfacet
  facet normal 0 0 0
    outer loop
      vertex 5.428091967302105 2.248389310664987 -16.5
      vertex 6.769081186616707 4.522955447238703 -15
      vertex 7.258151023502091 3.006424591686727 -15
    endloop
  endfacet
  facet normal 0 0 0
    outer loop
      vertex 5.062335448258722 3.3825444045080957 -16.5
      vertex 4.455843099531527 4.455843099531526 -16.5
      vertex 5.958112417447458 5.958112417447457 -15
    endloop
  endfacet
  facet normal 0 0 0
    outer loop
      vertex 5.062335448258722 3.3825444045080957 -16.5
      vertex 5.958112417447458 5.958112417447457 -15
      vertex 6.769081186616707 4.522955447238703 -15
    endloop
  endfacet
  facet normal 0 0 0
    outer loop
      vertex 4.455843099531527 4.455843099531526 -16.5
      vertex 3.3825444045080966 5.062335448258722 -16.5
      vertex 4.5229554472387035 6.769081186616707 -15
    endloop
  endfacet
  facet normal 0 0 0
    outer loop
      vertex 4.455843099531527 4.455843099531526 -16.5
      vertex 4.5229554472387035 6.769081186616707 -15
      vertex 5.958112417447458 5.958112417447457 -15
    endloop
  endfacet
  facet normal 0 0 0
    outer loop
      vertex 3.3825444045080966 5.062335448258722 -16.5
      vertex 2.2483893106649875 5.428091967302105 -16.5
      vertex 3.0064245916867276 7.258151023502091 -15
    endloop
  endfacet
  facet normal 0 0 0
    outer loop
      vertex 3.3825444045080966 5.062335448258722 -16.5
      vertex 3.0064245916867276 7.258151023502091 -15
      vertex 4.5229554472387035 6.769081186616707 -15
    endloop
  endfacet
  facet normal 0 0 0
    outer loop
      vertex 2.2483893106649875 5.428091967302105 -16.5
      vertex 1.1877916380124962 5.971431810197069 -16.5
      vertex 1.5882507417118352 7.984675677206076 -15
    endloop
  endfacet
  facet normal 0 0 0
    outer loop
      vertex 2.2483893106649875 5.428091967302105 -16.5
      vertex 1.5882507417118352 7.984675677206076 -15
      vertex 3.0064245916867276 7.258151023502091 -15
    endloop
  endfacet
  facet normal 0 0 0
    outer loop
      vertex 1.1877916380124962 5.971431810197069 -16.5
      vertex 3.8585643176744574e-16 6.301513743164054 -16.5
      vertex 5.159463531620522e-16 8.426043386897742 -15
    endloop
  endfacet
  facet normal 0 0 0
    outer loop
      vertex 1.1877916380124962 5.971431810197069 -16.5
      vertex 5.159463531620522e-16 8.426043386897742 -15
      vertex 1.5882507417118352 7.984675677206076 -15
    endloop
  endfacet
  facet normal 0 0 0
    outer loop
      vertex 3.8585643176744574e-16 6.301513743164054 -16.5
      vertex -1.1877916380124953 5.971431810197069 -16.5
      vertex -1.5882507417118341 7.984675677206076 -15
    endloop
  endfacet
  facet normal 0 0 0
    outer loop
      vertex 3.8585643176744574e-16 6.301513743164054 -16.5
      vertex -1.5882507417118341 7.984675677206076 -15
      vertex 5.159463531620522e-16 8.426043386897742 -15
    endloop
  endfacet
  facet normal 0 0 0
    outer loop
      vertex -1.1877916380124953 5.971431810197069 -16.5
      vertex -2.2483893106649866 5.428091967302105 -16.5
      vertex -3.0064245916867267 7.258151023502091 -15
    endloop
  endfacet
  facet normal 0 0 0
    outer loop
      vertex -1.1877916380124953 5.971431810197069 -16.5
      vertex -3.0064245916867267 7.258151023502091 -15
      vertex -1.5882507417118341 7.984675677206076 -15
    endloop
  endfacet
  facet normal 0 0 0
    outer loop
      vertex -2.2483893106649866 5.428091967302105 -16.5
      vertex -3.382544404508094 5.062335448258722 -16.5
      vertex -4.5229554472387 6.769081186616707 -15
    endloop
  endfacet
  facet normal 0 0 0
    outer loop
      vertex -2.2483893106649866 5.428091967302105 -16.5
      vertex -4.5229554472387 6.769081186616707 -15
      vertex -3.0064245916867267 7.258151023502091 -15
    endloop
  endfacet
  facet normal 0 0 0
    outer loop
      vertex -3.382544404508094 5.062335448258722 -16.5
      vertex -4.455843099531526 4.455843099531527 -16.5
      vertex -5.958112417447457 5.958112417447458 -15
    endloop
  endfacet
  facet normal 0 0 0
    outer loop
      vertex -3.382544404508094 5.062335448258722 -16.5
      vertex -5.958112417447457 5.958112417447458 -15
      vertex -4.5229554472387 6.769081186616707 -15
    endloop
  endfacet
  facet normal 0 0 0
    outer loop
      vertex -4.455843099531526 4.455843099531527 -16.5
      vertex -5.062335448258722 3.3825444045080957 -16.5
      vertex -6.769081186616708 4.522955447238703 -15
    endloop
  endfacet
  facet normal 0 0 0
    outer loop
      vertex -4.455843099531526 4.455843099531527 -16.5
      vertex -6.769081186616708 4.522955447238703 -15
      vertex -5.958112417447457 5.958112417447458 -15
    endloop
  endfacet
  facet normal 0 0 0
    outer loop
      vertex -5.062335448258722 3.3825444045080957 -16.5
      vertex -5.428091967302105 2.248389310664988 -16.5
      vertex -7.258151023502091 3.006424591686728 -15
    endloop
  endfacet
  facet normal 0 0 0
    outer loop
      vertex -5.062335448258722 3.3825444045080957 -16.5
      vertex -7.258151023502091 3.006424591686728 -15
      vertex -6.769081186616708 4.522955447238703 -15
    endloop
  endfacet
  facet normal 0 0 0
    outer loop
      vertex -5.428091967302105 2.248389310664988 -16.5
      vertex -5.9714318101970685 1.1877916380124978 -16.5
      vertex -7.9846756772060745 1.588250741711837 -15
    endloop
  endfacet
  facet normal 0 0 0
    outer loop
      vertex -5.428091967302105 2.248389310664988 -16.5
      vertex -7.9846756772060745 1.588250741711837 -15
      vertex -7.258151023502091 3.006424591686728 -15
    endloop
  endfacet
  facet normal 0 0 0
    outer loop
      vertex -5.9714318101970685 1.1877916380124978 -16.5
      vertex -6.301513743164054 7.717128635348915e-16 -16.5
      vertex -8.426043386897742 1.0318927063241044e-15 -15
    endloop
  endfacet
  facet normal 0 0 0
    outer loop
      vertex -5.9714318101970685 1.1877916380124978 -16.5
      vertex -8.426043386897742 1.0318927063241044e-15 -15
      vertex -7.9846756772060745 1.588250741711837 -15
    endloop
  endfacet
  facet normal 0 0 0
    outer loop
      vertex -6.301513743164054 7.717128635348915e-16 -16.5
      vertex -5.971431810197069 -1.1877916380124962 -16.5
      vertex -7.984675677206076 -1.5882507417118354 -15
    endloop
  endfacet
  facet normal 0 0 0
    outer loop
      vertex -6.301513743164054 7.717128635348915e-16 -16.5
      vertex -7.984675677206076 -1.5882507417118354 -15
      vertex -8.426043386897742 1.0318927063241044e-15 -15
    endloop
  endfacet
  facet normal 0 0 0
    outer loop
      vertex -5.971431810197069 -1.1877916380124962 -16.5
      vertex -5.428091967302106 -2.248389310664986 -16.5
      vertex -7.258151023502092 -3.006424591686726 -15
    endloop
  endfacet
  facet normal 0 0 0
    outer loop
      vertex -5.971431810197069 -1.1877916380124962 -16.5
      vertex -7.258151023502092 -3.006424591686726 -15
      vertex -7.984675677206076 -1.5882507417118354 -15
    endloop
  endfacet
  facet normal 0 0 0
    outer loop
      vertex -5.428091967302106 -2.248389310664986 -16.5
      vertex -5.062335448258722 -3.382544404508094 -16.5
      vertex -6.769081186616708 -4.5229554472387 -15
    endloop
  endfacet
  facet normal 0 0 0
    outer loop
      vertex -5.428091967302106 -2.248389310664986 -16.5
      vertex -6.769081186616708 -4.5229554472387 -15
      vertex -7.258151023502092 -3.006424591686726 -15
    endloop
  endfacet
  facet normal 0 0 0
    outer loop
      vertex -5.062335448258722 -3.382544404508094 -16.5
      vertex -4.455843099531528 -4.455843099531526 -16.5
      vertex -5.958112417447459 -5.958112417447457 -15
    endloop
  endfacet
  facet normal 0 0 0
    outer loop
      vertex -5.062335448258722 -3.382544404508094 -16.5
      vertex -5.958112417447459 -5.958112417447457 -15
      vertex -6.769081186616708 -4.5229554472387 -15
    endloop
  endfacet
  facet normal 0 0 0
    outer loop
      vertex -4.455843099531528 -4.455843099531526 -16.5
      vertex -3.3825444045080957 -5.062335448258722 -16.5
      vertex -4.522955447238703 -6.769081186616707 -15
    endloop
  endfacet
  facet normal 0 0 0
    outer loop
      vertex -4.455843099531528 -4.455843099531526 -16.5
      vertex -4.522955447238703 -6.769081186616707 -15
      vertex -5.958112417447459 -5.958112417447457 -15
    endloop
  endfacet
  facet normal 0 0 0
    outer loop
      vertex -3.3825444045080957 -5.062335448258722 -16.5
      vertex -2.24838931066499 -5.428091967302104 -16.5
      vertex -3.0064245916867316 -7.258151023502089 -15
    endloop
  endfacet
  facet normal 0 0 0
    outer loop
      vertex -3.3825444045080957 -5.062335448258722 -16.5
      vertex -3.0064245916867316 -7.258151023502089 -15
      vertex -4.522955447238703 -6.769081186616707 -15
    endloop
  endfacet
  facet normal 0 0 0
    outer loop
      vertex -2.24838931066499 -5.428091967302104 -16.5
      vertex -1.187791638012498 -5.971431810197068 -16.5
      vertex -1.5882507417118374 -7.984675677206074 -15
    endloop
  endfacet
  facet normal 0 0 0
    outer loop
      vertex -2.24838931066499 -5.428091967302104 -16.5
      vertex -1.5882507417118374 -7.984675677206074 -15
      vertex -3.0064245916867316 -7.258151023502089 -15
    endloop
  endfacet
  facet normal 0 0 0
    outer loop
      vertex -1.187791638012498 -5.971431810197068 -16.5
      vertex -1.1575692953023372e-15 -6.301513743164054 -16.5
      vertex -1.5478390594861564e-15 -8.426043386897742 -15
    endloop
  endfacet
  facet normal 0 0 0
    outer loop
      vertex -1.187791638012498 -5.971431810197068 -16.5
      vertex -1.5478390594861564e-15 -8.426043386897742 -15
      vertex -1.5882507417118374 -7.984675677206074 -15
    endloop
  endfacet
  facet normal 0 0 0
    outer loop
      vertex -1.1575692953023372e-15 -6.301513743164054 -16.5
      vertex 1.187791638012496 -5.971431810197069 -16.5
      vertex 1.588250741711835 -7.984675677206076 -15
    endloop
  endfacet
  facet normal 0 0 0
    outer loop
      vertex -1.1575692953023372e-15 -6.301513743164054 -16.5
      vertex 1.588250741711835 -7.984675677206076 -15
      vertex -1.5478390594861564e-15 -8.426043386897742 -15
    endloop
  endfacet
  facet normal 0 0 0
    outer loop
      vertex 1.187791638012496 -5.971431810197069 -16.5
      vertex 2.2483893106649884 -5.428091967302105 -16.5
      vertex 3.006424591686729 -7.25815102350209 -15
    endloop
  endfacet
  facet normal 0 0 0
    outer loop
      vertex 1.187791638012496 -5.971431810197069 -16.5
      vertex 3.006424591686729 -7.25815102350209 -15
      vertex 1.588250741711835 -7.984675677206076 -15
    endloop
  endfacet
  facet normal 0 0 0
    outer loop
      vertex 2.2483893106649884 -5.428091967302105 -16.5
      vertex 3.382544404508093 -5.062335448258722 -16.5
      vertex 4.522955447238699 -6.769081186616708 -15
    endloop
  endfacet
  facet normal 0 0 0
    outer loop
      vertex 2.2483893106649884 -5.428091967302105 -16.5
      vertex 4.522955447238699 -6.769081186616708 -15
      vertex 3.006424591686729 -7.25815102350209 -15
    endloop
  endfacet
  facet normal 0 0 0
    outer loop
      vertex 3.382544404508093 -5.062335448258722 -16.5
      vertex 4.455843099531526 -4.455843099531528 -16.5
      vertex 5.958112417447456 -5.958112417447459 -15
    endloop
  endfacet
  facet normal 0 0 0
    outer loop
      vertex 3.382544404508093 -5.062335448258722 -16.5
      vertex 5.958112417447456 -5.958112417447459 -15
      vertex 4.522955447238699 -6.769081186616708 -15
    endloop
  endfacet
  facet normal 0 0 0
    outer loop
      vertex 4.455843099531526 -4.455843099531528 -16.5
      vertex 5.062335448258722 -3.3825444045080957 -16.5
      vertex 6.769081186616707 -4.522955447238703 -15
    endloop
  endfacet
  facet normal 0 0 0
    outer loop
      vertex 4.455843099531526 -4.455843099531528 -16.5
      vertex 6.769081186616707 -4.522955447238703 -15
      vertex 5.958112417447456 -5.958112417447459 -15
    endloop
  endfacet
  facet normal 0 0 0
    outer loop
      vertex 5.062335448258722 -3.3825444045080957 -16.5
      vertex 5.428091967302104 -2.2483893106649906 -16.5
      vertex 7.258151023502089 -3.006424591686732 -15
    endloop
  endfacet
  facet normal 0 0 0
    outer loop
      vertex 5.062335448258722 -3.3825444045080957 -16.5
      vertex 7.258151023502089 -3.006424591686732 -15
      vertex 6.769081186616707 -4.522955447238703 -15
    endloop
  endfacet
  facet normal 0 0 0
    outer loop
      vertex 5.428091967302104 -2.2483893106649906 -16.5
      vertex 5.971431810197068 -1.1877916380124984 -16.5
      vertex 7.984675677206074 -1.5882507417118379 -15
    endloop
  endfacet
  facet normal 0 0 0
    outer loop
      vertex 5.428091967302104 -2.2483893106649906 -16.5
      vertex 7.984675677206074 -1.5882507417118379 -15
      vertex 7.258151023502089 -3.006424591686732 -15
    endloop
  endfacet
  facet normal 0 0 0
    outer loop
      vertex 5.971431810197068 -1.1877916380124984 -16.5
      vertex 6.301513743164054 0 -16.5
      vertex 8.426043386897742 0 -15
    endloop
  endfacet
  facet normal 0 0 0
    outer loop
      vertex 5.971431810197068 -1.1877916380124984 -16.5
      vertex 8.426043386897742 0 -15
      vertex 7.984675677206074 -1.5882507417118379 -15
    endloop
  endfacet
  facet normal 0 0 0
    outer loop
      vertex 8.426043386897742 0 -15
      vertex 7.984675677206076 1.5882507417118346 -15
      vertex 9.928425561898766 1.9748866328699948 -13.5
    endloop
  endfacet
  facet normal 0 0 0
    outer loop
      vertex 8.426043386897742 0 -15
      vertex 9.928425561898766 1.9748866328699948 -13.5
      vertex 10.477237639965887 0 -13.5
    endloop
  endfacet
  facet normal 0 0 0
    outer loop
      vertex 7.984675677206076 1.5882507417118346 -15
      vertex 7.258151023502091 3.006424591686727 -15
      vertex 9.025039346253713 3.7382936981690995 -13.5
    endloop
  endfacet
  facet normal 0 0 0
    outer loop
      vertex 7.984675677206076 1.5882507417118346 -15
      vertex 9.025039346253713 3.7382936981690995 -13.5
      vertex 9.928425561898766 1.9748866328699948 -13.5
    endloop
  endfacet
  facet normal 0 0 0
    outer loop
      vertex 7.258151023502091 3.006424591686727 -15
      vertex 6.769081186616707 4.522955447238703 -15
      vertex 8.416912771501517 5.624001311147435 -13.5
    endloop
  endfacet
  facet normal 0 0 0
    outer loop
      vertex 7.258151023502091 3.006424591686727 -15
      vertex 8.416912771501517 5.624001311147435 -13.5
      vertex 9.025039346253713 3.7382936981690995 -13.5
    endloop
  endfacet
  facet normal 0 0 0
    outer loop
      vertex 6.769081186616707 4.522955447238703 -15
      vertex 5.958112417447458 5.958112417447457 -15
      vertex 7.408525783322818 7.408525783322817 -13.5
    endloop
  endfacet
  facet normal 0 0 0
    outer loop
      vertex 6.769081186616707 4.522955447238703 -15
      vertex 7.408525783322818 7.408525783322817 -13.5
      vertex 8.416912771501517 5.624001311147435 -13.5
    endloop
  endfacet
  facet normal 0 0 0
    outer loop
      vertex 5.958112417447458 5.958112417447457 -15
      vertex 4.5229554472387035 6.769081186616707 -15
      vertex 5.624001311147436 8.416912771501517 -13.5
    endloop
  endfacet
  facet normal 0 0 0
    outer loop
      vertex 5.958112417447458 5.958112417447457 -15
      vertex 5.624001311147436 8.416912771501517 -13.5
      vertex 7.408525783322818 7.408525783322817 -13.5
    endloop
  endfacet
  facet normal 0 0 0
    outer loop
      vertex 4.5229554472387035 6.769081186616707 -15
      vertex 3.0064245916867276 7.258151023502091 -15
      vertex 3.7382936981691004 9.025039346253713 -13.5
    endloop
  endfacet
  facet normal 0 0 0
    outer loop
      vertex 4.5229554472387035 6.769081186616707 -15
      vertex 3.7382936981691004 9.025039346253713 -13.5
      vertex 5.624001311147436 8.416912771501517 -13.5
    endloop
  endfacet
  facet normal 0 0 0
    outer loop
      vertex 3.0064245916867276 7.258151023502091 -15
      vertex 1.5882507417118352 7.984675677206076 -15
      vertex 1.9748866328699957 9.928425561898766 -13.5
    endloop
  endfacet
  facet normal 0 0 0
    outer loop
      vertex 3.0064245916867276 7.258151023502091 -15
      vertex 1.9748866328699957 9.928425561898766 -13.5
      vertex 3.7382936981691004 9.025039346253713 -13.5
    endloop
  endfacet
  facet normal 0 0 0
    outer loop
      vertex 1.5882507417118352 7.984675677206076 -15
      vertex 5.159463531620522e-16 8.426043386897742 -15
      vertex 6.415457769845196e-16 10.477237639965887 -13.5
    endloop
  endfacet
  facet normal 0 0 0
    outer loop
      vertex 1.5882507417118352 7.984675677206076 -15
      vertex 6.415457769845196e-16 10.477237639965887 -13.5
      vertex 1.9748866328699957 9.928425561898766 -13.5
    endloop
  endfacet
  facet normal 0 0 0
    outer loop
      vertex 5.159463531620522e-16 8.426043386897742 -15
      vertex -1.5882507417118341 7.984675677206076 -15
      vertex -1.974886632869994 9.928425561898766 -13.5
    endloop
  endfacet
  facet normal 0 0 0
    outer loop
      vertex 5.159463531620522e-16 8.426043386897742 -15
      vertex -1.974886632869994 9.928425561898766 -13.5
      vertex 6.415457769845196e-16 10.477237639965887 -13.5
    endloop
  endfacet
  facet normal 0 0 0
    outer loop
      vertex -1.5882507417118341 7.984675677206076 -15
      vertex -3.0064245916867267 7.258151023502091 -15
      vertex -3.738293698169099 9.025039346253713 -13.5
    endloop
  endfacet
  facet normal 0 0 0
    outer loop
      vertex -1.5882507417118341 7.984675677206076 -15
      vertex -3.738293698169099 9.025039346253713 -13.5
      vertex -1.974886632869994 9.928425561898766 -13.5
    endloop
  endfacet
  facet normal 0 0 0
    outer loop
      vertex -3.0064245916867267 7.258151023502091 -15
      vertex -4.5229554472387 6.769081186616707 -15
      vertex -5.624001311147431 8.416912771501517 -13.5
    endloop
  endfacet
  facet normal 0 0 0
    outer loop
      vertex -3.0064245916867267 7.258151023502091 -15
      vertex -5.624001311147431 8.416912771501517 -13.5
      vertex -3.738293698169099 9.025039346253713 -13.5
    endloop
  endfacet
  facet normal 0 0 0
    outer loop
      vertex -4.5229554472387 6.769081186616707 -15
      vertex -5.958112417447457 5.958112417447458 -15
      vertex -7.408525783322817 7.408525783322818 -13.5
    endloop
  endfacet
  facet normal 0 0 0
    outer loop
      vertex -4.5229554472387 6.769081186616707 -15
      vertex -7.408525783322817 7.408525783322818 -13.5
      vertex -5.624001311147431 8.416912771501517 -13.5
    endloop
  endfacet
  facet normal 0 0 0
    outer loop
      vertex -5.958112417447457 5.958112417447458 -15
      vertex -6.769081186616708 4.522955447238703 -15
      vertex -8.416912771501519 5.624001311147435 -13.5
    endloop
  endfacet
  facet normal 0 0 0
    outer loop
      vertex -5.958112417447457 5.958112417447458 -15
      vertex -8.416912771501519 5.624001311147435 -13.5
      vertex -7.408525783322817 7.408525783322818 -13.5
    endloop
  endfacet
  facet normal 0 0 0
    outer loop
      vertex -6.769081186616708 4.522955447238703 -15
      vertex -7.258151023502091 3.006424591686728 -15
      vertex -9.025039346253713 3.738293698169101 -13.5
    endloop
  endfacet
  facet normal 0 0 0
    outer loop
      vertex -6.769081186616708 4.522955447238703 -15
      vertex -9.025039346253713 3.738293698169101 -13.5
      vertex -8.416912771501519 5.624001311147435 -13.5
    endloop
  endfacet
  facet normal 0 0 0
    outer loop
      vertex -7.258151023502091 3.006424591686728 -15
      vertex -7.9846756772060745 1.588250741711837 -15
      vertex -9.928425561898765 1.974886632869998 -13.5
    endloop
  endfacet
  facet normal 0 0 0
    outer loop
      vertex -7.258151023502091 3.006424591686728 -15
      vertex -9.928425561898765 1.974886632869998 -13.5
      vertex -9.025039346253713 3.738293698169101 -13.5
    endloop
  endfacet
  facet normal 0 0 0
    outer loop
      vertex -7.9846756772060745 1.588250741711837 -15
      vertex -8.426043386897742 1.0318927063241044e-15 -15
      vertex -10.477237639965887 1.2830915539690393e-15 -13.5
    endloop
  endfacet
  facet normal 0 0 0
    outer loop
      vertex -7.9846756772060745 1.588250741711837 -15
      vertex -10.477237639965887 1.2830915539690393e-15 -13.5
      vertex -9.928425561898765 1.974886632869998 -13.5
    endloop
  endfacet
  facet normal 0 0 0
    outer loop
      vertex -8.426043386897742 1.0318927063241044e-15 -15
      vertex -7.984675677206076 -1.5882507417118354 -15
      vertex -9.928425561898766 -1.9748866328699959 -13.5
    endloop
  endfacet
  facet normal 0 0 0
    outer loop
      vertex -8.426043386897742 1.0318927063241044e-15 -15
      vertex -9.928425561898766 -1.9748866328699959 -13.5
      vertex -10.477237639965887 1.2830915539690393e-15 -13.5
    endloop
  endfacet
  facet normal 0 0 0
    outer loop
      vertex -7.984675677206076 -1.5882507417118354 -15
      vertex -7.258151023502092 -3.006424591686726 -15
      vertex -9.025039346253715 -3.738293698169098 -13.5
    endloop
  endfacet
  facet normal 0 0 0
    outer loop
      vertex -7.984675677206076 -1.5882507417118354 -15
      vertex -9.025039346253715 -3.738293698169098 -13.5
      vertex -9.928425561898766 -1.9748866328699959 -13.5
    endloop
  endfacet
  facet normal 0 0 0
    outer loop
      vertex -7.258151023502092 -3.006424591686726 -15
      vertex -6.769081186616708 -4.5229554472387 -15
      vertex -8.416912771501519 -5.624001311147431 -13.5
    endloop
  endfacet
  facet normal 0 0 0
    outer loop
      vertex -7.258151023502092 -3.006424591686726 -15
      vertex -8.416912771501519 -5.624001311147431 -13.5
      vertex -9.025039346253715 -3.738293698169098 -13.5
    endloop
  endfacet
  facet normal 0 0 0
    outer loop
      vertex -6.769081186616708 -4.5229554472387 -15
      vertex -5.958112417447459 -5.958112417447457 -15
      vertex -7.40852578332282 -7.408525783322817 -13.5
    endloop
  endfacet
  facet normal 0 0 0
    outer loop
      vertex -6.769081186616708 -4.5229554472387 -15
      vertex -7.40852578332282 -7.408525783322817 -13.5
      vertex -8.416912771501519 -5.624001311147431 -13.5
    endloop
  endfacet
  facet normal 0 0 0
    outer loop
      vertex -5.958112417447459 -5.958112417447457 -15
      vertex -4.522955447238703 -6.769081186616707 -15
      vertex -5.624001311147435 -8.416912771501517 -13.5
    endloop
  endfacet
  facet normal 0 0 0
    outer loop
      vertex -5.958112417447459 -5.958112417447457 -15
      vertex -5.624001311147435 -8.416912771501517 -13.5
      vertex -7.40852578332282 -7.408525783322817 -13.5
    endloop
  endfacet
  facet normal 0 0 0
    outer loop
      vertex -4.522955447238703 -6.769081186616707 -15
      vertex -3.0064245916867316 -7.258151023502089 -15
      vertex -3.7382936981691053 -9.025039346253712 -13.5
    endloop
  endfacet
  facet normal 0 0 0
    outer loop
      vertex -4.522955447238703 -6.769081186616707 -15
      vertex -3.7382936981691053 -9.025039346253712 -13.5
      vertex -5.624001311147435 -8.416912771501517 -13.5
    endloop
  endfacet
  facet normal 0 0 0
    outer loop
      vertex -3.0064245916867316 -7.258151023502089 -15
      vertex -1.5882507417118374 -7.984675677206074 -15
      vertex -1.9748866328699985 -9.928425561898763 -13.5
    endloop
  endfacet
  facet normal 0 0 0
    outer loop
      vertex -3.0064245916867316 -7.258151023502089 -15
      vertex -1.9748866328699985 -9.928425561898763 -13.5
      vertex -3.7382936981691053 -9.025039346253712 -13.5
    endloop
  endfacet
  facet normal 0 0 0
    outer loop
      vertex -1.5882507417118374 -7.984675677206074 -15
      vertex -1.5478390594861564e-15 -8.426043386897742 -15
      vertex -1.9246373309535586e-15 -10.477237639965887 -13.5
    endloop
  endfacet
  facet normal 0 0 0
    outer loop
      vertex -1.5882507417118374 -7.984675677206074 -15
      vertex -1.9246373309535586e-15 -10.477237639965887 -13.5
      vertex -1.9748866328699985 -9.928425561898763 -13.5
    endloop
  endfacet
  facet normal 0 0 0
    outer loop
      vertex -1.5478390594861564e-15 -8.426043386897742 -15
      vertex 1.588250741711835 -7.984675677206076 -15
      vertex 1.9748866328699954 -9.928425561898766 -13.5
    endloop
  endfacet
  facet normal 0 0 0
    outer loop
      vertex -1.5478390594861564e-15 -8.426043386897742 -15
      vertex 1.9748866328699954 -9.928425561898766 -13.5
      vertex -1.9246373309535586e-15 -10.477237639965887 -13.5
    endloop
  endfacet
  facet normal 0 0 0
    outer loop
      vertex 1.588250741711835 -7.984675677206076 -15
      vertex 3.006424591686729 -7.25815102350209 -15
      vertex 3.7382936981691017 -9.025039346253712 -13.5
    endloop
  endfacet
  facet normal 0 0 0
    outer loop
      vertex 1.588250741711835 -7.984675677206076 -15
      vertex 3.7382936981691017 -9.025039346253712 -13.5
      vertex 1.9748866328699954 -9.928425561898766 -13.5
    endloop
  endfacet
  facet normal 0 0 0
    outer loop
      vertex 3.006424591686729 -7.25815102350209 -15
      vertex 4.522955447238699 -6.769081186616708 -15
      vertex 5.62400131114743 -8.416912771501519 -13.5
    endloop
  endfacet
  facet normal 0 0 0
    outer loop
      vertex 3.006424591686729 -7.25815102350209 -15
      vertex 5.62400131114743 -8.416912771501519 -13.5
      vertex 3.7382936981691017 -9.025039346253712 -13.5
    endloop
  endfacet
  facet normal 0 0 0
    outer loop
      vertex 4.522955447238699 -6.769081186616708 -15
      vertex 5.958112417447456 -5.958112417447459 -15
      vertex 7.408525783322816 -7.40852578332282 -13.5
    endloop
  endfacet
  facet normal 0 0 0
    outer loop
      vertex 4.522955447238699 -6.769081186616708 -15
      vertex 7.408525783322816 -7.40852578332282 -13.5
      vertex 5.62400131114743 -8.416912771501519 -13.5
    endloop
  endfacet
  facet normal 0 0 0
    outer loop
      vertex 5.958112417447456 -5.958112417447459 -15
      vertex 6.769081186616707 -4.522955447238703 -15
      vertex 8.416912771501517 -5.624001311147435 -13.5
    endloop
  endfacet
  facet normal 0 0 0
    outer loop
      vertex 5.958112417447456 -5.958112417447459 -15
      vertex 8.416912771501517 -5.624001311147435 -13.5
      vertex 7.408525783322816 -7.40852578332282 -13.5
    endloop
  endfacet
  facet normal 0 0 0
    outer loop
      vertex 6.769081186616707 -4.522955447238703 -15
      vertex 7.258151023502089 -3.006424591686732 -15
      vertex 9.025039346253712 -3.7382936981691057 -13.5
    endloop
  endfacet
  facet normal 0 0 0
    outer loop
      vertex 6.769081186616707 -4.522955447238703 -15
      vertex 9.025039346253712 -3.7382936981691057 -13.5
      vertex 8.416912771501517 -5.624001311147435 -13.5
    endloop
  endfacet
  facet normal 0 0 0
    outer loop
      vertex 7.258151023502089 -3.006424591686732 -15
      vertex 7.984675677206074 -1.5882507417118379 -15
      vertex 9.928425561898763 -1.9748866328699992 -13.5
    endloop
  endfacet
  facet normal 0 0 0
    outer loop
      vertex 7.258151023502089 -3.006424591686732 -15
      vertex 9.928425561898763 -1.9748866328699992 -13.5
      vertex 9.025039346253712 -3.7382936981691057 -13.5
    endloop
  endfacet
  facet normal 0 0 0
    outer loop
      vertex 7.984675677206074 -1.5882507417118379 -15
      vertex 8.426043386897742 0 -15
      vertex 10.477237639965887 0 -13.5
    endloop
  endfacet
  facet normal 0 0 0
    outer loop
      vertex 7.984675677206074 -1.5882507417118379 -15
      vertex 10.477237639965887 0 -13.5
      vertex 9.928425561898763 -1.9748866328699992 -13.5
    endloop
  endfacet
  facet normal 0 0 0
    outer loop
      vertex 10.477237639965887 0 -13.5
      vertex 9.928425561898766 1.9748866328699948 -13.5
      vertex 11.769423364838765 2.341083864193539 -12.000000000000002
    endloop
  endfacet
  facet normal 0 0 0
    outer loop
      vertex 10.477237639965887 0 -13.5
      vertex 11.769423364838765 2.341083864193539 -12.000000000000002
      vertex 12.419999999999998 0 -12.000000000000002
    endloop
  endfacet
  facet normal 0 0 0
    outer loop
      vertex 9.928425561898766 1.9748866328699948 -13.5
      vertex 9.025039346253713 3.7382936981690995 -13.5
      vertex 10.6985249864807 4.43147414678774 -12.000000000000002
    endloop
  endfacet
  facet normal 0 0 0
    outer loop
      vertex 9.928425561898766 1.9748866328699948 -13.5
      vertex 10.6985249864807 4.43147414678774 -12.000000000000002
      vertex 11.769423364838765 2.341083864193539 -12.000000000000002
    endloop
  endfacet
  facet normal 0 0 0
    outer loop
      vertex 9.025039346253713 3.7382936981690995 -13.5
      vertex 8.416912771501517 5.624001311147435 -13.5
      vertex 9.977635347630542 6.666842796235226 -12.000000000000002
    endloop
  endfacet
  facet normal 0 0 0
    outer loop
      vertex 9.025039346253713 3.7382936981690995 -13.5
      vertex 9.977635347630542 6.666842796235226 -12.000000000000002
      vertex 10.6985249864807 4.43147414678774 -12.000000000000002
    endloop
  endfacet
  facet normal 0 0 0
    outer loop
      vertex 8.416912771501517 5.624001311147435 -13.5
      vertex 7.408525783322818 7.408525783322817 -13.5
      vertex 8.78226622233692 8.782266222336919 -12.000000000000002
    endloop
  endfacet
  facet normal 0 0 0
    outer loop
      vertex 8.416912771501517 5.624001311147435 -13.5
      vertex 8.78226622233692 8.782266222336919 -12.000000000000002
      vertex 9.977635347630542 6.666842796235226 -12.000000000000002
    endloop
  endfacet
  facet normal 0 0 0
    outer loop
      vertex 7.408525783322818 7.408525783322817 -13.5
      vertex 5.624001311147436 8.416912771501517 -13.5
      vertex 6.666842796235228 9.977635347630542 -12.000000000000002
    endloop
  endfacet
  facet normal 0 0 0
    outer loop
      vertex 7.408525783322818 7.408525783322817 -13.5
      vertex 6.666842796235228 9.977635347630542 -12.000000000000002
      vertex 8.78226622233692 8.782266222336919 -12.000000000000002
    endloop
  endfacet
  facet normal 0 0 0
    outer loop
      vertex 5.624001311147436 8.416912771501517 -13.5
      vertex 3.7382936981691004 9.025039346253713 -13.5
      vertex 4.431474146787741 10.6985249864807 -12.000000000000002
    endloop
  endfacet
  facet normal 0 0 0
    outer loop
      vertex 5.624001311147436 8.416912771501517 -13.5
      vertex 4.431474146787741 10.6985249864807 -12.000000000000002
      vertex 6.666842796235228 9.977635347630542 -12.000000000000002
    endloop
  endfacet
  facet normal 0 0 0
    outer loop
      vertex 3.7382936981691004 9.025039346253713 -13.5
      vertex 1.9748866328699957 9.928425561898766 -13.5
      vertex 2.34108386419354 11.769423364838765 -12.000000000000002
    endloop
  endfacet
  facet normal 0 0 0
    outer loop
      vertex 3.7382936981691004 9.025039346253713 -13.5
      vertex 2.34108386419354 11.769423364838765 -12.000000000000002
      vertex 4.431474146787741 10.6985249864807 -12.000000000000002
    endloop
  endfacet
  facet normal 0 0 0
    outer loop
      vertex 1.9748866328699957 9.928425561898766 -13.5
      vertex 6.415457769845196e-16 10.477237639965887 -13.5
      vertex 7.605056622705063e-16 12.419999999999998 -12.000000000000002
    endloop
  endfacet
  facet normal 0 0 0
    outer loop
      vertex 1.9748866328699957 9.928425561898766 -13.5
      vertex 7.605056622705063e-16 12.419999999999998 -12.000000000000002
      vertex 2.34108386419354 11.769423364838765 -12.000000000000002
    endloop
  endfacet
  facet normal 0 0 0
    outer loop
      vertex 6.415457769845196e-16 10.477237639965887 -13.5
      vertex -1.974886632869994 9.928425561898766 -13.5
      vertex -2.3410838641935383 11.769423364838765 -12.000000000000002
    endloop
  endfacet
  facet normal 0 0 0
    outer loop
      vertex 6.415457769845196e-16 10.477237639965887 -13.5
      vertex -2.3410838641935383 11.769423364838765 -12.000000000000002
      vertex 7.605056622705063e-16 12.419999999999998 -12.000000000000002
    endloop
  endfacet
  facet normal 0 0 0
    outer loop
      vertex -1.974886632869994 9.928425561898766 -13.5
      vertex -3.738293698169099 9.025039346253713 -13.5
      vertex -4.431474146787739 10.6985249864807 -12.000000000000002
    endloop
  endfacet
  facet normal 0 0 0
    outer loop
      vertex -1.974886632869994 9.928425561898766 -13.5
      vertex -4.431474146787739 10.6985249864807 -12.000000000000002
      vertex -2.3410838641935383 11.769423364838765 -12.000000000000002
    endloop
  endfacet
  facet normal 0 0 0
    outer loop
      vertex -3.738293698169099 9.025039346253713 -13.5
      vertex -5.624001311147431 8.416912771501517 -13.5
      vertex -6.666842796235223 9.977635347630542 -12.000000000000002
    endloop
  endfacet
  facet normal 0 0 0
    outer loop
      vertex -3.738293698169099 9.025039346253713 -13.5
      vertex -6.666842796235223 9.977635347630542 -12.000000000000002
      vertex -4.431474146787739 10.6985249864807 -12.000000000000002
    endloop
  endfacet
  facet normal 0 0 0
    outer loop
      vertex -5.624001311147431 8.416912771501517 -13.5
      vertex -7.408525783322817 7.408525783322818 -13.5
      vertex -8.782266222336919 8.78226622233692 -12.000000000000002
    endloop
  endfacet
  facet normal 0 0 0
    outer loop
      vertex -5.624001311147431 8.416912771501517 -13.5
      vertex -8.782266222336919 8.78226622233692 -12.000000000000002
      vertex -6.666842796235223 9.977635347630542 -12.000000000000002
    endloop
  endfacet
  facet normal 0 0 0
    outer loop
      vertex -7.408525783322817 7.408525783322818 -13.5
      vertex -8.416912771501519 5.624001311147435 -13.5
      vertex -9.977635347630544 6.666842796235226 -12.000000000000002
    endloop
  endfacet
  facet normal 0 0 0
    outer loop
      vertex -7.408525783322817 7.408525783322818 -13.5
      vertex -9.977635347630544 6.666842796235226 -12.000000000000002
      vertex -8.782266222336919 8.78226622233692 -12.000000000000002
    endloop
  endfacet
  facet normal 0 0 0
    outer loop
      vertex -8.416912771501519 5.624001311147435 -13.5
      vertex -9.025039346253713 3.738293698169101 -13.5
      vertex -10.6985249864807 4.431474146787741 -12.000000000000002
    endloop
  endfacet
  facet normal 0 0 0
    outer loop
      vertex -8.416912771501519 5.624001311147435 -13.5
      vertex -10.6985249864807 4.431474146787741 -12.000000000000002
      vertex -9.977635347630544 6.666842796235226 -12.000000000000002
    endloop
  endfacet
  facet normal 0 0 0
    outer loop
      vertex -9.025039346253713 3.738293698169101 -13.5
      vertex -9.928425561898765 1.974886632869998 -13.5
      vertex -11.769423364838763 2.3410838641935428 -12.000000000000002
    endloop
  endfacet
  facet normal 0 0 0
    outer loop
      vertex -9.025039346253713 3.738293698169101 -13.5
      vertex -11.769423364838763 2.3410838641935428 -12.000000000000002
      vertex -10.6985249864807 4.431474146787741 -12.000000000000002
    endloop
  endfacet
  facet normal 0 0 0
    outer loop
      vertex -9.928425561898765 1.974886632869998 -13.5
      vertex -10.477237639965887 1.2830915539690393e-15 -13.5
      vertex -12.419999999999998 1.5210113245410125e-15 -12.000000000000002
    endloop
  endfacet
  facet normal 0 0 0
    outer loop
      vertex -9.928425561898765 1.974886632869998 -13.5
      vertex -12.419999999999998 1.5210113245410125e-15 -12.000000000000002
      vertex -11.769423364838763 2.3410838641935428 -12.000000000000002
    endloop
  endfacet
  facet normal 0 0 0
    outer loop
      vertex -10.477237639965887 1.2830915539690393e-15 -13.5
      vertex -9.928425561898766 -1.9748866328699959 -13.5
      vertex -11.769423364838765 -2.34108386419354 -12.000000000000002
    endloop
  endfacet
  facet normal 0 0 0
    outer loop
      vertex -10.477237639965887 1.2830915539690393e-15 -13.5
      vertex -11.769423364838765 -2.34108386419354 -12.000000000000002
      vertex -12.419999999999998 1.5210113245410125e-15 -12.000000000000002
    endloop
  endfacet
  facet normal 0 0 0
    outer loop
      vertex -9.928425561898766 -1.9748866328699959 -13.5
      vertex -9.025039346253715 -3.738293698169098 -13.5
      vertex -10.698524986480702 -4.431474146787738 -12.000000000000002
    endloop
  endfacet
  facet normal 0 0 0
    outer loop
      vertex -9.928425561898766 -1.9748866328699959 -13.5
      vertex -10.698524986480702 -4.431474146787738 -12.000000000000002
      vertex -11.769423364838765 -2.34108386419354 -12.000000000000002
    endloop
  endfacet
  facet normal 0 0 0
    outer loop
      vertex -9.025039346253715 -3.738293698169098 -13.5
      vertex -8.416912771501519 -5.624001311147431 -13.5
      vertex -9.977635347630544 -6.666842796235223 -12.000000000000002
    endloop
  endfacet
  facet normal 0 0 0
    outer loop
      vertex -9.025039346253715 -3.738293698169098 -13.5
      vertex -9.977635347630544 -6.666842796235223 -12.000000000000002
      vertex -10.698524986480702 -4.431474146787738 -12.000000000000002
    endloop
  endfacet
  facet normal 0 0 0
    outer loop
      vertex -8.416912771501519 -5.624001311147431 -13.5
      vertex -7.40852578332282 -7.408525783322817 -13.5
      vertex -8.78226622233692 -8.782266222336919 -12.000000000000002
    endloop
  endfacet
  facet normal 0 0 0
    outer loop
      vertex -8.416912771501519 -5.624001311147431 -13.5
      vertex -8.78226622233692 -8.782266222336919 -12.000000000000002
      vertex -9.977635347630544 -6.666842796235223 -12.000000000000002
    endloop
  endfacet
  facet normal 0 0 0
    outer loop
      vertex -7.40852578332282 -7.408525783322817 -13.5
      vertex -5.624001311147435 -8.416912771501517 -13.5
      vertex -6.666842796235226 -9.977635347630542 -12.000000000000002
    endloop
  endfacet
  facet normal 0 0 0
    outer loop
      vertex -7.40852578332282 -7.408525783322817 -13.5
      vertex -6.666842796235226 -9.977635347630542 -12.000000000000002
      vertex -8.78226622233692 -8.782266222336919 -12.000000000000002
    endloop
  endfacet
  facet normal 0 0 0
    outer loop
      vertex -5.624001311147435 -8.416912771501517 -13.5
      vertex -3.7382936981691053 -9.025039346253712 -13.5
      vertex -4.431474146787746 -10.698524986480697 -12.000000000000002
    endloop
  endfacet
  facet normal 0 0 0
    outer loop
      vertex -5.624001311147435 -8.416912771501517 -13.5
      vertex -4.431474146787746 -10.698524986480697 -12.000000000000002
      vertex -6.666842796235226 -9.977635347630542 -12.000000000000002
    endloop
  endfacet
  facet normal 0 0 0
    outer loop
      vertex -3.7382936981691053 -9.025039346253712 -13.5
      vertex -1.9748866328699985 -9.928425561898763 -13.5
      vertex -2.3410838641935436 -11.769423364838762 -12.000000000000002
    endloop
  endfacet
  facet normal 0 0 0
    outer loop
      vertex -3.7382936981691053 -9.025039346253712 -13.5
      vertex -2.3410838641935436 -11.769423364838762 -12.000000000000002
      vertex -4.431474146787746 -10.698524986480697 -12.000000000000002
    endloop
  endfacet
  facet normal 0 0 0
    outer loop
      vertex -1.9748866328699985 -9.928425561898763 -13.5
      vertex -1.9246373309535586e-15 -10.477237639965887 -13.5
      vertex -2.2815169868115187e-15 -12.419999999999998 -12.000000000000002
    endloop
  endfacet
  facet normal 0 0 0
    outer loop
      vertex -1.9748866328699985 -9.928425561898763 -13.5
      vertex -2.2815169868115187e-15 -12.419999999999998 -12.000000000000002
      vertex -2.3410838641935436 -11.769423364838762 -12.000000000000002
    endloop
  endfacet
  facet normal 0 0 0
    outer loop
      vertex -1.9246373309535586e-15 -10.477237639965887 -13.5
      vertex 1.9748866328699954 -9.928425561898766 -13.5
      vertex 2.3410838641935396 -11.769423364838765 -12.000000000000002
    endloop
  endfacet
  facet normal 0 0 0
    outer loop
      vertex -1.9246373309535586e-15 -10.477237639965887 -13.5
      vertex 2.3410838641935396 -11.769423364838765 -12.000000000000002
      vertex -2.2815169868115187e-15 -12.419999999999998 -12.000000000000002
    endloop
  endfacet
  facet normal 0 0 0
    outer loop
      vertex 1.9748866328699954 -9.928425561898766 -13.5
      vertex 3.7382936981691017 -9.025039346253712 -13.5
      vertex 4.4314741467877425 -10.698524986480699 -12.000000000000002
    endloop
  endfacet
  facet normal 0 0 0
    outer loop
      vertex 1.9748866328699954 -9.928425561898766 -13.5
      vertex 4.4314741467877425 -10.698524986480699 -12.000000000000002
      vertex 2.3410838641935396 -11.769423364838765 -12.000000000000002
    endloop
  endfacet
  facet normal 0 0 0
    outer loop
      vertex 3.7382936981691017 -9.025039346253712 -13.5
      vertex 5.62400131114743 -8.416912771501519 -13.5
      vertex 6.666842796235221 -9.977635347630544 -12.000000000000002
    endloop
  endfacet
  facet normal 0 0 0
    outer loop
      vertex 3.7382936981691017 -9.025039346253712 -13.5
      vertex 6.666842796235221 -9.977635347630544 -12.000000000000002
      vertex 4.4314741467877425 -10.698524986480699 -12.000000000000002
    endloop
  endfacet
  facet normal 0 0 0
    outer loop
      vertex 5.62400131114743 -8.416912771501519 -13.5
      vertex 7.408525783322816 -7.40852578332282 -13.5
      vertex 8.782266222336917 -8.78226622233692 -12.000000000000002
    endloop
  endfacet
  facet normal 0 0 0
    outer loop
      vertex 5.62400131114743 -8.416912771501519 -13.5
      vertex 8.782266222336917 -8.78226622233692 -12.000000000000002
      vertex 6.666842796235221 -9.977635347630544 -12.000000000000002
    endloop
  endfacet
  facet normal 0 0 0
    outer loop
      vertex 7.408525783322816 -7.40852578332282 -13.5
      vertex 8.416912771501517 -5.624001311147435 -13.5
      vertex 9.977635347630542 -6.666842796235226 -12.000000000000002
    endloop
  endfacet
  facet normal 0 0 0
    outer loop
      vertex 7.408525783322816 -7.40852578332282 -13.5
      vertex 9.977635347630542 -6.666842796235226 -12.000000000000002
      vertex 8.782266222336917 -8.78226622233692 -12.000000000000002
    endloop
  endfacet
  facet normal 0 0 0
    outer loop
      vertex 8.416912771501517 -5.624001311147435 -13.5
      vertex 9.025039346253712 -3.7382936981691057 -13.5
      vertex 10.698524986480697 -4.431474146787747 -12.000000000000002
    endloop
  endfacet
  facet normal 0 0 0
    outer loop
      vertex 8.416912771501517 -5.624001311147435 -13.5
      vertex 10.698524986480697 -4.431474146787747 -12.000000000000002
      vertex 9.977635347630542 -6.666842796235226 -12.000000000000002
    endloop
  endfacet
  facet normal 0 0 0
    outer loop
      vertex 9.025039346253712 -3.7382936981691057 -13.5
      vertex 9.928425561898763 -1.9748866328699992 -13.5
      vertex 11.769423364838762 -2.341083864193544 -12.000000000000002
    endloop
  endfacet
  facet normal 0 0 0
    outer loop
      vertex 9.025039346253712 -3.7382936981691057 -13.5
      vertex 11.769423364838762 -2.341083864193544 -12.000000000000002
      vertex 10.698524986480697 -4.431474146787747 -12.000000000000002
    endloop
  endfacet
  facet normal 0 0 0
    outer loop
      vertex 9.928425561898763 -1.9748866328699992 -13.5
      vertex 10.477237639965887 0 -13.5
      vertex 12.419999999999998 0 -12.000000000000002
    endloop
  endfacet
  facet normal 0 0 0
    outer loop
      vertex 9.928425561898763 -1.9748866328699992 -13.5
      vertex 12.419999999999998 0 -12.000000000000002
      vertex 11.769423364838762 -2.341083864193544 -12.000000000000002
    endloop
  endfacet
  facet normal 0 0 0
    outer loop
      vertex 12.419999999999998 0 -12.000000000000002
      vertex 11.769423364838765 2.341083864193539 -12.000000000000002
      vertex 13.476169103196751 2.6805766995254685 -10.499999999999998
    endloop
  endfacet
  facet normal 0 0 0
    outer loop
      vertex 12.419999999999998 0 -12.000000000000002
      vertex 13.476169103196751 2.6805766995254685 -10.499999999999998
      vertex 14.221089264384412 0 -10.499999999999998
    endloop
  endfacet
  facet normal 0 0 0
    outer loop
      vertex 11.769423364838765 2.341083864193539 -12.000000000000002
      vertex 10.6985249864807 4.43147414678774 -12.000000000000002
      vertex 12.249974140900894 5.074105427880854 -10.499999999999998
    endloop
  endfacet
  facet normal 0 0 0
    outer loop
      vertex 11.769423364838765 2.341083864193539 -12.000000000000002
      vertex 12.249974140900894 5.074105427880854 -10.499999999999998
      vertex 13.476169103196751 2.6805766995254685 -10.499999999999998
    endloop
  endfacet
  facet normal 0 0 0
    outer loop
      vertex 10.6985249864807 4.43147414678774 -12.000000000000002
      vertex 9.977635347630542 6.666842796235226 -12.000000000000002
      vertex 11.424544519012171 7.633636595561944 -10.499999999999998
    endloop
  endfacet
  facet normal 0 0 0
    outer loop
      vertex 10.6985249864807 4.43147414678774 -12.000000000000002
      vertex 11.424544519012171 7.633636595561944 -10.499999999999998
      vertex 12.249974140900894 5.074105427880854 -10.499999999999998
    endloop
  endfacet
  facet normal 0 0 0
    outer loop
      vertex 9.977635347630542 6.666842796235226 -12.000000000000002
      vertex 8.78226622233692 8.782266222336919 -12.000000000000002
      vertex 10.05582865470543 10.055828654705428 -10.499999999999998
    endloop
  endfacet
  facet normal 0 0 0
    outer loop
      vertex 9.977635347630542 6.666842796235226 -12.000000000000002
      vertex 10.05582865470543 10.055828654705428 -10.499999999999998
      vertex 11.424544519012171 7.633636595561944 -10.499999999999998
    endloop
  endfacet
  facet normal 0 0 0
    outer loop
      vertex 8.78226622233692 8.782266222336919 -12.000000000000002
      vertex 6.666842796235228 9.977635347630542 -12.000000000000002
      vertex 7.633636595561946 11.424544519012171 -10.499999999999998
    endloop
  endfacet
  facet normal 0 0 0
    outer loop
      vertex 8.78226622233692 8.782266222336919 -12.000000000000002
      vertex 7.633636595561946 11.424544519012171 -10.499999999999998
      vertex 10.05582865470543 10.055828654705428 -10.499999999999998
    endloop
  endfacet
  facet normal 0 0 0
    outer loop
      vertex 6.666842796235228 9.977635347630542 -12.000000000000002
      vertex 4.431474146787741 10.6985249864807 -12.000000000000002
      vertex 5.074105427880855 12.249974140900894 -10.499999999999998
    endloop
  endfacet
  facet normal 0 0 0
    outer loop
      vertex 6.666842796235228 9.977635347630542 -12.000000000000002
      vertex 5.074105427880855 12.249974140900894 -10.499999999999998
      vertex 7.633636595561946 11.424544519012171 -10.499999999999998
    endloop
  endfacet
  facet normal 0 0 0
    outer loop
      vertex 4.431474146787741 10.6985249864807 -12.000000000000002
      vertex 2.34108386419354 11.769423364838765 -12.000000000000002
      vertex 2.6805766995254694 13.476169103196751 -10.499999999999998
    endloop
  endfacet
  facet normal 0 0 0
    outer loop
      vertex 4.431474146787741 10.6985249864807 -12.000000000000002
      vertex 2.6805766995254694 13.476169103196751 -10.499999999999998
      vertex 5.074105427880855 12.249974140900894 -10.499999999999998
    endloop
  endfacet
  facet normal 0 0 0
    outer loop
      vertex 2.34108386419354 11.769423364838765 -12.000000000000002
      vertex 7.605056622705063e-16 12.419999999999998 -12.000000000000002
      vertex 8.707905724008579e-16 14.221089264384412 -10.499999999999998
    endloop
  endfacet
  facet normal 0 0 0
    outer loop
      vertex 2.34108386419354 11.769423364838765 -12.000000000000002
      vertex 8.707905724008579e-16 14.221089264384412 -10.499999999999998
      vertex 2.6805766995254694 13.476169103196751 -10.499999999999998
    endloop
  endfacet
  facet normal 0 0 0
    outer loop
      vertex 7.605056622705063e-16 12.419999999999998 -12.000000000000002
      vertex -2.3410838641935383 11.769423364838765 -12.000000000000002
      vertex -2.6805766995254676 13.476169103196751 -10.499999999999998
    endloop
  endfacet
  facet normal 0 0 0
    outer loop
      vertex 7.605056622705063e-16 12.419999999999998 -12.000000000000002
      vertex -2.6805766995254676 13.476169103196751 -10.499999999999998
      vertex 8.707905724008579e-16 14.221089264384412 -10.499999999999998
    endloop
  endfacet
  facet normal 0 0 0
    outer loop
      vertex -2.3410838641935383 11.769423364838765 -12.000000000000002
      vertex -4.431474146787739 10.6985249864807 -12.000000000000002
      vertex -5.074105427880853 12.249974140900894 -10.499999999999998
    endloop
  endfacet
  facet normal 0 0 0
    outer loop
      vertex -2.3410838641935383 11.769423364838765 -12.000000000000002
      vertex -5.074105427880853 12.249974140900894 -10.499999999999998
      vertex -2.6805766995254676 13.476169103196751 -10.499999999999998
    endloop
  endfacet
  facet normal 0 0 0
    outer loop
      vertex -4.431474146787739 10.6985249864807 -12.000000000000002
      vertex -6.666842796235223 9.977635347630542 -12.000000000000002
      vertex -7.633636595561939 11.424544519012171 -10.499999999999998
    endloop
  endfacet
  facet normal 0 0 0
    outer loop
      vertex -4.431474146787739 10.6985249864807 -12.000000000000002
      vertex -7.633636595561939 11.424544519012171 -10.499999999999998
      vertex -5.074105427880853 12.249974140900894 -10.499999999999998
    endloop
  endfacet
  facet normal 0 0 0
    outer loop
      vertex -6.666842796235223 9.977635347630542 -12.000000000000002
      vertex -8.782266222336919 8.78226622233692 -12.000000000000002
      vertex -10.055828654705428 10.05582865470543 -10.499999999999998
    endloop
  endfacet
  facet normal 0 0 0
    outer loop
      vertex -6.666842796235223 9.977635347630542 -12.000000000000002
      vertex -10.055828654705428 10.05582865470543 -10.499999999999998
      vertex -7.633636595561939 11.424544519012171 -10.499999999999998
    endloop
  endfacet
  facet normal 0 0 0
    outer loop
      vertex -8.782266222336919 8.78226622233692 -12.000000000000002
      vertex -9.977635347630544 6.666842796235226 -12.000000000000002
      vertex -11.424544519012173 7.633636595561944 -10.499999999999998
    endloop
  endfacet
  facet normal 0 0 0
    outer loop
      vertex -8.782266222336919 8.78226622233692 -12.000000000000002
      vertex -11.424544519012173 7.633636595561944 -10.499999999999998
      vertex -10.055828654705428 10.05582865470543 -10.499999999999998
    endloop
  endfacet
  facet normal 0 0 0
    outer loop
      vertex -9.977635347630544 6.666842796235226 -12.000000000000002
      vertex -10.6985249864807 4.431474146787741 -12.000000000000002
      vertex -12.249974140900894 5.0741054278808555 -10.499999999999998
    endloop
  endfacet
  facet normal 0 0 0
    outer loop
      vertex -9.977635347630544 6.666842796235226 -12.000000000000002
      vertex -12.249974140900894 5.0741054278808555 -10.499999999999998
      vertex -11.424544519012173 7.633636595561944 -10.499999999999998
    endloop
  endfacet
  facet normal 0 0 0
    outer loop
      vertex -10.6985249864807 4.431474146787741 -12.000000000000002
      vertex -11.769423364838763 2.3410838641935428 -12.000000000000002
      vertex -13.47616910319675 2.680576699525473 -10.499999999999998
    endloop
  endfacet
  facet normal 0 0 0
    outer loop
      vertex -10.6985249864807 4.431474146787741 -12.000000000000002
      vertex -13.47616910319675 2.680576699525473 -10.499999999999998
      vertex -12.249974140900894 5.0741054278808555 -10.499999999999998
    endloop
  endfacet
  facet normal 0 0 0
    outer loop
      vertex -11.769423364838763 2.3410838641935428 -12.000000000000002
      vertex -12.419999999999998 1.5210113245410125e-15 -12.000000000000002
      vertex -14.221089264384412 1.7415811448017158e-15 -10.499999999999998
    endloop
  endfacet
  facet normal 0 0 0
    outer loop
      vertex -11.769423364838763 2.3410838641935428 -12.000000000000002
      vertex -14.221089264384412 1.7415811448017158e-15 -10.499999999999998
      vertex -13.47616910319675 2.680576699525473 -10.499999999999998
    endloop
  endfacet
  facet normal 0 0 0
    outer loop
      vertex -12.419999999999998 1.5210113245410125e-15 -12.000000000000002
      vertex -11.769423364838765 -2.34108386419354 -12.000000000000002
      vertex -13.476169103196751 -2.68057669952547 -10.499999999999998
    endloop
  endfacet
  facet normal 0 0 0
    outer loop
      vertex -12.419999999999998 1.5210113245410125e-15 -12.000000000000002
      vertex -13.476169103196751 -2.68057669952547 -10.499999999999998
      vertex -14.221089264384412 1.7415811448017158e-15 -10.499999999999998
    endloop
  endfacet
  facet normal 0 0 0
    outer loop
      vertex -11.769423364838765 -2.34108386419354 -12.000000000000002
      vertex -10.698524986480702 -4.431474146787738 -12.000000000000002
      vertex -12.249974140900894 -5.074105427880852 -10.499999999999998
    endloop
  endfacet
  facet normal 0 0 0
    outer loop
      vertex -11.769423364838765 -2.34108386419354 -12.000000000000002
      vertex -12.249974140900894 -5.074105427880852 -10.499999999999998
      vertex -13.476169103196751 -2.68057669952547 -10.499999999999998
    endloop
  endfacet
  facet normal 0 0 0
    outer loop
      vertex -10.698524986480702 -4.431474146787738 -12.000000000000002
      vertex -9.977635347630544 -6.666842796235223 -12.000000000000002
      vertex -11.424544519012173 -7.633636595561939 -10.499999999999998
    endloop
  endfacet
  facet normal 0 0 0
    outer loop
      vertex -10.698524986480702 -4.431474146787738 -12.000000000000002
      vertex -11.424544519012173 -7.633636595561939 -10.499999999999998
      vertex -12.249974140900894 -5.074105427880852 -10.499999999999998
    endloop
  endfacet
  facet normal 0 0 0
    outer loop
      vertex -9.977635347630544 -6.666842796235223 -12.000000000000002
      vertex -8.78226622233692 -8.782266222336919 -12.000000000000002
      vertex -10.055828654705431 -10.055828654705428 -10.499999999999998
    endloop
  endfacet
  facet normal 0 0 0
    outer loop
      vertex -9.977635347630544 -6.666842796235223 -12.000000000000002
      vertex -10.055828654705431 -10.055828654705428 -10.499999999999998
      vertex -11.424544519012173 -7.633636595561939 -10.499999999999998
    endloop
  endfacet
  facet normal 0 0 0
    outer loop
      vertex -8.78226622233692 -8.782266222336919 -12.000000000000002
      vertex -6.666842796235226 -9.977635347630542 -12.000000000000002
      vertex -7.633636595561944 -11.424544519012171 -10.499999999999998
    endloop
  endfacet
  facet normal 0 0 0
    outer loop
      vertex -8.78226622233692 -8.782266222336919 -12.000000000000002
      vertex -7.633636595561944 -11.424544519012171 -10.499999999999998
      vertex -10.055828654705431 -10.055828654705428 -10.499999999999998
    endloop
  endfacet
  facet normal 0 0 0
    outer loop
      vertex -6.666842796235226 -9.977635347630542 -12.000000000000002
      vertex -4.431474146787746 -10.698524986480697 -12.000000000000002
      vertex -5.074105427880862 -12.24997414090089 -10.499999999999998
    endloop
  endfacet
  facet normal 0 0 0
    outer loop
      vertex -6.666842796235226 -9.977635347630542 -12.000000000000002
      vertex -5.074105427880862 -12.24997414090089 -10.499999999999998
      vertex -7.633636595561944 -11.424544519012171 -10.499999999999998
    endloop
  endfacet
  facet normal 0 0 0
    outer loop
      vertex -4.431474146787746 -10.698524986480697 -12.000000000000002
      vertex -2.3410838641935436 -11.769423364838762 -12.000000000000002
      vertex -2.680576699525474 -13.476169103196748 -10.499999999999998
    endloop
  endfacet
  facet normal 0 0 0
    outer loop
      vertex -4.431474146787746 -10.698524986480697 -12.000000000000002
      vertex -2.680576699525474 -13.476169103196748 -10.499999999999998
      vertex -5.074105427880862 -12.24997414090089 -10.499999999999998
    endloop
  endfacet
  facet normal 0 0 0
    outer loop
      vertex -2.3410838641935436 -11.769423364838762 -12.000000000000002
      vertex -2.2815169868115187e-15 -12.419999999999998 -12.000000000000002
      vertex -2.6123717172025734e-15 -14.221089264384412 -10.499999999999998
    endloop
  endfacet
  facet normal 0 0 0
    outer loop
      vertex -2.3410838641935436 -11.769423364838762 -12.000000000000002
      vertex -2.6123717172025734e-15 -14.221089264384412 -10.499999999999998
      vertex -2.680576699525474 -13.476169103196748 -10.499999999999998
    endloop
  endfacet
  facet normal 0 0 0
    outer loop
      vertex -2.2815169868115187e-15 -12.419999999999998 -12.000000000000002
      vertex 2.3410838641935396 -11.769423364838765 -12.000000000000002
      vertex 2.680576699525469 -13.476169103196751 -10.499999999999998
    endloop
  endfacet
  facet normal 0 0 0
    outer loop
      vertex -2.2815169868115187e-15 -12.419999999999998 -12.000000000000002
      vertex 2.680576699525469 -13.476169103196751 -10.499999999999998
      vertex -2.6123717172025734e-15 -14.221089264384412 -10.499999999999998
    endloop
  endfacet
  facet normal 0 0 0
    outer loop
      vertex 2.3410838641935396 -11.769423364838765 -12.000000000000002
      vertex 4.4314741467877425 -10.698524986480699 -12.000000000000002
      vertex 5.074105427880857 -12.249974140900893 -10.499999999999998
    endloop
  endfacet
  facet normal 0 0 0
    outer loop
      vertex 2.3410838641935396 -11.769423364838765 -12.000000000000002
      vertex 5.074105427880857 -12.249974140900893 -10.499999999999998
      vertex 2.680576699525469 -13.476169103196751 -10.499999999999998
    endloop
  endfacet
  facet normal 0 0 0
    outer loop
      vertex 4.4314741467877425 -10.698524986480699 -12.000000000000002
      vertex 6.666842796235221 -9.977635347630544 -12.000000000000002
      vertex 7.6336365955619385 -11.424544519012173 -10.499999999999998
    endloop
  endfacet
  facet normal 0 0 0
    outer loop
      vertex 4.4314741467877425 -10.698524986480699 -12.000000000000002
      vertex 7.6336365955619385 -11.424544519012173 -10.499999999999998
      vertex 5.074105427880857 -12.249974140900893 -10.499999999999998
    endloop
  endfacet
  facet normal 0 0 0
    outer loop
      vertex 6.666842796235221 -9.977635347630544 -12.000000000000002
      vertex 8.782266222336917 -8.78226622233692 -12.000000000000002
      vertex 10.055828654705426 -10.055828654705431 -10.499999999999998
    endloop
  endfacet
  facet normal 0 0 0
    outer loop
      vertex 6.666842796235221 -9.977635347630544 -12.000000000000002
      vertex 10.055828654705426 -10.055828654705431 -10.499999999999998
      vertex 7.6336365955619385 -11.424544519012173 -10.499999999999998
    endloop
  endfacet
  facet normal 0 0 0
    outer loop
      vertex 8.782266222336917 -8.78226622233692 -12.000000000000002
      vertex 9.977635347630542 -6.666842796235226 -12.000000000000002
      vertex 11.424544519012171 -7.633636595561944 -10.499999999999998
    endloop
  endfacet
  facet normal 0 0 0
    outer loop
      vertex 8.782266222336917 -8.78226622233692 -12.000000000000002
      vertex 11.424544519012171 -7.633636595561944 -10.499999999999998
      vertex 10.055828654705426 -10.055828654705431 -10.499999999999998
    endloop
  endfacet
  facet normal 0 0 0
    outer loop
      vertex 9.977635347630542 -6.666842796235226 -12.000000000000002
      vertex 10.698524986480697 -4.431474146787747 -12.000000000000002
      vertex 12.24997414090089 -5.074105427880862 -10.499999999999998
    endloop
  endfacet
  facet normal 0 0 0
    outer loop
      vertex 9.977635347630542 -6.666842796235226 -12.000000000000002
      vertex 12.24997414090089 -5.074105427880862 -10.499999999999998
      vertex 11.424544519012171 -7.633636595561944 -10.499999999999998
    endloop
  endfacet
  facet normal 0 0 0
    outer loop
      vertex 10.698524986480697 -4.431474146787747 -12.000000000000002
      vertex 11.769423364838762 -2.341083864193544 -12.000000000000002
      vertex 13.476169103196748 -2.6805766995254743 -10.499999999999998
    endloop
  endfacet
  facet normal 0 0 0
    outer loop
      vertex 10.698524986480697 -4.431474146787747 -12.000000000000002
      vertex 13.476169103196748 -2.6805766995254743 -10.499999999999998
      vertex 12.24997414090089 -5.074105427880862 -10.499999999999998
    endloop
  endfacet
  facet normal 0 0 0
    outer loop
      vertex 11.769423364838762 -2.341083864193544 -12.000000000000002
      vertex 12.419999999999998 0 -12.000000000000002
      vertex 14.221089264384412 0 -10.499999999999998
    endloop
  endfacet
  facet normal 0 0 0
    outer loop
      vertex 11.769423364838762 -2.341083864193544 -12.000000000000002
      vertex 14.221089264384412 0 -10.499999999999998
      vertex 13.476169103196748 -2.6805766995254743 -10.499999999999998
    endloop
  endfacet
  facet normal 0 0 0
    outer loop
      vertex 14.221089264384412 0 -10.499999999999998
      vertex 13.476169103196751 2.6805766995254685 -10.499999999999998
      vertex 15.0194598841901 2.987556322328057 -9
    endloop
  endfacet
  facet normal 0 0 0
    outer loop
      vertex 14.221089264384412 0 -10.499999999999998
      vertex 15.0194598841901 2.987556322328057 -9
      vertex 15.849688296449225 0 -9
    endloop
  endfacet
  facet normal 0 0 0
    outer loop
      vertex 13.476169103196751 2.6805766995254685 -10.499999999999998
      vertex 12.249974140900894 5.074105427880854 -10.499999999999998
      vertex 13.652841084339192 5.655191942057887 -9
    endloop
  endfacet
  facet normal 0 0 0
    outer loop
      vertex 13.476169103196751 2.6805766995254685 -10.499999999999998
      vertex 13.652841084339192 5.655191942057887 -9
      vertex 15.0194598841901 2.987556322328057 -9
    endloop
  endfacet
  facet normal 0 0 0
    outer loop
      vertex 12.249974140900894 5.074105427880854 -10.499999999999998
      vertex 11.424544519012171 7.633636595561944 -10.499999999999998
      vertex 12.73288326856505 8.507840599175225 -9
    endloop
  endfacet
  facet normal 0 0 0
    outer loop
      vertex 12.249974140900894 5.074105427880854 -10.499999999999998
      vertex 12.73288326856505 8.507840599175225 -9
      vertex 13.652841084339192 5.655191942057887 -9
    endloop
  endfacet
  facet normal 0 0 0
    outer loop
      vertex 11.424544519012171 7.633636595561944 -10.499999999999998
      vertex 10.05582865470543 10.055828654705428 -10.499999999999998
      vertex 11.207422074112307 11.207422074112305 -9
    endloop
  endfacet
  facet normal 0 0 0
    outer loop
      vertex 11.424544519012171 7.633636595561944 -10.499999999999998
      vertex 11.207422074112307 11.207422074112305 -9
      vertex 12.73288326856505 8.507840599175225 -9
    endloop
  endfacet
  facet normal 0 0 0
    outer loop
      vertex 10.05582865470543 10.055828654705428 -10.499999999999998
      vertex 7.633636595561946 11.424544519012171 -10.499999999999998
      vertex 8.507840599175227 12.73288326856505 -9
    endloop
  endfacet
  facet normal 0 0 0
    outer loop
      vertex 10.05582865470543 10.055828654705428 -10.499999999999998
      vertex 8.507840599175227 12.73288326856505 -9
      vertex 11.207422074112307 11.207422074112305 -9
    endloop
  endfacet
  facet normal 0 0 0
    outer loop
      vertex 7.633636595561946 11.424544519012171 -10.499999999999998
      vertex 5.074105427880855 12.249974140900894 -10.499999999999998
      vertex 5.655191942057888 13.652841084339192 -9
    endloop
  endfacet
  facet normal 0 0 0
    outer loop
      vertex 7.633636595561946 11.424544519012171 -10.499999999999998
      vertex 5.655191942057888 13.652841084339192 -9
      vertex 8.507840599175227 12.73288326856505 -9
    endloop
  endfacet
  facet normal 0 0 0
    outer loop
      vertex 5.074105427880855 12.249974140900894 -10.499999999999998
      vertex 2.6805766995254694 13.476169103196751 -10.499999999999998
      vertex 2.987556322328058 15.0194598841901 -9
    endloop
  endfacet
  facet normal 0 0 0
    outer loop
      vertex 5.074105427880855 12.249974140900894 -10.499999999999998
      vertex 2.987556322328058 15.0194598841901 -9
      vertex 5.655191942057888 13.652841084339192 -9
    endloop
  endfacet
  facet normal 0 0 0
    outer loop
      vertex 2.6805766995254694 13.476169103196751 -10.499999999999998
      vertex 8.707905724008579e-16 14.221089264384412 -10.499999999999998
      vertex 9.705135019864904e-16 15.849688296449225 -9
    endloop
  endfacet
  facet normal 0 0 0
    outer loop
      vertex 2.6805766995254694 13.476169103196751 -10.499999999999998
      vertex 9.705135019864904e-16 15.849688296449225 -9
      vertex 2.987556322328058 15.0194598841901 -9
    endloop
  endfacet
  facet normal 0 0 0
    outer loop
      vertex 8.707905724008579e-16 14.221089264384412 -10.499999999999998
      vertex -2.6805766995254676 13.476169103196751 -10.499999999999998
      vertex -2.987556322328056 15.0194598841901 -9
    endloop
  endfacet
  facet normal 0 0 0
    outer loop
      vertex 8.707905724008579e-16 14.221089264384412 -10.499999999999998
      vertex -2.987556322328056 15.0194598841901 -9
      vertex 9.705135019864904e-16 15.849688296449225 -9
    endloop
  endfacet
  facet normal 0 0 0
    outer loop
      vertex -2.6805766995254676 13.476169103196751 -10.499999999999998
      vertex -5.074105427880853 12.249974140900894 -10.499999999999998
      vertex -5.655191942057886 13.652841084339192 -9
    endloop
  endfacet
  facet normal 0 0 0
    outer loop
      vertex -2.6805766995254676 13.476169103196751 -10.499999999999998
      vertex -5.655191942057886 13.652841084339192 -9
      vertex -2.987556322328056 15.0194598841901 -9
    endloop
  endfacet
  facet normal 0 0 0
    outer loop
      vertex -5.074105427880853 12.249974140900894 -10.499999999999998
      vertex -7.633636595561939 11.424544519012171 -10.499999999999998
      vertex -8.507840599175221 12.73288326856505 -9
    endloop
  endfacet
  facet normal 0 0 0
    outer loop
      vertex -5.074105427880853 12.249974140900894 -10.499999999999998
      vertex -8.507840599175221 12.73288326856505 -9
      vertex -5.655191942057886 13.652841084339192 -9
    endloop
  endfacet
  facet normal 0 0 0
    outer loop
      vertex -7.633636595561939 11.424544519012171 -10.499999999999998
      vertex -10.055828654705428 10.05582865470543 -10.499999999999998
      vertex -11.207422074112305 11.207422074112307 -9
    endloop
  endfacet
  facet normal 0 0 0
    outer loop
      vertex -7.633636595561939 11.424544519012171 -10.499999999999998
      vertex -11.207422074112305 11.207422074112307 -9
      vertex -8.507840599175221 12.73288326856505 -9
    endloop
  endfacet
  facet normal 0 0 0
    outer loop
      vertex -10.055828654705428 10.05582865470543 -10.499999999999998
      vertex -11.424544519012173 7.633636595561944 -10.499999999999998
      vertex -12.732883268565052 8.507840599175225 -9
    endloop
  endfacet
  facet normal 0 0 0
    outer loop
      vertex -10.055828654705428 10.05582865470543 -10.499999999999998
      vertex -12.732883268565052 8.507840599175225 -9
      vertex -11.207422074112305 11.207422074112307 -9
    endloop
  endfacet
  facet normal 0 0 0
    outer loop
      vertex -11.424544519012173 7.633636595561944 -10.499999999999998
      vertex -12.249974140900894 5.0741054278808555 -10.499999999999998
      vertex -13.652841084339192 5.655191942057889 -9
    endloop
  endfacet
  facet normal 0 0 0
    outer loop
      vertex -11.424544519012173 7.633636595561944 -10.499999999999998
      vertex -13.652841084339192 5.655191942057889 -9
      vertex -12.732883268565052 8.507840599175225 -9
    endloop
  endfacet
  facet normal 0 0 0
    outer loop
      vertex -12.249974140900894 5.0741054278808555 -10.499999999999998
      vertex -13.47616910319675 2.680576699525473 -10.499999999999998
      vertex -15.019459884190098 2.9875563223280617 -9
    endloop
  endfacet
  facet normal 0 0 0
    outer loop
      vertex -12.249974140900894 5.0741054278808555 -10.499999999999998
      vertex -15.019459884190098 2.9875563223280617 -9
      vertex -13.652841084339192 5.655191942057889 -9
    endloop
  endfacet
  facet normal 0 0 0
    outer loop
      vertex -13.47616910319675 2.680576699525473 -10.499999999999998
      vertex -14.221089264384412 1.7415811448017158e-15 -10.499999999999998
      vertex -15.849688296449225 1.941027003972981e-15 -9
    endloop
  endfacet
  facet normal 0 0 0
    outer loop
      vertex -13.47616910319675 2.680576699525473 -10.499999999999998
      vertex -15.849688296449225 1.941027003972981e-15 -9
      vertex -15.019459884190098 2.9875563223280617 -9
    endloop
  endfacet
  facet normal 0 0 0
    outer loop
      vertex -14.221089264384412 1.7415811448017158e-15 -10.499999999999998
      vertex -13.476169103196751 -2.68057669952547 -10.499999999999998
      vertex -15.0194598841901 -2.9875563223280586 -9
    endloop
  endfacet
  facet normal 0 0 0
    outer loop
      vertex -14.221089264384412 1.7415811448017158e-15 -10.499999999999998
      vertex -15.0194598841901 -2.9875563223280586 -9
      vertex -15.849688296449225 1.941027003972981e-15 -9
    endloop
  endfacet
  facet normal 0 0 0
    outer loop
      vertex -13.476169103196751 -2.68057669952547 -10.499999999999998
      vertex -12.249974140900894 -5.074105427880852 -10.499999999999998
      vertex -13.652841084339194 -5.6551919420578844 -9
    endloop
  endfacet
  facet normal 0 0 0
    outer loop
      vertex -13.476169103196751 -2.68057669952547 -10.499999999999998
      vertex -13.652841084339194 -5.6551919420578844 -9
      vertex -15.0194598841901 -2.9875563223280586 -9
    endloop
  endfacet
  facet normal 0 0 0
    outer loop
      vertex -12.249974140900894 -5.074105427880852 -10.499999999999998
      vertex -11.424544519012173 -7.633636595561939 -10.499999999999998
      vertex -12.732883268565052 -8.507840599175221 -9
    endloop
  endfacet
  facet normal 0 0 0
    outer loop
      vertex -12.249974140900894 -5.074105427880852 -10.499999999999998
      vertex -12.732883268565052 -8.507840599175221 -9
      vertex -13.652841084339194 -5.6551919420578844 -9
    endloop
  endfacet
  facet normal 0 0 0
    outer loop
      vertex -11.424544519012173 -7.633636595561939 -10.499999999999998
      vertex -10.055828654705431 -10.055828654705428 -10.499999999999998
      vertex -11.207422074112309 -11.207422074112305 -9
    endloop
  endfacet
  facet normal 0 0 0
    outer loop
      vertex -11.424544519012173 -7.633636595561939 -10.499999999999998
      vertex -11.207422074112309 -11.207422074112305 -9
      vertex -12.732883268565052 -8.507840599175221 -9
    endloop
  endfacet
  facet normal 0 0 0
    outer loop
      vertex -10.055828654705431 -10.055828654705428 -10.499999999999998
      vertex -7.633636595561944 -11.424544519012171 -10.499999999999998
      vertex -8.507840599175225 -12.73288326856505 -9
    endloop
  endfacet
  facet normal 0 0 0
    outer loop
      vertex -10.055828654705431 -10.055828654705428 -10.499999999999998
      vertex -8.507840599175225 -12.73288326856505 -9
      vertex -11.207422074112309 -11.207422074112305 -9
    endloop
  endfacet
  facet normal 0 0 0
    outer loop
      vertex -7.633636595561944 -11.424544519012171 -10.499999999999998
      vertex -5.074105427880862 -12.24997414090089 -10.499999999999998
      vertex -5.655191942057895 -13.652841084339189 -9
    endloop
  endfacet
  facet normal 0 0 0
    outer loop
      vertex -7.633636595561944 -11.424544519012171 -10.499999999999998
      vertex -5.655191942057895 -13.652841084339189 -9
      vertex -8.507840599175225 -12.73288326856505 -9
    endloop
  endfacet
  facet normal 0 0 0
    outer loop
      vertex -5.074105427880862 -12.24997414090089 -10.499999999999998
      vertex -2.680576699525474 -13.476169103196748 -10.499999999999998
      vertex -2.9875563223280626 -15.019459884190097 -9
    endloop
  endfacet
  facet normal 0 0 0
    outer loop
      vertex -5.074105427880862 -12.24997414090089 -10.499999999999998
      vertex -2.9875563223280626 -15.019459884190097 -9
      vertex -5.655191942057895 -13.652841084339189 -9
    endloop
  endfacet
  facet normal 0 0 0
    outer loop
      vertex -2.680576699525474 -13.476169103196748 -10.499999999999998
      vertex -2.6123717172025734e-15 -14.221089264384412 -10.499999999999998
      vertex -2.911540505959471e-15 -15.849688296449225 -9
    endloop
  endfacet
  facet normal 0 0 0
    outer loop
      vertex -2.680576699525474 -13.476169103196748 -10.499999999999998
      vertex -2.911540505959471e-15 -15.849688296449225 -9
      vertex -2.9875563223280626 -15.019459884190097 -9
    endloop
  endfacet
  facet normal 0 0 0
    outer loop
      vertex -2.6123717172025734e-15 -14.221089264384412 -10.499999999999998
      vertex 2.680576699525469 -13.476169103196751 -10.499999999999998
      vertex 2.9875563223280577 -15.0194598841901 -9
    endloop
  endfacet
  facet normal 0 0 0
    outer loop
      vertex -2.6123717172025734e-15 -14.221089264384412 -10.499999999999998
      vertex 2.9875563223280577 -15.0194598841901 -9
      vertex -2.911540505959471e-15 -15.849688296449225 -9
    endloop
  endfacet
  facet normal 0 0 0
    outer loop
      vertex 2.680576699525469 -13.476169103196751 -10.499999999999998
      vertex 5.074105427880857 -12.249974140900893 -10.499999999999998
      vertex 5.65519194205789 -13.65284108433919 -9
    endloop
  endfacet
  facet normal 0 0 0
    outer loop
      vertex 2.680576699525469 -13.476169103196751 -10.499999999999998
      vertex 5.65519194205789 -13.65284108433919 -9
      vertex 2.9875563223280577 -15.0194598841901 -9
    endloop
  endfacet
  facet normal 0 0 0
    outer loop
      vertex 5.074105427880857 -12.249974140900893 -10.499999999999998
      vertex 7.6336365955619385 -11.424544519012173 -10.499999999999998
      vertex 8.50784059917522 -12.732883268565052 -9
    endloop
  endfacet
  facet normal 0 0 0
    outer loop
      vertex 5.074105427880857 -12.249974140900893 -10.499999999999998
      vertex 8.50784059917522 -12.732883268565052 -9
      vertex 5.65519194205789 -13.65284108433919 -9
    endloop
  endfacet
  facet normal 0 0 0
    outer loop
      vertex 7.6336365955619385 -11.424544519012173 -10.499999999999998
      vertex 10.055828654705426 -10.055828654705431 -10.499999999999998
      vertex 11.207422074112303 -11.207422074112309 -9
    endloop
  endfacet
  facet normal 0 0 0
    outer loop
      vertex 7.6336365955619385 -11.424544519012173 -10.499999999999998
      vertex 11.207422074112303 -11.207422074112309 -9
      vertex 8.50784059917522 -12.732883268565052 -9
    endloop
  endfacet
  facet normal 0 0 0
    outer loop
      vertex 10.055828654705426 -10.055828654705431 -10.499999999999998
      vertex 11.424544519012171 -7.633636595561944 -10.499999999999998
      vertex 12.73288326856505 -8.507840599175225 -9
    endloop
  endfacet
  facet normal 0 0 0
    outer loop
      vertex 10.055828654705426 -10.055828654705431 -10.499999999999998
      vertex 12.73288326856505 -8.507840599175225 -9
      vertex 11.207422074112303 -11.207422074112309 -9
    endloop
  endfacet
  facet normal 0 0 0
    outer loop
      vertex 11.424544519012171 -7.633636595561944 -10.499999999999998
      vertex 12.24997414090089 -5.074105427880862 -10.499999999999998
      vertex 13.652841084339189 -5.655191942057896 -9
    endloop
  endfacet
  facet normal 0 0 0
    outer loop
      vertex 11.424544519012171 -7.633636595561944 -10.499999999999998
      vertex 13.652841084339189 -5.655191942057896 -9
      vertex 12.73288326856505 -8.507840599175225 -9
    endloop
  endfacet
  facet normal 0 0 0
    outer loop
      vertex 12.24997414090089 -5.074105427880862 -10.499999999999998
      vertex 13.476169103196748 -2.6805766995254743 -10.499999999999998
      vertex 15.019459884190097 -2.9875563223280635 -9
    endloop
  endfacet
  facet normal 0 0 0
    outer loop
      vertex 12.24997414090089 -5.074105427880862 -10.499999999999998
      vertex 15.019459884190097 -2.9875563223280635 -9
      vertex 13.652841084339189 -5.655191942057896 -9
    endloop
  endfacet
  facet normal 0 0 0
    outer loop
      vertex 13.476169103196748 -2.6805766995254743 -10.499999999999998
      vertex 14.221089264384412 0 -10.499999999999998
      vertex 15.849688296449225 0 -9
    endloop
  endfacet
  facet normal 0 0 0
    outer loop
      vertex 13.476169103196748 -2.6805766995254743 -10.499999999999998
      vertex 15.849688296449225 0 -9
      vertex 15.019459884190097 -2.9875563223280635 -9
    endloop
  endfacet
  facet normal 0 0 0
    outer loop
      vertex 15.849688296449225 0 -9
      vertex 15.0194598841901 2.987556322328057 -9
      vertex 16.37288957467498 3.256770226144322 -7.499999999999999
    endloop
  endfacet
  facet normal 0 0 0
    outer loop
      vertex 15.849688296449225 0 -9
      vertex 16.37288957467498 3.256770226144322 -7.499999999999999
      vertex 17.277931315222855 0 -7.499999999999999
    endloop
  endfacet
  facet normal 0 0 0
    outer loop
      vertex 15.0194598841901 2.987556322328057 -9
      vertex 13.652841084339192 5.655191942057887 -9
      vertex 14.883122374445174 6.164791137953653 -7.499999999999999
    endloop
  endfacet
  facet normal 0 0 0
    outer loop
      vertex 15.0194598841901 2.987556322328057 -9
      vertex 14.883122374445174 6.164791137953653 -7.499999999999999
      vertex 16.37288957467498 3.256770226144322 -7.499999999999999
    endloop
  endfacet
  facet normal 0 0 0
    outer loop
      vertex 13.652841084339192 5.655191942057887 -9
      vertex 12.73288326856505 8.507840599175225 -9
      vertex 13.880265557544302 9.274496934198108 -7.499999999999999
    endloop
  endfacet
  facet normal 0 0 0
    outer loop
      vertex 13.652841084339192 5.655191942057887 -9
      vertex 13.880265557544302 9.274496934198108 -7.499999999999999
      vertex 14.883122374445174 6.164791137953653 -7.499999999999999
    endloop
  endfacet
  facet normal 0 0 0
    outer loop
      vertex 12.73288326856505 8.507840599175225 -9
      vertex 11.207422074112307 11.207422074112305 -9
      vertex 12.217342397869485 12.217342397869484 -7.499999999999999
    endloop
  endfacet
  facet normal 0 0 0
    outer loop
      vertex 12.73288326856505 8.507840599175225 -9
      vertex 12.217342397869485 12.217342397869484 -7.499999999999999
      vertex 13.880265557544302 9.274496934198108 -7.499999999999999
    endloop
  endfacet
  facet normal 0 0 0
    outer loop
      vertex 11.207422074112307 11.207422074112305 -9
      vertex 8.507840599175227 12.73288326856505 -9
      vertex 9.27449693419811 13.880265557544302 -7.499999999999999
    endloop
  endfacet
  facet normal 0 0 0
    outer loop
      vertex 11.207422074112307 11.207422074112305 -9
      vertex 9.27449693419811 13.880265557544302 -7.499999999999999
      vertex 12.217342397869485 12.217342397869484 -7.499999999999999
    endloop
  endfacet
  facet normal 0 0 0
    outer loop
      vertex 8.507840599175227 12.73288326856505 -9
      vertex 5.655191942057888 13.652841084339192 -9
      vertex 6.164791137953654 14.883122374445174 -7.499999999999999
    endloop
  endfacet
  facet normal 0 0 0
    outer loop
      vertex 8.507840599175227 12.73288326856505 -9
      vertex 6.164791137953654 14.883122374445174 -7.499999999999999
      vertex 9.27449693419811 13.880265557544302 -7.499999999999999
    endloop
  endfacet
  facet normal 0 0 0
    outer loop
      vertex 5.655191942057888 13.652841084339192 -9
      vertex 2.987556322328058 15.0194598841901 -9
      vertex 3.256770226144323 16.37288957467498 -7.499999999999999
    endloop
  endfacet
  facet normal 0 0 0
    outer loop
      vertex 5.655191942057888 13.652841084339192 -9
      vertex 3.256770226144323 16.37288957467498 -7.499999999999999
      vertex 6.164791137953654 14.883122374445174 -7.499999999999999
    endloop
  endfacet
  facet normal 0 0 0
    outer loop
      vertex 2.987556322328058 15.0194598841901 -9
      vertex 9.705135019864904e-16 15.849688296449225 -9
      vertex 1.0579681640537744e-15 17.277931315222855 -7.499999999999999
    endloop
  endfacet
  facet normal 0 0 0
    outer loop
      vertex 2.987556322328058 15.0194598841901 -9
      vertex 1.0579681640537744e-15 17.277931315222855 -7.499999999999999
      vertex 3.256770226144323 16.37288957467498 -7.499999999999999
    endloop
  endfacet
  facet normal 0 0 0
    outer loop
      vertex 9.705135019864904e-16 15.849688296449225 -9
      vertex -2.987556322328056 15.0194598841901 -9
      vertex -3.2567702261443205 16.37288957467498 -7.499999999999999
    endloop
  endfacet
  facet normal 0 0 0
    outer loop
      vertex 9.705135019864904e-16 15.849688296449225 -9
      vertex -3.2567702261443205 16.37288957467498 -7.499999999999999
      vertex 1.0579681640537744e-15 17.277931315222855 -7.499999999999999
    endloop
  endfacet
  facet normal 0 0 0
    outer loop
      vertex -2.987556322328056 15.0194598841901 -9
      vertex -5.655191942057886 13.652841084339192 -9
      vertex -6.164791137953651 14.883122374445174 -7.499999999999999
    endloop
  endfacet
  facet normal 0 0 0
    outer loop
      vertex -2.987556322328056 15.0194598841901 -9
      vertex -6.164791137953651 14.883122374445174 -7.499999999999999
      vertex -3.2567702261443205 16.37288957467498 -7.499999999999999
    endloop
  endfacet
  facet normal 0 0 0
    outer loop
      vertex -5.655191942057886 13.652841084339192 -9
      vertex -8.507840599175221 12.73288326856505 -9
      vertex -9.274496934198103 13.8802655575443 -7.499999999999999
    endloop
  endfacet
  facet normal 0 0 0
    outer loop
      vertex -5.655191942057886 13.652841084339192 -9
      vertex -9.274496934198103 13.8802655575443 -7.499999999999999
      vertex -6.164791137953651 14.883122374445174 -7.499999999999999
    endloop
  endfacet
  facet normal 0 0 0
    outer loop
      vertex -8.507840599175221 12.73288326856505 -9
      vertex -11.207422074112305 11.207422074112307 -9
      vertex -12.217342397869484 12.217342397869485 -7.499999999999999
    endloop
  endfacet
  facet normal 0 0 0
    outer loop
      vertex -8.507840599175221 12.73288326856505 -9
      vertex -12.217342397869484 12.217342397869485 -7.499999999999999
      vertex -9.274496934198103 13.8802655575443 -7.499999999999999
    endloop
  endfacet
  facet normal 0 0 0
    outer loop
      vertex -11.207422074112305 11.207422074112307 -9
      vertex -12.732883268565052 8.507840599175225 -9
      vertex -13.880265557544304 9.274496934198108 -7.499999999999999
    endloop
  endfacet
  facet normal 0 0 0
    outer loop
      vertex -11.207422074112305 11.207422074112307 -9
      vertex -13.880265557544304 9.274496934198108 -7.499999999999999
      vertex -12.217342397869484 12.217342397869485 -7.499999999999999
    endloop
  endfacet
  facet normal 0 0 0
    outer loop
      vertex -12.732883268565052 8.507840599175225 -9
      vertex -13.652841084339192 5.655191942057889 -9
      vertex -14.883122374445174 6.164791137953655 -7.499999999999999
    endloop
  endfacet
  facet normal 0 0 0
    outer loop
      vertex -12.732883268565052 8.507840599175225 -9
      vertex -14.883122374445174 6.164791137953655 -7.499999999999999
      vertex -13.880265557544304 9.274496934198108 -7.499999999999999
    endloop
  endfacet
  facet normal 0 0 0
    outer loop
      vertex -13.652841084339192 5.655191942057889 -9
      vertex -15.019459884190098 2.9875563223280617 -9
      vertex -16.372889574674975 3.256770226144327 -7.499999999999999
    endloop
  endfacet
  facet normal 0 0 0
    outer loop
      vertex -13.652841084339192 5.655191942057889 -9
      vertex -16.372889574674975 3.256770226144327 -7.499999999999999
      vertex -14.883122374445174 6.164791137953655 -7.499999999999999
    endloop
  endfacet
  facet normal 0 0 0
    outer loop
      vertex -15.019459884190098 2.9875563223280617 -9
      vertex -15.849688296449225 1.941027003972981e-15 -9
      vertex -17.277931315222855 2.115936328107549e-15 -7.499999999999999
    endloop
  endfacet
  facet normal 0 0 0
    outer loop
      vertex -15.019459884190098 2.9875563223280617 -9
      vertex -17.277931315222855 2.115936328107549e-15 -7.499999999999999
      vertex -16.372889574674975 3.256770226144327 -7.499999999999999
    endloop
  endfacet
  facet normal 0 0 0
    outer loop
      vertex -15.849688296449225 1.941027003972981e-15 -9
      vertex -15.0194598841901 -2.9875563223280586 -9
      vertex -16.37288957467498 -3.2567702261443237 -7.499999999999999
    endloop
  endfacet
  facet normal 0 0 0
    outer loop
      vertex -15.849688296449225 1.941027003972981e-15 -9
      vertex -16.37288957467498 -3.2567702261443237 -7.499999999999999
      vertex -17.277931315222855 2.115936328107549e-15 -7.499999999999999
    endloop
  endfacet
  facet normal 0 0 0
    outer loop
      vertex -15.0194598841901 -2.9875563223280586 -9
      vertex -13.652841084339194 -5.6551919420578844 -9
      vertex -14.883122374445175 -6.1647911379536495 -7.499999999999999
    endloop
  endfacet
  facet normal 0 0 0
    outer loop
      vertex -15.0194598841901 -2.9875563223280586 -9
      vertex -14.883122374445175 -6.1647911379536495 -7.499999999999999
      vertex -16.37288957467498 -3.2567702261443237 -7.499999999999999
    endloop
  endfacet
  facet normal 0 0 0
    outer loop
      vertex -13.652841084339194 -5.6551919420578844 -9
      vertex -12.732883268565052 -8.507840599175221 -9
      vertex -13.880265557544302 -9.274496934198103 -7.499999999999999
    endloop
  endfacet
  facet normal 0 0 0
    outer loop
      vertex -13.652841084339194 -5.6551919420578844 -9
      vertex -13.880265557544302 -9.274496934198103 -7.499999999999999
      vertex -14.883122374445175 -6.1647911379536495 -7.499999999999999
    endloop
  endfacet
  facet normal 0 0 0
    outer loop
      vertex -12.732883268565052 -8.507840599175221 -9
      vertex -11.207422074112309 -11.207422074112305 -9
      vertex -12.217342397869487 -12.217342397869484 -7.499999999999999
    endloop
  endfacet
  facet normal 0 0 0
    outer loop
      vertex -12.732883268565052 -8.507840599175221 -9
      vertex -12.217342397869487 -12.217342397869484 -7.499999999999999
      vertex -13.880265557544302 -9.274496934198103 -7.499999999999999
    endloop
  endfacet
  facet normal 0 0 0
    outer loop
      vertex -11.207422074112309 -11.207422074112305 -9
      vertex -8.507840599175225 -12.73288326856505 -9
      vertex -9.274496934198108 -13.880265557544302 -7.499999999999999
    endloop
  endfacet
  facet normal 0 0 0
    outer loop
      vertex -11.207422074112309 -11.207422074112305 -9
      vertex -9.274496934198108 -13.880265557544302 -7.499999999999999
      vertex -12.217342397869487 -12.217342397869484 -7.499999999999999
    endloop
  endfacet
  facet normal 0 0 0
    outer loop
      vertex -8.507840599175225 -12.73288326856505 -9
      vertex -5.655191942057895 -13.652841084339189 -9
      vertex -6.164791137953662 -14.88312237444517 -7.499999999999999
    endloop
  endfacet
  facet normal 0 0 0
    outer loop
      vertex -8.507840599175225 -12.73288326856505 -9
      vertex -6.164791137953662 -14.88312237444517 -7.499999999999999
      vertex -9.274496934198108 -13.880265557544302 -7.499999999999999
    endloop
  endfacet
  facet normal 0 0 0
    outer loop
      vertex -5.655191942057895 -13.652841084339189 -9
      vertex -2.9875563223280626 -15.019459884190097 -9
      vertex -3.256770226144328 -16.372889574674975 -7.499999999999999
    endloop
  endfacet
  facet normal 0 0 0
    outer loop
      vertex -5.655191942057895 -13.652841084339189 -9
      vertex -3.256770226144328 -16.372889574674975 -7.499999999999999
      vertex -6.164791137953662 -14.88312237444517 -7.499999999999999
    endloop
  endfacet
  facet normal 0 0 0
    outer loop
      vertex -2.9875563223280626 -15.019459884190097 -9
      vertex -2.911540505959471e-15 -15.849688296449225 -9
      vertex -3.173904492161323e-15 -17.277931315222855 -7.499999999999999
    endloop
  endfacet
  facet normal 0 0 0
    outer loop
      vertex -2.9875563223280626 -15.019459884190097 -9
      vertex -3.173904492161323e-15 -17.277931315222855 -7.499999999999999
      vertex -3.256770226144328 -16.372889574674975 -7.499999999999999
    endloop
  endfacet
  facet normal 0 0 0
    outer loop
      vertex -2.911540505959471e-15 -15.849688296449225 -9
      vertex 2.9875563223280577 -15.0194598841901 -9
      vertex 3.2567702261443228 -16.37288957467498 -7.499999999999999
    endloop
  endfacet
  facet normal 0 0 0
    outer loop
      vertex -2.911540505959471e-15 -15.849688296449225 -9
      vertex 3.2567702261443228 -16.37288957467498 -7.499999999999999
      vertex -3.173904492161323e-15 -17.277931315222855 -7.499999999999999
    endloop
  endfacet
  facet normal 0 0 0
    outer loop
      vertex 2.9875563223280577 -15.0194598841901 -9
      vertex 5.65519194205789 -13.65284108433919 -9
      vertex 6.164791137953657 -14.883122374445172 -7.499999999999999
    endloop
  endfacet
  facet normal 0 0 0
    outer loop
      vertex 2.9875563223280577 -15.0194598841901 -9
      vertex 6.164791137953657 -14.883122374445172 -7.499999999999999
      vertex 3.2567702261443228 -16.37288957467498 -7.499999999999999
    endloop
  endfacet
  facet normal 0 0 0
    outer loop
      vertex 5.65519194205789 -13.65284108433919 -9
      vertex 8.50784059917522 -12.732883268565052 -9
      vertex 9.274496934198101 -13.880265557544302 -7.499999999999999
    endloop
  endfacet
  facet normal 0 0 0
    outer loop
      vertex 5.65519194205789 -13.65284108433919 -9
      vertex 9.274496934198101 -13.880265557544302 -7.499999999999999
      vertex 6.164791137953657 -14.883122374445172 -7.499999999999999
    endloop
  endfacet
  facet normal 0 0 0
    outer loop
      vertex 8.50784059917522 -12.732883268565052 -9
      vertex 11.207422074112303 -11.207422074112309 -9
      vertex 12.217342397869482 -12.217342397869487 -7.499999999999999
    endloop
  endfacet
  facet normal 0 0 0
    outer loop
      vertex 8.50784059917522 -12.732883268565052 -9
      vertex 12.217342397869482 -12.217342397869487 -7.499999999999999
      vertex 9.274496934198101 -13.880265557544302 -7.499999999999999
    endloop
  endfacet
  facet normal 0 0 0
    outer loop
      vertex 11.207422074112303 -11.207422074112309 -9
      vertex 12.73288326856505 -8.507840599175225 -9
      vertex 13.880265557544302 -9.274496934198108 -7.499999999999999
    endloop
  endfacet
  facet normal 0 0 0
    outer loop
      vertex 11.207422074112303 -11.207422074112309 -9
      vertex 13.880265557544302 -9.274496934198108 -7.499999999999999
      vertex 12.217342397869482 -12.217342397869487 -7.499999999999999
    endloop
  endfacet
  facet normal 0 0 0
    outer loop
      vertex 12.73288326856505 -8.507840599175225 -9
      vertex 13.652841084339189 -5.655191942057896 -9
      vertex 14.88312237444517 -6.164791137953663 -7.499999999999999
    endloop
  endfacet
  facet normal 0 0 0
    outer loop
      vertex 12.73288326856505 -8.507840599175225 -9
      vertex 14.88312237444517 -6.164791137953663 -7.499999999999999
      vertex 13.880265557544302 -9.274496934198108 -7.499999999999999
    endloop
  endfacet
  facet normal 0 0 0
    outer loop
      vertex 13.652841084339189 -5.655191942057896 -9
      vertex 15.019459884190097 -2.9875563223280635 -9
      vertex 16.372889574674975 -3.256770226144329 -7.499999999999999
    endloop
  endfacet
  facet normal 0 0 0
    outer loop
      vertex 13.652841084339189 -5.655191942057896 -9
      vertex 16.372889574674975 -3.256770226144329 -7.499999999999999
      vertex 14.88312237444517 -6.164791137953663 -7.499999999999999
    endloop
  endfacet
  facet normal 0 0 0
    outer loop
      vertex 15.019459884190097 -2.9875563223280635 -9
      vertex 15.849688296449225 0 -9
      vertex 17.277931315222855 0 -7.499999999999999
    endloop
  endfacet
  facet normal 0 0 0
    outer loop
      vertex 15.019459884190097 -2.9875563223280635 -9
      vertex 17.277931315222855 0 -7.499999999999999
      vertex 16.372889574674975 -3.256770226144329 -7.499999999999999
    endloop
  endfacet
  facet normal 0 0 0
    outer loop
      vertex 17.277931315222855 0 -7.499999999999999
      vertex 16.37288957467498 3.256770226144322 -7.499999999999999
      vertex 17.513300617405584 3.483612086439771 -6.000000000000001
    endloop
  endfacet
  facet normal 0 0 0
    outer loop
      vertex 17.277931315222855 0 -7.499999999999999
      vertex 17.513300617405584 3.483612086439771 -6.000000000000001
      vertex 18.481380686670303 0 -6.000000000000001
    endloop
  endfacet
  facet normal 0 0 0
    outer loop
      vertex 16.37288957467498 3.256770226144322 -7.499999999999999
      vertex 14.883122374445174 6.164791137953653 -7.499999999999999
      vertex 15.919767557246706 6.594183632038784 -6.000000000000001
    endloop
  endfacet
  facet normal 0 0 0
    outer loop
      vertex 16.37288957467498 3.256770226144322 -7.499999999999999
      vertex 15.919767557246706 6.594183632038784 -6.000000000000001
      vertex 17.513300617405584 3.483612086439771 -6.000000000000001
    endloop
  endfacet
  facet normal 0 0 0
    outer loop
      vertex 14.883122374445174 6.164791137953653 -7.499999999999999
      vertex 13.880265557544302 9.274496934198108 -7.499999999999999
      vertex 14.847059356871018 9.920487898181058 -6.000000000000001
    endloop
  endfacet
  facet normal 0 0 0
    outer loop
      vertex 14.883122374445174 6.164791137953653 -7.499999999999999
      vertex 14.847059356871018 9.920487898181058 -6.000000000000001
      vertex 15.919767557246706 6.594183632038784 -6.000000000000001
    endloop
  endfacet
  facet normal 0 0 0
    outer loop
      vertex 13.880265557544302 9.274496934198108 -7.499999999999999
      vertex 12.217342397869485 12.217342397869484 -7.499999999999999
      vertex 13.068309609234664 13.068309609234662 -6.000000000000001
    endloop
  endfacet
  facet normal 0 0 0
    outer loop
      vertex 13.880265557544302 9.274496934198108 -7.499999999999999
      vertex 13.068309609234664 13.068309609234662 -6.000000000000001
      vertex 14.847059356871018 9.920487898181058 -6.000000000000001
    endloop
  endfacet
  facet normal 0 0 0
    outer loop
      vertex 12.217342397869485 12.217342397869484 -7.499999999999999
      vertex 9.27449693419811 13.880265557544302 -7.499999999999999
      vertex 9.92048789818106 14.847059356871018 -6.000000000000001
    endloop
  endfacet
  facet normal 0 0 0
    outer loop
      vertex 12.217342397869485 12.217342397869484 -7.499999999999999
      vertex 9.92048789818106 14.847059356871018 -6.000000000000001
      vertex 13.068309609234664 13.068309609234662 -6.000000000000001
    endloop
  endfacet
  facet normal 0 0 0
    outer loop
      vertex 9.27449693419811 13.880265557544302 -7.499999999999999
      vertex 6.164791137953654 14.883122374445174 -7.499999999999999
      vertex 6.594183632038785 15.919767557246706 -6.000000000000001
    endloop
  endfacet
  facet normal 0 0 0
    outer loop
      vertex 9.27449693419811 13.880265557544302 -7.499999999999999
      vertex 6.594183632038785 15.919767557246706 -6.000000000000001
      vertex 9.92048789818106 14.847059356871018 -6.000000000000001
    endloop
  endfacet
  facet normal 0 0 0
    outer loop
      vertex 6.164791137953654 14.883122374445174 -7.499999999999999
      vertex 3.256770226144323 16.37288957467498 -7.499999999999999
      vertex 3.483612086439772 17.513300617405584 -6.000000000000001
    endloop
  endfacet
  facet normal 0 0 0
    outer loop
      vertex 6.164791137953654 14.883122374445174 -7.499999999999999
      vertex 3.483612086439772 17.513300617405584 -6.000000000000001
      vertex 6.594183632038785 15.919767557246706 -6.000000000000001
    endloop
  endfacet
  facet normal 0 0 0
    outer loop
      vertex 3.256770226144323 16.37288957467498 -7.499999999999999
      vertex 1.0579681640537744e-15 17.277931315222855 -7.499999999999999
      vertex 1.131658185087725e-15 18.481380686670303 -6.000000000000001
    endloop
  endfacet
  facet normal 0 0 0
    outer loop
      vertex 3.256770226144323 16.37288957467498 -7.499999999999999
      vertex 1.131658185087725e-15 18.481380686670303 -6.000000000000001
      vertex 3.483612086439772 17.513300617405584 -6.000000000000001
    endloop
  endfacet
  facet normal 0 0 0
    outer loop
      vertex 1.0579681640537744e-15 17.277931315222855 -7.499999999999999
      vertex -3.2567702261443205 16.37288957467498 -7.499999999999999
      vertex -3.48361208643977 17.513300617405584 -6.000000000000001
    endloop
  endfacet
  facet normal 0 0 0
    outer loop
      vertex 1.0579681640537744e-15 17.277931315222855 -7.499999999999999
      vertex -3.48361208643977 17.513300617405584 -6.000000000000001
      vertex 1.131658185087725e-15 18.481380686670303 -6.000000000000001
    endloop
  endfacet
  facet normal 0 0 0
    outer loop
      vertex -3.2567702261443205 16.37288957467498 -7.499999999999999
      vertex -6.164791137953651 14.883122374445174 -7.499999999999999
      vertex -6.594183632038783 15.919767557246706 -6.000000000000001
    endloop
  endfacet
  facet normal 0 0 0
    outer loop
      vertex -3.2567702261443205 16.37288957467498 -7.499999999999999
      vertex -6.594183632038783 15.919767557246706 -6.000000000000001
      vertex -3.48361208643977 17.513300617405584 -6.000000000000001
    endloop
  endfacet
  facet normal 0 0 0
    outer loop
      vertex -6.164791137953651 14.883122374445174 -7.499999999999999
      vertex -9.274496934198103 13.8802655575443 -7.499999999999999
      vertex -9.920487898181053 14.847059356871018 -6.000000000000001
    endloop
  endfacet
  facet normal 0 0 0
    outer loop
      vertex -6.164791137953651 14.883122374445174 -7.499999999999999
      vertex -9.920487898181053 14.847059356871018 -6.000000000000001
      vertex -6.594183632038783 15.919767557246706 -6.000000000000001
    endloop
  endfacet
  facet normal 0 0 0
    outer loop
      vertex -9.274496934198103 13.8802655575443 -7.499999999999999
      vertex -12.217342397869484 12.217342397869485 -7.499999999999999
      vertex -13.068309609234662 13.068309609234664 -6.000000000000001
    endloop
  endfacet
  facet normal 0 0 0
    outer loop
      vertex -9.274496934198103 13.8802655575443 -7.499999999999999
      vertex -13.068309609234662 13.068309609234664 -6.000000000000001
      vertex -9.920487898181053 14.847059356871018 -6.000000000000001
    endloop
  endfacet
  facet normal 0 0 0
    outer loop
      vertex -12.217342397869484 12.217342397869485 -7.499999999999999
      vertex -13.880265557544304 9.274496934198108 -7.499999999999999
      vertex -14.847059356871021 9.920487898181058 -6.000000000000001
    endloop
  endfacet
  facet normal 0 0 0
    outer loop
      vertex -12.217342397869484 12.217342397869485 -7.499999999999999
      vertex -14.847059356871021 9.920487898181058 -6.000000000000001
      vertex -13.068309609234662 13.068309609234664 -6.000000000000001
    endloop
  endfacet
  facet normal 0 0 0
    outer loop
      vertex -13.880265557544304 9.274496934198108 -7.499999999999999
      vertex -14.883122374445174 6.164791137953655 -7.499999999999999
      vertex -15.919767557246706 6.594183632038786 -6.000000000000001
    endloop
  endfacet
  facet normal 0 0 0
    outer loop
      vertex -13.880265557544304 9.274496934198108 -7.499999999999999
      vertex -15.919767557246706 6.594183632038786 -6.000000000000001
      vertex -14.847059356871021 9.920487898181058 -6.000000000000001
    endloop
  endfacet
  facet normal 0 0 0
    outer loop
      vertex -14.883122374445174 6.164791137953655 -7.499999999999999
      vertex -16.372889574674975 3.256770226144327 -7.499999999999999
      vertex -17.51330061740558 3.4836120864397766 -6.000000000000001
    endloop
  endfacet
  facet normal 0 0 0
    outer loop
      vertex -14.883122374445174 6.164791137953655 -7.499999999999999
      vertex -17.51330061740558 3.4836120864397766 -6.000000000000001
      vertex -15.919767557246706 6.594183632038786 -6.000000000000001
    endloop
  endfacet
  facet normal 0 0 0
    outer loop
      vertex -16.372889574674975 3.256770226144327 -7.499999999999999
      vertex -17.277931315222855 2.115936328107549e-15 -7.499999999999999
      vertex -18.481380686670303 2.26331637017545e-15 -6.000000000000001
    endloop
  endfacet
  facet normal 0 0 0
    outer loop
      vertex -16.372889574674975 3.256770226144327 -7.499999999999999
      vertex -18.481380686670303 2.26331637017545e-15 -6.000000000000001
      vertex -17.51330061740558 3.4836120864397766 -6.000000000000001
    endloop
  endfacet
  facet normal 0 0 0
    outer loop
      vertex -17.277931315222855 2.115936328107549e-15 -7.499999999999999
      vertex -16.37288957467498 -3.2567702261443237 -7.499999999999999
      vertex -17.513300617405584 -3.483612086439773 -6.000000000000001
    endloop
  endfacet
  facet normal 0 0 0
    outer loop
      vertex -17.277931315222855 2.115936328107549e-15 -7.499999999999999
      vertex -17.513300617405584 -3.483612086439773 -6.000000000000001
      vertex -18.481380686670303 2.26331637017545e-15 -6.000000000000001
    endloop
  endfacet
  facet normal 0 0 0
    outer loop
      vertex -16.37288957467498 -3.2567702261443237 -7.499999999999999
      vertex -14.883122374445175 -6.1647911379536495 -7.499999999999999
      vertex -15.919767557246708 -6.5941836320387806 -6.000000000000001
    endloop
  endfacet
  facet normal 0 0 0
    outer loop
      vertex -16.37288957467498 -3.2567702261443237 -7.499999999999999
      vertex -15.919767557246708 -6.5941836320387806 -6.000000000000001
      vertex -17.513300617405584 -3.483612086439773 -6.000000000000001
    endloop
  endfacet
  facet normal 0 0 0
    outer loop
      vertex -14.883122374445175 -6.1647911379536495 -7.499999999999999
      vertex -13.880265557544302 -9.274496934198103 -7.499999999999999
      vertex -14.84705935687102 -9.920487898181053 -6.000000000000001
    endloop
  endfacet
  facet normal 0 0 0
    outer loop
      vertex -14.883122374445175 -6.1647911379536495 -7.499999999999999
      vertex -14.84705935687102 -9.920487898181053 -6.000000000000001
      vertex -15.919767557246708 -6.5941836320387806 -6.000000000000001
    endloop
  endfacet
  facet normal 0 0 0
    outer loop
      vertex -13.880265557544302 -9.274496934198103 -7.499999999999999
      vertex -12.217342397869487 -12.217342397869484 -7.499999999999999
      vertex -13.068309609234666 -13.068309609234662 -6.000000000000001
    endloop
  endfacet
  facet normal 0 0 0
    outer loop
      vertex -13.880265557544302 -9.274496934198103 -7.499999999999999
      vertex -13.068309609234666 -13.068309609234662 -6.000000000000001
      vertex -14.84705935687102 -9.920487898181053 -6.000000000000001
    endloop
  endfacet
  facet normal 0 0 0
    outer loop
      vertex -12.217342397869487 -12.217342397869484 -7.499999999999999
      vertex -9.274496934198108 -13.880265557544302 -7.499999999999999
      vertex -9.920487898181058 -14.847059356871018 -6.000000000000001
    endloop
  endfacet
  facet normal 0 0 0
    outer loop
      vertex -12.217342397869487 -12.217342397869484 -7.499999999999999
      vertex -9.920487898181058 -14.847059356871018 -6.000000000000001
      vertex -13.068309609234666 -13.068309609234662 -6.000000000000001
    endloop
  endfacet
  facet normal 0 0 0
    outer loop
      vertex -9.274496934198108 -13.880265557544302 -7.499999999999999
      vertex -6.164791137953662 -14.88312237444517 -7.499999999999999
      vertex -6.594183632038793 -15.919767557246702 -6.000000000000001
    endloop
  endfacet
  facet normal 0 0 0
    outer loop
      vertex -9.274496934198108 -13.880265557544302 -7.499999999999999
      vertex -6.594183632038793 -15.919767557246702 -6.000000000000001
      vertex -9.920487898181058 -14.847059356871018 -6.000000000000001
    endloop
  endfacet
  facet normal 0 0 0
    outer loop
      vertex -6.164791137953662 -14.88312237444517 -7.499999999999999
      vertex -3.256770226144328 -16.372889574674975 -7.499999999999999
      vertex -3.4836120864397775 -17.51330061740558 -6.000000000000001
    endloop
  endfacet
  facet normal 0 0 0
    outer loop
      vertex -6.164791137953662 -14.88312237444517 -7.499999999999999
      vertex -3.4836120864397775 -17.51330061740558 -6.000000000000001
      vertex -6.594183632038793 -15.919767557246702 -6.000000000000001
    endloop
  endfacet
  facet normal 0 0 0
    outer loop
      vertex -3.256770226144328 -16.372889574674975 -7.499999999999999
      vertex -3.173904492161323e-15 -17.277931315222855 -7.499999999999999
      vertex -3.3949745552631746e-15 -18.481380686670303 -6.000000000000001
    endloop
  endfacet
  facet normal 0 0 0
    outer loop
      vertex -3.256770226144328 -16.372889574674975 -7.499999999999999
      vertex -3.3949745552631746e-15 -18.481380686670303 -6.000000000000001
      vertex -3.4836120864397775 -17.51330061740558 -6.000000000000001
    endloop
  endfacet
  facet normal 0 0 0
    outer loop
      vertex -3.173904492161323e-15 -17.277931315222855 -7.499999999999999
      vertex 3.2567702261443228 -16.37288957467498 -7.499999999999999
      vertex 3.4836120864397717 -17.513300617405584 -6.000000000000001
    endloop
  endfacet
  facet normal 0 0 0
    outer loop
      vertex -3.173904492161323e-15 -17.277931315222855 -7.499999999999999
      vertex 3.4836120864397717 -17.513300617405584 -6.000000000000001
      vertex -3.3949745552631746e-15 -18.481380686670303 -6.000000000000001
    endloop
  endfacet
  facet normal 0 0 0
    outer loop
      vertex 3.2567702261443228 -16.37288957467498 -7.499999999999999
      vertex 6.164791137953657 -14.883122374445172 -7.499999999999999
      vertex 6.594183632038788 -15.919767557246704 -6.000000000000001
    endloop
  endfacet
  facet normal 0 0 0
    outer loop
      vertex 3.2567702261443228 -16.37288957467498 -7.499999999999999
      vertex 6.594183632038788 -15.919767557246704 -6.000000000000001
      vertex 3.4836120864397717 -17.513300617405584 -6.000000000000001
    endloop
  endfacet
  facet normal 0 0 0
    outer loop
      vertex 6.164791137953657 -14.883122374445172 -7.499999999999999
      vertex 9.274496934198101 -13.880265557544302 -7.499999999999999
      vertex 9.920487898181051 -14.84705935687102 -6.000000000000001
    endloop
  endfacet
  facet normal 0 0 0
    outer loop
      vertex 6.164791137953657 -14.883122374445172 -7.499999999999999
      vertex 9.920487898181051 -14.84705935687102 -6.000000000000001
      vertex 6.594183632038788 -15.919767557246704 -6.000000000000001
    endloop
  endfacet
  facet normal 0 0 0
    outer loop
      vertex 9.274496934198101 -13.880265557544302 -7.499999999999999
      vertex 12.217342397869482 -12.217342397869487 -7.499999999999999
      vertex 13.06830960923466 -13.068309609234666 -6.000000000000001
    endloop
  endfacet
  facet normal 0 0 0
    outer loop
      vertex 9.274496934198101 -13.880265557544302 -7.499999999999999
      vertex 13.06830960923466 -13.068309609234666 -6.000000000000001
      vertex 9.920487898181051 -14.84705935687102 -6.000000000000001
    endloop
  endfacet
  facet normal 0 0 0
    outer loop
      vertex 12.217342397869482 -12.217342397869487 -7.499999999999999
      vertex 13.880265557544302 -9.274496934198108 -7.499999999999999
      vertex 14.847059356871018 -9.920487898181058 -6.000000000000001
    endloop
  endfacet
  facet normal 0 0 0
    outer loop
      vertex 12.217342397869482 -12.217342397869487 -7.499999999999999
      vertex 14.847059356871018 -9.920487898181058 -6.000000000000001
      vertex 13.06830960923466 -13.068309609234666 -6.000000000000001
    endloop
  endfacet
  facet normal 0 0 0
    outer loop
      vertex 13.880265557544302 -9.274496934198108 -7.499999999999999
      vertex 14.88312237444517 -6.164791137953663 -7.499999999999999
      vertex 15.919767557246702 -6.594183632038795 -6.000000000000001
    endloop
  endfacet
  facet normal 0 0 0
    outer loop
      vertex 13.880265557544302 -9.274496934198108 -7.499999999999999
      vertex 15.919767557246702 -6.594183632038795 -6.000000000000001
      vertex 14.847059356871018 -9.920487898181058 -6.000000000000001
    endloop
  endfacet
  facet normal 0 0 0
    outer loop
      vertex 14.88312237444517 -6.164791137953663 -7.499999999999999
      vertex 16.372889574674975 -3.256770226144329 -7.499999999999999
      vertex 17.51330061740558 -3.4836120864397784 -6.000000000000001
    endloop
  endfacet
  facet normal 0 0 0
    outer loop
      vertex 14.88312237444517 -6.164791137953663 -7.499999999999999
      vertex 17.51330061740558 -3.4836120864397784 -6.000000000000001
      vertex 15.919767557246702 -6.594183632038795 -6.000000000000001
    endloop
  endfacet
  facet normal 0 0 0
    outer loop
      vertex 16.372889574674975 -3.256770226144329 -7.499999999999999
      vertex 17.277931315222855 0 -7.499999999999999
      vertex 18.481380686670303 0 -6.000000000000001
    endloop
  endfacet
  facet normal 0 0 0
    outer loop
      vertex 16.372889574674975 -3.256770226144329 -7.499999999999999
      vertex 18.481380686670303 0 -6.000000000000001
      vertex 17.51330061740558 -3.4836120864397784 -6.000000000000001
    endloop
  endfacet
  facet normal 0 0 0
    outer loop
      vertex 18.481380686670303 0 -6.000000000000001
      vertex 17.513300617405584 3.483612086439771 -6.000000000000001
      vertex 18.421180263259128 3.664200576092304 -4.5
    endloop
  endfacet
  facet normal 0 0 0
    outer loop
      vertex 18.481380686670303 0 -6.000000000000001
      vertex 18.421180263259128 3.664200576092304 -4.5
      vertex 19.439445058386905 0 -4.5
    endloop
  endfacet
  facet normal 0 0 0
    outer loop
      vertex 17.513300617405584 3.483612086439771 -6.000000000000001
      vertex 15.919767557246706 6.594183632038784 -6.000000000000001
      vertex 16.745039346253712 6.936022399689393 -4.5
    endloop
  endfacet
  facet normal 0 0 0
    outer loop
      vertex 17.513300617405584 3.483612086439771 -6.000000000000001
      vertex 16.745039346253712 6.936022399689393 -4.5
      vertex 18.421180263259128 3.664200576092304 -4.5
    endloop
  endfacet
  facet normal 0 0 0
    outer loop
      vertex 15.919767557246706 6.594183632038784 -6.000000000000001
      vertex 14.847059356871018 9.920487898181058 -6.000000000000001
      vertex 15.616722556592842 10.434760406627795 -4.5
    endloop
  endfacet
  facet normal 0 0 0
    outer loop
      vertex 15.919767557246706 6.594183632038784 -6.000000000000001
      vertex 15.616722556592842 10.434760406627795 -4.5
      vertex 16.745039346253712 6.936022399689393 -4.5
    endloop
  endfacet
  facet normal 0 0 0
    outer loop
      vertex 14.847059356871018 9.920487898181058 -6.000000000000001
      vertex 13.068309609234664 13.068309609234662 -6.000000000000001
      vertex 13.745763423288702 13.7457634232887 -4.5
    endloop
  endfacet
  facet normal 0 0 0
    outer loop
      vertex 14.847059356871018 9.920487898181058 -6.000000000000001
      vertex 13.745763423288702 13.7457634232887 -4.5
      vertex 15.616722556592842 10.434760406627795 -4.5
    endloop
  endfacet
  facet normal 0 0 0
    outer loop
      vertex 13.068309609234664 13.068309609234662 -6.000000000000001
      vertex 9.92048789818106 14.847059356871018 -6.000000000000001
      vertex 10.434760406627799 15.616722556592842 -4.5
    endloop
  endfacet
  facet normal 0 0 0
    outer loop
      vertex 13.068309609234664 13.068309609234662 -6.000000000000001
      vertex 10.434760406627799 15.616722556592842 -4.5
      vertex 13.745763423288702 13.7457634232887 -4.5
    endloop
  endfacet
  facet normal 0 0 0
    outer loop
      vertex 9.92048789818106 14.847059356871018 -6.000000000000001
      vertex 6.594183632038785 15.919767557246706 -6.000000000000001
      vertex 6.936022399689394 16.745039346253712 -4.5
    endloop
  endfacet
  facet normal 0 0 0
    outer loop
      vertex 9.92048789818106 14.847059356871018 -6.000000000000001
      vertex 6.936022399689394 16.745039346253712 -4.5
      vertex 10.434760406627799 15.616722556592842 -4.5
    endloop
  endfacet
  facet normal 0 0 0
    outer loop
      vertex 6.594183632038785 15.919767557246706 -6.000000000000001
      vertex 3.483612086439772 17.513300617405584 -6.000000000000001
      vertex 3.664200576092306 18.421180263259128 -4.5
    endloop
  endfacet
  facet normal 0 0 0
    outer loop
      vertex 6.594183632038785 15.919767557246706 -6.000000000000001
      vertex 3.664200576092306 18.421180263259128 -4.5
      vertex 6.936022399689394 16.745039346253712 -4.5
    endloop
  endfacet
  facet normal 0 0 0
    outer loop
      vertex 3.483612086439772 17.513300617405584 -6.000000000000001
      vertex 1.131658185087725e-15 18.481380686670303 -6.000000000000001
      vertex 1.1903227083977179e-15 19.439445058386905 -4.5
    endloop
  endfacet
  facet normal 0 0 0
    outer loop
      vertex 3.483612086439772 17.513300617405584 -6.000000000000001
      vertex 1.1903227083977179e-15 19.439445058386905 -4.5
      vertex 3.664200576092306 18.421180263259128 -4.5
    endloop
  endfacet
  facet normal 0 0 0
    outer loop
      vertex 1.131658185087725e-15 18.481380686670303 -6.000000000000001
      vertex -3.48361208643977 17.513300617405584 -6.000000000000001
      vertex -3.6642005760923033 18.421180263259128 -4.5
    endloop
  endfacet
  facet normal 0 0 0
    outer loop
      vertex 1.131658185087725e-15 18.481380686670303 -6.000000000000001
      vertex -3.6642005760923033 18.421180263259128 -4.5
      vertex 1.1903227083977179e-15 19.439445058386905 -4.5
    endloop
  endfacet
  facet normal 0 0 0
    outer loop
      vertex -3.48361208643977 17.513300617405584 -6.000000000000001
      vertex -6.594183632038783 15.919767557246706 -6.000000000000001
      vertex -6.936022399689392 16.745039346253712 -4.5
    endloop
  endfacet
  facet normal 0 0 0
    outer loop
      vertex -3.48361208643977 17.513300617405584 -6.000000000000001
      vertex -6.936022399689392 16.745039346253712 -4.5
      vertex -3.6642005760923033 18.421180263259128 -4.5
    endloop
  endfacet
  facet normal 0 0 0
    outer loop
      vertex -6.594183632038783 15.919767557246706 -6.000000000000001
      vertex -9.920487898181053 14.847059356871018 -6.000000000000001
      vertex -10.43476040662779 15.61672255659284 -4.5
    endloop
  endfacet
  facet normal 0 0 0
    outer loop
      vertex -6.594183632038783 15.919767557246706 -6.000000000000001
      vertex -10.43476040662779 15.61672255659284 -4.5
      vertex -6.936022399689392 16.745039346253712 -4.5
    endloop
  endfacet
  facet normal 0 0 0
    outer loop
      vertex -9.920487898181053 14.847059356871018 -6.000000000000001
      vertex -13.068309609234662 13.068309609234664 -6.000000000000001
      vertex -13.7457634232887 13.745763423288702 -4.5
    endloop
  endfacet
  facet normal 0 0 0
    outer loop
      vertex -9.920487898181053 14.847059356871018 -6.000000000000001
      vertex -13.7457634232887 13.745763423288702 -4.5
      vertex -10.43476040662779 15.61672255659284 -4.5
    endloop
  endfacet
  facet normal 0 0 0
    outer loop
      vertex -13.068309609234662 13.068309609234664 -6.000000000000001
      vertex -14.847059356871021 9.920487898181058 -6.000000000000001
      vertex -15.616722556592844 10.434760406627795 -4.5
    endloop
  endfacet
  facet normal 0 0 0
    outer loop
      vertex -13.068309609234662 13.068309609234664 -6.000000000000001
      vertex -15.616722556592844 10.434760406627795 -4.5
      vertex -13.7457634232887 13.745763423288702 -4.5
    endloop
  endfacet
  facet normal 0 0 0
    outer loop
      vertex -14.847059356871021 9.920487898181058 -6.000000000000001
      vertex -15.919767557246706 6.594183632038786 -6.000000000000001
      vertex -16.745039346253712 6.936022399689396 -4.5
    endloop
  endfacet
  facet normal 0 0 0
    outer loop
      vertex -14.847059356871021 9.920487898181058 -6.000000000000001
      vertex -16.745039346253712 6.936022399689396 -4.5
      vertex -15.616722556592844 10.434760406627795 -4.5
    endloop
  endfacet
  facet normal 0 0 0
    outer loop
      vertex -15.919767557246706 6.594183632038786 -6.000000000000001
      vertex -17.51330061740558 3.4836120864397766 -6.000000000000001
      vertex -18.421180263259124 3.6642005760923104 -4.5
    endloop
  endfacet
  facet normal 0 0 0
    outer loop
      vertex -15.919767557246706 6.594183632038786 -6.000000000000001
      vertex -18.421180263259124 3.6642005760923104 -4.5
      vertex -16.745039346253712 6.936022399689396 -4.5
    endloop
  endfacet
  facet normal 0 0 0
    outer loop
      vertex -17.51330061740558 3.4836120864397766 -6.000000000000001
      vertex -18.481380686670303 2.26331637017545e-15 -6.000000000000001
      vertex -19.439445058386905 2.3806454167954358e-15 -4.5
    endloop
  endfacet
  facet normal 0 0 0
    outer loop
      vertex -17.51330061740558 3.4836120864397766 -6.000000000000001
      vertex -19.439445058386905 2.3806454167954358e-15 -4.5
      vertex -18.421180263259124 3.6642005760923104 -4.5
    endloop
  endfacet
  facet normal 0 0 0
    outer loop
      vertex -18.481380686670303 2.26331637017545e-15 -6.000000000000001
      vertex -17.513300617405584 -3.483612086439773 -6.000000000000001
      vertex -18.421180263259128 -3.6642005760923064 -4.5
    endloop
  endfacet
  facet normal 0 0 0
    outer loop
      vertex -18.481380686670303 2.26331637017545e-15 -6.000000000000001
      vertex -18.421180263259128 -3.6642005760923064 -4.5
      vertex -19.439445058386905 2.3806454167954358e-15 -4.5
    endloop
  endfacet
  facet normal 0 0 0
    outer loop
      vertex -17.513300617405584 -3.483612086439773 -6.000000000000001
      vertex -15.919767557246708 -6.5941836320387806 -6.000000000000001
      vertex -16.745039346253716 -6.93602239968939 -4.5
    endloop
  endfacet
  facet normal 0 0 0
    outer loop
      vertex -17.513300617405584 -3.483612086439773 -6.000000000000001
      vertex -16.745039346253716 -6.93602239968939 -4.5
      vertex -18.421180263259128 -3.6642005760923064 -4.5
    endloop
  endfacet
  facet normal 0 0 0
    outer loop
      vertex -15.919767557246708 -6.5941836320387806 -6.000000000000001
      vertex -14.84705935687102 -9.920487898181053 -6.000000000000001
      vertex -15.616722556592844 -10.43476040662779 -4.5
    endloop
  endfacet
  facet normal 0 0 0
    outer loop
      vertex -15.919767557246708 -6.5941836320387806 -6.000000000000001
      vertex -15.616722556592844 -10.43476040662779 -4.5
      vertex -16.745039346253716 -6.93602239968939 -4.5
    endloop
  endfacet
  facet normal 0 0 0
    outer loop
      vertex -14.84705935687102 -9.920487898181053 -6.000000000000001
      vertex -13.068309609234666 -13.068309609234662 -6.000000000000001
      vertex -13.745763423288706 -13.7457634232887 -4.5
    endloop
  endfacet
  facet normal 0 0 0
    outer loop
      vertex -14.84705935687102 -9.920487898181053 -6.000000000000001
      vertex -13.745763423288706 -13.7457634232887 -4.5
      vertex -15.616722556592844 -10.43476040662779 -4.5
    endloop
  endfacet
  facet normal 0 0 0
    outer loop
      vertex -13.068309609234666 -13.068309609234662 -6.000000000000001
      vertex -9.920487898181058 -14.847059356871018 -6.000000000000001
      vertex -10.434760406627795 -15.616722556592842 -4.5
    endloop
  endfacet
  facet normal 0 0 0
    outer loop
      vertex -13.068309609234666 -13.068309609234662 -6.000000000000001
      vertex -10.434760406627795 -15.616722556592842 -4.5
      vertex -13.745763423288706 -13.7457634232887 -4.5
    endloop
  endfacet
  facet normal 0 0 0
    outer loop
      vertex -9.920487898181058 -14.847059356871018 -6.000000000000001
      vertex -6.594183632038793 -15.919767557246702 -6.000000000000001
      vertex -6.936022399689404 -16.74503934625371 -4.5
    endloop
  endfacet
  facet normal 0 0 0
    outer loop
      vertex -9.920487898181058 -14.847059356871018 -6.000000000000001
      vertex -6.936022399689404 -16.74503934625371 -4.5
      vertex -10.434760406627795 -15.616722556592842 -4.5
    endloop
  endfacet
  facet normal 0 0 0
    outer loop
      vertex -6.594183632038793 -15.919767557246702 -6.000000000000001
      vertex -3.4836120864397775 -17.51330061740558 -6.000000000000001
      vertex -3.6642005760923113 -18.42118026325912 -4.5
    endloop
  endfacet
  facet normal 0 0 0
    outer loop
      vertex -6.594183632038793 -15.919767557246702 -6.000000000000001
      vertex -3.6642005760923113 -18.42118026325912 -4.5
      vertex -6.936022399689404 -16.74503934625371 -4.5
    endloop
  endfacet
  facet normal 0 0 0
    outer loop
      vertex -3.4836120864397775 -17.51330061740558 -6.000000000000001
      vertex -3.3949745552631746e-15 -18.481380686670303 -6.000000000000001
      vertex -3.5709681251931534e-15 -19.439445058386905 -4.5
    endloop
  endfacet
  facet normal 0 0 0
    outer loop
      vertex -3.4836120864397775 -17.51330061740558 -6.000000000000001
      vertex -3.5709681251931534e-15 -19.439445058386905 -4.5
      vertex -3.6642005760923113 -18.42118026325912 -4.5
    endloop
  endfacet
  facet normal 0 0 0
    outer loop
      vertex -3.3949745552631746e-15 -18.481380686670303 -6.000000000000001
      vertex 3.4836120864397717 -17.513300617405584 -6.000000000000001
      vertex 3.6642005760923055 -18.421180263259128 -4.5
    endloop
  endfacet
  facet normal 0 0 0
    outer loop
      vertex -3.3949745552631746e-15 -18.481380686670303 -6.000000000000001
      vertex 3.6642005760923055 -18.421180263259128 -4.5
      vertex -3.5709681251931534e-15 -19.439445058386905 -4.5
    endloop
  endfacet
  facet normal 0 0 0
    outer loop
      vertex 3.4836120864397717 -17.513300617405584 -6.000000000000001
      vertex 6.594183632038788 -15.919767557246704 -6.000000000000001
      vertex 6.9360223996893975 -16.745039346253712 -4.5
    endloop
  endfacet
  facet normal 0 0 0
    outer loop
      vertex 3.4836120864397717 -17.513300617405584 -6.000000000000001
      vertex 6.9360223996893975 -16.745039346253712 -4.5
      vertex 3.6642005760923055 -18.421180263259128 -4.5
    endloop
  endfacet
  facet normal 0 0 0
    outer loop
      vertex 6.594183632038788 -15.919767557246704 -6.000000000000001
      vertex 9.920487898181051 -14.84705935687102 -6.000000000000001
      vertex 10.434760406627788 -15.616722556592844 -4.5
    endloop
  endfacet
  facet normal 0 0 0
    outer loop
      vertex 6.594183632038788 -15.919767557246704 -6.000000000000001
      vertex 10.434760406627788 -15.616722556592844 -4.5
      vertex 6.9360223996893975 -16.745039346253712 -4.5
    endloop
  endfacet
  facet normal 0 0 0
    outer loop
      vertex 9.920487898181051 -14.84705935687102 -6.000000000000001
      vertex 13.06830960923466 -13.068309609234666 -6.000000000000001
      vertex 13.745763423288698 -13.745763423288706 -4.5
    endloop
  endfacet
  facet normal 0 0 0
    outer loop
      vertex 9.920487898181051 -14.84705935687102 -6.000000000000001
      vertex 13.745763423288698 -13.745763423288706 -4.5
      vertex 10.434760406627788 -15.616722556592844 -4.5
    endloop
  endfacet
  facet normal 0 0 0
    outer loop
      vertex 13.06830960923466 -13.068309609234666 -6.000000000000001
      vertex 14.847059356871018 -9.920487898181058 -6.000000000000001
      vertex 15.616722556592842 -10.434760406627795 -4.5
    endloop
  endfacet
  facet normal 0 0 0
    outer loop
      vertex 13.06830960923466 -13.068309609234666 -6.000000000000001
      vertex 15.616722556592842 -10.434760406627795 -4.5
      vertex 13.745763423288698 -13.745763423288706 -4.5
    endloop
  endfacet
  facet normal 0 0 0
    outer loop
      vertex 14.847059356871018 -9.920487898181058 -6.000000000000001
      vertex 15.919767557246702 -6.594183632038795 -6.000000000000001
      vertex 16.74503934625371 -6.936022399689405 -4.5
    endloop
  endfacet
  facet normal 0 0 0
    outer loop
      vertex 14.847059356871018 -9.920487898181058 -6.000000000000001
      vertex 16.74503934625371 -6.936022399689405 -4.5
      vertex 15.616722556592842 -10.434760406627795 -4.5
    endloop
  endfacet
  facet normal 0 0 0
    outer loop
      vertex 15.919767557246702 -6.594183632038795 -6.000000000000001
      vertex 17.51330061740558 -3.4836120864397784 -6.000000000000001
      vertex 18.42118026325912 -3.6642005760923126 -4.5
    endloop
  endfacet
  facet normal 0 0 0
    outer loop
      vertex 15.919767557246702 -6.594183632038795 -6.000000000000001
      vertex 18.42118026325912 -3.6642005760923126 -4.5
      vertex 16.74503934625371 -6.936022399689405 -4.5
    endloop
  endfacet
  facet normal 0 0 0
    outer loop
      vertex 17.51330061740558 -3.4836120864397784 -6.000000000000001
      vertex 18.481380686670303 0 -6.000000000000001
      vertex 19.439445058386905 0 -4.5
    endloop
  endfacet
  facet normal 0 0 0
    outer loop
      vertex 17.51330061740558 -3.4836120864397784 -6.000000000000001
      vertex 19.439445058386905 0 -4.5
      vertex 18.42118026325912 -3.6642005760923126 -4.5
    endloop
  endfacet
  facet normal 0 0 0
    outer loop
      vertex 19.439445058386905 0 -4.5
      vertex 18.421180263259128 3.664200576092304 -4.5
      vertex 19.080994439783254 3.795445775975378 -2.999999999999999
    endloop
  endfacet
  facet normal 0 0 0
    outer loop
      vertex 19.439445058386905 0 -4.5
      vertex 19.080994439783254 3.795445775975378 -2.999999999999999
      vertex 20.135731683346968 0 -2.999999999999999
    endloop
  endfacet
  facet normal 0 0 0
    outer loop
      vertex 18.421180263259128 3.664200576092304 -4.5
      vertex 16.745039346253712 6.936022399689393 -4.5
      vertex 17.344817112347716 7.184458484815367 -2.999999999999999
    endloop
  endfacet
  facet normal 0 0 0
    outer loop
      vertex 18.421180263259128 3.664200576092304 -4.5
      vertex 17.344817112347716 7.184458484815367 -2.999999999999999
      vertex 19.080994439783254 3.795445775975378 -2.999999999999999
    endloop
  endfacet
  facet normal 0 0 0
    outer loop
      vertex 16.745039346253712 6.936022399689393 -4.5
      vertex 15.616722556592842 10.434760406627795 -4.5
      vertex 16.176086005971577 10.808515114335519 -2.999999999999999
    endloop
  endfacet
  facet normal 0 0 0
    outer loop
      vertex 16.745039346253712 6.936022399689393 -4.5
      vertex 16.176086005971577 10.808515114335519 -2.999999999999999
      vertex 17.344817112347716 7.184458484815367 -2.999999999999999
    endloop
  endfacet
  facet normal 0 0 0
    outer loop
      vertex 15.616722556592842 10.434760406627795 -4.5
      vertex 13.745763423288702 13.7457634232887 -4.5
      vertex 14.238112417447457 14.238112417447455 -2.999999999999999
    endloop
  endfacet
  facet normal 0 0 0
    outer loop
      vertex 15.616722556592842 10.434760406627795 -4.5
      vertex 14.238112417447457 14.238112417447455 -2.999999999999999
      vertex 16.176086005971577 10.808515114335519 -2.999999999999999
    endloop
  endfacet
  facet normal 0 0 0
    outer loop
      vertex 13.745763423288702 13.7457634232887 -4.5
      vertex 10.434760406627799 15.616722556592842 -4.5
      vertex 10.80851511433552 16.176086005971577 -2.999999999999999
    endloop
  endfacet
  facet normal 0 0 0
    outer loop
      vertex 13.745763423288702 13.7457634232887 -4.5
      vertex 10.80851511433552 16.176086005971577 -2.999999999999999
      vertex 14.238112417447457 14.238112417447455 -2.999999999999999
    endloop
  endfacet
  facet normal 0 0 0
    outer loop
      vertex 10.434760406627799 15.616722556592842 -4.5
      vertex 6.936022399689394 16.745039346253712 -4.5
      vertex 7.184458484815368 17.344817112347716 -2.999999999999999
    endloop
  endfacet
  facet normal 0 0 0
    outer loop
      vertex 10.434760406627799 15.616722556592842 -4.5
      vertex 7.184458484815368 17.344817112347716 -2.999999999999999
      vertex 10.80851511433552 16.176086005971577 -2.999999999999999
    endloop
  endfacet
  facet normal 0 0 0
    outer loop
      vertex 6.936022399689394 16.745039346253712 -4.5
      vertex 3.664200576092306 18.421180263259128 -4.5
      vertex 3.79544577597538 19.080994439783254 -2.999999999999999
    endloop
  endfacet
  facet normal 0 0 0
    outer loop
      vertex 6.936022399689394 16.745039346253712 -4.5
      vertex 3.79544577597538 19.080994439783254 -2.999999999999999
      vertex 7.184458484815368 17.344817112347716 -2.999999999999999
    endloop
  endfacet
  facet normal 0 0 0
    outer loop
      vertex 3.664200576092306 18.421180263259128 -4.5
      vertex 1.1903227083977179e-15 19.439445058386905 -4.5
      vertex 1.2329579677250405e-15 20.135731683346968 -2.999999999999999
    endloop
  endfacet
  facet normal 0 0 0
    outer loop
      vertex 3.664200576092306 18.421180263259128 -4.5
      vertex 1.2329579677250405e-15 20.135731683346968 -2.999999999999999
      vertex 3.79544577597538 19.080994439783254 -2.999999999999999
    endloop
  endfacet
  facet normal 0 0 0
    outer loop
      vertex 1.1903227083977179e-15 19.439445058386905 -4.5
      vertex -3.6642005760923033 18.421180263259128 -4.5
      vertex -3.7954457759753772 19.080994439783254 -2.999999999999999
    endloop
  endfacet
  facet normal 0 0 0
    outer loop
      vertex 1.1903227083977179e-15 19.439445058386905 -4.5
      vertex -3.7954457759753772 19.080994439783254 -2.999999999999999
      vertex 1.2329579677250405e-15 20.135731683346968 -2.999999999999999
    endloop
  endfacet
  facet normal 0 0 0
    outer loop
      vertex -3.6642005760923033 18.421180263259128 -4.5
      vertex -6.936022399689392 16.745039346253712 -4.5
      vertex -7.184458484815366 17.344817112347716 -2.999999999999999
    endloop
  endfacet
  facet normal 0 0 0
    outer loop
      vertex -3.6642005760923033 18.421180263259128 -4.5
      vertex -7.184458484815366 17.344817112347716 -2.999999999999999
      vertex -3.7954457759753772 19.080994439783254 -2.999999999999999
    endloop
  endfacet
  facet normal 0 0 0
    outer loop
      vertex -6.936022399689392 16.745039346253712 -4.5
      vertex -10.43476040662779 15.61672255659284 -4.5
      vertex -10.808515114335513 16.176086005971577 -2.999999999999999
    endloop
  endfacet
  facet normal 0 0 0
    outer loop
      vertex -6.936022399689392 16.745039346253712 -4.5
      vertex -10.808515114335513 16.176086005971577 -2.999999999999999
      vertex -7.184458484815366 17.344817112347716 -2.999999999999999
    endloop
  endfacet
  facet normal 0 0 0
    outer loop
      vertex -10.43476040662779 15.61672255659284 -4.5
      vertex -13.7457634232887 13.745763423288702 -4.5
      vertex -14.238112417447455 14.238112417447457 -2.999999999999999
    endloop
  endfacet
  facet normal 0 0 0
    outer loop
      vertex -10.43476040662779 15.61672255659284 -4.5
      vertex -14.238112417447455 14.238112417447457 -2.999999999999999
      vertex -10.808515114335513 16.176086005971577 -2.999999999999999
    endloop
  endfacet
  facet normal 0 0 0
    outer loop
      vertex -13.7457634232887 13.745763423288702 -4.5
      vertex -15.616722556592844 10.434760406627795 -4.5
      vertex -16.176086005971577 10.808515114335519 -2.999999999999999
    endloop
  endfacet
  facet normal 0 0 0
    outer loop
      vertex -13.7457634232887 13.745763423288702 -4.5
      vertex -16.176086005971577 10.808515114335519 -2.999999999999999
      vertex -14.238112417447455 14.238112417447457 -2.999999999999999
    endloop
  endfacet
  facet normal 0 0 0
    outer loop
      vertex -15.616722556592844 10.434760406627795 -4.5
      vertex -16.745039346253712 6.936022399689396 -4.5
      vertex -17.344817112347716 7.184458484815369 -2.999999999999999
    endloop
  endfacet
  facet normal 0 0 0
    outer loop
      vertex -15.616722556592844 10.434760406627795 -4.5
      vertex -17.344817112347716 7.184458484815369 -2.999999999999999
      vertex -16.176086005971577 10.808515114335519 -2.999999999999999
    endloop
  endfacet
  facet normal 0 0 0
    outer loop
      vertex -16.745039346253712 6.936022399689396 -4.5
      vertex -18.421180263259124 3.6642005760923104 -4.5
      vertex -19.08099443978325 3.7954457759753844 -2.999999999999999
    endloop
  endfacet
  facet normal 0 0 0
    outer loop
      vertex -16.745039346253712 6.936022399689396 -4.5
      vertex -19.08099443978325 3.7954457759753844 -2.999999999999999
      vertex -17.344817112347716 7.184458484815369 -2.999999999999999
    endloop
  endfacet
  facet normal 0 0 0
    outer loop
      vertex -18.421180263259124 3.6642005760923104 -4.5
      vertex -19.439445058386905 2.3806454167954358e-15 -4.5
      vertex -20.135731683346968 2.465915935450081e-15 -2.999999999999999
    endloop
  endfacet
  facet normal 0 0 0
    outer loop
      vertex -18.421180263259124 3.6642005760923104 -4.5
      vertex -20.135731683346968 2.465915935450081e-15 -2.999999999999999
      vertex -19.08099443978325 3.7954457759753844 -2.999999999999999
    endloop
  endfacet
  facet normal 0 0 0
    outer loop
      vertex -19.439445058386905 2.3806454167954358e-15 -4.5
      vertex -18.421180263259128 -3.6642005760923064 -4.5
      vertex -19.080994439783254 -3.7954457759753804 -2.999999999999999
    endloop
  endfacet
  facet normal 0 0 0
    outer loop
      vertex -19.439445058386905 2.3806454167954358e-15 -4.5
      vertex -19.080994439783254 -3.7954457759753804 -2.999999999999999
      vertex -20.135731683346968 2.465915935450081e-15 -2.999999999999999
    endloop
  endfacet
  facet normal 0 0 0
    outer loop
      vertex -18.421180263259128 -3.6642005760923064 -4.5
      vertex -16.745039346253716 -6.93602239968939 -4.5
      vertex -17.344817112347716 -7.184458484815364 -2.999999999999999
    endloop
  endfacet
  facet normal 0 0 0
    outer loop
      vertex -18.421180263259128 -3.6642005760923064 -4.5
      vertex -17.344817112347716 -7.184458484815364 -2.999999999999999
      vertex -19.080994439783254 -3.7954457759753804 -2.999999999999999
    endloop
  endfacet
  facet normal 0 0 0
    outer loop
      vertex -16.745039346253716 -6.93602239968939 -4.5
      vertex -15.616722556592844 -10.43476040662779 -4.5
      vertex -16.176086005971577 -10.808515114335513 -2.999999999999999
    endloop
  endfacet
  facet normal 0 0 0
    outer loop
      vertex -16.745039346253716 -6.93602239968939 -4.5
      vertex -16.176086005971577 -10.808515114335513 -2.999999999999999
      vertex -17.344817112347716 -7.184458484815364 -2.999999999999999
    endloop
  endfacet
  facet normal 0 0 0
    outer loop
      vertex -15.616722556592844 -10.43476040662779 -4.5
      vertex -13.745763423288706 -13.7457634232887 -4.5
      vertex -14.23811241744746 -14.238112417447455 -2.999999999999999
    endloop
  endfacet
  facet normal 0 0 0
    outer loop
      vertex -15.616722556592844 -10.43476040662779 -4.5
      vertex -14.23811241744746 -14.238112417447455 -2.999999999999999
      vertex -16.176086005971577 -10.808515114335513 -2.999999999999999
    endloop
  endfacet
  facet normal 0 0 0
    outer loop
      vertex -13.745763423288706 -13.7457634232887 -4.5
      vertex -10.434760406627795 -15.616722556592842 -4.5
      vertex -10.808515114335519 -16.176086005971577 -2.999999999999999
    endloop
  endfacet
  facet normal 0 0 0
    outer loop
      vertex -13.745763423288706 -13.7457634232887 -4.5
      vertex -10.808515114335519 -16.176086005971577 -2.999999999999999
      vertex -14.23811241744746 -14.238112417447455 -2.999999999999999
    endloop
  endfacet
  facet normal 0 0 0
    outer loop
      vertex -10.434760406627795 -15.616722556592842 -4.5
      vertex -6.936022399689404 -16.74503934625371 -4.5
      vertex -7.184458484815377 -17.344817112347712 -2.999999999999999
    endloop
  endfacet
  facet normal 0 0 0
    outer loop
      vertex -10.434760406627795 -15.616722556592842 -4.5
      vertex -7.184458484815377 -17.344817112347712 -2.999999999999999
      vertex -10.808515114335519 -16.176086005971577 -2.999999999999999
    endloop
  endfacet
  facet normal 0 0 0
    outer loop
      vertex -6.936022399689404 -16.74503934625371 -4.5
      vertex -3.6642005760923113 -18.42118026325912 -4.5
      vertex -3.7954457759753857 -19.08099443978325 -2.999999999999999
    endloop
  endfacet
  facet normal 0 0 0
    outer loop
      vertex -6.936022399689404 -16.74503934625371 -4.5
      vertex -3.7954457759753857 -19.08099443978325 -2.999999999999999
      vertex -7.184458484815377 -17.344817112347712 -2.999999999999999
    endloop
  endfacet
  facet normal 0 0 0
    outer loop
      vertex -3.6642005760923113 -18.42118026325912 -4.5
      vertex -3.5709681251931534e-15 -19.439445058386905 -4.5
      vertex -3.698873903175121e-15 -20.135731683346968 -2.999999999999999
    endloop
  endfacet
  facet normal 0 0 0
    outer loop
      vertex -3.6642005760923113 -18.42118026325912 -4.5
      vertex -3.698873903175121e-15 -20.135731683346968 -2.999999999999999
      vertex -3.7954457759753857 -19.08099443978325 -2.999999999999999
    endloop
  endfacet
  facet normal 0 0 0
    outer loop
      vertex -3.5709681251931534e-15 -19.439445058386905 -4.5
      vertex 3.6642005760923055 -18.421180263259128 -4.5
      vertex 3.795445775975379 -19.080994439783254 -2.999999999999999
    endloop
  endfacet
  facet normal 0 0 0
    outer loop
      vertex -3.5709681251931534e-15 -19.439445058386905 -4.5
      vertex 3.795445775975379 -19.080994439783254 -2.999999999999999
      vertex -3.698873903175121e-15 -20.135731683346968 -2.999999999999999
    endloop
  endfacet
  facet normal 0 0 0
    outer loop
      vertex 3.6642005760923055 -18.421180263259128 -4.5
      vertex 6.9360223996893975 -16.745039346253712 -4.5
      vertex 7.184458484815371 -17.344817112347712 -2.999999999999999
    endloop
  endfacet
  facet normal 0 0 0
    outer loop
      vertex 3.6642005760923055 -18.421180263259128 -4.5
      vertex 7.184458484815371 -17.344817112347712 -2.999999999999999
      vertex 3.795445775975379 -19.080994439783254 -2.999999999999999
    endloop
  endfacet
  facet normal 0 0 0
    outer loop
      vertex 6.9360223996893975 -16.745039346253712 -4.5
      vertex 10.434760406627788 -15.616722556592844 -4.5
      vertex 10.80851511433551 -16.176086005971577 -2.999999999999999
    endloop
  endfacet
  facet normal 0 0 0
    outer loop
      vertex 6.9360223996893975 -16.745039346253712 -4.5
      vertex 10.80851511433551 -16.176086005971577 -2.999999999999999
      vertex 7.184458484815371 -17.344817112347712 -2.999999999999999
    endloop
  endfacet
  facet normal 0 0 0
    outer loop
      vertex 10.434760406627788 -15.616722556592844 -4.5
      vertex 13.745763423288698 -13.745763423288706 -4.5
      vertex 14.238112417447454 -14.23811241744746 -2.999999999999999
    endloop
  endfacet
  facet normal 0 0 0
    outer loop
      vertex 10.434760406627788 -15.616722556592844 -4.5
      vertex 14.238112417447454 -14.23811241744746 -2.999999999999999
      vertex 10.80851511433551 -16.176086005971577 -2.999999999999999
    endloop
  endfacet
  facet normal 0 0 0
    outer loop
      vertex 13.745763423288698 -13.745763423288706 -4.5
      vertex 15.616722556592842 -10.434760406627795 -4.5
      vertex 16.176086005971577 -10.808515114335519 -2.999999999999999
    endloop
  endfacet
  facet normal 0 0 0
    outer loop
      vertex 13.745763423288698 -13.745763423288706 -4.5
      vertex 16.176086005971577 -10.808515114335519 -2.999999999999999
      vertex 14.238112417447454 -14.23811241744746 -2.999999999999999
    endloop
  endfacet
  facet normal 0 0 0
    outer loop
      vertex 15.616722556592842 -10.434760406627795 -4.5
      vertex 16.74503934625371 -6.936022399689405 -4.5
      vertex 17.344817112347712 -7.184458484815378 -2.999999999999999
    endloop
  endfacet
  facet normal 0 0 0
    outer loop
      vertex 15.616722556592842 -10.434760406627795 -4.5
      vertex 17.344817112347712 -7.184458484815378 -2.999999999999999
      vertex 16.176086005971577 -10.808515114335519 -2.999999999999999
    endloop
  endfacet
  facet normal 0 0 0
    outer loop
      vertex 16.74503934625371 -6.936022399689405 -4.5
      vertex 18.42118026325912 -3.6642005760923126 -4.5
      vertex 19.08099443978325 -3.7954457759753866 -2.999999999999999
    endloop
  endfacet
  facet normal 0 0 0
    outer loop
      vertex 16.74503934625371 -6.936022399689405 -4.5
      vertex 19.08099443978325 -3.7954457759753866 -2.999999999999999
      vertex 17.344817112347712 -7.184458484815378 -2.999999999999999
    endloop
  endfacet
  facet normal 0 0 0
    outer loop
      vertex 18.42118026325912 -3.6642005760923126 -4.5
      vertex 19.439445058386905 0 -4.5
      vertex 20.135731683346968 0 -2.999999999999999
    endloop
  endfacet
  facet normal 0 0 0
    outer loop
      vertex 18.42118026325912 -3.6642005760923126 -4.5
      vertex 20.135731683346968 0 -2.999999999999999
      vertex 19.08099443978325 -3.7954457759753866 -2.999999999999999
    endloop
  endfacet
  facet normal 0 0 0
    outer loop
      vertex 20.135731683346968 0 -2.999999999999999
      vertex 19.080994439783254 3.795445775975378 -2.999999999999999
      vertex 19.481453543482598 3.87510204433095 -1.5000000000000007
    endloop
  endfacet
  facet normal 0 0 0
    outer loop
      vertex 20.135731683346968 0 -2.999999999999999
      vertex 19.481453543482598 3.87510204433095 -1.5000000000000007
      vertex 20.5583269043503 0 -1.5000000000000007
    endloop
  endfacet
  facet normal 0 0 0
    outer loop
      vertex 19.080994439783254 3.795445775975378 -2.999999999999999
      vertex 17.344817112347716 7.184458484815367 -2.999999999999999
      vertex 17.70883849166104 7.335241077120707 -1.5000000000000007
    endloop
  endfacet
  facet normal 0 0 0
    outer loop
      vertex 19.080994439783254 3.795445775975378 -2.999999999999999
      vertex 17.70883849166104 7.335241077120707 -1.5000000000000007
      vertex 19.481453543482598 3.87510204433095 -1.5000000000000007
    endloop
  endfacet
  facet normal 0 0 0
    outer loop
      vertex 17.344817112347716 7.184458484815367 -2.999999999999999
      vertex 16.176086005971577 10.808515114335519 -2.999999999999999
      vertex 16.51557884130351 11.03535697463097 -1.5000000000000007
    endloop
  endfacet
  facet normal 0 0 0
    outer loop
      vertex 17.344817112347716 7.184458484815367 -2.999999999999999
      vertex 16.51557884130351 11.03535697463097 -1.5000000000000007
      vertex 17.70883849166104 7.335241077120707 -1.5000000000000007
    endloop
  endfacet
  facet normal 0 0 0
    outer loop
      vertex 16.176086005971577 10.808515114335519 -2.999999999999999
      vertex 14.238112417447457 14.238112417447455 -2.999999999999999
      vertex 14.536932363915941 14.536932363915938 -1.5000000000000007
    endloop
  endfacet
  facet normal 0 0 0
    outer loop
      vertex 16.176086005971577 10.808515114335519 -2.999999999999999
      vertex 14.536932363915941 14.536932363915938 -1.5000000000000007
      vertex 16.51557884130351 11.03535697463097 -1.5000000000000007
    endloop
  endfacet
  facet normal 0 0 0
    outer loop
      vertex 14.238112417447457 14.238112417447455 -2.999999999999999
      vertex 10.80851511433552 16.176086005971577 -2.999999999999999
      vertex 11.035356974630972 16.51557884130351 -1.5000000000000007
    endloop
  endfacet
  facet normal 0 0 0
    outer loop
      vertex 14.238112417447457 14.238112417447455 -2.999999999999999
      vertex 11.035356974630972 16.51557884130351 -1.5000000000000007
      vertex 14.536932363915941 14.536932363915938 -1.5000000000000007
    endloop
  endfacet
  facet normal 0 0 0
    outer loop
      vertex 10.80851511433552 16.176086005971577 -2.999999999999999
      vertex 7.184458484815368 17.344817112347716 -2.999999999999999
      vertex 7.335241077120708 17.70883849166104 -1.5000000000000007
    endloop
  endfacet
  facet normal 0 0 0
    outer loop
      vertex 10.80851511433552 16.176086005971577 -2.999999999999999
      vertex 7.335241077120708 17.70883849166104 -1.5000000000000007
      vertex 11.035356974630972 16.51557884130351 -1.5000000000000007
    endloop
  endfacet
  facet normal 0 0 0
    outer loop
      vertex 7.184458484815368 17.344817112347716 -2.999999999999999
      vertex 3.79544577597538 19.080994439783254 -2.999999999999999
      vertex 3.875102044330952 19.481453543482598 -1.5000000000000007
    endloop
  endfacet
  facet normal 0 0 0
    outer loop
      vertex 7.184458484815368 17.344817112347716 -2.999999999999999
      vertex 3.875102044330952 19.481453543482598 -1.5000000000000007
      vertex 7.335241077120708 17.70883849166104 -1.5000000000000007
    endloop
  endfacet
  facet normal 0 0 0
    outer loop
      vertex 3.79544577597538 19.080994439783254 -2.999999999999999
      vertex 1.2329579677250405e-15 20.135731683346968 -2.999999999999999
      vertex 1.2588344619618753e-15 20.5583269043503 -1.5000000000000007
    endloop
  endfacet
  facet normal 0 0 0
    outer loop
      vertex 3.79544577597538 19.080994439783254 -2.999999999999999
      vertex 1.2588344619618753e-15 20.5583269043503 -1.5000000000000007
      vertex 3.875102044330952 19.481453543482598 -1.5000000000000007
    endloop
  endfacet
  facet normal 0 0 0
    outer loop
      vertex 1.2329579677250405e-15 20.135731683346968 -2.999999999999999
      vertex -3.7954457759753772 19.080994439783254 -2.999999999999999
      vertex -3.875102044330949 19.481453543482598 -1.5000000000000007
    endloop
  endfacet
  facet normal 0 0 0
    outer loop
      vertex 1.2329579677250405e-15 20.135731683346968 -2.999999999999999
      vertex -3.875102044330949 19.481453543482598 -1.5000000000000007
      vertex 1.2588344619618753e-15 20.5583269043503 -1.5000000000000007
    endloop
  endfacet
  facet normal 0 0 0
    outer loop
      vertex -3.7954457759753772 19.080994439783254 -2.999999999999999
      vertex -7.184458484815366 17.344817112347716 -2.999999999999999
      vertex -7.335241077120706 17.70883849166104 -1.5000000000000007
    endloop
  endfacet
  facet normal 0 0 0
    outer loop
      vertex -3.7954457759753772 19.080994439783254 -2.999999999999999
      vertex -7.335241077120706 17.70883849166104 -1.5000000000000007
      vertex -3.875102044330949 19.481453543482598 -1.5000000000000007
    endloop
  endfacet
  facet normal 0 0 0
    outer loop
      vertex -7.184458484815366 17.344817112347716 -2.999999999999999
      vertex -10.808515114335513 16.176086005971577 -2.999999999999999
      vertex -11.035356974630963 16.51557884130351 -1.5000000000000007
    endloop
  endfacet
  facet normal 0 0 0
    outer loop
      vertex -7.184458484815366 17.344817112347716 -2.999999999999999
      vertex -11.035356974630963 16.51557884130351 -1.5000000000000007
      vertex -7.335241077120706 17.70883849166104 -1.5000000000000007
    endloop
  endfacet
  facet normal 0 0 0
    outer loop
      vertex -10.808515114335513 16.176086005971577 -2.999999999999999
      vertex -14.238112417447455 14.238112417447457 -2.999999999999999
      vertex -14.536932363915938 14.536932363915941 -1.5000000000000007
    endloop
  endfacet
  facet normal 0 0 0
    outer loop
      vertex -10.808515114335513 16.176086005971577 -2.999999999999999
      vertex -14.536932363915938 14.536932363915941 -1.5000000000000007
      vertex -11.035356974630963 16.51557884130351 -1.5000000000000007
    endloop
  endfacet
  facet normal 0 0 0
    outer loop
      vertex -14.238112417447455 14.238112417447457 -2.999999999999999
      vertex -16.176086005971577 10.808515114335519 -2.999999999999999
      vertex -16.51557884130351 11.03535697463097 -1.5000000000000007
    endloop
  endfacet
  facet normal 0 0 0
    outer loop
      vertex -14.238112417447455 14.238112417447457 -2.999999999999999
      vertex -16.51557884130351 11.03535697463097 -1.5000000000000007
      vertex -14.536932363915938 14.536932363915941 -1.5000000000000007
    endloop
  endfacet
  facet normal 0 0 0
    outer loop
      vertex -16.176086005971577 10.808515114335519 -2.999999999999999
      vertex -17.344817112347716 7.184458484815369 -2.999999999999999
      vertex -17.70883849166104 7.33524107712071 -1.5000000000000007
    endloop
  endfacet
  facet normal 0 0 0
    outer loop
      vertex -16.176086005971577 10.808515114335519 -2.999999999999999
      vertex -17.70883849166104 7.33524107712071 -1.5000000000000007
      vertex -16.51557884130351 11.03535697463097 -1.5000000000000007
    endloop
  endfacet
  facet normal 0 0 0
    outer loop
      vertex -17.344817112347716 7.184458484815369 -2.999999999999999
      vertex -19.08099443978325 3.7954457759753844 -2.999999999999999
      vertex -19.481453543482594 3.8751020443309567 -1.5000000000000007
    endloop
  endfacet
  facet normal 0 0 0
    outer loop
      vertex -17.344817112347716 7.184458484815369 -2.999999999999999
      vertex -19.481453543482594 3.8751020443309567 -1.5000000000000007
      vertex -17.70883849166104 7.33524107712071 -1.5000000000000007
    endloop
  endfacet
  facet normal 0 0 0
    outer loop
      vertex -19.08099443978325 3.7954457759753844 -2.999999999999999
      vertex -20.135731683346968 2.465915935450081e-15 -2.999999999999999
      vertex -20.5583269043503 2.5176689239237507e-15 -1.5000000000000007
    endloop
  endfacet
  facet normal 0 0 0
    outer loop
      vertex -19.08099443978325 3.7954457759753844 -2.999999999999999
      vertex -20.5583269043503 2.5176689239237507e-15 -1.5000000000000007
      vertex -19.481453543482594 3.8751020443309567 -1.5000000000000007
    endloop
  endfacet
  facet normal 0 0 0
    outer loop
      vertex -20.135731683346968 2.465915935450081e-15 -2.999999999999999
      vertex -19.080994439783254 -3.7954457759753804 -2.999999999999999
      vertex -19.481453543482598 -3.8751020443309523 -1.5000000000000007
    endloop
  endfacet
  facet normal 0 0 0
    outer loop
      vertex -20.135731683346968 2.465915935450081e-15 -2.999999999999999
      vertex -19.481453543482598 -3.8751020443309523 -1.5000000000000007
      vertex -20.5583269043503 2.5176689239237507e-15 -1.5000000000000007
    endloop
  endfacet
  facet normal 0 0 0
    outer loop
      vertex -19.080994439783254 -3.7954457759753804 -2.999999999999999
      vertex -17.344817112347716 -7.184458484815364 -2.999999999999999
      vertex -17.708838491661044 -7.335241077120704 -1.5000000000000007
    endloop
  endfacet
  facet normal 0 0 0
    outer loop
      vertex -19.080994439783254 -3.7954457759753804 -2.999999999999999
      vertex -17.708838491661044 -7.335241077120704 -1.5000000000000007
      vertex -19.481453543482598 -3.8751020443309523 -1.5000000000000007
    endloop
  endfacet
  facet normal 0 0 0
    outer loop
      vertex -17.344817112347716 -7.184458484815364 -2.999999999999999
      vertex -16.176086005971577 -10.808515114335513 -2.999999999999999
      vertex -16.51557884130351 -11.035356974630963 -1.5000000000000007
    endloop
  endfacet
  facet normal 0 0 0
    outer loop
      vertex -17.344817112347716 -7.184458484815364 -2.999999999999999
      vertex -16.51557884130351 -11.035356974630963 -1.5000000000000007
      vertex -17.708838491661044 -7.335241077120704 -1.5000000000000007
    endloop
  endfacet
  facet normal 0 0 0
    outer loop
      vertex -16.176086005971577 -10.808515114335513 -2.999999999999999
      vertex -14.23811241744746 -14.238112417447455 -2.999999999999999
      vertex -14.536932363915943 -14.536932363915938 -1.5000000000000007
    endloop
  endfacet
  facet normal 0 0 0
    outer loop
      vertex -16.176086005971577 -10.808515114335513 -2.999999999999999
      vertex -14.536932363915943 -14.536932363915938 -1.5000000000000007
      vertex -16.51557884130351 -11.035356974630963 -1.5000000000000007
    endloop
  endfacet
  facet normal 0 0 0
    outer loop
      vertex -14.23811241744746 -14.238112417447455 -2.999999999999999
      vertex -10.808515114335519 -16.176086005971577 -2.999999999999999
      vertex -11.03535697463097 -16.51557884130351 -1.5000000000000007
    endloop
  endfacet
  facet normal 0 0 0
    outer loop
      vertex -14.23811241744746 -14.238112417447455 -2.999999999999999
      vertex -11.03535697463097 -16.51557884130351 -1.5000000000000007
      vertex -14.536932363915943 -14.536932363915938 -1.5000000000000007
    endloop
  endfacet
  facet normal 0 0 0
    outer loop
      vertex -10.808515114335519 -16.176086005971577 -2.999999999999999
      vertex -7.184458484815377 -17.344817112347712 -2.999999999999999
      vertex -7.335241077120718 -17.708838491661037 -1.5000000000000007
    endloop
  endfacet
  facet normal 0 0 0
    outer loop
      vertex -10.808515114335519 -16.176086005971577 -2.999999999999999
      vertex -7.335241077120718 -17.708838491661037 -1.5000000000000007
      vertex -11.03535697463097 -16.51557884130351 -1.5000000000000007
    endloop
  endfacet
  facet normal 0 0 0
    outer loop
      vertex -7.184458484815377 -17.344817112347712 -2.999999999999999
      vertex -3.7954457759753857 -19.08099443978325 -2.999999999999999
      vertex -3.8751020443309576 -19.48145354348259 -1.5000000000000007
    endloop
  endfacet
  facet normal 0 0 0
    outer loop
      vertex -7.184458484815377 -17.344817112347712 -2.999999999999999
      vertex -3.8751020443309576 -19.48145354348259 -1.5000000000000007
      vertex -7.335241077120718 -17.708838491661037 -1.5000000000000007
    endloop
  endfacet
  facet normal 0 0 0
    outer loop
      vertex -3.7954457759753857 -19.08099443978325 -2.999999999999999
      vertex -3.698873903175121e-15 -20.135731683346968 -2.999999999999999
      vertex -3.776503385885626e-15 -20.5583269043503 -1.5000000000000007
    endloop
  endfacet
  facet normal 0 0 0
    outer loop
      vertex -3.7954457759753857 -19.08099443978325 -2.999999999999999
      vertex -3.776503385885626e-15 -20.5583269043503 -1.5000000000000007
      vertex -3.8751020443309576 -19.48145354348259 -1.5000000000000007
    endloop
  endfacet
  facet normal 0 0 0
    outer loop
      vertex -3.698873903175121e-15 -20.135731683346968 -2.999999999999999
      vertex 3.795445775975379 -19.080994439783254 -2.999999999999999
      vertex 3.8751020443309514 -19.481453543482598 -1.5000000000000007
    endloop
  endfacet
  facet normal 0 0 0
    outer loop
      vertex -3.698873903175121e-15 -20.135731683346968 -2.999999999999999
      vertex 3.8751020443309514 -19.481453543482598 -1.5000000000000007
      vertex -3.776503385885626e-15 -20.5583269043503 -1.5000000000000007
    endloop
  endfacet
  facet normal 0 0 0
    outer loop
      vertex 3.795445775975379 -19.080994439783254 -2.999999999999999
      vertex 7.184458484815371 -17.344817112347712 -2.999999999999999
      vertex 7.3352410771207115 -17.708838491661037 -1.5000000000000007
    endloop
  endfacet
  facet normal 0 0 0
    outer loop
      vertex 3.795445775975379 -19.080994439783254 -2.999999999999999
      vertex 7.3352410771207115 -17.708838491661037 -1.5000000000000007
      vertex 3.8751020443309514 -19.481453543482598 -1.5000000000000007
    endloop
  endfacet
  facet normal 0 0 0
    outer loop
      vertex 7.184458484815371 -17.344817112347712 -2.999999999999999
      vertex 10.80851511433551 -16.176086005971577 -2.999999999999999
      vertex 11.035356974630961 -16.51557884130351 -1.5000000000000007
    endloop
  endfacet
  facet normal 0 0 0
    outer loop
      vertex 7.184458484815371 -17.344817112347712 -2.999999999999999
      vertex 11.035356974630961 -16.51557884130351 -1.5000000000000007
      vertex 7.3352410771207115 -17.708838491661037 -1.5000000000000007
    endloop
  endfacet
  facet normal 0 0 0
    outer loop
      vertex 10.80851511433551 -16.176086005971577 -2.999999999999999
      vertex 14.238112417447454 -14.23811241744746 -2.999999999999999
      vertex 14.536932363915936 -14.536932363915943 -1.5000000000000007
    endloop
  endfacet
  facet normal 0 0 0
    outer loop
      vertex 10.80851511433551 -16.176086005971577 -2.999999999999999
      vertex 14.536932363915936 -14.536932363915943 -1.5000000000000007
      vertex 11.035356974630961 -16.51557884130351 -1.5000000000000007
    endloop
  endfacet
  facet normal 0 0 0
    outer loop
      vertex 14.238112417447454 -14.23811241744746 -2.999999999999999
      vertex 16.176086005971577 -10.808515114335519 -2.999999999999999
      vertex 16.51557884130351 -11.03535697463097 -1.5000000000000007
    endloop
  endfacet
  facet normal 0 0 0
    outer loop
      vertex 14.238112417447454 -14.23811241744746 -2.999999999999999
      vertex 16.51557884130351 -11.03535697463097 -1.5000000000000007
      vertex 14.536932363915936 -14.536932363915943 -1.5000000000000007
    endloop
  endfacet
  facet normal 0 0 0
    outer loop
      vertex 16.176086005971577 -10.808515114335519 -2.999999999999999
      vertex 17.344817112347712 -7.184458484815378 -2.999999999999999
      vertex 17.708838491661037 -7.335241077120719 -1.5000000000000007
    endloop
  endfacet
  facet normal 0 0 0
    outer loop
      vertex 16.176086005971577 -10.808515114335519 -2.999999999999999
      vertex 17.708838491661037 -7.335241077120719 -1.5000000000000007
      vertex 16.51557884130351 -11.03535697463097 -1.5000000000000007
    endloop
  endfacet
  facet normal 0 0 0
    outer loop
      vertex 17.344817112347712 -7.184458484815378 -2.999999999999999
      vertex 19.08099443978325 -3.7954457759753866 -2.999999999999999
      vertex 19.48145354348259 -3.875102044330959 -1.5000000000000007
    endloop
  endfacet
  facet normal 0 0 0
    outer loop
      vertex 17.344817112347712 -7.184458484815378 -2.999999999999999
      vertex 19.48145354348259 -3.875102044330959 -1.5000000000000007
      vertex 17.708838491661037 -7.335241077120719 -1.5000000000000007
    endloop
  endfacet
  facet normal 0 0 0
    outer loop
      vertex 19.08099443978325 -3.7954457759753866 -2.999999999999999
      vertex 20.135731683346968 0 -2.999999999999999
      vertex 20.5583269043503 0 -1.5000000000000007
    endloop
  endfacet
  facet normal 0 0 0
    outer loop
      vertex 19.08099443978325 -3.7954457759753866 -2.999999999999999
      vertex 20.5583269043503 0 -1.5000000000000007
      vertex 19.48145354348259 -3.875102044330959 -1.5000000000000007
    endloop
  endfacet
  facet normal 0 0 0
    outer loop
      vertex 20.5583269043503 0 -1.5000000000000007
      vertex 19.481453543482598 3.87510204433095 -1.5000000000000007
      vertex 19.61570560806461 3.9018064403225647 0
    endloop
  endfacet
  facet normal 0 0 0
    outer loop
      vertex 20.5583269043503 0 -1.5000000000000007
      vertex 19.61570560806461 3.9018064403225647 0
      vertex 20.7 0 0
    endloop
  endfacet
  facet normal 0 0 0
    outer loop
      vertex 19.481453543482598 3.87510204433095 -1.5000000000000007
      vertex 17.70883849166104 7.335241077120707 -1.5000000000000007
      vertex 17.830874977467836 7.385790244646233 0
    endloop
  endfacet
  facet normal 0 0 0
    outer loop
      vertex 19.481453543482598 3.87510204433095 -1.5000000000000007
      vertex 17.830874977467836 7.385790244646233 0
      vertex 19.61570560806461 3.9018064403225647 0
    endloop
  endfacet
  facet normal 0 0 0
    outer loop
      vertex 17.70883849166104 7.335241077120707 -1.5000000000000007
      vertex 16.51557884130351 11.03535697463097 -1.5000000000000007
      vertex 16.629392246050905 11.111404660392044 0
    endloop
  endfacet
  facet normal 0 0 0
    outer loop
      vertex 17.70883849166104 7.335241077120707 -1.5000000000000007
      vertex 16.629392246050905 11.111404660392044 0
      vertex 17.830874977467836 7.385790244646233 0
    endloop
  endfacet
  facet normal 0 0 0
    outer loop
      vertex 16.51557884130351 11.03535697463097 -1.5000000000000007
      vertex 14.536932363915941 14.536932363915938 -1.5000000000000007
      vertex 14.637110370561535 14.637110370561532 0
    endloop
  endfacet
  facet normal 0 0 0
    outer loop
      vertex 16.51557884130351 11.03535697463097 -1.5000000000000007
      vertex 14.637110370561535 14.637110370561532 0
      vertex 16.629392246050905 11.111404660392044 0
    endloop
  endfacet
  facet normal 0 0 0
    outer loop
      vertex 14.536932363915941 14.536932363915938 -1.5000000000000007
      vertex 11.035356974630972 16.51557884130351 -1.5000000000000007
      vertex 11.111404660392045 16.629392246050905 0
    endloop
  endfacet
  facet normal 0 0 0
    outer loop
      vertex 14.536932363915941 14.536932363915938 -1.5000000000000007
      vertex 11.111404660392045 16.629392246050905 0
      vertex 14.637110370561535 14.637110370561532 0
    endloop
  endfacet
  facet normal 0 0 0
    outer loop
      vertex 11.035356974630972 16.51557884130351 -1.5000000000000007
      vertex 7.335241077120708 17.70883849166104 -1.5000000000000007
      vertex 7.385790244646234 17.830874977467836 0
    endloop
  endfacet
  facet normal 0 0 0
    outer loop
      vertex 11.035356974630972 16.51557884130351 -1.5000000000000007
      vertex 7.385790244646234 17.830874977467836 0
      vertex 11.111404660392045 16.629392246050905 0
    endloop
  endfacet
  facet normal 0 0 0
    outer loop
      vertex 7.335241077120708 17.70883849166104 -1.5000000000000007
      vertex 3.875102044330952 19.481453543482598 -1.5000000000000007
      vertex 3.9018064403225665 19.61570560806461 0
    endloop
  endfacet
  facet normal 0 0 0
    outer loop
      vertex 7.335241077120708 17.70883849166104 -1.5000000000000007
      vertex 3.9018064403225665 19.61570560806461 0
      vertex 7.385790244646234 17.830874977467836 0
    endloop
  endfacet
  facet normal 0 0 0
    outer loop
      vertex 3.875102044330952 19.481453543482598 -1.5000000000000007
      vertex 1.2588344619618753e-15 20.5583269043503 -1.5000000000000007
      vertex 1.2675094371175106e-15 20.7 0
    endloop
  endfacet
  facet normal 0 0 0
    outer loop
      vertex 3.875102044330952 19.481453543482598 -1.5000000000000007
      vertex 1.2675094371175106e-15 20.7 0
      vertex 3.9018064403225665 19.61570560806461 0
    endloop
  endfacet
  facet normal 0 0 0
    outer loop
      vertex 1.2588344619618753e-15 20.5583269043503 -1.5000000000000007
      vertex -3.875102044330949 19.481453543482598 -1.5000000000000007
      vertex -3.901806440322564 19.61570560806461 0
    endloop
  endfacet
  facet normal 0 0 0
    outer loop
      vertex 1.2588344619618753e-15 20.5583269043503 -1.5000000000000007
      vertex -3.901806440322564 19.61570560806461 0
      vertex 1.2675094371175106e-15 20.7 0
    endloop
  endfacet
  facet normal 0 0 0
    outer loop
      vertex -3.875102044330949 19.481453543482598 -1.5000000000000007
      vertex -7.335241077120706 17.70883849166104 -1.5000000000000007
      vertex -7.385790244646232 17.830874977467836 0
    endloop
  endfacet
  facet normal 0 0 0
    outer loop
      vertex -3.875102044330949 19.481453543482598 -1.5000000000000007
      vertex -7.385790244646232 17.830874977467836 0
      vertex -3.901806440322564 19.61570560806461 0
    endloop
  endfacet
  facet normal 0 0 0
    outer loop
      vertex -7.335241077120706 17.70883849166104 -1.5000000000000007
      vertex -11.035356974630963 16.51557884130351 -1.5000000000000007
      vertex -11.111404660392036 16.629392246050905 0
    endloop
  endfacet
  facet normal 0 0 0
    outer loop
      vertex -7.335241077120706 17.70883849166104 -1.5000000000000007
      vertex -11.111404660392036 16.629392246050905 0
      vertex -7.385790244646232 17.830874977467836 0
    endloop
  endfacet
  facet normal 0 0 0
    outer loop
      vertex -11.035356974630963 16.51557884130351 -1.5000000000000007
      vertex -14.536932363915938 14.536932363915941 -1.5000000000000007
      vertex -14.637110370561532 14.637110370561535 0
    endloop
  endfacet
  facet normal 0 0 0
    outer loop
      vertex -11.035356974630963 16.51557884130351 -1.5000000000000007
      vertex -14.637110370561532 14.637110370561535 0
      vertex -11.111404660392036 16.629392246050905 0
    endloop
  endfacet
  facet normal 0 0 0
    outer loop
      vertex -14.536932363915938 14.536932363915941 -1.5000000000000007
      vertex -16.51557884130351 11.03535697463097 -1.5000000000000007
      vertex -16.629392246050905 11.111404660392044 0
    endloop
  endfacet
  facet normal 0 0 0
    outer loop
      vertex -14.536932363915938 14.536932363915941 -1.5000000000000007
      vertex -16.629392246050905 11.111404660392044 0
      vertex -14.637110370561532 14.637110370561535 0
    endloop
  endfacet
  facet normal 0 0 0
    outer loop
      vertex -16.51557884130351 11.03535697463097 -1.5000000000000007
      vertex -17.70883849166104 7.33524107712071 -1.5000000000000007
      vertex -17.830874977467836 7.385790244646235 0
    endloop
  endfacet
  facet normal 0 0 0
    outer loop
      vertex -16.51557884130351 11.03535697463097 -1.5000000000000007
      vertex -17.830874977467836 7.385790244646235 0
      vertex -16.629392246050905 11.111404660392044 0
    endloop
  endfacet
  facet normal 0 0 0
    outer loop
      vertex -17.70883849166104 7.33524107712071 -1.5000000000000007
      vertex -19.481453543482594 3.8751020443309567 -1.5000000000000007
      vertex -19.615705608064605 3.9018064403225714 0
    endloop
  endfacet
  facet normal 0 0 0
    outer loop
      vertex -17.70883849166104 7.33524107712071 -1.5000000000000007
      vertex -19.615705608064605 3.9018064403225714 0
      vertex -17.830874977467836 7.385790244646235 0
    endloop
  endfacet
  facet normal 0 0 0
    outer loop
      vertex -19.481453543482594 3.8751020443309567 -1.5000000000000007
      vertex -20.5583269043503 2.5176689239237507e-15 -1.5000000000000007
      vertex -20.7 2.535018874235021e-15 0
    endloop
  endfacet
  facet normal 0 0 0
    outer loop
      vertex -19.481453543482594 3.8751020443309567 -1.5000000000000007
      vertex -20.7 2.535018874235021e-15 0
      vertex -19.615705608064605 3.9018064403225714 0
    endloop
  endfacet
  facet normal 0 0 0
    outer loop
      vertex -20.5583269043503 2.5176689239237507e-15 -1.5000000000000007
      vertex -19.481453543482598 -3.8751020443309523 -1.5000000000000007
      vertex -19.61570560806461 -3.9018064403225674 0
    endloop
  endfacet
  facet normal 0 0 0
    outer loop
      vertex -20.5583269043503 2.5176689239237507e-15 -1.5000000000000007
      vertex -19.61570560806461 -3.9018064403225674 0
      vertex -20.7 2.535018874235021e-15 0
    endloop
  endfacet
  facet normal 0 0 0
    outer loop
      vertex -19.481453543482598 -3.8751020443309523 -1.5000000000000007
      vertex -17.708838491661044 -7.335241077120704 -1.5000000000000007
      vertex -17.830874977467836 -7.38579024464623 0
    endloop
  endfacet
  facet normal 0 0 0
    outer loop
      vertex -19.481453543482598 -3.8751020443309523 -1.5000000000000007
      vertex -17.830874977467836 -7.38579024464623 0
      vertex -19.61570560806461 -3.9018064403225674 0
    endloop
  endfacet
  facet normal 0 0 0
    outer loop
      vertex -17.708838491661044 -7.335241077120704 -1.5000000000000007
      vertex -16.51557884130351 -11.035356974630963 -1.5000000000000007
      vertex -16.629392246050905 -11.111404660392036 0
    endloop
  endfacet
  facet normal 0 0 0
    outer loop
      vertex -17.708838491661044 -7.335241077120704 -1.5000000000000007
      vertex -16.629392246050905 -11.111404660392036 0
      vertex -17.830874977467836 -7.38579024464623 0
    endloop
  endfacet
  facet normal 0 0 0
    outer loop
      vertex -16.51557884130351 -11.035356974630963 -1.5000000000000007
      vertex -14.536932363915943 -14.536932363915938 -1.5000000000000007
      vertex -14.637110370561537 -14.637110370561532 0
    endloop
  endfacet
  facet normal 0 0 0
    outer loop
      vertex -16.51557884130351 -11.035356974630963 -1.5000000000000007
      vertex -14.637110370561537 -14.637110370561532 0
      vertex -16.629392246050905 -11.111404660392036 0
    endloop
  endfacet
  facet normal 0 0 0
    outer loop
      vertex -14.536932363915943 -14.536932363915938 -1.5000000000000007
      vertex -11.03535697463097 -16.51557884130351 -1.5000000000000007
      vertex -11.111404660392044 -16.629392246050905 0
    endloop
  endfacet
  facet normal 0 0 0
    outer loop
      vertex -14.536932363915943 -14.536932363915938 -1.5000000000000007
      vertex -11.111404660392044 -16.629392246050905 0
      vertex -14.637110370561537 -14.637110370561532 0
    endloop
  endfacet
  facet normal 0 0 0
    outer loop
      vertex -11.03535697463097 -16.51557884130351 -1.5000000000000007
      vertex -7.335241077120718 -17.708838491661037 -1.5000000000000007
      vertex -7.385790244646244 -17.83087497746783 0
    endloop
  endfacet
  facet normal 0 0 0
    outer loop
      vertex -11.03535697463097 -16.51557884130351 -1.5000000000000007
      vertex -7.385790244646244 -17.83087497746783 0
      vertex -11.111404660392044 -16.629392246050905 0
    endloop
  endfacet
  facet normal 0 0 0
    outer loop
      vertex -7.335241077120718 -17.708838491661037 -1.5000000000000007
      vertex -3.8751020443309576 -19.48145354348259 -1.5000000000000007
      vertex -3.9018064403225727 -19.6157056080646 0
    endloop
  endfacet
  facet normal 0 0 0
    outer loop
      vertex -7.335241077120718 -17.708838491661037 -1.5000000000000007
      vertex -3.9018064403225727 -19.6157056080646 0
      vertex -7.385790244646244 -17.83087497746783 0
    endloop
  endfacet
  facet normal 0 0 0
    outer loop
      vertex -3.8751020443309576 -19.48145354348259 -1.5000000000000007
      vertex -3.776503385885626e-15 -20.5583269043503 -1.5000000000000007
      vertex -3.8025283113525314e-15 -20.7 0
    endloop
  endfacet
  facet normal 0 0 0
    outer loop
      vertex -3.8751020443309576 -19.48145354348259 -1.5000000000000007
      vertex -3.8025283113525314e-15 -20.7 0
      vertex -3.9018064403225727 -19.6157056080646 0
    endloop
  endfacet
  facet normal 0 0 0
    outer loop
      vertex -3.776503385885626e-15 -20.5583269043503 -1.5000000000000007
      vertex 3.8751020443309514 -19.481453543482598 -1.5000000000000007
      vertex 3.901806440322566 -19.61570560806461 0
    endloop
  endfacet
  facet normal 0 0 0
    outer loop
      vertex -3.776503385885626e-15 -20.5583269043503 -1.5000000000000007
      vertex 3.901806440322566 -19.61570560806461 0
      vertex -3.8025283113525314e-15 -20.7 0
    endloop
  endfacet
  facet normal 0 0 0
    outer loop
      vertex 3.8751020443309514 -19.481453543482598 -1.5000000000000007
      vertex 7.3352410771207115 -17.708838491661037 -1.5000000000000007
      vertex 7.385790244646238 -17.830874977467833 0
    endloop
  endfacet
  facet normal 0 0 0
    outer loop
      vertex 3.8751020443309514 -19.481453543482598 -1.5000000000000007
      vertex 7.385790244646238 -17.830874977467833 0
      vertex 3.901806440322566 -19.61570560806461 0
    endloop
  endfacet
  facet normal 0 0 0
    outer loop
      vertex 7.3352410771207115 -17.708838491661037 -1.5000000000000007
      vertex 11.035356974630961 -16.51557884130351 -1.5000000000000007
      vertex 11.111404660392035 -16.629392246050905 0
    endloop
  endfacet
  facet normal 0 0 0
    outer loop
      vertex 7.3352410771207115 -17.708838491661037 -1.5000000000000007
      vertex 11.111404660392035 -16.629392246050905 0
      vertex 7.385790244646238 -17.830874977467833 0
    endloop
  endfacet
  facet normal 0 0 0
    outer loop
      vertex 11.035356974630961 -16.51557884130351 -1.5000000000000007
      vertex 14.536932363915936 -14.536932363915943 -1.5000000000000007
      vertex 14.63711037056153 -14.637110370561537 0
    endloop
  endfacet
  facet normal 0 0 0
    outer loop
      vertex 11.035356974630961 -16.51557884130351 -1.5000000000000007
      vertex 14.63711037056153 -14.637110370561537 0
      vertex 11.111404660392035 -16.629392246050905 0
    endloop
  endfacet
  facet normal 0 0 0
    outer loop
      vertex 14.536932363915936 -14.536932363915943 -1.5000000000000007
      vertex 16.51557884130351 -11.03535697463097 -1.5000000000000007
      vertex 16.629392246050905 -11.111404660392044 0
    endloop
  endfacet
  facet normal 0 0 0
    outer loop
      vertex 14.536932363915936 -14.536932363915943 -1.5000000000000007
      vertex 16.629392246050905 -11.111404660392044 0
      vertex 14.63711037056153 -14.637110370561537 0
    endloop
  endfacet
  facet normal 0 0 0
    outer loop
      vertex 16.51557884130351 -11.03535697463097 -1.5000000000000007
      vertex 17.708838491661037 -7.335241077120719 -1.5000000000000007
      vertex 17.83087497746783 -7.385790244646245 0
    endloop
  endfacet
  facet normal 0 0 0
    outer loop
      vertex 16.51557884130351 -11.03535697463097 -1.5000000000000007
      vertex 17.83087497746783 -7.385790244646245 0
      vertex 16.629392246050905 -11.111404660392044 0
    endloop
  endfacet
  facet normal 0 0 0
    outer loop
      vertex 17.708838491661037 -7.335241077120719 -1.5000000000000007
      vertex 19.48145354348259 -3.875102044330959 -1.5000000000000007
      vertex 19.6157056080646 -3.9018064403225736 0
    endloop
  endfacet
  facet normal 0 0 0
    outer loop
      vertex 17.708838491661037 -7.335241077120719 -1.5000000000000007
      vertex 19.6157056080646 -3.9018064403225736 0
      vertex 17.83087497746783 -7.385790244646245 0
    endloop
  endfacet
  facet normal 0 0 0
    outer loop
      vertex 19.48145354348259 -3.875102044330959 -1.5000000000000007
      vertex 20.5583269043503 0 -1.5000000000000007
      vertex 20.7 0 0
    endloop
  endfacet
  facet normal 0 0 0
    outer loop
      vertex 19.48145354348259 -3.875102044330959 -1.5000000000000007
      vertex 20.7 0 0
      vertex 19.6157056080646 -3.9018064403225736 0
    endloop
  endfacet
  facet normal 0 0 0
    outer loop
      vertex 20.7 0 0
      vertex 19.61570560806461 3.9018064403225647 0
      vertex 19.481453543482598 3.87510204433095 1.4999999999999987
    endloop
  endfacet
  facet normal 0 0 0
    outer loop
      vertex 20.7 0 0
      vertex 19.481453543482598 3.87510204433095 1.4999999999999987
      vertex 20.5583269043503 0 1.4999999999999987
    endloop
  endfacet
  facet normal 0 0 0
    outer loop
      vertex 19.61570560806461 3.9018064403225647 0
      vertex 17.830874977467836 7.385790244646233 0
      vertex 17.70883849166104 7.335241077120707 1.4999999999999987
    endloop
  endfacet
  facet normal 0 0 0
    outer loop
      vertex 19.61570560806461 3.9018064403225647 0
      vertex 17.70883849166104 7.335241077120707 1.4999999999999987
      vertex 19.481453543482598 3.87510204433095 1.4999999999999987
    endloop
  endfacet
  facet normal 0 0 0
    outer loop
      vertex 17.830874977467836 7.385790244646233 0
      vertex 16.629392246050905 11.111404660392044 0
      vertex 16.51557884130351 11.03535697463097 1.4999999999999987
    endloop
  endfacet
  facet normal 0 0 0
    outer loop
      vertex 17.830874977467836 7.385790244646233 0
      vertex 16.51557884130351 11.03535697463097 1.4999999999999987
      vertex 17.70883849166104 7.335241077120707 1.4999999999999987
    endloop
  endfacet
  facet normal 0 0 0
    outer loop
      vertex 16.629392246050905 11.111404660392044 0
      vertex 14.637110370561535 14.637110370561532 0
      vertex 14.536932363915941 14.536932363915938 1.4999999999999987
    endloop
  endfacet
  facet normal 0 0 0
    outer loop
      vertex 16.629392246050905 11.111404660392044 0
      vertex 14.536932363915941 14.536932363915938 1.4999999999999987
      vertex 16.51557884130351 11.03535697463097 1.4999999999999987
    endloop
  endfacet
  facet normal 0 0 0
    outer loop
      vertex 14.637110370561535 14.637110370561532 0
      vertex 11.111404660392045 16.629392246050905 0
      vertex 11.035356974630972 16.51557884130351 1.4999999999999987
    endloop
  endfacet
  facet normal 0 0 0
    outer loop
      vertex 14.637110370561535 14.637110370561532 0
      vertex 11.035356974630972 16.51557884130351 1.4999999999999987
      vertex 14.536932363915941 14.536932363915938 1.4999999999999987
    endloop
  endfacet
  facet normal 0 0 0
    outer loop
      vertex 11.111404660392045 16.629392246050905 0
      vertex 7.385790244646234 17.830874977467836 0
      vertex 7.335241077120708 17.70883849166104 1.4999999999999987
    endloop
  endfacet
  facet normal 0 0 0
    outer loop
      vertex 11.111404660392045 16.629392246050905 0
      vertex 7.335241077120708 17.70883849166104 1.4999999999999987
      vertex 11.035356974630972 16.51557884130351 1.4999999999999987
    endloop
  endfacet
  facet normal 0 0 0
    outer loop
      vertex 7.385790244646234 17.830874977467836 0
      vertex 3.9018064403225665 19.61570560806461 0
      vertex 3.875102044330952 19.481453543482598 1.4999999999999987
    endloop
  endfacet
  facet normal 0 0 0
    outer loop
      vertex 7.385790244646234 17.830874977467836 0
      vertex 3.875102044330952 19.481453543482598 1.4999999999999987
      vertex 7.335241077120708 17.70883849166104 1.4999999999999987
    endloop
  endfacet
  facet normal 0 0 0
    outer loop
      vertex 3.9018064403225665 19.61570560806461 0
      vertex 1.2675094371175106e-15 20.7 0
      vertex 1.2588344619618753e-15 20.5583269043503 1.4999999999999987
    endloop
  endfacet
  facet normal 0 0 0
    outer loop
      vertex 3.9018064403225665 19.61570560806461 0
      vertex 1.2588344619618753e-15 20.5583269043503 1.4999999999999987
      vertex 3.875102044330952 19.481453543482598 1.4999999999999987
    endloop
  endfacet
  facet normal 0 0 0
    outer loop
      vertex 1.2675094371175106e-15 20.7 0
      vertex -3.901806440322564 19.61570560806461 0
      vertex -3.875102044330949 19.481453543482598 1.4999999999999987
    endloop
  endfacet
  facet normal 0 0 0
    outer loop
      vertex 1.2675094371175106e-15 20.7 0
      vertex -3.875102044330949 19.481453543482598 1.4999999999999987
      vertex 1.2588344619618753e-15 20.5583269043503 1.4999999999999987
    endloop
  endfacet
  facet normal 0 0 0
    outer loop
      vertex -3.901806440322564 19.61570560806461 0
      vertex -7.385790244646232 17.830874977467836 0
      vertex -7.335241077120706 17.70883849166104 1.4999999999999987
    endloop
  endfacet
  facet normal 0 0 0
    outer loop
      vertex -3.901806440322564 19.61570560806461 0
      vertex -7.335241077120706 17.70883849166104 1.4999999999999987
      vertex -3.875102044330949 19.481453543482598 1.4999999999999987
    endloop
  endfacet
  facet normal 0 0 0
    outer loop
      vertex -7.385790244646232 17.830874977467836 0
      vertex -11.111404660392036 16.629392246050905 0
      vertex -11.035356974630963 16.51557884130351 1.4999999999999987
    endloop
  endfacet
  facet normal 0 0 0
    outer loop
      vertex -7.385790244646232 17.830874977467836 0
      vertex -11.035356974630963 16.51557884130351 1.4999999999999987
      vertex -7.335241077120706 17.70883849166104 1.4999999999999987
    endloop
  endfacet
  facet normal 0 0 0
    outer loop
      vertex -11.111404660392036 16.629392246050905 0
      vertex -14.637110370561532 14.637110370561535 0
      vertex -14.536932363915938 14.536932363915941 1.4999999999999987
    endloop
  endfacet
  facet normal 0 0 0
    outer loop
      vertex -11.111404660392036 16.629392246050905 0
      vertex -14.536932363915938 14.536932363915941 1.4999999999999987
      vertex -11.035356974630963 16.51557884130351 1.4999999999999987
    endloop
  endfacet
  facet normal 0 0 0
    outer loop
      vertex -14.637110370561532 14.637110370561535 0
      vertex -16.629392246050905 11.111404660392044 0
      vertex -16.51557884130351 11.03535697463097 1.4999999999999987
    endloop
  endfacet
  facet normal 0 0 0
    outer loop
      vertex -14.637110370561532 14.637110370561535 0
      vertex -16.51557884130351 11.03535697463097 1.4999999999999987
      vertex -14.536932363915938 14.536932363915941 1.4999999999999987
    endloop
  endfacet
  facet normal 0 0 0
    outer loop
      vertex -16.629392246050905 11.111404660392044 0
      vertex -17.830874977467836 7.385790244646235 0
      vertex -17.70883849166104 7.33524107712071 1.4999999999999987
    endloop
  endfacet
  facet normal 0 0 0
    outer loop
      vertex -16.629392246050905 11.111404660392044 0
      vertex -17.70883849166104 7.33524107712071 1.4999999999999987
      vertex -16.51557884130351 11.03535697463097 1.4999999999999987
    endloop
  endfacet
  facet normal 0 0 0
    outer loop
      vertex -17.830874977467836 7.385790244646235 0
      vertex -19.615705608064605 3.9018064403225714 0
      vertex -19.481453543482594 3.8751020443309567 1.4999999999999987
    endloop
  endfacet
  facet normal 0 0 0
    outer loop
      vertex -17.830874977467836 7.385790244646235 0
      vertex -19.481453543482594 3.8751020443309567 1.4999999999999987
      vertex -17.70883849166104 7.33524107712071 1.4999999999999987
    endloop
  endfacet
  facet normal 0 0 0
    outer loop
      vertex -19.615705608064605 3.9018064403225714 0
      vertex -20.7 2.535018874235021e-15 0
      vertex -20.5583269043503 2.5176689239237507e-15 1.4999999999999987
    endloop
  endfacet
  facet normal 0 0 0
    outer loop
      vertex -19.615705608064605 3.9018064403225714 0
      vertex -20.5583269043503 2.5176689239237507e-15 1.4999999999999987
      vertex -19.481453543482594 3.8751020443309567 1.4999999999999987
    endloop
  endfacet
  facet normal 0 0 0
    outer loop
      vertex -20.7 2.535018874235021e-15 0
      vertex -19.61570560806461 -3.9018064403225674 0
      vertex -19.481453543482598 -3.8751020443309523 1.4999999999999987
    endloop
  endfacet
  facet normal 0 0 0
    outer loop
      vertex -20.7 2.535018874235021e-15 0
      vertex -19.481453543482598 -3.8751020443309523 1.4999999999999987
      vertex -20.5583269043503 2.5176689239237507e-15 1.4999999999999987
    endloop
  endfacet
  facet normal 0 0 0
    outer loop
      vertex -19.61570560806461 -3.9018064403225674 0
      vertex -17.830874977467836 -7.38579024464623 0
      vertex -17.708838491661044 -7.335241077120704 1.4999999999999987
    endloop
  endfacet
  facet normal 0 0 0
    outer loop
      vertex -19.61570560806461 -3.9018064403225674 0
      vertex -17.708838491661044 -7.335241077120704 1.4999999999999987
      vertex -19.481453543482598 -3.8751020443309523 1.4999999999999987
    endloop
  endfacet
  facet normal 0 0 0
    outer loop
      vertex -17.830874977467836 -7.38579024464623 0
      vertex -16.629392246050905 -11.111404660392036 0
      vertex -16.51557884130351 -11.035356974630963 1.4999999999999987
    endloop
  endfacet
  facet normal 0 0 0
    outer loop
      vertex -17.830874977467836 -7.38579024464623 0
      vertex -16.51557884130351 -11.035356974630963 1.4999999999999987
      vertex -17.708838491661044 -7.335241077120704 1.4999999999999987
    endloop
  endfacet
  facet normal 0 0 0
    outer loop
      vertex -16.629392246050905 -11.111404660392036 0
      vertex -14.637110370561537 -14.637110370561532 0
      vertex -14.536932363915943 -14.536932363915938 1.4999999999999987
    endloop
  endfacet
  facet normal 0 0 0
    outer loop
      vertex -16.629392246050905 -11.111404660392036 0
      vertex -14.536932363915943 -14.536932363915938 1.4999999999999987
      vertex -16.51557884130351 -11.035356974630963 1.4999999999999987
    endloop
  endfacet
  facet normal 0 0 0
    outer loop
      vertex -14.637110370561537 -14.637110370561532 0
      vertex -11.111404660392044 -16.629392246050905 0
      vertex -11.03535697463097 -16.51557884130351 1.4999999999999987
    endloop
  endfacet
  facet normal 0 0 0
    outer loop
      vertex -14.637110370561537 -14.637110370561532 0
      vertex -11.03535697463097 -16.51557884130351 1.4999999999999987
      vertex -14.536932363915943 -14.536932363915938 1.4999999999999987
    endloop
  endfacet
  facet normal 0 0 0
    outer loop
      vertex -11.111404660392044 -16.629392246050905 0
      vertex -7.385790244646244 -17.83087497746783 0
      vertex -7.335241077120718 -17.708838491661037 1.4999999999999987
    endloop
  endfacet
  facet normal 0 0 0
    outer loop
      vertex -11.111404660392044 -16.629392246050905 0
      vertex -7.335241077120718 -17.708838491661037 1.4999999999999987
      vertex -11.03535697463097 -16.51557884130351 1.4999999999999987
    endloop
  endfacet
  facet normal 0 0 0
    outer loop
      vertex -7.385790244646244 -17.83087497746783 0
      vertex -3.9018064403225727 -19.6157056080646 0
      vertex -3.8751020443309576 -19.48145354348259 1.4999999999999987
    endloop
  endfacet
  facet normal 0 0 0
    outer loop
      vertex -7.385790244646244 -17.83087497746783 0
      vertex -3.8751020443309576 -19.48145354348259 1.4999999999999987
      vertex -7.335241077120718 -17.708838491661037 1.4999999999999987
    endloop
  endfacet
  facet normal 0 0 0
    outer loop
      vertex -3.9018064403225727 -19.6157056080646 0
      vertex -3.8025283113525314e-15 -20.7 0
      vertex -3.776503385885626e-15 -20.5583269043503 1.4999999999999987
    endloop
  endfacet
  facet normal 0 0 0
    outer loop
      vertex -3.9018064403225727 -19.6157056080646 0
      vertex -3.776503385885626e-15 -20.5583269043503 1.4999999999999987
      vertex -3.8751020443309576 -19.48145354348259 1.4999999999999987
    endloop
  endfacet
  facet normal 0 0 0
    outer loop
      vertex -3.8025283113525314e-15 -20.7 0
      vertex 3.901806440322566 -19.61570560806461 0
      vertex 3.8751020443309514 -19.481453543482598 1.4999999999999987
    endloop
  endfacet
  facet normal 0 0 0
    outer loop
      vertex -3.8025283113525314e-15 -20.7 0
      vertex 3.8751020443309514 -19.481453543482598 1.4999999999999987
      vertex -3.776503385885626e-15 -20.5583269043503 1.4999999999999987
    endloop
  endfacet
  facet normal 0 0 0
    outer loop
      vertex 3.901806440322566 -19.61570560806461 0
      vertex 7.385790244646238 -17.830874977467833 0
      vertex 7.3352410771207115 -17.708838491661037 1.4999999999999987
    endloop
  endfacet
  facet normal 0 0 0
    outer loop
      vertex 3.901806440322566 -19.61570560806461 0
      vertex 7.3352410771207115 -17.708838491661037 1.4999999999999987
      vertex 3.8751020443309514 -19.481453543482598 1.4999999999999987
    endloop
  endfacet
  facet normal 0 0 0
    outer loop
      vertex 7.385790244646238 -17.830874977467833 0
      vertex 11.111404660392035 -16.629392246050905 0
      vertex 11.035356974630961 -16.51557884130351 1.4999999999999987
    endloop
  endfacet
  facet normal 0 0 0
    outer loop
      vertex 7.385790244646238 -17.830874977467833 0
      vertex 11.035356974630961 -16.51557884130351 1.4999999999999987
      vertex 7.3352410771207115 -17.708838491661037 1.4999999999999987
    endloop
  endfacet
  facet normal 0 0 0
    outer loop
      vertex 11.111404660392035 -16.629392246050905 0
      vertex 14.63711037056153 -14.637110370561537 0
      vertex 14.536932363915936 -14.536932363915943 1.4999999999999987
    endloop
  endfacet
  facet normal 0 0 0
    outer loop
      vertex 11.111404660392035 -16.629392246050905 0
      vertex 14.536932363915936 -14.536932363915943 1.4999999999999987
      vertex 11.035356974630961 -16.51557884130351 1.4999999999999987
    endloop
  endfacet
  facet normal 0 0 0
    outer loop
      vertex 14.63711037056153 -14.637110370561537 0
      vertex 16.629392246050905 -11.111404660392044 0
      vertex 16.51557884130351 -11.03535697463097 1.4999999999999987
    endloop
  endfacet
  facet normal 0 0 0
    outer loop
      vertex 14.63711037056153 -14.637110370561537 0
      vertex 16.51557884130351 -11.03535697463097 1.4999999999999987
      vertex 14.536932363915936 -14.536932363915943 1.4999999999999987
    endloop
  endfacet
  facet normal 0 0 0
    outer loop
      vertex 16.629392246050905 -11.111404660392044 0
      vertex 17.83087497746783 -7.385790244646245 0
      vertex 17.708838491661037 -7.335241077120719 1.4999999999999987
    endloop
  endfacet
  facet normal 0 0 0
    outer loop
      vertex 16.629392246050905 -11.111404660392044 0
      vertex 17.708838491661037 -7.335241077120719 1.4999999999999987
      vertex 16.51557884130351 -11.03535697463097 1.4999999999999987
    endloop
  endfacet
  facet normal 0 0 0
    outer loop
      vertex 17.83087497746783 -7.385790244646245 0
      vertex 19.6157056080646 -3.9018064403225736 0
      vertex 19.48145354348259 -3.875102044330959 1.4999999999999987
    endloop
  endfacet
  facet normal 0 0 0
    outer loop
      vertex 17.83087497746783 -7.385790244646245 0
      vertex 19.48145354348259 -3.875102044330959 1.4999999999999987
      vertex 17.708838491661037 -7.335241077120719 1.4999999999999987
    endloop
  endfacet
  facet normal 0 0 0
    outer loop
      vertex 19.6157056080646 -3.9018064403225736 0
      vertex 20.7 0 0
      vertex 20.5583269043503 0 1.4999999999999987
    endloop
  endfacet
  facet normal 0 0 0
    outer loop
      vertex 19.6157056080646 -3.9018064403225736 0
      vertex 20.5583269043503 0 1.4999999999999987
      vertex 19.48145354348259 -3.875102044330959 1.4999999999999987
    endloop
  endfacet
  facet normal 0 0 0
    outer loop
      vertex 20.5583269043503 0 1.4999999999999987
      vertex 19.481453543482598 3.87510204433095 1.4999999999999987
      vertex 19.080994439783254 3.795445775975378 3.0000000000000013
    endloop
  endfacet
  facet normal 0 0 0
    outer loop
      vertex 20.5583269043503 0 1.4999999999999987
      vertex 19.080994439783254 3.795445775975378 3.0000000000000013
      vertex 20.135731683346968 0 3.0000000000000013
    endloop
  endfacet
  facet normal 0 0 0
    outer loop
      vertex 19.481453543482598 3.87510204433095 1.4999999999999987
      vertex 17.70883849166104 7.335241077120707 1.4999999999999987
      vertex 17.344817112347716 7.184458484815367 3.0000000000000013
    endloop
  endfacet
  facet normal 0 0 0
    outer loop
      vertex 19.481453543482598 3.87510204433095 1.4999999999999987
      vertex 17.344817112347716 7.184458484815367 3.0000000000000013
      vertex 19.080994439783254 3.795445775975378 3.0000000000000013
    endloop
  endfacet
  facet normal 0 0 0
    outer loop
      vertex 17.70883849166104 7.335241077120707 1.4999999999999987
      vertex 16.51557884130351 11.03535697463097 1.4999999999999987
      vertex 16.176086005971577 10.808515114335519 3.0000000000000013
    endloop
  endfacet
  facet normal 0 0 0
    outer loop
      vertex 17.70883849166104 7.335241077120707 1.4999999999999987
      vertex 16.176086005971577 10.808515114335519 3.0000000000000013
      vertex 17.344817112347716 7.184458484815367 3.0000000000000013
    endloop
  endfacet
  facet normal 0 0 0
    outer loop
      vertex 16.51557884130351 11.03535697463097 1.4999999999999987
      vertex 14.536932363915941 14.536932363915938 1.4999999999999987
      vertex 14.238112417447457 14.238112417447455 3.0000000000000013
    endloop
  endfacet
  facet normal 0 0 0
    outer loop
      vertex 16.51557884130351 11.03535697463097 1.4999999999999987
      vertex 14.238112417447457 14.238112417447455 3.0000000000000013
      vertex 16.176086005971577 10.808515114335519 3.0000000000000013
    endloop
  endfacet
  facet normal 0 0 0
    outer loop
      vertex 14.536932363915941 14.536932363915938 1.4999999999999987
      vertex 11.035356974630972 16.51557884130351 1.4999999999999987
      vertex 10.80851511433552 16.176086005971577 3.0000000000000013
    endloop
  endfacet
  facet normal 0 0 0
    outer loop
      vertex 14.536932363915941 14.536932363915938 1.4999999999999987
      vertex 10.80851511433552 16.176086005971577 3.0000000000000013
      vertex 14.238112417447457 14.238112417447455 3.0000000000000013
    endloop
  endfacet
  facet normal 0 0 0
    outer loop
      vertex 11.035356974630972 16.51557884130351 1.4999999999999987
      vertex 7.335241077120708 17.70883849166104 1.4999999999999987
      vertex 7.184458484815368 17.344817112347716 3.0000000000000013
    endloop
  endfacet
  facet normal 0 0 0
    outer loop
      vertex 11.035356974630972 16.51557884130351 1.4999999999999987
      vertex 7.184458484815368 17.344817112347716 3.0000000000000013
      vertex 10.80851511433552 16.176086005971577 3.0000000000000013
    endloop
  endfacet
  facet normal 0 0 0
    outer loop
      vertex 7.335241077120708 17.70883849166104 1.4999999999999987
      vertex 3.875102044330952 19.481453543482598 1.4999999999999987
      vertex 3.79544577597538 19.080994439783254 3.0000000000000013
    endloop
  endfacet
  facet normal 0 0 0
    outer loop
      vertex 7.335241077120708 17.70883849166104 1.4999999999999987
      vertex 3.79544577597538 19.080994439783254 3.0000000000000013
      vertex 7.184458484815368 17.344817112347716 3.0000000000000013
    endloop
  endfacet
  facet normal 0 0 0
    outer loop
      vertex 3.875102044330952 19.481453543482598 1.4999999999999987
      vertex 1.2588344619618753e-15 20.5583269043503 1.4999999999999987
      vertex 1.2329579677250405e-15 20.135731683346968 3.0000000000000013
    endloop
  endfacet
  facet normal 0 0 0
    outer loop
      vertex 3.875102044330952 19.481453543482598 1.4999999999999987
      vertex 1.2329579677250405e-15 20.135731683346968 3.0000000000000013
      vertex 3.79544577597538 19.080994439783254 3.0000000000000013
    endloop
  endfacet
  facet normal 0 0 0
    outer loop
      vertex 1.2588344619618753e-15 20.5583269043503 1.4999999999999987
      vertex -3.875102044330949 19.481453543482598 1.4999999999999987
      vertex -3.7954457759753772 19.080994439783254 3.0000000000000013
    endloop
  endfacet
  facet normal 0 0 0
    outer loop
      vertex 1.2588344619618753e-15 20.5583269043503 1.4999999999999987
      vertex -3.7954457759753772 19.080994439783254 3.0000000000000013
      vertex 1.2329579677250405e-15 20.135731683346968 3.0000000000000013
    endloop
  endfacet
  facet normal 0 0 0
    outer loop
      vertex -3.875102044330949 19.481453543482598 1.4999999999999987
      vertex -7.335241077120706 17.70883849166104 1.4999999999999987
      vertex -7.184458484815366 17.344817112347716 3.0000000000000013
    endloop
  endfacet
  facet normal 0 0 0
    outer loop
      vertex -3.875102044330949 19.481453543482598 1.4999999999999987
      vertex -7.184458484815366 17.344817112347716 3.0000000000000013
      vertex -3.7954457759753772 19.080994439783254 3.0000000000000013
    endloop
  endfacet
  facet normal 0 0 0
    outer loop
      vertex -7.335241077120706 17.70883849166104 1.4999999999999987
      vertex -11.035356974630963 16.51557884130351 1.4999999999999987
      vertex -10.808515114335513 16.176086005971577 3.0000000000000013
    endloop
  endfacet
  facet normal 0 0 0
    outer loop
      vertex -7.335241077120706 17.70883849166104 1.4999999999999987
      vertex -10.808515114335513 16.176086005971577 3.0000000000000013
      vertex -7.184458484815366 17.344817112347716 3.0000000000000013
    endloop
  endfacet
  facet normal 0 0 0
    outer loop
      vertex -11.035356974630963 16.51557884130351 1.4999999999999987
      vertex -14.536932363915938 14.536932363915941 1.4999999999999987
      vertex -14.238112417447455 14.238112417447457 3.0000000000000013
    endloop
  endfacet
  facet normal 0 0 0
    outer loop
      vertex -11.035356974630963 16.51557884130351 1.4999999999999987
      vertex -14.238112417447455 14.238112417447457 3.0000000000000013
      vertex -10.808515114335513 16.176086005971577 3.0000000000000013
    endloop
  endfacet
  facet normal 0 0 0
    outer loop
      vertex -14.536932363915938 14.536932363915941 1.4999999999999987
      vertex -16.51557884130351 11.03535697463097 1.4999999999999987
      vertex -16.176086005971577 10.808515114335519 3.0000000000000013
    endloop
  endfacet
  facet normal 0 0 0
    outer loop
      vertex -14.536932363915938 14.536932363915941 1.4999999999999987
      vertex -16.176086005971577 10.808515114335519 3.0000000000000013
      vertex -14.238112417447455 14.238112417447457 3.0000000000000013
    endloop
  endfacet
  facet normal 0 0 0
    outer loop
      vertex -16.51557884130351 11.03535697463097 1.4999999999999987
      vertex -17.70883849166104 7.33524107712071 1.4999999999999987
      vertex -17.344817112347716 7.184458484815369 3.0000000000000013
    endloop
  endfacet
  facet normal 0 0 0
    outer loop
      vertex -16.51557884130351 11.03535697463097 1.4999999999999987
      vertex -17.344817112347716 7.184458484815369 3.0000000000000013
      vertex -16.176086005971577 10.808515114335519 3.0000000000000013
    endloop
  endfacet
  facet normal 0 0 0
    outer loop
      vertex -17.70883849166104 7.33524107712071 1.4999999999999987
      vertex -19.481453543482594 3.8751020443309567 1.4999999999999987
      vertex -19.08099443978325 3.7954457759753844 3.0000000000000013
    endloop
  endfacet
  facet normal 0 0 0
    outer loop
      vertex -17.70883849166104 7.33524107712071 1.4999999999999987
      vertex -19.08099443978325 3.7954457759753844 3.0000000000000013
      vertex -17.344817112347716 7.184458484815369 3.0000000000000013
    endloop
  endfacet
  facet normal 0 0 0
    outer loop
      vertex -19.481453543482594 3.8751020443309567 1.4999999999999987
      vertex -20.5583269043503 2.5176689239237507e-15 1.4999999999999987
      vertex -20.135731683346968 2.465915935450081e-15 3.0000000000000013
    endloop
  endfacet
  facet normal 0 0 0
    outer loop
      vertex -19.481453543482594 3.8751020443309567 1.4999999999999987
      vertex -20.135731683346968 2.465915935450081e-15 3.0000000000000013
      vertex -19.08099443978325 3.7954457759753844 3.0000000000000013
    endloop
  endfacet
  facet normal 0 0 0
    outer loop
      vertex -20.5583269043503 2.5176689239237507e-15 1.4999999999999987
      vertex -19.481453543482598 -3.8751020443309523 1.4999999999999987
      vertex -19.080994439783254 -3.7954457759753804 3.0000000000000013
    endloop
  endfacet
  facet normal 0 0 0
    outer loop
      vertex -20.5583269043503 2.5176689239237507e-15 1.4999999999999987
      vertex -19.080994439783254 -3.7954457759753804 3.0000000000000013
      vertex -20.135731683346968 2.465915935450081e-15 3.0000000000000013
    endloop
  endfacet
  facet normal 0 0 0
    outer loop
      vertex -19.481453543482598 -3.8751020443309523 1.4999999999999987
      vertex -17.708838491661044 -7.335241077120704 1.4999999999999987
      vertex -17.344817112347716 -7.184458484815364 3.0000000000000013
    endloop
  endfacet
  facet normal 0 0 0
    outer loop
      vertex -19.481453543482598 -3.8751020443309523 1.4999999999999987
      vertex -17.344817112347716 -7.184458484815364 3.0000000000000013
      vertex -19.080994439783254 -3.7954457759753804 3.0000000000000013
    endloop
  endfacet
  facet normal 0 0 0
    outer loop
      vertex -17.708838491661044 -7.335241077120704 1.4999999999999987
      vertex -16.51557884130351 -11.035356974630963 1.4999999999999987
      vertex -16.176086005971577 -10.808515114335513 3.0000000000000013
    endloop
  endfacet
  facet normal 0 0 0
    outer loop
      vertex -17.708838491661044 -7.335241077120704 1.4999999999999987
      vertex -16.176086005971577 -10.808515114335513 3.0000000000000013
      vertex -17.344817112347716 -7.184458484815364 3.0000000000000013
    endloop
  endfacet
  facet normal 0 0 0
    outer loop
      vertex -16.51557884130351 -11.035356974630963 1.4999999999999987
      vertex -14.536932363915943 -14.536932363915938 1.4999999999999987
      vertex -14.23811241744746 -14.238112417447455 3.0000000000000013
    endloop
  endfacet
  facet normal 0 0 0
    outer loop
      vertex -16.51557884130351 -11.035356974630963 1.4999999999999987
      vertex -14.23811241744746 -14.238112417447455 3.0000000000000013
      vertex -16.176086005971577 -10.808515114335513 3.0000000000000013
    endloop
  endfacet
  facet normal 0 0 0
    outer loop
      vertex -14.536932363915943 -14.536932363915938 1.4999999999999987
      vertex -11.03535697463097 -16.51557884130351 1.4999999999999987
      vertex -10.808515114335519 -16.176086005971577 3.0000000000000013
    endloop
  endfacet
  facet normal 0 0 0
    outer loop
      vertex -14.536932363915943 -14.536932363915938 1.4999999999999987
      vertex -10.808515114335519 -16.176086005971577 3.0000000000000013
      vertex -14.23811241744746 -14.238112417447455 3.0000000000000013
    endloop
  endfacet
  facet normal 0 0 0
    outer loop
      vertex -11.03535697463097 -16.51557884130351 1.4999999999999987
      vertex -7.335241077120718 -17.708838491661037 1.4999999999999987
      vertex -7.184458484815377 -17.344817112347712 3.0000000000000013
    endloop
  endfacet
  facet normal 0 0 0
    outer loop
      vertex -11.03535697463097 -16.51557884130351 1.4999999999999987
      vertex -7.184458484815377 -17.344817112347712 3.0000000000000013
      vertex -10.808515114335519 -16.176086005971577 3.0000000000000013
    endloop
  endfacet
  facet normal 0 0 0
    outer loop
      vertex -7.335241077120718 -17.708838491661037 1.4999999999999987
      vertex -3.8751020443309576 -19.48145354348259 1.4999999999999987
      vertex -3.7954457759753857 -19.08099443978325 3.0000000000000013
    endloop
  endfacet
  facet normal 0 0 0
    outer loop
      vertex -7.335241077120718 -17.708838491661037 1.4999999999999987
      vertex -3.7954457759753857 -19.08099443978325 3.0000000000000013
      vertex -7.184458484815377 -17.344817112347712 3.0000000000000013
    endloop
  endfacet
  facet normal 0 0 0
    outer loop
      vertex -3.8751020443309576 -19.48145354348259 1.4999999999999987
      vertex -3.776503385885626e-15 -20.5583269043503 1.4999999999999987
      vertex -3.698873903175121e-15 -20.135731683346968 3.0000000000000013
    endloop
  endfacet
  facet normal 0 0 0
    outer loop
      vertex -3.8751020443309576 -19.48145354348259 1.4999999999999987
      vertex -3.698873903175121e-15 -20.135731683346968 3.0000000000000013
      vertex -3.7954457759753857 -19.08099443978325 3.0000000000000013
    endloop
  endfacet
  facet normal 0 0 0
    outer loop
      vertex -3.776503385885626e-15 -20.5583269043503 1.4999999999999987
      vertex 3.8751020443309514 -19.481453543482598 1.4999999999999987
      vertex 3.795445775975379 -19.080994439783254 3.0000000000000013
    endloop
  endfacet
  facet normal 0 0 0
    outer loop
      vertex -3.776503385885626e-15 -20.5583269043503 1.4999999999999987
      vertex 3.795445775975379 -19.080994439783254 3.0000000000000013
      vertex -3.698873903175121e-15 -20.135731683346968 3.0000000000000013
    endloop
  endfacet
  facet normal 0 0 0
    outer loop
      vertex 3.8751020443309514 -19.481453543482598 1.4999999999999987
      vertex 7.3352410771207115 -17.708838491661037 1.4999999999999987
      vertex 7.184458484815371 -17.344817112347712 3.0000000000000013
    endloop
  endfacet
  facet normal 0 0 0
    outer loop
      vertex 3.8751020443309514 -19.481453543482598 1.4999999999999987
      vertex 7.184458484815371 -17.344817112347712 3.0000000000000013
      vertex 3.795445775975379 -19.080994439783254 3.0000000000000013
    endloop
  endfacet
  facet normal 0 0 0
    outer loop
      vertex 7.3352410771207115 -17.708838491661037 1.4999999999999987
      vertex 11.035356974630961 -16.51557884130351 1.4999999999999987
      vertex 10.80851511433551 -16.176086005971577 3.0000000000000013
    endloop
  endfacet
  facet normal 0 0 0
    outer loop
      vertex 7.3352410771207115 -17.708838491661037 1.4999999999999987
      vertex 10.80851511433551 -16.176086005971577 3.0000000000000013
      vertex 7.184458484815371 -17.344817112347712 3.0000000000000013
    endloop
  endfacet
  facet normal 0 0 0
    outer loop
      vertex 11.035356974630961 -16.51557884130351 1.4999999999999987
      vertex 14.536932363915936 -14.536932363915943 1.4999999999999987
      vertex 14.238112417447454 -14.23811241744746 3.0000000000000013
    endloop
  endfacet
  facet normal 0 0 0
    outer loop
      vertex 11.035356974630961 -16.51557884130351 1.4999999999999987
      vertex 14.238112417447454 -14.23811241744746 3.0000000000000013
      vertex 10.80851511433551 -16.176086005971577 3.0000000000000013
    endloop
  endfacet
  facet normal 0 0 0
    outer loop
      vertex 14.536932363915936 -14.536932363915943 1.4999999999999987
      vertex 16.51557884130351 -11.03535697463097 1.4999999999999987
      vertex 16.176086005971577 -10.808515114335519 3.0000000000000013
    endloop
  endfacet
  facet normal 0 0 0
    outer loop
      vertex 14.536932363915936 -14.536932363915943 1.4999999999999987
      vertex 16.176086005971577 -10.808515114335519 3.0000000000000013
      vertex 14.238112417447454 -14.23811241744746 3.0000000000000013
    endloop
  endfacet
  facet normal 0 0 0
    outer loop
      vertex 16.51557884130351 -11.03535697463097 1.4999999999999987
      vertex 17.708838491661037 -7.335241077120719 1.4999999999999987
      vertex 17.344817112347712 -7.184458484815378 3.0000000000000013
    endloop
  endfacet
  facet normal 0 0 0
    outer loop
      vertex 16.51557884130351 -11.03535697463097 1.4999999999999987
      vertex 17.344817112347712 -7.184458484815378 3.0000000000000013
      vertex 16.176086005971577 -10.808515114335519 3.0000000000000013
    endloop
  endfacet
  facet normal 0 0 0
    outer loop
      vertex 17.708838491661037 -7.335241077120719 1.4999999999999987
      vertex 19.48145354348259 -3.875102044330959 1.4999999999999987
      vertex 19.08099443978325 -3.7954457759753866 3.0000000000000013
    endloop
  endfacet
  facet normal 0 0 0
    outer loop
      vertex 17.708838491661037 -7.335241077120719 1.4999999999999987
      vertex 19.08099443978325 -3.7954457759753866 3.0000000000000013
      vertex 17.344817112347712 -7.184458484815378 3.0000000000000013
    endloop
  endfacet
  facet normal 0 0 0
    outer loop
      vertex 19.48145354348259 -3.875102044330959 1.4999999999999987
      vertex 20.5583269043503 0 1.4999999999999987
      vertex 20.135731683346968 0 3.0000000000000013
    endloop
  endfacet
  facet normal 0 0 0
    outer loop
      vertex 19.48145354348259 -3.875102044330959 1.4999999999999987
      vertex 20.135731683346968 0 3.0000000000000013
      vertex 19.08099443978325 -3.7954457759753866 3.0000000000000013
    endloop
  endfacet
  facet normal 0 0 0
    outer loop
      vertex 20.135731683346968 0 3.0000000000000013
      vertex 19.080994439783254 3.795445775975378 3.0000000000000013
      vertex 18.421180263259128 3.664200576092304 4.5
    endloop
  endfacet
  facet normal 0 0 0
    outer loop
      vertex 20.135731683346968 0 3.0000000000000013
      vertex 18.421180263259128 3.664200576092304 4.5
      vertex 19.439445058386905 0 4.5
    endloop
  endfacet
  facet normal 0 0 0
    outer loop
      vertex 19.080994439783254 3.795445775975378 3.0000000000000013
      vertex 17.344817112347716 7.184458484815367 3.0000000000000013
      vertex 16.745039346253712 6.936022399689393 4.5
    endloop
  endfacet
  facet normal 0 0 0
    outer loop
      vertex 19.080994439783254 3.795445775975378 3.0000000000000013
      vertex 16.745039346253712 6.936022399689393 4.5
      vertex 18.421180263259128 3.664200576092304 4.5
    endloop
  endfacet
  facet normal 0 0 0
    outer loop
      vertex 17.344817112347716 7.184458484815367 3.0000000000000013
      vertex 16.176086005971577 10.808515114335519 3.0000000000000013
      vertex 15.616722556592842 10.434760406627795 4.5
    endloop
  endfacet
  facet normal 0 0 0
    outer loop
      vertex 17.344817112347716 7.184458484815367 3.0000000000000013
      vertex 15.616722556592842 10.434760406627795 4.5
      vertex 16.745039346253712 6.936022399689393 4.5
    endloop
  endfacet
  facet normal 0 0 0
    outer loop
      vertex 16.176086005971577 10.808515114335519 3.0000000000000013
      vertex 14.238112417447457 14.238112417447455 3.0000000000000013
      vertex 13.745763423288702 13.7457634232887 4.5
    endloop
  endfacet
  facet normal 0 0 0
    outer loop
      vertex 16.176086005971577 10.808515114335519 3.0000000000000013
      vertex 13.745763423288702 13.7457634232887 4.5
      vertex 15.616722556592842 10.434760406627795 4.5
    endloop
  endfacet
  facet normal 0 0 0
    outer loop
      vertex 14.238112417447457 14.238112417447455 3.0000000000000013
      vertex 10.80851511433552 16.176086005971577 3.0000000000000013
      vertex 10.434760406627799 15.616722556592842 4.5
    endloop
  endfacet
  facet normal 0 0 0
    outer loop
      vertex 14.238112417447457 14.238112417447455 3.0000000000000013
      vertex 10.434760406627799 15.616722556592842 4.5
      vertex 13.745763423288702 13.7457634232887 4.5
    endloop
  endfacet
  facet normal 0 0 0
    outer loop
      vertex 10.80851511433552 16.176086005971577 3.0000000000000013
      vertex 7.184458484815368 17.344817112347716 3.0000000000000013
      vertex 6.936022399689394 16.745039346253712 4.5
    endloop
  endfacet
  facet normal 0 0 0
    outer loop
      vertex 10.80851511433552 16.176086005971577 3.0000000000000013
      vertex 6.936022399689394 16.745039346253712 4.5
      vertex 10.434760406627799 15.616722556592842 4.5
    endloop
  endfacet
  facet normal 0 0 0
    outer loop
      vertex 7.184458484815368 17.344817112347716 3.0000000000000013
      vertex 3.79544577597538 19.080994439783254 3.0000000000000013
      vertex 3.664200576092306 18.421180263259128 4.5
    endloop
  endfacet
  facet normal 0 0 0
    outer loop
      vertex 7.184458484815368 17.344817112347716 3.0000000000000013
      vertex 3.664200576092306 18.421180263259128 4.5
      vertex 6.936022399689394 16.745039346253712 4.5
    endloop
  endfacet
  facet normal 0 0 0
    outer loop
      vertex 3.79544577597538 19.080994439783254 3.0000000000000013
      vertex 1.2329579677250405e-15 20.135731683346968 3.0000000000000013
      vertex 1.1903227083977179e-15 19.439445058386905 4.5
    endloop
  endfacet
  facet normal 0 0 0
    outer loop
      vertex 3.79544577597538 19.080994439783254 3.0000000000000013
      vertex 1.1903227083977179e-15 19.439445058386905 4.5
      vertex 3.664200576092306 18.421180263259128 4.5
    endloop
  endfacet
  facet normal 0 0 0
    outer loop
      vertex 1.2329579677250405e-15 20.135731683346968 3.0000000000000013
      vertex -3.7954457759753772 19.080994439783254 3.0000000000000013
      vertex -3.6642005760923033 18.421180263259128 4.5
    endloop
  endfacet
  facet normal 0 0 0
    outer loop
      vertex 1.2329579677250405e-15 20.135731683346968 3.0000000000000013
      vertex -3.6642005760923033 18.421180263259128 4.5
      vertex 1.1903227083977179e-15 19.439445058386905 4.5
    endloop
  endfacet
  facet normal 0 0 0
    outer loop
      vertex -3.7954457759753772 19.080994439783254 3.0000000000000013
      vertex -7.184458484815366 17.344817112347716 3.0000000000000013
      vertex -6.936022399689392 16.745039346253712 4.5
    endloop
  endfacet
  facet normal 0 0 0
    outer loop
      vertex -3.7954457759753772 19.080994439783254 3.0000000000000013
      vertex -6.936022399689392 16.745039346253712 4.5
      vertex -3.6642005760923033 18.421180263259128 4.5
    endloop
  endfacet
  facet normal 0 0 0
    outer loop
      vertex -7.184458484815366 17.344817112347716 3.0000000000000013
      vertex -10.808515114335513 16.176086005971577 3.0000000000000013
      vertex -10.43476040662779 15.61672255659284 4.5
    endloop
  endfacet
  facet normal 0 0 0
    outer loop
      vertex -7.184458484815366 17.344817112347716 3.0000000000000013
      vertex -10.43476040662779 15.61672255659284 4.5
      vertex -6.936022399689392 16.745039346253712 4.5
    endloop
  endfacet
  facet normal 0 0 0
    outer loop
      vertex -10.808515114335513 16.176086005971577 3.0000000000000013
      vertex -14.238112417447455 14.238112417447457 3.0000000000000013
      vertex -13.7457634232887 13.745763423288702 4.5
    endloop
  endfacet
  facet normal 0 0 0
    outer loop
      vertex -10.808515114335513 16.176086005971577 3.0000000000000013
      vertex -13.7457634232887 13.745763423288702 4.5
      vertex -10.43476040662779 15.61672255659284 4.5
    endloop
  endfacet
  facet normal 0 0 0
    outer loop
      vertex -14.238112417447455 14.238112417447457 3.0000000000000013
      vertex -16.176086005971577 10.808515114335519 3.0000000000000013
      vertex -15.616722556592844 10.434760406627795 4.5
    endloop
  endfacet
  facet normal 0 0 0
    outer loop
      vertex -14.238112417447455 14.238112417447457 3.0000000000000013
      vertex -15.616722556592844 10.434760406627795 4.5
      vertex -13.7457634232887 13.745763423288702 4.5
    endloop
  endfacet
  facet normal 0 0 0
    outer loop
      vertex -16.176086005971577 10.808515114335519 3.0000000000000013
      vertex -17.344817112347716 7.184458484815369 3.0000000000000013
      vertex -16.745039346253712 6.936022399689396 4.5
    endloop
  endfacet
  facet normal 0 0 0
    outer loop
      vertex -16.176086005971577 10.808515114335519 3.0000000000000013
      vertex -16.745039346253712 6.936022399689396 4.5
      vertex -15.616722556592844 10.434760406627795 4.5
    endloop
  endfacet
  facet normal 0 0 0
    outer loop
      vertex -17.344817112347716 7.184458484815369 3.0000000000000013
      vertex -19.08099443978325 3.7954457759753844 3.0000000000000013
      vertex -18.421180263259124 3.6642005760923104 4.5
    endloop
  endfacet
  facet normal 0 0 0
    outer loop
      vertex -17.344817112347716 7.184458484815369 3.0000000000000013
      vertex -18.421180263259124 3.6642005760923104 4.5
      vertex -16.745039346253712 6.936022399689396 4.5
    endloop
  endfacet
  facet normal 0 0 0
    outer loop
      vertex -19.08099443978325 3.7954457759753844 3.0000000000000013
      vertex -20.135731683346968 2.465915935450081e-15 3.0000000000000013
      vertex -19.439445058386905 2.3806454167954358e-15 4.5
    endloop
  endfacet
  facet normal 0 0 0
    outer loop
      vertex -19.08099443978325 3.7954457759753844 3.0000000000000013
      vertex -19.439445058386905 2.3806454167954358e-15 4.5
      vertex -18.421180263259124 3.6642005760923104 4.5
    endloop
  endfacet
  facet normal 0 0 0
    outer loop
      vertex -20.135731683346968 2.465915935450081e-15 3.0000000000000013
      vertex -19.080994439783254 -3.7954457759753804 3.0000000000000013
      vertex -18.421180263259128 -3.6642005760923064 4.5
    endloop
  endfacet
  facet normal 0 0 0
    outer loop
      vertex -20.135731683346968 2.465915935450081e-15 3.0000000000000013
      vertex -18.421180263259128 -3.6642005760923064 4.5
      vertex -19.439445058386905 2.3806454167954358e-15 4.5
    endloop
  endfacet
  facet normal 0 0 0
    outer loop
      vertex -19.080994439783254 -3.7954457759753804 3.0000000000000013
      vertex -17.344817112347716 -7.184458484815364 3.0000000000000013
      vertex -16.745039346253716 -6.93602239968939 4.5
    endloop
  endfacet
  facet normal 0 0 0
    outer loop
      vertex -19.080994439783254 -3.7954457759753804 3.0000000000000013
      vertex -16.745039346253716 -6.93602239968939 4.5
      vertex -18.421180263259128 -3.6642005760923064 4.5
    endloop
  endfacet
  facet normal 0 0 0
    outer loop
      vertex -17.344817112347716 -7.184458484815364 3.0000000000000013
      vertex -16.176086005971577 -10.808515114335513 3.0000000000000013
      vertex -15.616722556592844 -10.43476040662779 4.5
    endloop
  endfacet
  facet normal 0 0 0
    outer loop
      vertex -17.344817112347716 -7.184458484815364 3.0000000000000013
      vertex -15.616722556592844 -10.43476040662779 4.5
      vertex -16.745039346253716 -6.93602239968939 4.5
    endloop
  endfacet
  facet normal 0 0 0
    outer loop
      vertex -16.176086005971577 -10.808515114335513 3.0000000000000013
      vertex -14.23811241744746 -14.238112417447455 3.0000000000000013
      vertex -13.745763423288706 -13.7457634232887 4.5
    endloop
  endfacet
  facet normal 0 0 0
    outer loop
      vertex -16.176086005971577 -10.808515114335513 3.0000000000000013
      vertex -13.745763423288706 -13.7457634232887 4.5
      vertex -15.616722556592844 -10.43476040662779 4.5
    endloop
  endfacet
  facet normal 0 0 0
    outer loop
      vertex -14.23811241744746 -14.238112417447455 3.0000000000000013
      vertex -10.808515114335519 -16.176086005971577 3.0000000000000013
      vertex -10.434760406627795 -15.616722556592842 4.5
    endloop
  endfacet
  facet normal 0 0 0
    outer loop
      vertex -14.23811241744746 -14.238112417447455 3.0000000000000013
      vertex -10.434760406627795 -15.616722556592842 4.5
      vertex -13.745763423288706 -13.7457634232887 4.5
    endloop
  endfacet
  facet normal 0 0 0
    outer loop
      vertex -10.808515114335519 -16.176086005971577 3.0000000000000013
      vertex -7.184458484815377 -17.344817112347712 3.0000000000000013
      vertex -6.936022399689404 -16.74503934625371 4.5
    endloop
  endfacet
  facet normal 0 0 0
    outer loop
      vertex -10.808515114335519 -16.176086005971577 3.0000000000000013
      vertex -6.936022399689404 -16.74503934625371 4.5
      vertex -10.434760406627795 -15.616722556592842 4.5
    endloop
  endfacet
  facet normal 0 0 0
    outer loop
      vertex -7.184458484815377 -17.344817112347712 3.0000000000000013
      vertex -3.7954457759753857 -19.08099443978325 3.0000000000000013
      vertex -3.6642005760923113 -18.42118026325912 4.5
    endloop
  endfacet
  facet normal 0 0 0
    outer loop
      vertex -7.184458484815377 -17.344817112347712 3.0000000000000013
      vertex -3.6642005760923113 -18.42118026325912 4.5
      vertex -6.936022399689404 -16.74503934625371 4.5
    endloop
  endfacet
  facet normal 0 0 0
    outer loop
      vertex -3.7954457759753857 -19.08099443978325 3.0000000000000013
      vertex -3.698873903175121e-15 -20.135731683346968 3.0000000000000013
      vertex -3.5709681251931534e-15 -19.439445058386905 4.5
    endloop
  endfacet
  facet normal 0 0 0
    outer loop
      vertex -3.7954457759753857 -19.08099443978325 3.0000000000000013
      vertex -3.5709681251931534e-15 -19.439445058386905 4.5
      vertex -3.6642005760923113 -18.42118026325912 4.5
    endloop
  endfacet
  facet normal 0 0 0
    outer loop
      vertex -3.698873903175121e-15 -20.135731683346968 3.0000000000000013
      vertex 3.795445775975379 -19.080994439783254 3.0000000000000013
      vertex 3.6642005760923055 -18.421180263259128 4.5
    endloop
  endfacet
  facet normal 0 0 0
    outer loop
      vertex -3.698873903175121e-15 -20.135731683346968 3.0000000000000013
      vertex 3.6642005760923055 -18.421180263259128 4.5
      vertex -3.5709681251931534e-15 -19.439445058386905 4.5
    endloop
  endfacet
  facet normal 0 0 0
    outer loop
      vertex 3.795445775975379 -19.080994439783254 3.0000000000000013
      vertex 7.184458484815371 -17.344817112347712 3.0000000000000013
      vertex 6.9360223996893975 -16.745039346253712 4.5
    endloop
  endfacet
  facet normal 0 0 0
    outer loop
      vertex 3.795445775975379 -19.080994439783254 3.0000000000000013
      vertex 6.9360223996893975 -16.745039346253712 4.5
      vertex 3.6642005760923055 -18.421180263259128 4.5
    endloop
  endfacet
  facet normal 0 0 0
    outer loop
      vertex 7.184458484815371 -17.344817112347712 3.0000000000000013
      vertex 10.80851511433551 -16.176086005971577 3.0000000000000013
      vertex 10.434760406627788 -15.616722556592844 4.5
    endloop
  endfacet
  facet normal 0 0 0
    outer loop
      vertex 7.184458484815371 -17.344817112347712 3.0000000000000013
      vertex 10.434760406627788 -15.616722556592844 4.5
      vertex 6.9360223996893975 -16.745039346253712 4.5
    endloop
  endfacet
  facet normal 0 0 0
    outer loop
      vertex 10.80851511433551 -16.176086005971577 3.0000000000000013
      vertex 14.238112417447454 -14.23811241744746 3.0000000000000013
      vertex 13.745763423288698 -13.745763423288706 4.5
    endloop
  endfacet
  facet normal 0 0 0
    outer loop
      vertex 10.80851511433551 -16.176086005971577 3.0000000000000013
      vertex 13.745763423288698 -13.745763423288706 4.5
      vertex 10.434760406627788 -15.616722556592844 4.5
    endloop
  endfacet
  facet normal 0 0 0
    outer loop
      vertex 14.238112417447454 -14.23811241744746 3.0000000000000013
      vertex 16.176086005971577 -10.808515114335519 3.0000000000000013
      vertex 15.616722556592842 -10.434760406627795 4.5
    endloop
  endfacet
  facet normal 0 0 0
    outer loop
      vertex 14.238112417447454 -14.23811241744746 3.0000000000000013
      vertex 15.616722556592842 -10.434760406627795 4.5
      vertex 13.745763423288698 -13.745763423288706 4.5
    endloop
  endfacet
  facet normal 0 0 0
    outer loop
      vertex 16.176086005971577 -10.808515114335519 3.0000000000000013
      vertex 17.344817112347712 -7.184458484815378 3.0000000000000013
      vertex 16.74503934625371 -6.936022399689405 4.5
    endloop
  endfacet
  facet normal 0 0 0
    outer loop
      vertex 16.176086005971577 -10.808515114335519 3.0000000000000013
      vertex 16.74503934625371 -6.936022399689405 4.5
      vertex 15.616722556592842 -10.434760406627795 4.5
    endloop
  endfacet
  facet normal 0 0 0
    outer loop
      vertex 17.344817112347712 -7.184458484815378 3.0000000000000013
      vertex 19.08099443978325 -3.7954457759753866 3.0000000000000013
      vertex 18.42118026325912 -3.6642005760923126 4.5
    endloop
  endfacet
  facet normal 0 0 0
    outer loop
      vertex 17.344817112347712 -7.184458484815378 3.0000000000000013
      vertex 18.42118026325912 -3.6642005760923126 4.5
      vertex 16.74503934625371 -6.936022399689405 4.5
    endloop
  endfacet
  facet normal 0 0 0
    outer loop
      vertex 19.08099443978325 -3.7954457759753866 3.0000000000000013
      vertex 20.135731683346968 0 3.0000000000000013
      vertex 19.439445058386905 0 4.5
    endloop
  endfacet
  facet normal 0 0 0
    outer loop
      vertex 19.08099443978325 -3.7954457759753866 3.0000000000000013
      vertex 19.439445058386905 0 4.5
      vertex 18.42118026325912 -3.6642005760923126 4.5
    endloop
  endfacet
  facet normal 0 0 0
    outer loop
      vertex 19.439445058386905 0 4.5
      vertex 18.421180263259128 3.664200576092304 4.5
      vertex 17.513300617405587 3.4836120864397717 5.999999999999998
    endloop
  endfacet
  facet normal 0 0 0
    outer loop
      vertex 19.439445058386905 0 4.5
      vertex 17.513300617405587 3.4836120864397717 5.999999999999998
      vertex 18.481380686670306 0 5.999999999999998
    endloop
  endfacet
  facet normal 0 0 0
    outer loop
      vertex 18.421180263259128 3.664200576092304 4.5
      vertex 16.745039346253712 6.936022399689393 4.5
      vertex 15.91976755724671 6.594183632038785 5.999999999999998
    endloop
  endfacet
  facet normal 0 0 0
    outer loop
      vertex 18.421180263259128 3.664200576092304 4.5
      vertex 15.91976755724671 6.594183632038785 5.999999999999998
      vertex 17.513300617405587 3.4836120864397717 5.999999999999998
    endloop
  endfacet
  facet normal 0 0 0
    outer loop
      vertex 16.745039346253712 6.936022399689393 4.5
      vertex 15.616722556592842 10.434760406627795 4.5
      vertex 14.847059356871021 9.92048789818106 5.999999999999998
    endloop
  endfacet
  facet normal 0 0 0
    outer loop
      vertex 16.745039346253712 6.936022399689393 4.5
      vertex 14.847059356871021 9.92048789818106 5.999999999999998
      vertex 15.91976755724671 6.594183632038785 5.999999999999998
    endloop
  endfacet
  facet normal 0 0 0
    outer loop
      vertex 15.616722556592842 10.434760406627795 4.5
      vertex 13.745763423288702 13.7457634232887 4.5
      vertex 13.068309609234667 13.068309609234664 5.999999999999998
    endloop
  endfacet
  facet normal 0 0 0
    outer loop
      vertex 15.616722556592842 10.434760406627795 4.5
      vertex 13.068309609234667 13.068309609234664 5.999999999999998
      vertex 14.847059356871021 9.92048789818106 5.999999999999998
    endloop
  endfacet
  facet normal 0 0 0
    outer loop
      vertex 13.745763423288702 13.7457634232887 4.5
      vertex 10.434760406627799 15.616722556592842 4.5
      vertex 9.920487898181063 14.847059356871021 5.999999999999998
    endloop
  endfacet
  facet normal 0 0 0
    outer loop
      vertex 13.745763423288702 13.7457634232887 4.5
      vertex 9.920487898181063 14.847059356871021 5.999999999999998
      vertex 13.068309609234667 13.068309609234664 5.999999999999998
    endloop
  endfacet
  facet normal 0 0 0
    outer loop
      vertex 10.434760406627799 15.616722556592842 4.5
      vertex 6.936022399689394 16.745039346253712 4.5
      vertex 6.594183632038786 15.91976755724671 5.999999999999998
    endloop
  endfacet
  facet normal 0 0 0
    outer loop
      vertex 10.434760406627799 15.616722556592842 4.5
      vertex 6.594183632038786 15.91976755724671 5.999999999999998
      vertex 9.920487898181063 14.847059356871021 5.999999999999998
    endloop
  endfacet
  facet normal 0 0 0
    outer loop
      vertex 6.936022399689394 16.745039346253712 4.5
      vertex 3.664200576092306 18.421180263259128 4.5
      vertex 3.483612086439773 17.513300617405587 5.999999999999998
    endloop
  endfacet
  facet normal 0 0 0
    outer loop
      vertex 6.936022399689394 16.745039346253712 4.5
      vertex 3.483612086439773 17.513300617405587 5.999999999999998
      vertex 6.594183632038786 15.91976755724671 5.999999999999998
    endloop
  endfacet
  facet normal 0 0 0
    outer loop
      vertex 3.664200576092306 18.421180263259128 4.5
      vertex 1.1903227083977179e-15 19.439445058386905 4.5
      vertex 1.1316581850877251e-15 18.481380686670306 5.999999999999998
    endloop
  endfacet
  facet normal 0 0 0
    outer loop
      vertex 3.664200576092306 18.421180263259128 4.5
      vertex 1.1316581850877251e-15 18.481380686670306 5.999999999999998
      vertex 3.483612086439773 17.513300617405587 5.999999999999998
    endloop
  endfacet
  facet normal 0 0 0
    outer loop
      vertex 1.1903227083977179e-15 19.439445058386905 4.5
      vertex -3.6642005760923033 18.421180263259128 4.5
      vertex -3.4836120864397704 17.513300617405587 5.999999999999998
    endloop
  endfacet
  facet normal 0 0 0
    outer loop
      vertex 1.1903227083977179e-15 19.439445058386905 4.5
      vertex -3.4836120864397704 17.513300617405587 5.999999999999998
      vertex 1.1316581850877251e-15 18.481380686670306 5.999999999999998
    endloop
  endfacet
  facet normal 0 0 0
    outer loop
      vertex -3.6642005760923033 18.421180263259128 4.5
      vertex -6.936022399689392 16.745039346253712 4.5
      vertex -6.594183632038784 15.91976755724671 5.999999999999998
    endloop
  endfacet
  facet normal 0 0 0
    outer loop
      vertex -3.6642005760923033 18.421180263259128 4.5
      vertex -6.594183632038784 15.91976755724671 5.999999999999998
      vertex -3.4836120864397704 17.513300617405587 5.999999999999998
    endloop
  endfacet
  facet normal 0 0 0
    outer loop
      vertex -6.936022399689392 16.745039346253712 4.5
      vertex -10.43476040662779 15.61672255659284 4.5
      vertex -9.920487898181054 14.847059356871021 5.999999999999998
    endloop
  endfacet
  facet normal 0 0 0
    outer loop
      vertex -6.936022399689392 16.745039346253712 4.5
      vertex -9.920487898181054 14.847059356871021 5.999999999999998
      vertex -6.594183632038784 15.91976755724671 5.999999999999998
    endloop
  endfacet
  facet normal 0 0 0
    outer loop
      vertex -10.43476040662779 15.61672255659284 4.5
      vertex -13.7457634232887 13.745763423288702 4.5
      vertex -13.068309609234664 13.068309609234667 5.999999999999998
    endloop
  endfacet
  facet normal 0 0 0
    outer loop
      vertex -10.43476040662779 15.61672255659284 4.5
      vertex -13.068309609234664 13.068309609234667 5.999999999999998
      vertex -9.920487898181054 14.847059356871021 5.999999999999998
    endloop
  endfacet
  facet normal 0 0 0
    outer loop
      vertex -13.7457634232887 13.745763423288702 4.5
      vertex -15.616722556592844 10.434760406627795 4.5
      vertex -14.847059356871023 9.92048789818106 5.999999999999998
    endloop
  endfacet
  facet normal 0 0 0
    outer loop
      vertex -13.7457634232887 13.745763423288702 4.5
      vertex -14.847059356871023 9.92048789818106 5.999999999999998
      vertex -13.068309609234664 13.068309609234667 5.999999999999998
    endloop
  endfacet
  facet normal 0 0 0
    outer loop
      vertex -15.616722556592844 10.434760406627795 4.5
      vertex -16.745039346253712 6.936022399689396 4.5
      vertex -15.91976755724671 6.594183632038787 5.999999999999998
    endloop
  endfacet
  facet normal 0 0 0
    outer loop
      vertex -15.616722556592844 10.434760406627795 4.5
      vertex -15.91976755724671 6.594183632038787 5.999999999999998
      vertex -14.847059356871023 9.92048789818106 5.999999999999998
    endloop
  endfacet
  facet normal 0 0 0
    outer loop
      vertex -16.745039346253712 6.936022399689396 4.5
      vertex -18.421180263259124 3.6642005760923104 4.5
      vertex -17.513300617405584 3.4836120864397775 5.999999999999998
    endloop
  endfacet
  facet normal 0 0 0
    outer loop
      vertex -16.745039346253712 6.936022399689396 4.5
      vertex -17.513300617405584 3.4836120864397775 5.999999999999998
      vertex -15.91976755724671 6.594183632038787 5.999999999999998
    endloop
  endfacet
  facet normal 0 0 0
    outer loop
      vertex -18.421180263259124 3.6642005760923104 4.5
      vertex -19.439445058386905 2.3806454167954358e-15 4.5
      vertex -18.481380686670306 2.2633163701754503e-15 5.999999999999998
    endloop
  endfacet
  facet normal 0 0 0
    outer loop
      vertex -18.421180263259124 3.6642005760923104 4.5
      vertex -18.481380686670306 2.2633163701754503e-15 5.999999999999998
      vertex -17.513300617405584 3.4836120864397775 5.999999999999998
    endloop
  endfacet
  facet normal 0 0 0
    outer loop
      vertex -19.439445058386905 2.3806454167954358e-15 4.5
      vertex -18.421180263259128 -3.6642005760923064 4.5
      vertex -17.513300617405587 -3.4836120864397735 5.999999999999998
    endloop
  endfacet
  facet normal 0 0 0
    outer loop
      vertex -19.439445058386905 2.3806454167954358e-15 4.5
      vertex -17.513300617405587 -3.4836120864397735 5.999999999999998
      vertex -18.481380686670306 2.2633163701754503e-15 5.999999999999998
    endloop
  endfacet
  facet normal 0 0 0
    outer loop
      vertex -18.421180263259128 -3.6642005760923064 4.5
      vertex -16.745039346253716 -6.93602239968939 4.5
      vertex -15.919767557246711 -6.594183632038782 5.999999999999998
    endloop
  endfacet
  facet normal 0 0 0
    outer loop
      vertex -18.421180263259128 -3.6642005760923064 4.5
      vertex -15.919767557246711 -6.594183632038782 5.999999999999998
      vertex -17.513300617405587 -3.4836120864397735 5.999999999999998
    endloop
  endfacet
  facet normal 0 0 0
    outer loop
      vertex -16.745039346253716 -6.93602239968939 4.5
      vertex -15.616722556592844 -10.43476040662779 4.5
      vertex -14.847059356871023 -9.920487898181054 5.999999999999998
    endloop
  endfacet
  facet normal 0 0 0
    outer loop
      vertex -16.745039346253716 -6.93602239968939 4.5
      vertex -14.847059356871023 -9.920487898181054 5.999999999999998
      vertex -15.919767557246711 -6.594183632038782 5.999999999999998
    endloop
  endfacet
  facet normal 0 0 0
    outer loop
      vertex -15.616722556592844 -10.43476040662779 4.5
      vertex -13.745763423288706 -13.7457634232887 4.5
      vertex -13.068309609234669 -13.068309609234664 5.999999999999998
    endloop
  endfacet
  facet normal 0 0 0
    outer loop
      vertex -15.616722556592844 -10.43476040662779 4.5
      vertex -13.068309609234669 -13.068309609234664 5.999999999999998
      vertex -14.847059356871023 -9.920487898181054 5.999999999999998
    endloop
  endfacet
  facet normal 0 0 0
    outer loop
      vertex -13.745763423288706 -13.7457634232887 4.5
      vertex -10.434760406627795 -15.616722556592842 4.5
      vertex -9.92048789818106 -14.847059356871021 5.999999999999998
    endloop
  endfacet
  facet normal 0 0 0
    outer loop
      vertex -13.745763423288706 -13.7457634232887 4.5
      vertex -9.92048789818106 -14.847059356871021 5.999999999999998
      vertex -13.068309609234669 -13.068309609234664 5.999999999999998
    endloop
  endfacet
  facet normal 0 0 0
    outer loop
      vertex -10.434760406627795 -15.616722556592842 4.5
      vertex -6.936022399689404 -16.74503934625371 4.5
      vertex -6.594183632038795 -15.919767557246706 5.999999999999998
    endloop
  endfacet
  facet normal 0 0 0
    outer loop
      vertex -10.434760406627795 -15.616722556592842 4.5
      vertex -6.594183632038795 -15.919767557246706 5.999999999999998
      vertex -9.92048789818106 -14.847059356871021 5.999999999999998
    endloop
  endfacet
  facet normal 0 0 0
    outer loop
      vertex -6.936022399689404 -16.74503934625371 4.5
      vertex -3.6642005760923113 -18.42118026325912 4.5
      vertex -3.4836120864397784 -17.513300617405584 5.999999999999998
    endloop
  endfacet
  facet normal 0 0 0
    outer loop
      vertex -6.936022399689404 -16.74503934625371 4.5
      vertex -3.4836120864397784 -17.513300617405584 5.999999999999998
      vertex -6.594183632038795 -15.919767557246706 5.999999999999998
    endloop
  endfacet
  facet normal 0 0 0
    outer loop
      vertex -3.6642005760923113 -18.42118026325912 4.5
      vertex -3.5709681251931534e-15 -19.439445058386905 4.5
      vertex -3.394974555263175e-15 -18.481380686670306 5.999999999999998
    endloop
  endfacet
  facet normal 0 0 0
    outer loop
      vertex -3.6642005760923113 -18.42118026325912 4.5
      vertex -3.394974555263175e-15 -18.481380686670306 5.999999999999998
      vertex -3.4836120864397784 -17.513300617405584 5.999999999999998
    endloop
  endfacet
  facet normal 0 0 0
    outer loop
      vertex -3.5709681251931534e-15 -19.439445058386905 4.5
      vertex 3.6642005760923055 -18.421180263259128 4.5
      vertex 3.4836120864397726 -17.513300617405587 5.999999999999998
    endloop
  endfacet
  facet normal 0 0 0
    outer loop
      vertex -3.5709681251931534e-15 -19.439445058386905 4.5
      vertex 3.4836120864397726 -17.513300617405587 5.999999999999998
      vertex -3.394974555263175e-15 -18.481380686670306 5.999999999999998
    endloop
  endfacet
  facet normal 0 0 0
    outer loop
      vertex 3.6642005760923055 -18.421180263259128 4.5
      vertex 6.9360223996893975 -16.745039346253712 4.5
      vertex 6.594183632038789 -15.919767557246708 5.999999999999998
    endloop
  endfacet
  facet normal 0 0 0
    outer loop
      vertex 3.6642005760923055 -18.421180263259128 4.5
      vertex 6.594183632038789 -15.919767557246708 5.999999999999998
      vertex 3.4836120864397726 -17.513300617405587 5.999999999999998
    endloop
  endfacet
  facet normal 0 0 0
    outer loop
      vertex 6.9360223996893975 -16.745039346253712 4.5
      vertex 10.434760406627788 -15.616722556592844 4.5
      vertex 9.920487898181053 -14.847059356871023 5.999999999999998
    endloop
  endfacet
  facet normal 0 0 0
    outer loop
      vertex 6.9360223996893975 -16.745039346253712 4.5
      vertex 9.920487898181053 -14.847059356871023 5.999999999999998
      vertex 6.594183632038789 -15.919767557246708 5.999999999999998
    endloop
  endfacet
  facet normal 0 0 0
    outer loop
      vertex 10.434760406627788 -15.616722556592844 4.5
      vertex 13.745763423288698 -13.745763423288706 4.5
      vertex 13.068309609234662 -13.068309609234669 5.999999999999998
    endloop
  endfacet
  facet normal 0 0 0
    outer loop
      vertex 10.434760406627788 -15.616722556592844 4.5
      vertex 13.068309609234662 -13.068309609234669 5.999999999999998
      vertex 9.920487898181053 -14.847059356871023 5.999999999999998
    endloop
  endfacet
  facet normal 0 0 0
    outer loop
      vertex 13.745763423288698 -13.745763423288706 4.5
      vertex 15.616722556592842 -10.434760406627795 4.5
      vertex 14.847059356871021 -9.92048789818106 5.999999999999998
    endloop
  endfacet
  facet normal 0 0 0
    outer loop
      vertex 13.745763423288698 -13.745763423288706 4.5
      vertex 14.847059356871021 -9.92048789818106 5.999999999999998
      vertex 13.068309609234662 -13.068309609234669 5.999999999999998
    endloop
  endfacet
  facet normal 0 0 0
    outer loop
      vertex 15.616722556592842 -10.434760406627795 4.5
      vertex 16.74503934625371 -6.936022399689405 4.5
      vertex 15.919767557246706 -6.594183632038796 5.999999999999998
    endloop
  endfacet
  facet normal 0 0 0
    outer loop
      vertex 15.616722556592842 -10.434760406627795 4.5
      vertex 15.919767557246706 -6.594183632038796 5.999999999999998
      vertex 14.847059356871021 -9.92048789818106 5.999999999999998
    endloop
  endfacet
  facet normal 0 0 0
    outer loop
      vertex 16.74503934625371 -6.936022399689405 4.5
      vertex 18.42118026325912 -3.6642005760923126 4.5
      vertex 17.513300617405584 -3.4836120864397793 5.999999999999998
    endloop
  endfacet
  facet normal 0 0 0
    outer loop
      vertex 16.74503934625371 -6.936022399689405 4.5
      vertex 17.513300617405584 -3.4836120864397793 5.999999999999998
      vertex 15.919767557246706 -6.594183632038796 5.999999999999998
    endloop
  endfacet
  facet normal 0 0 0
    outer loop
      vertex 18.42118026325912 -3.6642005760923126 4.5
      vertex 19.439445058386905 0 4.5
      vertex 18.481380686670306 0 5.999999999999998
    endloop
  endfacet
  facet normal 0 0 0
    outer loop
      vertex 18.42118026325912 -3.6642005760923126 4.5
      vertex 18.481380686670306 0 5.999999999999998
      vertex 17.513300617405584 -3.4836120864397793 5.999999999999998
    endloop
  endfacet
  facet normal 0 0 0
    outer loop
      vertex 18.481380686670306 0 5.999999999999998
      vertex 17.513300617405587 3.4836120864397717 5.999999999999998
      vertex 16.37288957467498 3.256770226144322 7.500000000000002
    endloop
  endfacet
  facet normal 0 0 0
    outer loop
      vertex 18.481380686670306 0 5.999999999999998
      vertex 16.37288957467498 3.256770226144322 7.500000000000002
      vertex 17.277931315222855 0 7.500000000000002
    endloop
  endfacet
  facet normal 0 0 0
    outer loop
      vertex 17.513300617405587 3.4836120864397717 5.999999999999998
      vertex 15.91976755724671 6.594183632038785 5.999999999999998
      vertex 14.883122374445174 6.164791137953653 7.500000000000002
    endloop
  endfacet
  facet normal 0 0 0
    outer loop
      vertex 17.513300617405587 3.4836120864397717 5.999999999999998
      vertex 14.883122374445174 6.164791137953653 7.500000000000002
      vertex 16.37288957467498 3.256770226144322 7.500000000000002
    endloop
  endfacet
  facet normal 0 0 0
    outer loop
      vertex 15.91976755724671 6.594183632038785 5.999999999999998
      vertex 14.847059356871021 9.92048789818106 5.999999999999998
      vertex 13.880265557544302 9.274496934198108 7.500000000000002
    endloop
  endfacet
  facet normal 0 0 0
    outer loop
      vertex 15.91976755724671 6.594183632038785 5.999999999999998
      vertex 13.880265557544302 9.274496934198108 7.500000000000002
      vertex 14.883122374445174 6.164791137953653 7.500000000000002
    endloop
  endfacet
  facet normal 0 0 0
    outer loop
      vertex 14.847059356871021 9.92048789818106 5.999999999999998
      vertex 13.068309609234667 13.068309609234664 5.999999999999998
      vertex 12.217342397869485 12.217342397869484 7.500000000000002
    endloop
  endfacet
  facet normal 0 0 0
    outer loop
      vertex 14.847059356871021 9.92048789818106 5.999999999999998
      vertex 12.217342397869485 12.217342397869484 7.500000000000002
      vertex 13.880265557544302 9.274496934198108 7.500000000000002
    endloop
  endfacet
  facet normal 0 0 0
    outer loop
      vertex 13.068309609234667 13.068309609234664 5.999999999999998
      vertex 9.920487898181063 14.847059356871021 5.999999999999998
      vertex 9.27449693419811 13.880265557544302 7.500000000000002
    endloop
  endfacet
  facet normal 0 0 0
    outer loop
      vertex 13.068309609234667 13.068309609234664 5.999999999999998
      vertex 9.27449693419811 13.880265557544302 7.500000000000002
      vertex 12.217342397869485 12.217342397869484 7.500000000000002
    endloop
  endfacet
  facet normal 0 0 0
    outer loop
      vertex 9.920487898181063 14.847059356871021 5.999999999999998
      vertex 6.594183632038786 15.91976755724671 5.999999999999998
      vertex 6.164791137953654 14.883122374445174 7.500000000000002
    endloop
  endfacet
  facet normal 0 0 0
    outer loop
      vertex 9.920487898181063 14.847059356871021 5.999999999999998
      vertex 6.164791137953654 14.883122374445174 7.500000000000002
      vertex 9.27449693419811 13.880265557544302 7.500000000000002
    endloop
  endfacet
  facet normal 0 0 0
    outer loop
      vertex 6.594183632038786 15.91976755724671 5.999999999999998
      vertex 3.483612086439773 17.513300617405587 5.999999999999998
      vertex 3.256770226144323 16.37288957467498 7.500000000000002
    endloop
  endfacet
  facet normal 0 0 0
    outer loop
      vertex 6.594183632038786 15.91976755724671 5.999999999999998
      vertex 3.256770226144323 16.37288957467498 7.500000000000002
      vertex 6.164791137953654 14.883122374445174 7.500000000000002
    endloop
  endfacet
  facet normal 0 0 0
    outer loop
      vertex 3.483612086439773 17.513300617405587 5.999999999999998
      vertex 1.1316581850877251e-15 18.481380686670306 5.999999999999998
      vertex 1.0579681640537744e-15 17.277931315222855 7.500000000000002
    endloop
  endfacet
  facet normal 0 0 0
    outer loop
      vertex 3.483612086439773 17.513300617405587 5.999999999999998
      vertex 1.0579681640537744e-15 17.277931315222855 7.500000000000002
      vertex 3.256770226144323 16.37288957467498 7.500000000000002
    endloop
  endfacet
  facet normal 0 0 0
    outer loop
      vertex 1.1316581850877251e-15 18.481380686670306 5.999999999999998
      vertex -3.4836120864397704 17.513300617405587 5.999999999999998
      vertex -3.2567702261443205 16.37288957467498 7.500000000000002
    endloop
  endfacet
  facet normal 0 0 0
    outer loop
      vertex 1.1316581850877251e-15 18.481380686670306 5.999999999999998
      vertex -3.2567702261443205 16.37288957467498 7.500000000000002
      vertex 1.0579681640537744e-15 17.277931315222855 7.500000000000002
    endloop
  endfacet
  facet normal 0 0 0
    outer loop
      vertex -3.4836120864397704 17.513300617405587 5.999999999999998
      vertex -6.594183632038784 15.91976755724671 5.999999999999998
      vertex -6.164791137953651 14.883122374445174 7.500000000000002
    endloop
  endfacet
  facet normal 0 0 0
    outer loop
      vertex -3.4836120864397704 17.513300617405587 5.999999999999998
      vertex -6.164791137953651 14.883122374445174 7.500000000000002
      vertex -3.2567702261443205 16.37288957467498 7.500000000000002
    endloop
  endfacet
  facet normal 0 0 0
    outer loop
      vertex -6.594183632038784 15.91976755724671 5.999999999999998
      vertex -9.920487898181054 14.847059356871021 5.999999999999998
      vertex -9.274496934198103 13.8802655575443 7.500000000000002
    endloop
  endfacet
  facet normal 0 0 0
    outer loop
      vertex -6.594183632038784 15.91976755724671 5.999999999999998
      vertex -9.274496934198103 13.8802655575443 7.500000000000002
      vertex -6.164791137953651 14.883122374445174 7.500000000000002
    endloop
  endfacet
  facet normal 0 0 0
    outer loop
      vertex -9.920487898181054 14.847059356871021 5.999999999999998
      vertex -13.068309609234664 13.068309609234667 5.999999999999998
      vertex -12.217342397869484 12.217342397869485 7.500000000000002
    endloop
  endfacet
  facet normal 0 0 0
    outer loop
      vertex -9.920487898181054 14.847059356871021 5.999999999999998
      vertex -12.217342397869484 12.217342397869485 7.500000000000002
      vertex -9.274496934198103 13.8802655575443 7.500000000000002
    endloop
  endfacet
  facet normal 0 0 0
    outer loop
      vertex -13.068309609234664 13.068309609234667 5.999999999999998
      vertex -14.847059356871023 9.92048789818106 5.999999999999998
      vertex -13.880265557544304 9.274496934198108 7.500000000000002
    endloop
  endfacet
  facet normal 0 0 0
    outer loop
      vertex -13.068309609234664 13.068309609234667 5.999999999999998
      vertex -13.880265557544304 9.274496934198108 7.500000000000002
      vertex -12.217342397869484 12.217342397869485 7.500000000000002
    endloop
  endfacet
  facet normal 0 0 0
    outer loop
      vertex -14.847059356871023 9.92048789818106 5.999999999999998
      vertex -15.91976755724671 6.594183632038787 5.999999999999998
      vertex -14.883122374445174 6.164791137953655 7.500000000000002
    endloop
  endfacet
  facet normal 0 0 0
    outer loop
      vertex -14.847059356871023 9.92048789818106 5.999999999999998
      vertex -14.883122374445174 6.164791137953655 7.500000000000002
      vertex -13.880265557544304 9.274496934198108 7.500000000000002
    endloop
  endfacet
  facet normal 0 0 0
    outer loop
      vertex -15.91976755724671 6.594183632038787 5.999999999999998
      vertex -17.513300617405584 3.4836120864397775 5.999999999999998
      vertex -16.372889574674975 3.256770226144327 7.500000000000002
    endloop
  endfacet
  facet normal 0 0 0
    outer loop
      vertex -15.91976755724671 6.594183632038787 5.999999999999998
      vertex -16.372889574674975 3.256770226144327 7.500000000000002
      vertex -14.883122374445174 6.164791137953655 7.500000000000002
    endloop
  endfacet
  facet normal 0 0 0
    outer loop
      vertex -17.513300617405584 3.4836120864397775 5.999999999999998
      vertex -18.481380686670306 2.2633163701754503e-15 5.999999999999998
      vertex -17.277931315222855 2.115936328107549e-15 7.500000000000002
    endloop
  endfacet
  facet normal 0 0 0
    outer loop
      vertex -17.513300617405584 3.4836120864397775 5.999999999999998
      vertex -17.277931315222855 2.115936328107549e-15 7.500000000000002
      vertex -16.372889574674975 3.256770226144327 7.500000000000002
    endloop
  endfacet
  facet normal 0 0 0
    outer loop
      vertex -18.481380686670306 2.2633163701754503e-15 5.999999999999998
      vertex -17.513300617405587 -3.4836120864397735 5.999999999999998
      vertex -16.37288957467498 -3.2567702261443237 7.500000000000002
    endloop
  endfacet
  facet normal 0 0 0
    outer loop
      vertex -18.481380686670306 2.2633163701754503e-15 5.999999999999998
      vertex -16.37288957467498 -3.2567702261443237 7.500000000000002
      vertex -17.277931315222855 2.115936328107549e-15 7.500000000000002
    endloop
  endfacet
  facet normal 0 0 0
    outer loop
      vertex -17.513300617405587 -3.4836120864397735 5.999999999999998
      vertex -15.919767557246711 -6.594183632038782 5.999999999999998
      vertex -14.883122374445175 -6.1647911379536495 7.500000000000002
    endloop
  endfacet
  facet normal 0 0 0
    outer loop
      vertex -17.513300617405587 -3.4836120864397735 5.999999999999998
      vertex -14.883122374445175 -6.1647911379536495 7.500000000000002
      vertex -16.37288957467498 -3.2567702261443237 7.500000000000002
    endloop
  endfacet
  facet normal 0 0 0
    outer loop
      vertex -15.919767557246711 -6.594183632038782 5.999999999999998
      vertex -14.847059356871023 -9.920487898181054 5.999999999999998
      vertex -13.880265557544302 -9.274496934198103 7.500000000000002
    endloop
  endfacet
  facet normal 0 0 0
    outer loop
      vertex -15.919767557246711 -6.594183632038782 5.999999999999998
      vertex -13.880265557544302 -9.274496934198103 7.500000000000002
      vertex -14.883122374445175 -6.1647911379536495 7.500000000000002
    endloop
  endfacet
  facet normal 0 0 0
    outer loop
      vertex -14.847059356871023 -9.920487898181054 5.999999999999998
      vertex -13.068309609234669 -13.068309609234664 5.999999999999998
      vertex -12.217342397869487 -12.217342397869484 7.500000000000002
    endloop
  endfacet
  facet normal 0 0 0
    outer loop
      vertex -14.847059356871023 -9.920487898181054 5.999999999999998
      vertex -12.217342397869487 -12.217342397869484 7.500000000000002
      vertex -13.880265557544302 -9.274496934198103 7.500000000000002
    endloop
  endfacet
  facet normal 0 0 0
    outer loop
      vertex -13.068309609234669 -13.068309609234664 5.999999999999998
      vertex -9.92048789818106 -14.847059356871021 5.999999999999998
      vertex -9.274496934198108 -13.880265557544302 7.500000000000002
    endloop
  endfacet
  facet normal 0 0 0
    outer loop
      vertex -13.068309609234669 -13.068309609234664 5.999999999999998
      vertex -9.274496934198108 -13.880265557544302 7.500000000000002
      vertex -12.217342397869487 -12.217342397869484 7.500000000000002
    endloop
  endfacet
  facet normal 0 0 0
    outer loop
      vertex -9.92048789818106 -14.847059356871021 5.999999999999998
      vertex -6.594183632038795 -15.919767557246706 5.999999999999998
      vertex -6.164791137953662 -14.88312237444517 7.500000000000002
    endloop
  endfacet
  facet normal 0 0 0
    outer loop
      vertex -9.92048789818106 -14.847059356871021 5.999999999999998
      vertex -6.164791137953662 -14.88312237444517 7.500000000000002
      vertex -9.274496934198108 -13.880265557544302 7.500000000000002
    endloop
  endfacet
  facet normal 0 0 0
    outer loop
      vertex -6.594183632038795 -15.919767557246706 5.999999999999998
      vertex -3.4836120864397784 -17.513300617405584 5.999999999999998
      vertex -3.256770226144328 -16.372889574674975 7.500000000000002
    endloop
  endfacet
  facet normal 0 0 0
    outer loop
      vertex -6.594183632038795 -15.919767557246706 5.999999999999998
      vertex -3.256770226144328 -16.372889574674975 7.500000000000002
      vertex -6.164791137953662 -14.88312237444517 7.500000000000002
    endloop
  endfacet
  facet normal 0 0 0
    outer loop
      vertex -3.4836120864397784 -17.513300617405584 5.999999999999998
      vertex -3.394974555263175e-15 -18.481380686670306 5.999999999999998
      vertex -3.173904492161323e-15 -17.277931315222855 7.500000000000002
    endloop
  endfacet
  facet normal 0 0 0
    outer loop
      vertex -3.4836120864397784 -17.513300617405584 5.999999999999998
      vertex -3.173904492161323e-15 -17.277931315222855 7.500000000000002
      vertex -3.256770226144328 -16.372889574674975 7.500000000000002
    endloop
  endfacet
  facet normal 0 0 0
    outer loop
      vertex -3.394974555263175e-15 -18.481380686670306 5.999999999999998
      vertex 3.4836120864397726 -17.513300617405587 5.999999999999998
      vertex 3.2567702261443228 -16.37288957467498 7.500000000000002
    endloop
  endfacet
  facet normal 0 0 0
    outer loop
      vertex -3.394974555263175e-15 -18.481380686670306 5.999999999999998
      vertex 3.2567702261443228 -16.37288957467498 7.500000000000002
      vertex -3.173904492161323e-15 -17.277931315222855 7.500000000000002
    endloop
  endfacet
  facet normal 0 0 0
    outer loop
      vertex 3.4836120864397726 -17.513300617405587 5.999999999999998
      vertex 6.594183632038789 -15.919767557246708 5.999999999999998
      vertex 6.164791137953657 -14.883122374445172 7.500000000000002
    endloop
  endfacet
  facet normal 0 0 0
    outer loop
      vertex 3.4836120864397726 -17.513300617405587 5.999999999999998
      vertex 6.164791137953657 -14.883122374445172 7.500000000000002
      vertex 3.2567702261443228 -16.37288957467498 7.500000000000002
    endloop
  endfacet
  facet normal 0 0 0
    outer loop
      vertex 6.594183632038789 -15.919767557246708 5.999999999999998
      vertex 9.920487898181053 -14.847059356871023 5.999999999999998
      vertex 9.274496934198101 -13.880265557544302 7.500000000000002
    endloop
  endfacet
  facet normal 0 0 0
    outer loop
      vertex 6.594183632038789 -15.919767557246708 5.999999999999998
      vertex 9.274496934198101 -13.880265557544302 7.500000000000002
      vertex 6.164791137953657 -14.883122374445172 7.500000000000002
    endloop
  endfacet
  facet normal 0 0 0
    outer loop
      vertex 9.920487898181053 -14.847059356871023 5.999999999999998
      vertex 13.068309609234662 -13.068309609234669 5.999999999999998
      vertex 12.217342397869482 -12.217342397869487 7.500000000000002
    endloop
  endfacet
  facet normal 0 0 0
    outer loop
      vertex 9.920487898181053 -14.847059356871023 5.999999999999998
      vertex 12.217342397869482 -12.217342397869487 7.500000000000002
      vertex 9.274496934198101 -13.880265557544302 7.500000000000002
    endloop
  endfacet
  facet normal 0 0 0
    outer loop
      vertex 13.068309609234662 -13.068309609234669 5.999999999999998
      vertex 14.847059356871021 -9.92048789818106 5.999999999999998
      vertex 13.880265557544302 -9.274496934198108 7.500000000000002
    endloop
  endfacet
  facet normal 0 0 0
    outer loop
      vertex 13.068309609234662 -13.068309609234669 5.999999999999998
      vertex 13.880265557544302 -9.274496934198108 7.500000000000002
      vertex 12.217342397869482 -12.217342397869487 7.500000000000002
    endloop
  endfacet
  facet normal 0 0 0
    outer loop
      vertex 14.847059356871021 -9.92048789818106 5.999999999999998
      vertex 15.919767557246706 -6.594183632038796 5.999999999999998
      vertex 14.88312237444517 -6.164791137953663 7.500000000000002
    endloop
  endfacet
  facet normal 0 0 0
    outer loop
      vertex 14.847059356871021 -9.92048789818106 5.999999999999998
      vertex 14.88312237444517 -6.164791137953663 7.500000000000002
      vertex 13.880265557544302 -9.274496934198108 7.500000000000002
    endloop
  endfacet
  facet normal 0 0 0
    outer loop
      vertex 15.919767557246706 -6.594183632038796 5.999999999999998
      vertex 17.513300617405584 -3.4836120864397793 5.999999999999998
      vertex 16.372889574674975 -3.256770226144329 7.500000000000002
    endloop
  endfacet
  facet normal 0 0 0
    outer loop
      vertex 15.919767557246706 -6.594183632038796 5.999999999999998
      vertex 16.372889574674975 -3.256770226144329 7.500000000000002
      vertex 14.88312237444517 -6.164791137953663 7.500000000000002
    endloop
  endfacet
  facet normal 0 0 0
    outer loop
      vertex 17.513300617405584 -3.4836120864397793 5.999999999999998
      vertex 18.481380686670306 0 5.999999999999998
      vertex 17.277931315222855 0 7.500000000000002
    endloop
  endfacet
  facet normal 0 0 0
    outer loop
      vertex 17.513300617405584 -3.4836120864397793 5.999999999999998
      vertex 17.277931315222855 0 7.500000000000002
      vertex 16.372889574674975 -3.256770226144329 7.500000000000002
    endloop
  endfacet
  facet normal 0 0 0
    outer loop
      vertex 17.277931315222855 0 7.500000000000002
      vertex 16.37288957467498 3.256770226144322 7.500000000000002
      vertex 15.019459884190102 2.9875563223280572 9
    endloop
  endfacet
  facet normal 0 0 0
    outer loop
      vertex 17.277931315222855 0 7.500000000000002
      vertex 15.019459884190102 2.9875563223280572 9
      vertex 15.849688296449226 0 9
    endloop
  endfacet
  facet normal 0 0 0
    outer loop
      vertex 16.37288957467498 3.256770226144322 7.500000000000002
      vertex 14.883122374445174 6.164791137953653 7.500000000000002
      vertex 13.652841084339194 5.655191942057887 9
    endloop
  endfacet
  facet normal 0 0 0
    outer loop
      vertex 16.37288957467498 3.256770226144322 7.500000000000002
      vertex 13.652841084339194 5.655191942057887 9
      vertex 15.019459884190102 2.9875563223280572 9
    endloop
  endfacet
  facet normal 0 0 0
    outer loop
      vertex 14.883122374445174 6.164791137953653 7.500000000000002
      vertex 13.880265557544302 9.274496934198108 7.500000000000002
      vertex 12.732883268565052 8.507840599175227 9
    endloop
  endfacet
  facet normal 0 0 0
    outer loop
      vertex 14.883122374445174 6.164791137953653 7.500000000000002
      vertex 12.732883268565052 8.507840599175227 9
      vertex 13.652841084339194 5.655191942057887 9
    endloop
  endfacet
  facet normal 0 0 0
    outer loop
      vertex 13.880265557544302 9.274496934198108 7.500000000000002
      vertex 12.217342397869485 12.217342397869484 7.500000000000002
      vertex 11.207422074112307 11.207422074112305 9
    endloop
  endfacet
  facet normal 0 0 0
    outer loop
      vertex 13.880265557544302 9.274496934198108 7.500000000000002
      vertex 11.207422074112307 11.207422074112305 9
      vertex 12.732883268565052 8.507840599175227 9
    endloop
  endfacet
  facet normal 0 0 0
    outer loop
      vertex 12.217342397869485 12.217342397869484 7.500000000000002
      vertex 9.27449693419811 13.880265557544302 7.500000000000002
      vertex 8.507840599175228 12.732883268565052 9
    endloop
  endfacet
  facet normal 0 0 0
    outer loop
      vertex 12.217342397869485 12.217342397869484 7.500000000000002
      vertex 8.507840599175228 12.732883268565052 9
      vertex 11.207422074112307 11.207422074112305 9
    endloop
  endfacet
  facet normal 0 0 0
    outer loop
      vertex 9.27449693419811 13.880265557544302 7.500000000000002
      vertex 6.164791137953654 14.883122374445174 7.500000000000002
      vertex 5.655191942057888 13.652841084339194 9
    endloop
  endfacet
  facet normal 0 0 0
    outer loop
      vertex 9.27449693419811 13.880265557544302 7.500000000000002
      vertex 5.655191942057888 13.652841084339194 9
      vertex 8.507840599175228 12.732883268565052 9
    endloop
  endfacet
  facet normal 0 0 0
    outer loop
      vertex 6.164791137953654 14.883122374445174 7.500000000000002
      vertex 3.256770226144323 16.37288957467498 7.500000000000002
      vertex 2.987556322328058 15.019459884190102 9
    endloop
  endfacet
  facet normal 0 0 0
    outer loop
      vertex 6.164791137953654 14.883122374445174 7.500000000000002
      vertex 2.987556322328058 15.019459884190102 9
      vertex 5.655191942057888 13.652841084339194 9
    endloop
  endfacet
  facet normal 0 0 0
    outer loop
      vertex 3.256770226144323 16.37288957467498 7.500000000000002
      vertex 1.0579681640537744e-15 17.277931315222855 7.500000000000002
      vertex 9.705135019864906e-16 15.849688296449226 9
    endloop
  endfacet
  facet normal 0 0 0
    outer loop
      vertex 3.256770226144323 16.37288957467498 7.500000000000002
      vertex 9.705135019864906e-16 15.849688296449226 9
      vertex 2.987556322328058 15.019459884190102 9
    endloop
  endfacet
  facet normal 0 0 0
    outer loop
      vertex 1.0579681640537744e-15 17.277931315222855 7.500000000000002
      vertex -3.2567702261443205 16.37288957467498 7.500000000000002
      vertex -2.9875563223280563 15.019459884190102 9
    endloop
  endfacet
  facet normal 0 0 0
    outer loop
      vertex 1.0579681640537744e-15 17.277931315222855 7.500000000000002
      vertex -2.9875563223280563 15.019459884190102 9
      vertex 9.705135019864906e-16 15.849688296449226 9
    endloop
  endfacet
  facet normal 0 0 0
    outer loop
      vertex -3.2567702261443205 16.37288957467498 7.500000000000002
      vertex -6.164791137953651 14.883122374445174 7.500000000000002
      vertex -5.655191942057887 13.652841084339194 9
    endloop
  endfacet
  facet normal 0 0 0
    outer loop
      vertex -3.2567702261443205 16.37288957467498 7.500000000000002
      vertex -5.655191942057887 13.652841084339194 9
      vertex -2.9875563223280563 15.019459884190102 9
    endloop
  endfacet
  facet normal 0 0 0
    outer loop
      vertex -6.164791137953651 14.883122374445174 7.500000000000002
      vertex -9.274496934198103 13.8802655575443 7.500000000000002
      vertex -8.507840599175221 12.732883268565052 9
    endloop
  endfacet
  facet normal 0 0 0
    outer loop
      vertex -6.164791137953651 14.883122374445174 7.500000000000002
      vertex -8.507840599175221 12.732883268565052 9
      vertex -5.655191942057887 13.652841084339194 9
    endloop
  endfacet
  facet normal 0 0 0
    outer loop
      vertex -9.274496934198103 13.8802655575443 7.500000000000002
      vertex -12.217342397869484 12.217342397869485 7.500000000000002
      vertex -11.207422074112305 11.207422074112307 9
    endloop
  endfacet
  facet normal 0 0 0
    outer loop
      vertex -9.274496934198103 13.8802655575443 7.500000000000002
      vertex -11.207422074112305 11.207422074112307 9
      vertex -8.507840599175221 12.732883268565052 9
    endloop
  endfacet
  facet normal 0 0 0
    outer loop
      vertex -12.217342397869484 12.217342397869485 7.500000000000002
      vertex -13.880265557544304 9.274496934198108 7.500000000000002
      vertex -12.732883268565052 8.507840599175227 9
    endloop
  endfacet
  facet normal 0 0 0
    outer loop
      vertex -12.217342397869484 12.217342397869485 7.500000000000002
      vertex -12.732883268565052 8.507840599175227 9
      vertex -11.207422074112305 11.207422074112307 9
    endloop
  endfacet
  facet normal 0 0 0
    outer loop
      vertex -13.880265557544304 9.274496934198108 7.500000000000002
      vertex -14.883122374445174 6.164791137953655 7.500000000000002
      vertex -13.652841084339194 5.655191942057889 9
    endloop
  endfacet
  facet normal 0 0 0
    outer loop
      vertex -13.880265557544304 9.274496934198108 7.500000000000002
      vertex -13.652841084339194 5.655191942057889 9
      vertex -12.732883268565052 8.507840599175227 9
    endloop
  endfacet
  facet normal 0 0 0
    outer loop
      vertex -14.883122374445174 6.164791137953655 7.500000000000002
      vertex -16.372889574674975 3.256770226144327 7.500000000000002
      vertex -15.0194598841901 2.987556322328062 9
    endloop
  endfacet
  facet normal 0 0 0
    outer loop
      vertex -14.883122374445174 6.164791137953655 7.500000000000002
      vertex -15.0194598841901 2.987556322328062 9
      vertex -13.652841084339194 5.655191942057889 9
    endloop
  endfacet
  facet normal 0 0 0
    outer loop
      vertex -16.372889574674975 3.256770226144327 7.500000000000002
      vertex -17.277931315222855 2.115936328107549e-15 7.500000000000002
      vertex -15.849688296449226 1.9410270039729813e-15 9
    endloop
  endfacet
  facet normal 0 0 0
    outer loop
      vertex -16.372889574674975 3.256770226144327 7.500000000000002
      vertex -15.849688296449226 1.9410270039729813e-15 9
      vertex -15.0194598841901 2.987556322328062 9
    endloop
  endfacet
  facet normal 0 0 0
    outer loop
      vertex -17.277931315222855 2.115936328107549e-15 7.500000000000002
      vertex -16.37288957467498 -3.2567702261443237 7.500000000000002
      vertex -15.019459884190102 -2.9875563223280586 9
    endloop
  endfacet
  facet normal 0 0 0
    outer loop
      vertex -17.277931315222855 2.115936328107549e-15 7.500000000000002
      vertex -15.019459884190102 -2.9875563223280586 9
      vertex -15.849688296449226 1.9410270039729813e-15 9
    endloop
  endfacet
  facet normal 0 0 0
    outer loop
      vertex -16.37288957467498 -3.2567702261443237 7.500000000000002
      vertex -14.883122374445175 -6.1647911379536495 7.500000000000002
      vertex -13.652841084339196 -5.655191942057885 9
    endloop
  endfacet
  facet normal 0 0 0
    outer loop
      vertex -16.37288957467498 -3.2567702261443237 7.500000000000002
      vertex -13.652841084339196 -5.655191942057885 9
      vertex -15.019459884190102 -2.9875563223280586 9
    endloop
  endfacet
  facet normal 0 0 0
    outer loop
      vertex -14.883122374445175 -6.1647911379536495 7.500000000000002
      vertex -13.880265557544302 -9.274496934198103 7.500000000000002
      vertex -12.732883268565054 -8.507840599175221 9
    endloop
  endfacet
  facet normal 0 0 0
    outer loop
      vertex -14.883122374445175 -6.1647911379536495 7.500000000000002
      vertex -12.732883268565054 -8.507840599175221 9
      vertex -13.652841084339196 -5.655191942057885 9
    endloop
  endfacet
  facet normal 0 0 0
    outer loop
      vertex -13.880265557544302 -9.274496934198103 7.500000000000002
      vertex -12.217342397869487 -12.217342397869484 7.500000000000002
      vertex -11.207422074112309 -11.207422074112305 9
    endloop
  endfacet
  facet normal 0 0 0
    outer loop
      vertex -13.880265557544302 -9.274496934198103 7.500000000000002
      vertex -11.207422074112309 -11.207422074112305 9
      vertex -12.732883268565054 -8.507840599175221 9
    endloop
  endfacet
  facet normal 0 0 0
    outer loop
      vertex -12.217342397869487 -12.217342397869484 7.500000000000002
      vertex -9.274496934198108 -13.880265557544302 7.500000000000002
      vertex -8.507840599175227 -12.732883268565052 9
    endloop
  endfacet
  facet normal 0 0 0
    outer loop
      vertex -12.217342397869487 -12.217342397869484 7.500000000000002
      vertex -8.507840599175227 -12.732883268565052 9
      vertex -11.207422074112309 -11.207422074112305 9
    endloop
  endfacet
  facet normal 0 0 0
    outer loop
      vertex -9.274496934198108 -13.880265557544302 7.500000000000002
      vertex -6.164791137953662 -14.88312237444517 7.500000000000002
      vertex -5.655191942057896 -13.65284108433919 9
    endloop
  endfacet
  facet normal 0 0 0
    outer loop
      vertex -9.274496934198108 -13.880265557544302 7.500000000000002
      vertex -5.655191942057896 -13.65284108433919 9
      vertex -8.507840599175227 -12.732883268565052 9
    endloop
  endfacet
  facet normal 0 0 0
    outer loop
      vertex -6.164791137953662 -14.88312237444517 7.500000000000002
      vertex -3.256770226144328 -16.372889574674975 7.500000000000002
      vertex -2.987556322328063 -15.019459884190098 9
    endloop
  endfacet
  facet normal 0 0 0
    outer loop
      vertex -6.164791137953662 -14.88312237444517 7.500000000000002
      vertex -2.987556322328063 -15.019459884190098 9
      vertex -5.655191942057896 -13.65284108433919 9
    endloop
  endfacet
  facet normal 0 0 0
    outer loop
      vertex -3.256770226144328 -16.372889574674975 7.500000000000002
      vertex -3.173904492161323e-15 -17.277931315222855 7.500000000000002
      vertex -2.9115405059594713e-15 -15.849688296449226 9
    endloop
  endfacet
  facet normal 0 0 0
    outer loop
      vertex -3.256770226144328 -16.372889574674975 7.500000000000002
      vertex -2.9115405059594713e-15 -15.849688296449226 9
      vertex -2.987556322328063 -15.019459884190098 9
    endloop
  endfacet
  facet normal 0 0 0
    outer loop
      vertex -3.173904492161323e-15 -17.277931315222855 7.500000000000002
      vertex 3.2567702261443228 -16.37288957467498 7.500000000000002
      vertex 2.9875563223280577 -15.019459884190102 9
    endloop
  endfacet
  facet normal 0 0 0
    outer loop
      vertex -3.173904492161323e-15 -17.277931315222855 7.500000000000002
      vertex 2.9875563223280577 -15.019459884190102 9
      vertex -2.9115405059594713e-15 -15.849688296449226 9
    endloop
  endfacet
  facet normal 0 0 0
    outer loop
      vertex 3.2567702261443228 -16.37288957467498 7.500000000000002
      vertex 6.164791137953657 -14.883122374445172 7.500000000000002
      vertex 5.655191942057891 -13.652841084339192 9
    endloop
  endfacet
  facet normal 0 0 0
    outer loop
      vertex 3.2567702261443228 -16.37288957467498 7.500000000000002
      vertex 5.655191942057891 -13.652841084339192 9
      vertex 2.9875563223280577 -15.019459884190102 9
    endloop
  endfacet
  facet normal 0 0 0
    outer loop
      vertex 6.164791137953657 -14.883122374445172 7.500000000000002
      vertex 9.274496934198101 -13.880265557544302 7.500000000000002
      vertex 8.50784059917522 -12.732883268565054 9
    endloop
  endfacet
  facet normal 0 0 0
    outer loop
      vertex 6.164791137953657 -14.883122374445172 7.500000000000002
      vertex 8.50784059917522 -12.732883268565054 9
      vertex 5.655191942057891 -13.652841084339192 9
    endloop
  endfacet
  facet normal 0 0 0
    outer loop
      vertex 9.274496934198101 -13.880265557544302 7.500000000000002
      vertex 12.217342397869482 -12.217342397869487 7.500000000000002
      vertex 11.207422074112303 -11.207422074112309 9
    endloop
  endfacet
  facet normal 0 0 0
    outer loop
      vertex 9.274496934198101 -13.880265557544302 7.500000000000002
      vertex 11.207422074112303 -11.207422074112309 9
      vertex 8.50784059917522 -12.732883268565054 9
    endloop
  endfacet
  facet normal 0 0 0
    outer loop
      vertex 12.217342397869482 -12.217342397869487 7.500000000000002
      vertex 13.880265557544302 -9.274496934198108 7.500000000000002
      vertex 12.732883268565052 -8.507840599175227 9
    endloop
  endfacet
  facet normal 0 0 0
    outer loop
      vertex 12.217342397869482 -12.217342397869487 7.500000000000002
      vertex 12.732883268565052 -8.507840599175227 9
      vertex 11.207422074112303 -11.207422074112309 9
    endloop
  endfacet
  facet normal 0 0 0
    outer loop
      vertex 13.880265557544302 -9.274496934198108 7.500000000000002
      vertex 14.88312237444517 -6.164791137953663 7.500000000000002
      vertex 13.65284108433919 -5.655191942057897 9
    endloop
  endfacet
  facet normal 0 0 0
    outer loop
      vertex 13.880265557544302 -9.274496934198108 7.500000000000002
      vertex 13.65284108433919 -5.655191942057897 9
      vertex 12.732883268565052 -8.507840599175227 9
    endloop
  endfacet
  facet normal 0 0 0
    outer loop
      vertex 14.88312237444517 -6.164791137953663 7.500000000000002
      vertex 16.372889574674975 -3.256770226144329 7.500000000000002
      vertex 15.019459884190098 -2.987556322328064 9
    endloop
  endfacet
  facet normal 0 0 0
    outer loop
      vertex 14.88312237444517 -6.164791137953663 7.500000000000002
      vertex 15.019459884190098 -2.987556322328064 9
      vertex 13.65284108433919 -5.655191942057897 9
    endloop
  endfacet
  facet normal 0 0 0
    outer loop
      vertex 16.372889574674975 -3.256770226144329 7.500000000000002
      vertex 17.277931315222855 0 7.500000000000002
      vertex 15.849688296449226 0 9
    endloop
  endfacet
  facet normal 0 0 0
    outer loop
      vertex 16.372889574674975 -3.256770226144329 7.500000000000002
      vertex 15.849688296449226 0 9
      vertex 15.019459884190098 -2.987556322328064 9
    endloop
  endfacet
  facet normal 0 0 0
    outer loop
      vertex 15.849688296449226 0 9
      vertex 15.019459884190102 2.9875563223280572 9
      vertex 13.476169103196755 2.680576699525469 10.499999999999998
    endloop
  endfacet
  facet normal 0 0 0
    outer loop
      vertex 15.849688296449226 0 9
      vertex 13.476169103196755 2.680576699525469 10.499999999999998
      vertex 14.221089264384416 0 10.499999999999998
    endloop
  endfacet
  facet normal 0 0 0
    outer loop
      vertex 15.019459884190102 2.9875563223280572 9
      vertex 13.652841084339194 5.655191942057887 9
      vertex 12.249974140900896 5.0741054278808555 10.499999999999998
    endloop
  endfacet
  facet normal 0 0 0
    outer loop
      vertex 15.019459884190102 2.9875563223280572 9
      vertex 12.249974140900896 5.0741054278808555 10.499999999999998
      vertex 13.476169103196755 2.680576699525469 10.499999999999998
    endloop
  endfacet
  facet normal 0 0 0
    outer loop
      vertex 13.652841084339194 5.655191942057887 9
      vertex 12.732883268565052 8.507840599175227 9
      vertex 11.424544519012175 7.633636595561946 10.499999999999998
    endloop
  endfacet
  facet normal 0 0 0
    outer loop
      vertex 13.652841084339194 5.655191942057887 9
      vertex 11.424544519012175 7.633636595561946 10.499999999999998
      vertex 12.249974140900896 5.0741054278808555 10.499999999999998
    endloop
  endfacet
  facet normal 0 0 0
    outer loop
      vertex 12.732883268565052 8.507840599175227 9
      vertex 11.207422074112307 11.207422074112305 9
      vertex 10.055828654705431 10.05582865470543 10.499999999999998
    endloop
  endfacet
  facet normal 0 0 0
    outer loop
      vertex 12.732883268565052 8.507840599175227 9
      vertex 10.055828654705431 10.05582865470543 10.499999999999998
      vertex 11.424544519012175 7.633636595561946 10.499999999999998
    endloop
  endfacet
  facet normal 0 0 0
    outer loop
      vertex 11.207422074112307 11.207422074112305 9
      vertex 8.507840599175228 12.732883268565052 9
      vertex 7.633636595561947 11.424544519012175 10.499999999999998
    endloop
  endfacet
  facet normal 0 0 0
    outer loop
      vertex 11.207422074112307 11.207422074112305 9
      vertex 7.633636595561947 11.424544519012175 10.499999999999998
      vertex 10.055828654705431 10.05582865470543 10.499999999999998
    endloop
  endfacet
  facet normal 0 0 0
    outer loop
      vertex 8.507840599175228 12.732883268565052 9
      vertex 5.655191942057888 13.652841084339194 9
      vertex 5.074105427880856 12.249974140900896 10.499999999999998
    endloop
  endfacet
  facet normal 0 0 0
    outer loop
      vertex 8.507840599175228 12.732883268565052 9
      vertex 5.074105427880856 12.249974140900896 10.499999999999998
      vertex 7.633636595561947 11.424544519012175 10.499999999999998
    endloop
  endfacet
  facet normal 0 0 0
    outer loop
      vertex 5.655191942057888 13.652841084339194 9
      vertex 2.987556322328058 15.019459884190102 9
      vertex 2.6805766995254703 13.476169103196755 10.499999999999998
    endloop
  endfacet
  facet normal 0 0 0
    outer loop
      vertex 5.655191942057888 13.652841084339194 9
      vertex 2.6805766995254703 13.476169103196755 10.499999999999998
      vertex 5.074105427880856 12.249974140900896 10.499999999999998
    endloop
  endfacet
  facet normal 0 0 0
    outer loop
      vertex 2.987556322328058 15.019459884190102 9
      vertex 9.705135019864906e-16 15.849688296449226 9
      vertex 8.707905724008581e-16 14.221089264384416 10.499999999999998
    endloop
  endfacet
  facet normal 0 0 0
    outer loop
      vertex 2.987556322328058 15.019459884190102 9
      vertex 8.707905724008581e-16 14.221089264384416 10.499999999999998
      vertex 2.6805766995254703 13.476169103196755 10.499999999999998
    endloop
  endfacet
  facet normal 0 0 0
    outer loop
      vertex 9.705135019864906e-16 15.849688296449226 9
      vertex -2.9875563223280563 15.019459884190102 9
      vertex -2.680576699525468 13.476169103196755 10.499999999999998
    endloop
  endfacet
  facet normal 0 0 0
    outer loop
      vertex 9.705135019864906e-16 15.849688296449226 9
      vertex -2.680576699525468 13.476169103196755 10.499999999999998
      vertex 8.707905724008581e-16 14.221089264384416 10.499999999999998
    endloop
  endfacet
  facet normal 0 0 0
    outer loop
      vertex -2.9875563223280563 15.019459884190102 9
      vertex -5.655191942057887 13.652841084339194 9
      vertex -5.074105427880855 12.249974140900896 10.499999999999998
    endloop
  endfacet
  facet normal 0 0 0
    outer loop
      vertex -2.9875563223280563 15.019459884190102 9
      vertex -5.074105427880855 12.249974140900896 10.499999999999998
      vertex -2.680576699525468 13.476169103196755 10.499999999999998
    endloop
  endfacet
  facet normal 0 0 0
    outer loop
      vertex -5.655191942057887 13.652841084339194 9
      vertex -8.507840599175221 12.732883268565052 9
      vertex -7.633636595561942 11.424544519012175 10.499999999999998
    endloop
  endfacet
  facet normal 0 0 0
    outer loop
      vertex -5.655191942057887 13.652841084339194 9
      vertex -7.633636595561942 11.424544519012175 10.499999999999998
      vertex -5.074105427880855 12.249974140900896 10.499999999999998
    endloop
  endfacet
  facet normal 0 0 0
    outer loop
      vertex -8.507840599175221 12.732883268565052 9
      vertex -11.207422074112305 11.207422074112307 9
      vertex -10.05582865470543 10.055828654705431 10.499999999999998
    endloop
  endfacet
  facet normal 0 0 0
    outer loop
      vertex -8.507840599175221 12.732883268565052 9
      vertex -10.05582865470543 10.055828654705431 10.499999999999998
      vertex -7.633636595561942 11.424544519012175 10.499999999999998
    endloop
  endfacet
  facet normal 0 0 0
    outer loop
      vertex -11.207422074112305 11.207422074112307 9
      vertex -12.732883268565052 8.507840599175227 9
      vertex -11.424544519012175 7.633636595561946 10.499999999999998
    endloop
  endfacet
  facet normal 0 0 0
    outer loop
      vertex -11.207422074112305 11.207422074112307 9
      vertex -11.424544519012175 7.633636595561946 10.499999999999998
      vertex -10.05582865470543 10.055828654705431 10.499999999999998
    endloop
  endfacet
  facet normal 0 0 0
    outer loop
      vertex -12.732883268565052 8.507840599175227 9
      vertex -13.652841084339194 5.655191942057889 9
      vertex -12.249974140900896 5.074105427880856 10.499999999999998
    endloop
  endfacet
  facet normal 0 0 0
    outer loop
      vertex -12.732883268565052 8.507840599175227 9
      vertex -12.249974140900896 5.074105427880856 10.499999999999998
      vertex -11.424544519012175 7.633636595561946 10.499999999999998
    endloop
  endfacet
  facet normal 0 0 0
    outer loop
      vertex -13.652841084339194 5.655191942057889 9
      vertex -15.0194598841901 2.987556322328062 9
      vertex -13.476169103196753 2.680576699525474 10.499999999999998
    endloop
  endfacet
  facet normal 0 0 0
    outer loop
      vertex -13.652841084339194 5.655191942057889 9
      vertex -13.476169103196753 2.680576699525474 10.499999999999998
      vertex -12.249974140900896 5.074105427880856 10.499999999999998
    endloop
  endfacet
  facet normal 0 0 0
    outer loop
      vertex -15.0194598841901 2.987556322328062 9
      vertex -15.849688296449226 1.9410270039729813e-15 9
      vertex -14.221089264384416 1.7415811448017162e-15 10.499999999999998
    endloop
  endfacet
  facet normal 0 0 0
    outer loop
      vertex -15.0194598841901 2.987556322328062 9
      vertex -14.221089264384416 1.7415811448017162e-15 10.499999999999998
      vertex -13.476169103196753 2.680576699525474 10.499999999999998
    endloop
  endfacet
  facet normal 0 0 0
    outer loop
      vertex -15.849688296449226 1.9410270039729813e-15 9
      vertex -15.019459884190102 -2.9875563223280586 9
      vertex -13.476169103196755 -2.6805766995254707 10.499999999999998
    endloop
  endfacet
  facet normal 0 0 0
    outer loop
      vertex -15.849688296449226 1.9410270039729813e-15 9
      vertex -13.476169103196755 -2.6805766995254707 10.499999999999998
      vertex -14.221089264384416 1.7415811448017162e-15 10.499999999999998
    endloop
  endfacet
  facet normal 0 0 0
    outer loop
      vertex -15.019459884190102 -2.9875563223280586 9
      vertex -13.652841084339196 -5.655191942057885 9
      vertex -12.249974140900898 -5.074105427880853 10.499999999999998
    endloop
  endfacet
  facet normal 0 0 0
    outer loop
      vertex -15.019459884190102 -2.9875563223280586 9
      vertex -12.249974140900898 -5.074105427880853 10.499999999999998
      vertex -13.476169103196755 -2.6805766995254707 10.499999999999998
    endloop
  endfacet
  facet normal 0 0 0
    outer loop
      vertex -13.652841084339196 -5.655191942057885 9
      vertex -12.732883268565054 -8.507840599175221 9
      vertex -11.424544519012176 -7.633636595561942 10.499999999999998
    endloop
  endfacet
  facet normal 0 0 0
    outer loop
      vertex -13.652841084339196 -5.655191942057885 9
      vertex -11.424544519012176 -7.633636595561942 10.499999999999998
      vertex -12.249974140900898 -5.074105427880853 10.499999999999998
    endloop
  endfacet
  facet normal 0 0 0
    outer loop
      vertex -12.732883268565054 -8.507840599175221 9
      vertex -11.207422074112309 -11.207422074112305 9
      vertex -10.055828654705433 -10.05582865470543 10.499999999999998
    endloop
  endfacet
  facet normal 0 0 0
    outer loop
      vertex -12.732883268565054 -8.507840599175221 9
      vertex -10.055828654705433 -10.05582865470543 10.499999999999998
      vertex -11.424544519012176 -7.633636595561942 10.499999999999998
    endloop
  endfacet
  facet normal 0 0 0
    outer loop
      vertex -11.207422074112309 -11.207422074112305 9
      vertex -8.507840599175227 -12.732883268565052 9
      vertex -7.633636595561946 -11.424544519012175 10.499999999999998
    endloop
  endfacet
  facet normal 0 0 0
    outer loop
      vertex -11.207422074112309 -11.207422074112305 9
      vertex -7.633636595561946 -11.424544519012175 10.499999999999998
      vertex -10.055828654705433 -10.05582865470543 10.499999999999998
    endloop
  endfacet
  facet normal 0 0 0
    outer loop
      vertex -8.507840599175227 -12.732883268565052 9
      vertex -5.655191942057896 -13.65284108433919 9
      vertex -5.074105427880863 -12.249974140900894 10.499999999999998
    endloop
  endfacet
  facet normal 0 0 0
    outer loop
      vertex -8.507840599175227 -12.732883268565052 9
      vertex -5.074105427880863 -12.249974140900894 10.499999999999998
      vertex -7.633636595561946 -11.424544519012175 10.499999999999998
    endloop
  endfacet
  facet normal 0 0 0
    outer loop
      vertex -5.655191942057896 -13.65284108433919 9
      vertex -2.987556322328063 -15.019459884190098 9
      vertex -2.6805766995254743 -13.476169103196751 10.499999999999998
    endloop
  endfacet
  facet normal 0 0 0
    outer loop
      vertex -5.655191942057896 -13.65284108433919 9
      vertex -2.6805766995254743 -13.476169103196751 10.499999999999998
      vertex -5.074105427880863 -12.249974140900894 10.499999999999998
    endloop
  endfacet
  facet normal 0 0 0
    outer loop
      vertex -2.987556322328063 -15.019459884190098 9
      vertex -2.9115405059594713e-15 -15.849688296449226 9
      vertex -2.612371717202574e-15 -14.221089264384416 10.499999999999998
    endloop
  endfacet
  facet normal 0 0 0
    outer loop
      vertex -2.987556322328063 -15.019459884190098 9
      vertex -2.612371717202574e-15 -14.221089264384416 10.499999999999998
      vertex -2.6805766995254743 -13.476169103196751 10.499999999999998
    endloop
  endfacet
  facet normal 0 0 0
    outer loop
      vertex -2.9115405059594713e-15 -15.849688296449226 9
      vertex 2.9875563223280577 -15.019459884190102 9
      vertex 2.68057669952547 -13.476169103196755 10.499999999999998
    endloop
  endfacet
  facet normal 0 0 0
    outer loop
      vertex -2.9115405059594713e-15 -15.849688296449226 9
      vertex 2.68057669952547 -13.476169103196755 10.499999999999998
      vertex -2.612371717202574e-15 -14.221089264384416 10.499999999999998
    endloop
  endfacet
  facet normal 0 0 0
    outer loop
      vertex 2.9875563223280577 -15.019459884190102 9
      vertex 5.655191942057891 -13.652841084339192 9
      vertex 5.074105427880858 -12.249974140900896 10.499999999999998
    endloop
  endfacet
  facet normal 0 0 0
    outer loop
      vertex 2.9875563223280577 -15.019459884190102 9
      vertex 5.074105427880858 -12.249974140900896 10.499999999999998
      vertex 2.68057669952547 -13.476169103196755 10.499999999999998
    endloop
  endfacet
  facet normal 0 0 0
    outer loop
      vertex 5.655191942057891 -13.652841084339192 9
      vertex 8.50784059917522 -12.732883268565054 9
      vertex 7.63363659556194 -11.424544519012176 10.499999999999998
    endloop
  endfacet
  facet normal 0 0 0
    outer loop
      vertex 5.655191942057891 -13.652841084339192 9
      vertex 7.63363659556194 -11.424544519012176 10.499999999999998
      vertex 5.074105427880858 -12.249974140900896 10.499999999999998
    endloop
  endfacet
  facet normal 0 0 0
    outer loop
      vertex 8.50784059917522 -12.732883268565054 9
      vertex 11.207422074112303 -11.207422074112309 9
      vertex 10.05582865470543 -10.055828654705433 10.499999999999998
    endloop
  endfacet
  facet normal 0 0 0
    outer loop
      vertex 8.50784059917522 -12.732883268565054 9
      vertex 10.05582865470543 -10.055828654705433 10.499999999999998
      vertex 7.63363659556194 -11.424544519012176 10.499999999999998
    endloop
  endfacet
  facet normal 0 0 0
    outer loop
      vertex 11.207422074112303 -11.207422074112309 9
      vertex 12.732883268565052 -8.507840599175227 9
      vertex 11.424544519012175 -7.633636595561946 10.499999999999998
    endloop
  endfacet
  facet normal 0 0 0
    outer loop
      vertex 11.207422074112303 -11.207422074112309 9
      vertex 11.424544519012175 -7.633636595561946 10.499999999999998
      vertex 10.05582865470543 -10.055828654705433 10.499999999999998
    endloop
  endfacet
  facet normal 0 0 0
    outer loop
      vertex 12.732883268565052 -8.507840599175227 9
      vertex 13.65284108433919 -5.655191942057897 9
      vertex 12.249974140900894 -5.0741054278808635 10.499999999999998
    endloop
  endfacet
  facet normal 0 0 0
    outer loop
      vertex 12.732883268565052 -8.507840599175227 9
      vertex 12.249974140900894 -5.0741054278808635 10.499999999999998
      vertex 11.424544519012175 -7.633636595561946 10.499999999999998
    endloop
  endfacet
  facet normal 0 0 0
    outer loop
      vertex 13.65284108433919 -5.655191942057897 9
      vertex 15.019459884190098 -2.987556322328064 9
      vertex 13.476169103196751 -2.680576699525475 10.499999999999998
    endloop
  endfacet
  facet normal 0 0 0
    outer loop
      vertex 13.65284108433919 -5.655191942057897 9
      vertex 13.476169103196751 -2.680576699525475 10.499999999999998
      vertex 12.249974140900894 -5.0741054278808635 10.499999999999998
    endloop
  endfacet
  facet normal 0 0 0
    outer loop
      vertex 15.019459884190098 -2.987556322328064 9
      vertex 15.849688296449226 0 9
      vertex 14.221089264384416 0 10.499999999999998
    endloop
  endfacet
  facet normal 0 0 0
    outer loop
      vertex 15.019459884190098 -2.987556322328064 9
      vertex 14.221089264384416 0 10.499999999999998
      vertex 13.476169103196751 -2.680576699525475 10.499999999999998
    endloop
  endfacet
  facet normal 0 0 0
    outer loop
      vertex 14.221089264384416 0 10.499999999999998
      vertex 13.476169103196755 2.680576699525469 10.499999999999998
      vertex 11.769423364838765 2.341083864193539 12.000000000000002
    endloop
  endfacet
  facet normal 0 0 0
    outer loop
      vertex 14.221089264384416 0 10.499999999999998
      vertex 11.769423364838765 2.341083864193539 12.000000000000002
      vertex 12.419999999999998 0 12.000000000000002
    endloop
  endfacet
  facet normal 0 0 0
    outer loop
      vertex 13.476169103196755 2.680576699525469 10.499999999999998
      vertex 12.249974140900896 5.0741054278808555 10.499999999999998
      vertex 10.6985249864807 4.43147414678774 12.000000000000002
    endloop
  endfacet
  facet normal 0 0 0
    outer loop
      vertex 13.476169103196755 2.680576699525469 10.499999999999998
      vertex 10.6985249864807 4.43147414678774 12.000000000000002
      vertex 11.769423364838765 2.341083864193539 12.000000000000002
    endloop
  endfacet
  facet normal 0 0 0
    outer loop
      vertex 12.249974140900896 5.0741054278808555 10.499999999999998
      vertex 11.424544519012175 7.633636595561946 10.499999999999998
      vertex 9.977635347630542 6.666842796235226 12.000000000000002
    endloop
  endfacet
  facet normal 0 0 0
    outer loop
      vertex 12.249974140900896 5.0741054278808555 10.499999999999998
      vertex 9.977635347630542 6.666842796235226 12.000000000000002
      vertex 10.6985249864807 4.43147414678774 12.000000000000002
    endloop
  endfacet
  facet normal 0 0 0
    outer loop
      vertex 11.424544519012175 7.633636595561946 10.499999999999998
      vertex 10.055828654705431 10.05582865470543 10.499999999999998
      vertex 8.78226622233692 8.782266222336919 12.000000000000002
    endloop
  endfacet
  facet normal 0 0 0
    outer loop
      vertex 11.424544519012175 7.633636595561946 10.499999999999998
      vertex 8.78226622233692 8.782266222336919 12.000000000000002
      vertex 9.977635347630542 6.666842796235226 12.000000000000002
    endloop
  endfacet
  facet normal 0 0 0
    outer loop
      vertex 10.055828654705431 10.05582865470543 10.499999999999998
      vertex 7.633636595561947 11.424544519012175 10.499999999999998
      vertex 6.666842796235228 9.977635347630542 12.000000000000002
    endloop
  endfacet
  facet normal 0 0 0
    outer loop
      vertex 10.055828654705431 10.05582865470543 10.499999999999998
      vertex 6.666842796235228 9.977635347630542 12.000000000000002
      vertex 8.78226622233692 8.782266222336919 12.000000000000002
    endloop
  endfacet
  facet normal 0 0 0
    outer loop
      vertex 7.633636595561947 11.424544519012175 10.499999999999998
      vertex 5.074105427880856 12.249974140900896 10.499999999999998
      vertex 4.431474146787741 10.6985249864807 12.000000000000002
    endloop
  endfacet
  facet normal 0 0 0
    outer loop
      vertex 7.633636595561947 11.424544519012175 10.499999999999998
      vertex 4.431474146787741 10.6985249864807 12.000000000000002
      vertex 6.666842796235228 9.977635347630542 12.000000000000002
    endloop
  endfacet
  facet normal 0 0 0
    outer loop
      vertex 5.074105427880856 12.249974140900896 10.499999999999998
      vertex 2.6805766995254703 13.476169103196755 10.499999999999998
      vertex 2.34108386419354 11.769423364838765 12.000000000000002
    endloop
  endfacet
  facet normal 0 0 0
    outer loop
      vertex 5.074105427880856 12.249974140900896 10.499999999999998
      vertex 2.34108386419354 11.769423364838765 12.000000000000002
      vertex 4.431474146787741 10.6985249864807 12.000000000000002
    endloop
  endfacet
  facet normal 0 0 0
    outer loop
      vertex 2.6805766995254703 13.476169103196755 10.499999999999998
      vertex 8.707905724008581e-16 14.221089264384416 10.499999999999998
      vertex 7.605056622705063e-16 12.419999999999998 12.000000000000002
    endloop
  endfacet
  facet normal 0 0 0
    outer loop
      vertex 2.6805766995254703 13.476169103196755 10.499999999999998
      vertex 7.605056622705063e-16 12.419999999999998 12.000000000000002
      vertex 2.34108386419354 11.769423364838765 12.000000000000002
    endloop
  endfacet
  facet normal 0 0 0
    outer loop
      vertex 8.707905724008581e-16 14.221089264384416 10.499999999999998
      vertex -2.680576699525468 13.476169103196755 10.499999999999998
      vertex -2.3410838641935383 11.769423364838765 12.000000000000002
    endloop
  endfacet
  facet normal 0 0 0
    outer loop
      vertex 8.707905724008581e-16 14.221089264384416 10.499999999999998
      vertex -2.3410838641935383 11.769423364838765 12.000000000000002
      vertex 7.605056622705063e-16 12.419999999999998 12.000000000000002
    endloop
  endfacet
  facet normal 0 0 0
    outer loop
      vertex -2.680576699525468 13.476169103196755 10.499999999999998
      vertex -5.074105427880855 12.249974140900896 10.499999999999998
      vertex -4.431474146787739 10.6985249864807 12.000000000000002
    endloop
  endfacet
  facet normal 0 0 0
    outer loop
      vertex -2.680576699525468 13.476169103196755 10.499999999999998
      vertex -4.431474146787739 10.6985249864807 12.000000000000002
      vertex -2.3410838641935383 11.769423364838765 12.000000000000002
    endloop
  endfacet
  facet normal 0 0 0
    outer loop
      vertex -5.074105427880855 12.249974140900896 10.499999999999998
      vertex -7.633636595561942 11.424544519012175 10.499999999999998
      vertex -6.666842796235223 9.977635347630542 12.000000000000002
    endloop
  endfacet
  facet normal 0 0 0
    outer loop
      vertex -5.074105427880855 12.249974140900896 10.499999999999998
      vertex -6.666842796235223 9.977635347630542 12.000000000000002
      vertex -4.431474146787739 10.6985249864807 12.000000000000002
    endloop
  endfacet
  facet normal 0 0 0
    outer loop
      vertex -7.633636595561942 11.424544519012175 10.499999999999998
      vertex -10.05582865470543 10.055828654705431 10.499999999999998
      vertex -8.782266222336919 8.78226622233692 12.000000000000002
    endloop
  endfacet
  facet normal 0 0 0
    outer loop
      vertex -7.633636595561942 11.424544519012175 10.499999999999998
      vertex -8.782266222336919 8.78226622233692 12.000000000000002
      vertex -6.666842796235223 9.977635347630542 12.000000000000002
    endloop
  endfacet
  facet normal 0 0 0
    outer loop
      vertex -10.05582865470543 10.055828654705431 10.499999999999998
      vertex -11.424544519012175 7.633636595561946 10.499999999999998
      vertex -9.977635347630544 6.666842796235226 12.000000000000002
    endloop
  endfacet
  facet normal 0 0 0
    outer loop
      vertex -10.05582865470543 10.055828654705431 10.499999999999998
      vertex -9.977635347630544 6.666842796235226 12.000000000000002
      vertex -8.782266222336919 8.78226622233692 12.000000000000002
    endloop
  endfacet
  facet normal 0 0 0
    outer loop
      vertex -11.424544519012175 7.633636595561946 10.499999999999998
      vertex -12.249974140900896 5.074105427880856 10.499999999999998
      vertex -10.6985249864807 4.431474146787741 12.000000000000002
    endloop
  endfacet
  facet normal 0 0 0
    outer loop
      vertex -11.424544519012175 7.633636595561946 10.499999999999998
      vertex -10.6985249864807 4.431474146787741 12.000000000000002
      vertex -9.977635347630544 6.666842796235226 12.000000000000002
    endloop
  endfacet
  facet normal 0 0 0
    outer loop
      vertex -12.249974140900896 5.074105427880856 10.499999999999998
      vertex -13.476169103196753 2.680576699525474 10.499999999999998
      vertex -11.769423364838763 2.3410838641935428 12.000000000000002
    endloop
  endfacet
  facet normal 0 0 0
    outer loop
      vertex -12.249974140900896 5.074105427880856 10.499999999999998
      vertex -11.769423364838763 2.3410838641935428 12.000000000000002
      vertex -10.6985249864807 4.431474146787741 12.000000000000002
    endloop
  endfacet
  facet normal 0 0 0
    outer loop
      vertex -13.476169103196753 2.680576699525474 10.499999999999998
      vertex -14.221089264384416 1.7415811448017162e-15 10.499999999999998
      vertex -12.419999999999998 1.5210113245410125e-15 12.000000000000002
    endloop
  endfacet
  facet normal 0 0 0
    outer loop
      vertex -13.476169103196753 2.680576699525474 10.499999999999998
      vertex -12.419999999999998 1.5210113245410125e-15 12.000000000000002
      vertex -11.769423364838763 2.3410838641935428 12.000000000000002
    endloop
  endfacet
  facet normal 0 0 0
    outer loop
      vertex -14.221089264384416 1.7415811448017162e-15 10.499999999999998
      vertex -13.476169103196755 -2.6805766995254707 10.499999999999998
      vertex -11.769423364838765 -2.34108386419354 12.000000000000002
    endloop
  endfacet
  facet normal 0 0 0
    outer loop
      vertex -14.221089264384416 1.7415811448017162e-15 10.499999999999998
      vertex -11.769423364838765 -2.34108386419354 12.000000000000002
      vertex -12.419999999999998 1.5210113245410125e-15 12.000000000000002
    endloop
  endfacet
  facet normal 0 0 0
    outer loop
      vertex -13.476169103196755 -2.6805766995254707 10.499999999999998
      vertex -12.249974140900898 -5.074105427880853 10.499999999999998
      vertex -10.698524986480702 -4.431474146787738 12.000000000000002
    endloop
  endfacet
  facet normal 0 0 0
    outer loop
      vertex -13.476169103196755 -2.6805766995254707 10.499999999999998
      vertex -10.698524986480702 -4.431474146787738 12.000000000000002
      vertex -11.769423364838765 -2.34108386419354 12.000000000000002
    endloop
  endfacet
  facet normal 0 0 0
    outer loop
      vertex -12.249974140900898 -5.074105427880853 10.499999999999998
      vertex -11.424544519012176 -7.633636595561942 10.499999999999998
      vertex -9.977635347630544 -6.666842796235223 12.000000000000002
    endloop
  endfacet
  facet normal 0 0 0
    outer loop
      vertex -12.249974140900898 -5.074105427880853 10.499999999999998
      vertex -9.977635347630544 -6.666842796235223 12.000000000000002
      vertex -10.698524986480702 -4.431474146787738 12.000000000000002
    endloop
  endfacet
  facet normal 0 0 0
    outer loop
      vertex -11.424544519012176 -7.633636595561942 10.499999999999998
      vertex -10.055828654705433 -10.05582865470543 10.499999999999998
      vertex -8.78226622233692 -8.782266222336919 12.000000000000002
    endloop
  endfacet
  facet normal 0 0 0
    outer loop
      vertex -11.424544519012176 -7.633636595561942 10.499999999999998
      vertex -8.78226622233692 -8.782266222336919 12.000000000000002
      vertex -9.977635347630544 -6.666842796235223 12.000000000000002
    endloop
  endfacet
  facet normal 0 0 0
    outer loop
      vertex -10.055828654705433 -10.05582865470543 10.499999999999998
      vertex -7.633636595561946 -11.424544519012175 10.499999999999998
      vertex -6.666842796235226 -9.977635347630542 12.000000000000002
    endloop
  endfacet
  facet normal 0 0 0
    outer loop
      vertex -10.055828654705433 -10.05582865470543 10.499999999999998
      vertex -6.666842796235226 -9.977635347630542 12.000000000000002
      vertex -8.78226622233692 -8.782266222336919 12.000000000000002
    endloop
  endfacet
  facet normal 0 0 0
    outer loop
      vertex -7.633636595561946 -11.424544519012175 10.499999999999998
      vertex -5.074105427880863 -12.249974140900894 10.499999999999998
      vertex -4.431474146787746 -10.698524986480697 12.000000000000002
    endloop
  endfacet
  facet normal 0 0 0
    outer loop
      vertex -7.633636595561946 -11.424544519012175 10.499999999999998
      vertex -4.431474146787746 -10.698524986480697 12.000000000000002
      vertex -6.666842796235226 -9.977635347630542 12.000000000000002
    endloop
  endfacet
  facet normal 0 0 0
    outer loop
      vertex -5.074105427880863 -12.249974140900894 10.499999999999998
      vertex -2.6805766995254743 -13.476169103196751 10.499999999999998
      vertex -2.3410838641935436 -11.769423364838762 12.000000000000002
    endloop
  endfacet
  facet normal 0 0 0
    outer loop
      vertex -5.074105427880863 -12.249974140900894 10.499999999999998
      vertex -2.3410838641935436 -11.769423364838762 12.000000000000002
      vertex -4.431474146787746 -10.698524986480697 12.000000000000002
    endloop
  endfacet
  facet normal 0 0 0
    outer loop
      vertex -2.6805766995254743 -13.476169103196751 10.499999999999998
      vertex -2.612371717202574e-15 -14.221089264384416 10.499999999999998
      vertex -2.2815169868115187e-15 -12.419999999999998 12.000000000000002
    endloop
  endfacet
  facet normal 0 0 0
    outer loop
      vertex -2.6805766995254743 -13.476169103196751 10.499999999999998
      vertex -2.2815169868115187e-15 -12.419999999999998 12.000000000000002
      vertex -2.3410838641935436 -11.769423364838762 12.000000000000002
    endloop
  endfacet
  facet normal 0 0 0
    outer loop
      vertex -2.612371717202574e-15 -14.221089264384416 10.499999999999998
      vertex 2.68057669952547 -13.476169103196755 10.499999999999998
      vertex 2.3410838641935396 -11.769423364838765 12.000000000000002
    endloop
  endfacet
  facet normal 0 0 0
    outer loop
      vertex -2.612371717202574e-15 -14.221089264384416 10.499999999999998
      vertex 2.3410838641935396 -11.769423364838765 12.000000000000002
      vertex -2.2815169868115187e-15 -12.419999999999998 12.000000000000002
    endloop
  endfacet
  facet normal 0 0 0
    outer loop
      vertex 2.68057669952547 -13.476169103196755 10.499999999999998
      vertex 5.074105427880858 -12.249974140900896 10.499999999999998
      vertex 4.4314741467877425 -10.698524986480699 12.000000000000002
    endloop
  endfacet
  facet normal 0 0 0
    outer loop
      vertex 2.68057669952547 -13.476169103196755 10.499999999999998
      vertex 4.4314741467877425 -10.698524986480699 12.000000000000002
      vertex 2.3410838641935396 -11.769423364838765 12.000000000000002
    endloop
  endfacet
  facet normal 0 0 0
    outer loop
      vertex 5.074105427880858 -12.249974140900896 10.499999999999998
      vertex 7.63363659556194 -11.424544519012176 10.499999999999998
      vertex 6.666842796235221 -9.977635347630544 12.000000000000002
    endloop
  endfacet
  facet normal 0 0 0
    outer loop
      vertex 5.074105427880858 -12.249974140900896 10.499999999999998
      vertex 6.666842796235221 -9.977635347630544 12.000000000000002
      vertex 4.4314741467877425 -10.698524986480699 12.000000000000002
    endloop
  endfacet
  facet normal 0 0 0
    outer loop
      vertex 7.63363659556194 -11.424544519012176 10.499999999999998
      vertex 10.05582865470543 -10.055828654705433 10.499999999999998
      vertex 8.782266222336917 -8.78226622233692 12.000000000000002
    endloop
  endfacet
  facet normal 0 0 0
    outer loop
      vertex 7.63363659556194 -11.424544519012176 10.499999999999998
      vertex 8.782266222336917 -8.78226622233692 12.000000000000002
      vertex 6.666842796235221 -9.977635347630544 12.000000000000002
    endloop
  endfacet
  facet normal 0 0 0
    outer loop
      vertex 10.05582865470543 -10.055828654705433 10.499999999999998
      vertex 11.424544519012175 -7.633636595561946 10.499999999999998
      vertex 9.977635347630542 -6.666842796235226 12.000000000000002
    endloop
  endfacet
  facet normal 0 0 0
    outer loop
      vertex 10.05582865470543 -10.055828654705433 10.499999999999998
      vertex 9.977635347630542 -6.666842796235226 12.000000000000002
      vertex 8.782266222336917 -8.78226622233692 12.000000000000002
    endloop
  endfacet
  facet normal 0 0 0
    outer loop
      vertex 11.424544519012175 -7.633636595561946 10.499999999999998
      vertex 12.249974140900894 -5.0741054278808635 10.499999999999998
      vertex 10.698524986480697 -4.431474146787747 12.000000000000002
    endloop
  endfacet
  facet normal 0 0 0
    outer loop
      vertex 11.424544519012175 -7.633636595561946 10.499999999999998
      vertex 10.698524986480697 -4.431474146787747 12.000000000000002
      vertex 9.977635347630542 -6.666842796235226 12.000000000000002
    endloop
  endfacet
  facet normal 0 0 0
    outer loop
      vertex 12.249974140900894 -5.0741054278808635 10.499999999999998
      vertex 13.476169103196751 -2.680576699525475 10.499999999999998
      vertex 11.769423364838762 -2.341083864193544 12.000000000000002
    endloop
  endfacet
  facet normal 0 0 0
    outer loop
      vertex 12.249974140900894 -5.0741054278808635 10.499999999999998
      vertex 11.769423364838762 -2.341083864193544 12.000000000000002
      vertex 10.698524986480697 -4.431474146787747 12.000000000000002
    endloop
  endfacet
  facet normal 0 0 0
    outer loop
      vertex 13.476169103196751 -2.680576699525475 10.499999999999998
      vertex 14.221089264384416 0 10.499999999999998
      vertex 12.419999999999998 0 12.000000000000002
    endloop
  endfacet
  facet normal 0 0 0
    outer loop
      vertex 13.476169103196751 -2.680576699525475 10.499999999999998
      vertex 12.419999999999998 0 12.000000000000002
      vertex 11.769423364838762 -2.341083864193544 12.000000000000002
    endloop
  endfacet
  facet normal 0 0 0
    outer loop
      vertex 12.419999999999998 0 12.000000000000002
      vertex 11.769423364838765 2.341083864193539 12.000000000000002
      vertex 9.928425561898766 1.9748866328699948 13.5
    endloop
  endfacet
  facet normal 0 0 0
    outer loop
      vertex 12.419999999999998 0 12.000000000000002
      vertex 9.928425561898766 1.9748866328699948 13.5
      vertex 10.477237639965887 0 13.5
    endloop
  endfacet
  facet normal 0 0 0
    outer loop
      vertex 11.769423364838765 2.341083864193539 12.000000000000002
      vertex 10.6985249864807 4.43147414678774 12.000000000000002
      vertex 9.025039346253713 3.7382936981690995 13.5
    endloop
  endfacet
  facet normal 0 0 0
    outer loop
      vertex 11.769423364838765 2.341083864193539 12.000000000000002
      vertex 9.025039346253713 3.7382936981690995 13.5
      vertex 9.928425561898766 1.9748866328699948 13.5
    endloop
  endfacet
  facet normal 0 0 0
    outer loop
      vertex 10.6985249864807 4.43147414678774 12.000000000000002
      vertex 9.977635347630542 6.666842796235226 12.000000000000002
      vertex 8.416912771501517 5.624001311147435 13.5
    endloop
  endfacet
  facet normal 0 0 0
    outer loop
      vertex 10.6985249864807 4.43147414678774 12.000000000000002
      vertex 8.416912771501517 5.624001311147435 13.5
      vertex 9.025039346253713 3.7382936981690995 13.5
    endloop
  endfacet
  facet normal 0 0 0
    outer loop
      vertex 9.977635347630542 6.666842796235226 12.000000000000002
      vertex 8.78226622233692 8.782266222336919 12.000000000000002
      vertex 7.408525783322818 7.408525783322817 13.5
    endloop
  endfacet
  facet normal 0 0 0
    outer loop
      vertex 9.977635347630542 6.666842796235226 12.000000000000002
      vertex 7.408525783322818 7.408525783322817 13.5
      vertex 8.416912771501517 5.624001311147435 13.5
    endloop
  endfacet
  facet normal 0 0 0
    outer loop
      vertex 8.78226622233692 8.782266222336919 12.000000000000002
      vertex 6.666842796235228 9.977635347630542 12.000000000000002
      vertex 5.624001311147436 8.416912771501517 13.5
    endloop
  endfacet
  facet normal 0 0 0
    outer loop
      vertex 8.78226622233692 8.782266222336919 12.000000000000002
      vertex 5.624001311147436 8.416912771501517 13.5
      vertex 7.408525783322818 7.408525783322817 13.5
    endloop
  endfacet
  facet normal 0 0 0
    outer loop
      vertex 6.666842796235228 9.977635347630542 12.000000000000002
      vertex 4.431474146787741 10.6985249864807 12.000000000000002
      vertex 3.7382936981691004 9.025039346253713 13.5
    endloop
  endfacet
  facet normal 0 0 0
    outer loop
      vertex 6.666842796235228 9.977635347630542 12.000000000000002
      vertex 3.7382936981691004 9.025039346253713 13.5
      vertex 5.624001311147436 8.416912771501517 13.5
    endloop
  endfacet
  facet normal 0 0 0
    outer loop
      vertex 4.431474146787741 10.6985249864807 12.000000000000002
      vertex 2.34108386419354 11.769423364838765 12.000000000000002
      vertex 1.9748866328699957 9.928425561898766 13.5
    endloop
  endfacet
  facet normal 0 0 0
    outer loop
      vertex 4.431474146787741 10.6985249864807 12.000000000000002
      vertex 1.9748866328699957 9.928425561898766 13.5
      vertex 3.7382936981691004 9.025039346253713 13.5
    endloop
  endfacet
  facet normal 0 0 0
    outer loop
      vertex 2.34108386419354 11.769423364838765 12.000000000000002
      vertex 7.605056622705063e-16 12.419999999999998 12.000000000000002
      vertex 6.415457769845196e-16 10.477237639965887 13.5
    endloop
  endfacet
  facet normal 0 0 0
    outer loop
      vertex 2.34108386419354 11.769423364838765 12.000000000000002
      vertex 6.415457769845196e-16 10.477237639965887 13.5
      vertex 1.9748866328699957 9.928425561898766 13.5
    endloop
  endfacet
  facet normal 0 0 0
    outer loop
      vertex 7.605056622705063e-16 12.419999999999998 12.000000000000002
      vertex -2.3410838641935383 11.769423364838765 12.000000000000002
      vertex -1.974886632869994 9.928425561898766 13.5
    endloop
  endfacet
  facet normal 0 0 0
    outer loop
      vertex 7.605056622705063e-16 12.419999999999998 12.000000000000002
      vertex -1.974886632869994 9.928425561898766 13.5
      vertex 6.415457769845196e-16 10.477237639965887 13.5
    endloop
  endfacet
  facet normal 0 0 0
    outer loop
      vertex -2.3410838641935383 11.769423364838765 12.000000000000002
      vertex -4.431474146787739 10.6985249864807 12.000000000000002
      vertex -3.738293698169099 9.025039346253713 13.5
    endloop
  endfacet
  facet normal 0 0 0
    outer loop
      vertex -2.3410838641935383 11.769423364838765 12.000000000000002
      vertex -3.738293698169099 9.025039346253713 13.5
      vertex -1.974886632869994 9.928425561898766 13.5
    endloop
  endfacet
  facet normal 0 0 0
    outer loop
      vertex -4.431474146787739 10.6985249864807 12.000000000000002
      vertex -6.666842796235223 9.977635347630542 12.000000000000002
      vertex -5.624001311147431 8.416912771501517 13.5
    endloop
  endfacet
  facet normal 0 0 0
    outer loop
      vertex -4.431474146787739 10.6985249864807 12.000000000000002
      vertex -5.624001311147431 8.416912771501517 13.5
      vertex -3.738293698169099 9.025039346253713 13.5
    endloop
  endfacet
  facet normal 0 0 0
    outer loop
      vertex -6.666842796235223 9.977635347630542 12.000000000000002
      vertex -8.782266222336919 8.78226622233692 12.000000000000002
      vertex -7.408525783322817 7.408525783322818 13.5
    endloop
  endfacet
  facet normal 0 0 0
    outer loop
      vertex -6.666842796235223 9.977635347630542 12.000000000000002
      vertex -7.408525783322817 7.408525783322818 13.5
      vertex -5.624001311147431 8.416912771501517 13.5
    endloop
  endfacet
  facet normal 0 0 0
    outer loop
      vertex -8.782266222336919 8.78226622233692 12.000000000000002
      vertex -9.977635347630544 6.666842796235226 12.000000000000002
      vertex -8.416912771501519 5.624001311147435 13.5
    endloop
  endfacet
  facet normal 0 0 0
    outer loop
      vertex -8.782266222336919 8.78226622233692 12.000000000000002
      vertex -8.416912771501519 5.624001311147435 13.5
      vertex -7.408525783322817 7.408525783322818 13.5
    endloop
  endfacet
  facet normal 0 0 0
    outer loop
      vertex -9.977635347630544 6.666842796235226 12.000000000000002
      vertex -10.6985249864807 4.431474146787741 12.000000000000002
      vertex -9.025039346253713 3.738293698169101 13.5
    endloop
  endfacet
  facet normal 0 0 0
    outer loop
      vertex -9.977635347630544 6.666842796235226 12.000000000000002
      vertex -9.025039346253713 3.738293698169101 13.5
      vertex -8.416912771501519 5.624001311147435 13.5
    endloop
  endfacet
  facet normal 0 0 0
    outer loop
      vertex -10.6985249864807 4.431474146787741 12.000000000000002
      vertex -11.769423364838763 2.3410838641935428 12.000000000000002
      vertex -9.928425561898765 1.974886632869998 13.5
    endloop
  endfacet
  facet normal 0 0 0
    outer loop
      vertex -10.6985249864807 4.431474146787741 12.000000000000002
      vertex -9.928425561898765 1.974886632869998 13.5
      vertex -9.025039346253713 3.738293698169101 13.5
    endloop
  endfacet
  facet normal 0 0 0
    outer loop
      vertex -11.769423364838763 2.3410838641935428 12.000000000000002
      vertex -12.419999999999998 1.5210113245410125e-15 12.000000000000002
      vertex -10.477237639965887 1.2830915539690393e-15 13.5
    endloop
  endfacet
  facet normal 0 0 0
    outer loop
      vertex -11.769423364838763 2.3410838641935428 12.000000000000002
      vertex -10.477237639965887 1.2830915539690393e-15 13.5
      vertex -9.928425561898765 1.974886632869998 13.5
    endloop
  endfacet
  facet normal 0 0 0
    outer loop
      vertex -12.419999999999998 1.5210113245410125e-15 12.000000000000002
      vertex -11.769423364838765 -2.34108386419354 12.000000000000002
      vertex -9.928425561898766 -1.9748866328699959 13.5
    endloop
  endfacet
  facet normal 0 0 0
    outer loop
      vertex -12.419999999999998 1.5210113245410125e-15 12.000000000000002
      vertex -9.928425561898766 -1.9748866328699959 13.5
      vertex -10.477237639965887 1.2830915539690393e-15 13.5
    endloop
  endfacet
  facet normal 0 0 0
    outer loop
      vertex -11.769423364838765 -2.34108386419354 12.000000000000002
      vertex -10.698524986480702 -4.431474146787738 12.000000000000002
      vertex -9.025039346253715 -3.738293698169098 13.5
    endloop
  endfacet
  facet normal 0 0 0
    outer loop
      vertex -11.769423364838765 -2.34108386419354 12.000000000000002
      vertex -9.025039346253715 -3.738293698169098 13.5
      vertex -9.928425561898766 -1.9748866328699959 13.5
    endloop
  endfacet
  facet normal 0 0 0
    outer loop
      vertex -10.698524986480702 -4.431474146787738 12.000000000000002
      vertex -9.977635347630544 -6.666842796235223 12.000000000000002
      vertex -8.416912771501519 -5.624001311147431 13.5
    endloop
  endfacet
  facet normal 0 0 0
    outer loop
      vertex -10.698524986480702 -4.431474146787738 12.000000000000002
      vertex -8.416912771501519 -5.624001311147431 13.5
      vertex -9.025039346253715 -3.738293698169098 13.5
    endloop
  endfacet
  facet normal 0 0 0
    outer loop
      vertex -9.977635347630544 -6.666842796235223 12.000000000000002
      vertex -8.78226622233692 -8.782266222336919 12.000000000000002
      vertex -7.40852578332282 -7.408525783322817 13.5
    endloop
  endfacet
  facet normal 0 0 0
    outer loop
      vertex -9.977635347630544 -6.666842796235223 12.000000000000002
      vertex -7.40852578332282 -7.408525783322817 13.5
      vertex -8.416912771501519 -5.624001311147431 13.5
    endloop
  endfacet
  facet normal 0 0 0
    outer loop
      vertex -8.78226622233692 -8.782266222336919 12.000000000000002
      vertex -6.666842796235226 -9.977635347630542 12.000000000000002
      vertex -5.624001311147435 -8.416912771501517 13.5
    endloop
  endfacet
  facet normal 0 0 0
    outer loop
      vertex -8.78226622233692 -8.782266222336919 12.000000000000002
      vertex -5.624001311147435 -8.416912771501517 13.5
      vertex -7.40852578332282 -7.408525783322817 13.5
    endloop
  endfacet
  facet normal 0 0 0
    outer loop
      vertex -6.666842796235226 -9.977635347630542 12.000000000000002
      vertex -4.431474146787746 -10.698524986480697 12.000000000000002
      vertex -3.7382936981691053 -9.025039346253712 13.5
    endloop
  endfacet
  facet normal 0 0 0
    outer loop
      vertex -6.666842796235226 -9.977635347630542 12.000000000000002
      vertex -3.7382936981691053 -9.025039346253712 13.5
      vertex -5.624001311147435 -8.416912771501517 13.5
    endloop
  endfacet
  facet normal 0 0 0
    outer loop
      vertex -4.431474146787746 -10.698524986480697 12.000000000000002
      vertex -2.3410838641935436 -11.769423364838762 12.000000000000002
      vertex -1.9748866328699985 -9.928425561898763 13.5
    endloop
  endfacet
  facet normal 0 0 0
    outer loop
      vertex -4.431474146787746 -10.698524986480697 12.000000000000002
      vertex -1.9748866328699985 -9.928425561898763 13.5
      vertex -3.7382936981691053 -9.025039346253712 13.5
    endloop
  endfacet
  facet normal 0 0 0
    outer loop
      vertex -2.3410838641935436 -11.769423364838762 12.000000000000002
      vertex -2.2815169868115187e-15 -12.419999999999998 12.000000000000002
      vertex -1.9246373309535586e-15 -10.477237639965887 13.5
    endloop
  endfacet
  facet normal 0 0 0
    outer loop
      vertex -2.3410838641935436 -11.769423364838762 12.000000000000002
      vertex -1.9246373309535586e-15 -10.477237639965887 13.5
      vertex -1.9748866328699985 -9.928425561898763 13.5
    endloop
  endfacet
  facet normal 0 0 0
    outer loop
      vertex -2.2815169868115187e-15 -12.419999999999998 12.000000000000002
      vertex 2.3410838641935396 -11.769423364838765 12.000000000000002
      vertex 1.9748866328699954 -9.928425561898766 13.5
    endloop
  endfacet
  facet normal 0 0 0
    outer loop
      vertex -2.2815169868115187e-15 -12.419999999999998 12.000000000000002
      vertex 1.9748866328699954 -9.928425561898766 13.5
      vertex -1.9246373309535586e-15 -10.477237639965887 13.5
    endloop
  endfacet
  facet normal 0 0 0
    outer loop
      vertex 2.3410838641935396 -11.769423364838765 12.000000000000002
      vertex 4.4314741467877425 -10.698524986480699 12.000000000000002
      vertex 3.7382936981691017 -9.025039346253712 13.5
    endloop
  endfacet
  facet normal 0 0 0
    outer loop
      vertex 2.3410838641935396 -11.769423364838765 12.000000000000002
      vertex 3.7382936981691017 -9.025039346253712 13.5
      vertex 1.9748866328699954 -9.928425561898766 13.5
    endloop
  endfacet
  facet normal 0 0 0
    outer loop
      vertex 4.4314741467877425 -10.698524986480699 12.000000000000002
      vertex 6.666842796235221 -9.977635347630544 12.000000000000002
      vertex 5.62400131114743 -8.416912771501519 13.5
    endloop
  endfacet
  facet normal 0 0 0
    outer loop
      vertex 4.4314741467877425 -10.698524986480699 12.000000000000002
      vertex 5.62400131114743 -8.416912771501519 13.5
      vertex 3.7382936981691017 -9.025039346253712 13.5
    endloop
  endfacet
  facet normal 0 0 0
    outer loop
      vertex 6.666842796235221 -9.977635347630544 12.000000000000002
      vertex 8.782266222336917 -8.78226622233692 12.000000000000002
      vertex 7.408525783322816 -7.40852578332282 13.5
    endloop
  endfacet
  facet normal 0 0 0
    outer loop
      vertex 6.666842796235221 -9.977635347630544 12.000000000000002
      vertex 7.408525783322816 -7.40852578332282 13.5
      vertex 5.62400131114743 -8.416912771501519 13.5
    endloop
  endfacet
  facet normal 0 0 0
    outer loop
      vertex 8.782266222336917 -8.78226622233692 12.000000000000002
      vertex 9.977635347630542 -6.666842796235226 12.000000000000002
      vertex 8.416912771501517 -5.624001311147435 13.5
    endloop
  endfacet
  facet normal 0 0 0
    outer loop
      vertex 8.782266222336917 -8.78226622233692 12.000000000000002
      vertex 8.416912771501517 -5.624001311147435 13.5
      vertex 7.408525783322816 -7.40852578332282 13.5
    endloop
  endfacet
  facet normal 0 0 0
    outer loop
      vertex 9.977635347630542 -6.666842796235226 12.000000000000002
      vertex 10.698524986480697 -4.431474146787747 12.000000000000002
      vertex 9.025039346253712 -3.7382936981691057 13.5
    endloop
  endfacet
  facet normal 0 0 0
    outer loop
      vertex 9.977635347630542 -6.666842796235226 12.000000000000002
      vertex 9.025039346253712 -3.7382936981691057 13.5
      vertex 8.416912771501517 -5.624001311147435 13.5
    endloop
  endfacet
  facet normal 0 0 0
    outer loop
      vertex 10.698524986480697 -4.431474146787747 12.000000000000002
      vertex 11.769423364838762 -2.341083864193544 12.000000000000002
      vertex 9.928425561898763 -1.9748866328699992 13.5
    endloop
  endfacet
  facet normal 0 0 0
    outer loop
      vertex 10.698524986480697 -4.431474146787747 12.000000000000002
      vertex 9.928425561898763 -1.9748866328699992 13.5
      vertex 9.025039346253712 -3.7382936981691057 13.5
    endloop
  endfacet
  facet normal 0 0 0
    outer loop
      vertex 11.769423364838762 -2.341083864193544 12.000000000000002
      vertex 12.419999999999998 0 12.000000000000002
      vertex 10.477237639965887 0 13.5
    endloop
  endfacet
  facet normal 0 0 0
    outer loop
      vertex 11.769423364838762 -2.341083864193544 12.000000000000002
      vertex 10.477237639965887 0 13.5
      vertex 9.928425561898763 -1.9748866328699992 13.5
    endloop
  endfacet
  facet normal 0 0 0
    outer loop
      vertex 10.477237639965887 0 13.5
      vertex 9.928425561898766 1.9748866328699948 13.5
      vertex 7.98467567720608 1.5882507417118352 14.999999999999998
    endloop
  endfacet
  facet normal 0 0 0
    outer loop
      vertex 10.477237639965887 0 13.5
      vertex 7.98467567720608 1.5882507417118352 14.999999999999998
      vertex 8.426043386897746 0 14.999999999999998
    endloop
  endfacet
  facet normal 0 0 0
    outer loop
      vertex 9.928425561898766 1.9748866328699948 13.5
      vertex 9.025039346253713 3.7382936981690995 13.5
      vertex 7.258151023502094 3.0064245916867285 14.999999999999998
    endloop
  endfacet
  facet normal 0 0 0
    outer loop
      vertex 9.928425561898766 1.9748866328699948 13.5
      vertex 7.258151023502094 3.0064245916867285 14.999999999999998
      vertex 7.98467567720608 1.5882507417118352 14.999999999999998
    endloop
  endfacet
  facet normal 0 0 0
    outer loop
      vertex 9.025039346253713 3.7382936981690995 13.5
      vertex 8.416912771501517 5.624001311147435 13.5
      vertex 6.76908118661671 4.522955447238704 14.999999999999998
    endloop
  endfacet
  facet normal 0 0 0
    outer loop
      vertex 9.025039346253713 3.7382936981690995 13.5
      vertex 6.76908118661671 4.522955447238704 14.999999999999998
      vertex 7.258151023502094 3.0064245916867285 14.999999999999998
    endloop
  endfacet
  facet normal 0 0 0
    outer loop
      vertex 8.416912771501517 5.624001311147435 13.5
      vertex 7.408525783322818 7.408525783322817 13.5
      vertex 5.9581124174474605 5.95811241744746 14.999999999999998
    endloop
  endfacet
  facet normal 0 0 0
    outer loop
      vertex 8.416912771501517 5.624001311147435 13.5
      vertex 5.9581124174474605 5.95811241744746 14.999999999999998
      vertex 6.76908118661671 4.522955447238704 14.999999999999998
    endloop
  endfacet
  facet normal 0 0 0
    outer loop
      vertex 7.408525783322818 7.408525783322817 13.5
      vertex 5.624001311147436 8.416912771501517 13.5
      vertex 4.522955447238705 6.76908118661671 14.999999999999998
    endloop
  endfacet
  facet normal 0 0 0
    outer loop
      vertex 7.408525783322818 7.408525783322817 13.5
      vertex 4.522955447238705 6.76908118661671 14.999999999999998
      vertex 5.9581124174474605 5.95811241744746 14.999999999999998
    endloop
  endfacet
  facet normal 0 0 0
    outer loop
      vertex 5.624001311147436 8.416912771501517 13.5
      vertex 3.7382936981691004 9.025039346253713 13.5
      vertex 3.006424591686729 7.258151023502094 14.999999999999998
    endloop
  endfacet
  facet normal 0 0 0
    outer loop
      vertex 5.624001311147436 8.416912771501517 13.5
      vertex 3.006424591686729 7.258151023502094 14.999999999999998
      vertex 4.522955447238705 6.76908118661671 14.999999999999998
    endloop
  endfacet
  facet normal 0 0 0
    outer loop
      vertex 3.7382936981691004 9.025039346253713 13.5
      vertex 1.9748866328699957 9.928425561898766 13.5
      vertex 1.588250741711836 7.98467567720608 14.999999999999998
    endloop
  endfacet
  facet normal 0 0 0
    outer loop
      vertex 3.7382936981691004 9.025039346253713 13.5
      vertex 1.588250741711836 7.98467567720608 14.999999999999998
      vertex 3.006424591686729 7.258151023502094 14.999999999999998
    endloop
  endfacet
  facet normal 0 0 0
    outer loop
      vertex 1.9748866328699957 9.928425561898766 13.5
      vertex 6.415457769845196e-16 10.477237639965887 13.5
      vertex 5.159463531620524e-16 8.426043386897746 14.999999999999998
    endloop
  endfacet
  facet normal 0 0 0
    outer loop
      vertex 1.9748866328699957 9.928425561898766 13.5
      vertex 5.159463531620524e-16 8.426043386897746 14.999999999999998
      vertex 1.588250741711836 7.98467567720608 14.999999999999998
    endloop
  endfacet
  facet normal 0 0 0
    outer loop
      vertex 6.415457769845196e-16 10.477237639965887 13.5
      vertex -1.974886632869994 9.928425561898766 13.5
      vertex -1.5882507417118348 7.98467567720608 14.999999999999998
    endloop
  endfacet
  facet normal 0 0 0
    outer loop
      vertex 6.415457769845196e-16 10.477237639965887 13.5
      vertex -1.5882507417118348 7.98467567720608 14.999999999999998
      vertex 5.159463531620524e-16 8.426043386897746 14.999999999999998
    endloop
  endfacet
  facet normal 0 0 0
    outer loop
      vertex -1.974886632869994 9.928425561898766 13.5
      vertex -3.738293698169099 9.025039346253713 13.5
      vertex -3.006424591686728 7.258151023502094 14.999999999999998
    endloop
  endfacet
  facet normal 0 0 0
    outer loop
      vertex -1.974886632869994 9.928425561898766 13.5
      vertex -3.006424591686728 7.258151023502094 14.999999999999998
      vertex -1.5882507417118348 7.98467567720608 14.999999999999998
    endloop
  endfacet
  facet normal 0 0 0
    outer loop
      vertex -3.738293698169099 9.025039346253713 13.5
      vertex -5.624001311147431 8.416912771501517 13.5
      vertex -4.522955447238702 6.7690811866167095 14.999999999999998
    endloop
  endfacet
  facet normal 0 0 0
    outer loop
      vertex -3.738293698169099 9.025039346253713 13.5
      vertex -4.522955447238702 6.7690811866167095 14.999999999999998
      vertex -3.006424591686728 7.258151023502094 14.999999999999998
    endloop
  endfacet
  facet normal 0 0 0
    outer loop
      vertex -5.624001311147431 8.416912771501517 13.5
      vertex -7.408525783322817 7.408525783322818 13.5
      vertex -5.95811241744746 5.9581124174474605 14.999999999999998
    endloop
  endfacet
  facet normal 0 0 0
    outer loop
      vertex -5.624001311147431 8.416912771501517 13.5
      vertex -5.95811241744746 5.9581124174474605 14.999999999999998
      vertex -4.522955447238702 6.7690811866167095 14.999999999999998
    endloop
  endfacet
  facet normal 0 0 0
    outer loop
      vertex -7.408525783322817 7.408525783322818 13.5
      vertex -8.416912771501519 5.624001311147435 13.5
      vertex -6.769081186616711 4.522955447238704 14.999999999999998
    endloop
  endfacet
  facet normal 0 0 0
    outer loop
      vertex -7.408525783322817 7.408525783322818 13.5
      vertex -6.769081186616711 4.522955447238704 14.999999999999998
      vertex -5.95811241744746 5.9581124174474605 14.999999999999998
    endloop
  endfacet
  facet normal 0 0 0
    outer loop
      vertex -8.416912771501519 5.624001311147435 13.5
      vertex -9.025039346253713 3.738293698169101 13.5
      vertex -7.258151023502094 3.0064245916867294 14.999999999999998
    endloop
  endfacet
  facet normal 0 0 0
    outer loop
      vertex -8.416912771501519 5.624001311147435 13.5
      vertex -7.258151023502094 3.0064245916867294 14.999999999999998
      vertex -6.769081186616711 4.522955447238704 14.999999999999998
    endloop
  endfacet
  facet normal 0 0 0
    outer loop
      vertex -9.025039346253713 3.738293698169101 13.5
      vertex -9.928425561898765 1.974886632869998 13.5
      vertex -7.984675677206078 1.5882507417118377 14.999999999999998
    endloop
  endfacet
  facet normal 0 0 0
    outer loop
      vertex -9.025039346253713 3.738293698169101 13.5
      vertex -7.984675677206078 1.5882507417118377 14.999999999999998
      vertex -7.258151023502094 3.0064245916867294 14.999999999999998
    endloop
  endfacet
  facet normal 0 0 0
    outer loop
      vertex -9.928425561898765 1.974886632869998 13.5
      vertex -10.477237639965887 1.2830915539690393e-15 13.5
      vertex -8.426043386897746 1.0318927063241048e-15 14.999999999999998
    endloop
  endfacet
  facet normal 0 0 0
    outer loop
      vertex -9.928425561898765 1.974886632869998 13.5
      vertex -8.426043386897746 1.0318927063241048e-15 14.999999999999998
      vertex -7.984675677206078 1.5882507417118377 14.999999999999998
    endloop
  endfacet
  facet normal 0 0 0
    outer loop
      vertex -10.477237639965887 1.2830915539690393e-15 13.5
      vertex -9.928425561898766 -1.9748866328699959 13.5
      vertex -7.98467567720608 -1.5882507417118361 14.999999999999998
    endloop
  endfacet
  facet normal 0 0 0
    outer loop
      vertex -10.477237639965887 1.2830915539690393e-15 13.5
      vertex -7.98467567720608 -1.5882507417118361 14.999999999999998
      vertex -8.426043386897746 1.0318927063241048e-15 14.999999999999998
    endloop
  endfacet
  facet normal 0 0 0
    outer loop
      vertex -9.928425561898766 -1.9748866328699959 13.5
      vertex -9.025039346253715 -3.738293698169098 13.5
      vertex -7.258151023502095 -3.006424591686727 14.999999999999998
    endloop
  endfacet
  facet normal 0 0 0
    outer loop
      vertex -9.928425561898766 -1.9748866328699959 13.5
      vertex -7.258151023502095 -3.006424591686727 14.999999999999998
      vertex -7.98467567720608 -1.5882507417118361 14.999999999999998
    endloop
  endfacet
  facet normal 0 0 0
    outer loop
      vertex -9.025039346253715 -3.738293698169098 13.5
      vertex -8.416912771501519 -5.624001311147431 13.5
      vertex -6.76908118661671 -4.522955447238702 14.999999999999998
    endloop
  endfacet
  facet normal 0 0 0
    outer loop
      vertex -9.025039346253715 -3.738293698169098 13.5
      vertex -6.76908118661671 -4.522955447238702 14.999999999999998
      vertex -7.258151023502095 -3.006424591686727 14.999999999999998
    endloop
  endfacet
  facet normal 0 0 0
    outer loop
      vertex -8.416912771501519 -5.624001311147431 13.5
      vertex -7.40852578332282 -7.408525783322817 13.5
      vertex -5.958112417447461 -5.95811241744746 14.999999999999998
    endloop
  endfacet
  facet normal 0 0 0
    outer loop
      vertex -8.416912771501519 -5.624001311147431 13.5
      vertex -5.958112417447461 -5.95811241744746 14.999999999999998
      vertex -6.76908118661671 -4.522955447238702 14.999999999999998
    endloop
  endfacet
  facet normal 0 0 0
    outer loop
      vertex -7.40852578332282 -7.408525783322817 13.5
      vertex -5.624001311147435 -8.416912771501517 13.5
      vertex -4.522955447238704 -6.76908118661671 14.999999999999998
    endloop
  endfacet
  facet normal 0 0 0
    outer loop
      vertex -7.40852578332282 -7.408525783322817 13.5
      vertex -4.522955447238704 -6.76908118661671 14.999999999999998
      vertex -5.958112417447461 -5.95811241744746 14.999999999999998
    endloop
  endfacet
  facet normal 0 0 0
    outer loop
      vertex -5.624001311147435 -8.416912771501517 13.5
      vertex -3.7382936981691053 -9.025039346253712 13.5
      vertex -3.006424591686733 -7.2581510235020925 14.999999999999998
    endloop
  endfacet
  facet normal 0 0 0
    outer loop
      vertex -5.624001311147435 -8.416912771501517 13.5
      vertex -3.006424591686733 -7.2581510235020925 14.999999999999998
      vertex -4.522955447238704 -6.76908118661671 14.999999999999998
    endloop
  endfacet
  facet normal 0 0 0
    outer loop
      vertex -3.7382936981691053 -9.025039346253712 13.5
      vertex -1.9748866328699985 -9.928425561898763 13.5
      vertex -1.588250741711838 -7.984675677206077 14.999999999999998
    endloop
  endfacet
  facet normal 0 0 0
    outer loop
      vertex -3.7382936981691053 -9.025039346253712 13.5
      vertex -1.588250741711838 -7.984675677206077 14.999999999999998
      vertex -3.006424591686733 -7.2581510235020925 14.999999999999998
    endloop
  endfacet
  facet normal 0 0 0
    outer loop
      vertex -1.9748866328699985 -9.928425561898763 13.5
      vertex -1.9246373309535586e-15 -10.477237639965887 13.5
      vertex -1.547839059486157e-15 -8.426043386897746 14.999999999999998
    endloop
  endfacet
  facet normal 0 0 0
    outer loop
      vertex -1.9748866328699985 -9.928425561898763 13.5
      vertex -1.547839059486157e-15 -8.426043386897746 14.999999999999998
      vertex -1.588250741711838 -7.984675677206077 14.999999999999998
    endloop
  endfacet
  facet normal 0 0 0
    outer loop
      vertex -1.9246373309535586e-15 -10.477237639965887 13.5
      vertex 1.9748866328699954 -9.928425561898766 13.5
      vertex 1.5882507417118357 -7.98467567720608 14.999999999999998
    endloop
  endfacet
  facet normal 0 0 0
    outer loop
      vertex -1.9246373309535586e-15 -10.477237639965887 13.5
      vertex 1.5882507417118357 -7.98467567720608 14.999999999999998
      vertex -1.547839059486157e-15 -8.426043386897746 14.999999999999998
    endloop
  endfacet
  facet normal 0 0 0
    outer loop
      vertex 1.9748866328699954 -9.928425561898766 13.5
      vertex 3.7382936981691017 -9.025039346253712 13.5
      vertex 3.0064245916867303 -7.258151023502093 14.999999999999998
    endloop
  endfacet
  facet normal 0 0 0
    outer loop
      vertex 1.9748866328699954 -9.928425561898766 13.5
      vertex 3.0064245916867303 -7.258151023502093 14.999999999999998
      vertex 1.5882507417118357 -7.98467567720608 14.999999999999998
    endloop
  endfacet
  facet normal 0 0 0
    outer loop
      vertex 3.7382936981691017 -9.025039346253712 13.5
      vertex 5.62400131114743 -8.416912771501519 13.5
      vertex 4.522955447238701 -6.76908118661671 14.999999999999998
    endloop
  endfacet
  facet normal 0 0 0
    outer loop
      vertex 3.7382936981691017 -9.025039346253712 13.5
      vertex 4.522955447238701 -6.76908118661671 14.999999999999998
      vertex 3.0064245916867303 -7.258151023502093 14.999999999999998
    endloop
  endfacet
  facet normal 0 0 0
    outer loop
      vertex 5.62400131114743 -8.416912771501519 13.5
      vertex 7.408525783322816 -7.40852578332282 13.5
      vertex 5.958112417447459 -5.958112417447461 14.999999999999998
    endloop
  endfacet
  facet normal 0 0 0
    outer loop
      vertex 5.62400131114743 -8.416912771501519 13.5
      vertex 5.958112417447459 -5.958112417447461 14.999999999999998
      vertex 4.522955447238701 -6.76908118661671 14.999999999999998
    endloop
  endfacet
  facet normal 0 0 0
    outer loop
      vertex 7.408525783322816 -7.40852578332282 13.5
      vertex 8.416912771501517 -5.624001311147435 13.5
      vertex 6.76908118661671 -4.522955447238704 14.999999999999998
    endloop
  endfacet
  facet normal 0 0 0
    outer loop
      vertex 7.408525783322816 -7.40852578332282 13.5
      vertex 6.76908118661671 -4.522955447238704 14.999999999999998
      vertex 5.958112417447459 -5.958112417447461 14.999999999999998
    endloop
  endfacet
  facet normal 0 0 0
    outer loop
      vertex 8.416912771501517 -5.624001311147435 13.5
      vertex 9.025039346253712 -3.7382936981691057 13.5
      vertex 7.2581510235020925 -3.0064245916867334 14.999999999999998
    endloop
  endfacet
  facet normal 0 0 0
    outer loop
      vertex 8.416912771501517 -5.624001311147435 13.5
      vertex 7.2581510235020925 -3.0064245916867334 14.999999999999998
      vertex 6.76908118661671 -4.522955447238704 14.999999999999998
    endloop
  endfacet
  facet normal 0 0 0
    outer loop
      vertex 9.025039346253712 -3.7382936981691057 13.5
      vertex 9.928425561898763 -1.9748866328699992 13.5
      vertex 7.984675677206077 -1.5882507417118386 14.999999999999998
    endloop
  endfacet
  facet normal 0 0 0
    outer loop
      vertex 9.025039346253712 -3.7382936981691057 13.5
      vertex 7.984675677206077 -1.5882507417118386 14.999999999999998
      vertex 7.2581510235020925 -3.0064245916867334 14.999999999999998
    endloop
  endfacet
  facet normal 0 0 0
    outer loop
      vertex 9.928425561898763 -1.9748866328699992 13.5
      vertex 10.477237639965887 0 13.5
      vertex 8.426043386897746 0 14.999999999999998
    endloop
  endfacet
  facet normal 0 0 0
    outer loop
      vertex 9.928425561898763 -1.9748866328699992 13.5
      vertex 8.426043386897746 0 14.999999999999998
      vertex 7.984675677206077 -1.5882507417118386 14.999999999999998
    endloop
  endfacet
  facet normal 0 0 0
    outer loop
      vertex 8.426043386897746 0 14.999999999999998
      vertex 7.98467567720608 1.5882507417118352 14.999999999999998
      vertex 5.971431810197069 1.1877916380124955 16.5
    endloop
  endfacet
  facet normal 0 0 0
    outer loop
      vertex 8.426043386897746 0 14.999999999999998
      vertex 5.971431810197069 1.1877916380124955 16.5
      vertex 6.301513743164054 0 16.5
    endloop
  endfacet
  facet normal 0 0 0
    outer loop
      vertex 7.98467567720608 1.5882507417118352 14.999999999999998
      vertex 7.258151023502094 3.0064245916867285 14.999999999999998
      vertex 5.428091967302105 2.248389310664987 16.5
    endloop
  endfacet
  facet normal 0 0 0
    outer loop
      vertex 7.98467567720608 1.5882507417118352 14.999999999999998
      vertex 5.428091967302105 2.248389310664987 16.5
      vertex 5.971431810197069 1.1877916380124955 16.5
    endloop
  endfacet
  facet normal 0 0 0
    outer loop
      vertex 7.258151023502094 3.0064245916867285 14.999999999999998
      vertex 6.76908118661671 4.522955447238704 14.999999999999998
      vertex 5.062335448258722 3.3825444045080957 16.5
    endloop
  endfacet
  facet normal 0 0 0
    outer loop
      vertex 7.258151023502094 3.0064245916867285 14.999999999999998
      vertex 5.062335448258722 3.3825444045080957 16.5
      vertex 5.428091967302105 2.248389310664987 16.5
    endloop
  endfacet
  facet normal 0 0 0
    outer loop
      vertex 6.76908118661671 4.522955447238704 14.999999999999998
      vertex 5.9581124174474605 5.95811241744746 14.999999999999998
      vertex 4.455843099531527 4.455843099531526 16.5
    endloop
  endfacet
  facet normal 0 0 0
    outer loop
      vertex 6.76908118661671 4.522955447238704 14.999999999999998
      vertex 4.455843099531527 4.455843099531526 16.5
      vertex 5.062335448258722 3.3825444045080957 16.5
    endloop
  endfacet
  facet normal 0 0 0
    outer loop
      vertex 5.9581124174474605 5.95811241744746 14.999999999999998
      vertex 4.522955447238705 6.76908118661671 14.999999999999998
      vertex 3.3825444045080966 5.062335448258722 16.5
    endloop
  endfacet
  facet normal 0 0 0
    outer loop
      vertex 5.9581124174474605 5.95811241744746 14.999999999999998
      vertex 3.3825444045080966 5.062335448258722 16.5
      vertex 4.455843099531527 4.455843099531526 16.5
    endloop
  endfacet
  facet normal 0 0 0
    outer loop
      vertex 4.522955447238705 6.76908118661671 14.999999999999998
      vertex 3.006424591686729 7.258151023502094 14.999999999999998
      vertex 2.2483893106649875 5.428091967302105 16.5
    endloop
  endfacet
  facet normal 0 0 0
    outer loop
      vertex 4.522955447238705 6.76908118661671 14.999999999999998
      vertex 2.2483893106649875 5.428091967302105 16.5
      vertex 3.3825444045080966 5.062335448258722 16.5
    endloop
  endfacet
  facet normal 0 0 0
    outer loop
      vertex 3.006424591686729 7.258151023502094 14.999999999999998
      vertex 1.588250741711836 7.98467567720608 14.999999999999998
      vertex 1.1877916380124962 5.971431810197069 16.5
    endloop
  endfacet
  facet normal 0 0 0
    outer loop
      vertex 3.006424591686729 7.258151023502094 14.999999999999998
      vertex 1.1877916380124962 5.971431810197069 16.5
      vertex 2.2483893106649875 5.428091967302105 16.5
    endloop
  endfacet
  facet normal 0 0 0
    outer loop
      vertex 1.588250741711836 7.98467567720608 14.999999999999998
      vertex 5.159463531620524e-16 8.426043386897746 14.999999999999998
      vertex 3.8585643176744574e-16 6.301513743164054 16.5
    endloop
  endfacet
  facet normal 0 0 0
    outer loop
      vertex 1.588250741711836 7.98467567720608 14.999999999999998
      vertex 3.8585643176744574e-16 6.301513743164054 16.5
      vertex 1.1877916380124962 5.971431810197069 16.5
    endloop
  endfacet
  facet normal 0 0 0
    outer loop
      vertex 5.159463531620524e-16 8.426043386897746 14.999999999999998
      vertex -1.5882507417118348 7.98467567720608 14.999999999999998
      vertex -1.1877916380124953 5.971431810197069 16.5
    endloop
  endfacet
  facet normal 0 0 0
    outer loop
      vertex 5.159463531620524e-16 8.426043386897746 14.999999999999998
      vertex -1.1877916380124953 5.971431810197069 16.5
      vertex 3.8585643176744574e-16 6.301513743164054 16.5
    endloop
  endfacet
  facet normal 0 0 0
    outer loop
      vertex -1.5882507417118348 7.98467567720608 14.999999999999998
      vertex -3.006424591686728 7.258151023502094 14.999999999999998
      vertex -2.2483893106649866 5.428091967302105 16.5
    endloop
  endfacet
  facet normal 0 0 0
    outer loop
      vertex -1.5882507417118348 7.98467567720608 14.999999999999998
      vertex -2.2483893106649866 5.428091967302105 16.5
      vertex -1.1877916380124953 5.971431810197069 16.5
    endloop
  endfacet
  facet normal 0 0 0
    outer loop
      vertex -3.006424591686728 7.258151023502094 14.999999999999998
      vertex -4.522955447238702 6.7690811866167095 14.999999999999998
      vertex -3.382544404508094 5.062335448258722 16.5
    endloop
  endfacet
  facet normal 0 0 0
    outer loop
      vertex -3.006424591686728 7.258151023502094 14.999999999999998
      vertex -3.382544404508094 5.062335448258722 16.5
      vertex -2.2483893106649866 5.428091967302105 16.5
    endloop
  endfacet
  facet normal 0 0 0
    outer loop
      vertex -4.522955447238702 6.7690811866167095 14.999999999999998
      vertex -5.95811241744746 5.9581124174474605 14.999999999999998
      vertex -4.455843099531526 4.455843099531527 16.5
    endloop
  endfacet
  facet normal 0 0 0
    outer loop
      vertex -4.522955447238702 6.7690811866167095 14.999999999999998
      vertex -4.455843099531526 4.455843099531527 16.5
      vertex -3.382544404508094 5.062335448258722 16.5
    endloop
  endfacet
  facet normal 0 0 0
    outer loop
      vertex -5.95811241744746 5.9581124174474605 14.999999999999998
      vertex -6.769081186616711 4.522955447238704 14.999999999999998
      vertex -5.062335448258722 3.3825444045080957 16.5
    endloop
  endfacet
  facet normal 0 0 0
    outer loop
      vertex -5.95811241744746 5.9581124174474605 14.999999999999998
      vertex -5.062335448258722 3.3825444045080957 16.5
      vertex -4.455843099531526 4.455843099531527 16.5
    endloop
  endfacet
  facet normal 0 0 0
    outer loop
      vertex -6.769081186616711 4.522955447238704 14.999999999999998
      vertex -7.258151023502094 3.0064245916867294 14.999999999999998
      vertex -5.428091967302105 2.248389310664988 16.5
    endloop
  endfacet
  facet normal 0 0 0
    outer loop
      vertex -6.769081186616711 4.522955447238704 14.999999999999998
      vertex -5.428091967302105 2.248389310664988 16.5
      vertex -5.062335448258722 3.3825444045080957 16.5
    endloop
  endfacet
  facet normal 0 0 0
    outer loop
      vertex -7.258151023502094 3.0064245916867294 14.999999999999998
      vertex -7.984675677206078 1.5882507417118377 14.999999999999998
      vertex -5.9714318101970685 1.1877916380124978 16.5
    endloop
  endfacet
  facet normal 0 0 0
    outer loop
      vertex -7.258151023502094 3.0064245916867294 14.999999999999998
      vertex -5.9714318101970685 1.1877916380124978 16.5
      vertex -5.428091967302105 2.248389310664988 16.5
    endloop
  endfacet
  facet normal 0 0 0
    outer loop
      vertex -7.984675677206078 1.5882507417118377 14.999999999999998
      vertex -8.426043386897746 1.0318927063241048e-15 14.999999999999998
      vertex -6.301513743164054 7.717128635348915e-16 16.5
    endloop
  endfacet
  facet normal 0 0 0
    outer loop
      vertex -7.984675677206078 1.5882507417118377 14.999999999999998
      vertex -6.301513743164054 7.717128635348915e-16 16.5
      vertex -5.9714318101970685 1.1877916380124978 16.5
    endloop
  endfacet
  facet normal 0 0 0
    outer loop
      vertex -8.426043386897746 1.0318927063241048e-15 14.999999999999998
      vertex -7.98467567720608 -1.5882507417118361 14.999999999999998
      vertex -5.971431810197069 -1.1877916380124962 16.5
    endloop
  endfacet
  facet normal 0 0 0
    outer loop
      vertex -8.426043386897746 1.0318927063241048e-15 14.999999999999998
      vertex -5.971431810197069 -1.1877916380124962 16.5
      vertex -6.301513743164054 7.717128635348915e-16 16.5
    endloop
  endfacet
  facet normal 0 0 0
    outer loop
      vertex -7.98467567720608 -1.5882507417118361 14.999999999999998
      vertex -7.258151023502095 -3.006424591686727 14.999999999999998
      vertex -5.428091967302106 -2.248389310664986 16.5
    endloop
  endfacet
  facet normal 0 0 0
    outer loop
      vertex -7.98467567720608 -1.5882507417118361 14.999999999999998
      vertex -5.428091967302106 -2.248389310664986 16.5
      vertex -5.971431810197069 -1.1877916380124962 16.5
    endloop
  endfacet
  facet normal 0 0 0
    outer loop
      vertex -7.258151023502095 -3.006424591686727 14.999999999999998
      vertex -6.76908118661671 -4.522955447238702 14.999999999999998
      vertex -5.062335448258722 -3.382544404508094 16.5
    endloop
  endfacet
  facet normal 0 0 0
    outer loop
      vertex -7.258151023502095 -3.006424591686727 14.999999999999998
      vertex -5.062335448258722 -3.382544404508094 16.5
      vertex -5.428091967302106 -2.248389310664986 16.5
    endloop
  endfacet
  facet normal 0 0 0
    outer loop
      vertex -6.76908118661671 -4.522955447238702 14.999999999999998
      vertex -5.958112417447461 -5.95811241744746 14.999999999999998
      vertex -4.455843099531528 -4.455843099531526 16.5
    endloop
  endfacet
  facet normal 0 0 0
    outer loop
      vertex -6.76908118661671 -4.522955447238702 14.999999999999998
      vertex -4.455843099531528 -4.455843099531526 16.5
      vertex -5.062335448258722 -3.382544404508094 16.5
    endloop
  endfacet
  facet normal 0 0 0
    outer loop
      vertex -5.958112417447461 -5.95811241744746 14.999999999999998
      vertex -4.522955447238704 -6.76908118661671 14.999999999999998
      vertex -3.3825444045080957 -5.062335448258722 16.5
    endloop
  endfacet
  facet normal 0 0 0
    outer loop
      vertex -5.958112417447461 -5.95811241744746 14.999999999999998
      vertex -3.3825444045080957 -5.062335448258722 16.5
      vertex -4.455843099531528 -4.455843099531526 16.5
    endloop
  endfacet
  facet normal 0 0 0
    outer loop
      vertex -4.522955447238704 -6.76908118661671 14.999999999999998
      vertex -3.006424591686733 -7.2581510235020925 14.999999999999998
      vertex -2.24838931066499 -5.428091967302104 16.5
    endloop
  endfacet
  facet normal 0 0 0
    outer loop
      vertex -4.522955447238704 -6.76908118661671 14.999999999999998
      vertex -2.24838931066499 -5.428091967302104 16.5
      vertex -3.3825444045080957 -5.062335448258722 16.5
    endloop
  endfacet
  facet normal 0 0 0
    outer loop
      vertex -3.006424591686733 -7.2581510235020925 14.999999999999998
      vertex -1.588250741711838 -7.984675677206077 14.999999999999998
      vertex -1.187791638012498 -5.971431810197068 16.5
    endloop
  endfacet
  facet normal 0 0 0
    outer loop
      vertex -3.006424591686733 -7.2581510235020925 14.999999999999998
      vertex -1.187791638012498 -5.971431810197068 16.5
      vertex -2.24838931066499 -5.428091967302104 16.5
    endloop
  endfacet
  facet normal 0 0 0
    outer loop
      vertex -1.588250741711838 -7.984675677206077 14.999999999999998
      vertex -1.547839059486157e-15 -8.426043386897746 14.999999999999998
      vertex -1.1575692953023372e-15 -6.301513743164054 16.5
    endloop
  endfacet
  facet normal 0 0 0
    outer loop
      vertex -1.588250741711838 -7.984675677206077 14.999999999999998
      vertex -1.1575692953023372e-15 -6.301513743164054 16.5
      vertex -1.187791638012498 -5.971431810197068 16.5
    endloop
  endfacet
  facet normal 0 0 0
    outer loop
      vertex -1.547839059486157e-15 -8.426043386897746 14.999999999999998
      vertex 1.5882507417118357 -7.98467567720608 14.999999999999998
      vertex 1.187791638012496 -5.971431810197069 16.5
    endloop
  endfacet
  facet normal 0 0 0
    outer loop
      vertex -1.547839059486157e-15 -8.426043386897746 14.999999999999998
      vertex 1.187791638012496 -5.971431810197069 16.5
      vertex -1.1575692953023372e-15 -6.301513743164054 16.5
    endloop
  endfacet
  facet normal 0 0 0
    outer loop
      vertex 1.5882507417118357 -7.98467567720608 14.999999999999998
      vertex 3.0064245916867303 -7.258151023502093 14.999999999999998
      vertex 2.2483893106649884 -5.428091967302105 16.5
    endloop
  endfacet
  facet normal 0 0 0
    outer loop
      vertex 1.5882507417118357 -7.98467567720608 14.999999999999998
      vertex 2.2483893106649884 -5.428091967302105 16.5
      vertex 1.187791638012496 -5.971431810197069 16.5
    endloop
  endfacet
  facet normal 0 0 0
    outer loop
      vertex 3.0064245916867303 -7.258151023502093 14.999999999999998
      vertex 4.522955447238701 -6.76908118661671 14.999999999999998
      vertex 3.382544404508093 -5.062335448258722 16.5
    endloop
  endfacet
  facet normal 0 0 0
    outer loop
      vertex 3.0064245916867303 -7.258151023502093 14.999999999999998
      vertex 3.382544404508093 -5.062335448258722 16.5
      vertex 2.2483893106649884 -5.428091967302105 16.5
    endloop
  endfacet
  facet normal 0 0 0
    outer loop
      vertex 4.522955447238701 -6.76908118661671 14.999999999999998
      vertex 5.958112417447459 -5.958112417447461 14.999999999999998
      vertex 4.455843099531526 -4.455843099531528 16.5
    endloop
  endfacet
  facet normal 0 0 0
    outer loop
      vertex 4.522955447238701 -6.76908118661671 14.999999999999998
      vertex 4.455843099531526 -4.455843099531528 16.5
      vertex 3.382544404508093 -5.062335448258722 16.5
    endloop
  endfacet
  facet normal 0 0 0
    outer loop
      vertex 5.958112417447459 -5.958112417447461 14.999999999999998
      vertex 6.76908118661671 -4.522955447238704 14.999999999999998
      vertex 5.062335448258722 -3.3825444045080957 16.5
    endloop
  endfacet
  facet normal 0 0 0
    outer loop
      vertex 5.958112417447459 -5.958112417447461 14.999999999999998
      vertex 5.062335448258722 -3.3825444045080957 16.5
      vertex 4.455843099531526 -4.455843099531528 16.5
    endloop
  endfacet
  facet normal 0 0 0
    outer loop
      vertex 6.76908118661671 -4.522955447238704 14.999999999999998
      vertex 7.2581510235020925 -3.0064245916867334 14.999999999999998
      vertex 5.428091967302104 -2.2483893106649906 16.5
    endloop
  endfacet
  facet normal 0 0 0
    outer loop
      vertex 6.76908118661671 -4.522955447238704 14.999999999999998
      vertex 5.428091967302104 -2.2483893106649906 16.5
      vertex 5.062335448258722 -3.3825444045080957 16.5
    endloop
  endfacet
  facet normal 0 0 0
    outer loop
      vertex 7.2581510235020925 -3.0064245916867334 14.999999999999998
      vertex 7.984675677206077 -1.5882507417118386 14.999999999999998
      vertex 5.971431810197068 -1.1877916380124984 16.5
    endloop
  endfacet
  facet normal 0 0 0
    outer loop
      vertex 7.2581510235020925 -3.0064245916867334 14.999999999999998
      vertex 5.971431810197068 -1.1877916380124984 16.5
      vertex 5.428091967302104 -2.2483893106649906 16.5
    endloop
  endfacet
  facet normal 0 0 0
    outer loop
      vertex 7.984675677206077 -1.5882507417118386 14.999999999999998
      vertex 8.426043386897746 0 14.999999999999998
      vertex 6.301513743164054 0 16.5
    endloop
  endfacet
  facet normal 0 0 0
    outer loop
      vertex 7.984675677206077 -1.5882507417118386 14.999999999999998
      vertex 6.301513743164054 0 16.5
      vertex 5.971431810197068 -1.1877916380124984 16.5
    endloop
  endfacet
  facet normal 0 0 0
    outer loop
      vertex 6.301513743164054 0 16.5
      vertex 5.971431810197069 1.1877916380124955 16.5
      vertex 3.9231411216129235 0.7803612880645133 18
    endloop
  endfacet
  facet normal 0 0 0
    outer loop
      vertex 6.301513743164054 0 16.5
      vertex 3.9231411216129235 0.7803612880645133 18
      vertex 4.1400000000000015 0 18
    endloop
  endfacet
  facet normal 0 0 0
    outer loop
      vertex 5.971431810197069 1.1877916380124955 16.5
      vertex 5.428091967302105 2.248389310664987 16.5
      vertex 3.566174995493568 1.4771580489292473 18
    endloop
  endfacet
  facet normal 0 0 0
    outer loop
      vertex 5.971431810197069 1.1877916380124955 16.5
      vertex 3.566174995493568 1.4771580489292473 18
      vertex 3.9231411216129235 0.7803612880645133 18
    endloop
  endfacet
  facet normal 0 0 0
    outer loop
      vertex 5.428091967302105 2.248389310664987 16.5
      vertex 5.062335448258722 3.3825444045080957 16.5
      vertex 3.3258784492101823 2.2222809320784096 18
    endloop
  endfacet
  facet normal 0 0 0
    outer loop
      vertex 5.428091967302105 2.248389310664987 16.5
      vertex 3.3258784492101823 2.2222809320784096 18
      vertex 3.566174995493568 1.4771580489292473 18
    endloop
  endfacet
  facet normal 0 0 0
    outer loop
      vertex 5.062335448258722 3.3825444045080957 16.5
      vertex 4.455843099531527 4.455843099531526 16.5
      vertex 2.927422074112308 2.9274220741123074 18
    endloop
  endfacet
  facet normal 0 0 0
    outer loop
      vertex 5.062335448258722 3.3825444045080957 16.5
      vertex 2.927422074112308 2.9274220741123074 18
      vertex 3.3258784492101823 2.2222809320784096 18
    endloop
  endfacet
  facet normal 0 0 0
    outer loop
      vertex 4.455843099531527 4.455843099531526 16.5
      vertex 3.3825444045080966 5.062335448258722 16.5
      vertex 2.22228093207841 3.3258784492101823 18
    endloop
  endfacet
  facet normal 0 0 0
    outer loop
      vertex 4.455843099531527 4.455843099531526 16.5
      vertex 2.22228093207841 3.3258784492101823 18
      vertex 2.927422074112308 2.9274220741123074 18
    endloop
  endfacet
  facet normal 0 0 0
    outer loop
      vertex 3.3825444045080966 5.062335448258722 16.5
      vertex 2.2483893106649875 5.428091967302105 16.5
      vertex 1.4771580489292475 3.566174995493568 18
    endloop
  endfacet
  facet normal 0 0 0
    outer loop
      vertex 3.3825444045080966 5.062335448258722 16.5
      vertex 1.4771580489292475 3.566174995493568 18
      vertex 2.22228093207841 3.3258784492101823 18
    endloop
  endfacet
  facet normal 0 0 0
    outer loop
      vertex 2.2483893106649875 5.428091967302105 16.5
      vertex 1.1877916380124962 5.971431810197069 16.5
      vertex 0.7803612880645137 3.9231411216129235 18
    endloop
  endfacet
  facet normal 0 0 0
    outer loop
      vertex 2.2483893106649875 5.428091967302105 16.5
      vertex 0.7803612880645137 3.9231411216129235 18
      vertex 1.4771580489292475 3.566174995493568 18
    endloop
  endfacet
  facet normal 0 0 0
    outer loop
      vertex 1.1877916380124962 5.971431810197069 16.5
      vertex 3.8585643176744574e-16 6.301513743164054 16.5
      vertex 2.535018874235022e-16 4.1400000000000015 18
    endloop
  endfacet
  facet normal 0 0 0
    outer loop
      vertex 1.1877916380124962 5.971431810197069 16.5
      vertex 2.535018874235022e-16 4.1400000000000015 18
      vertex 0.7803612880645137 3.9231411216129235 18
    endloop
  endfacet
  facet normal 0 0 0
    outer loop
      vertex 3.8585643176744574e-16 6.301513743164054 16.5
      vertex -1.1877916380124953 5.971431810197069 16.5
      vertex -0.7803612880645131 3.9231411216129235 18
    endloop
  endfacet
  facet normal 0 0 0
    outer loop
      vertex 3.8585643176744574e-16 6.301513743164054 16.5
      vertex -0.7803612880645131 3.9231411216129235 18
      vertex 2.535018874235022e-16 4.1400000000000015 18
    endloop
  endfacet
  facet normal 0 0 0
    outer loop
      vertex -1.1877916380124953 5.971431810197069 16.5
      vertex -2.2483893106649866 5.428091967302105 16.5
      vertex -1.477158048929247 3.566174995493568 18
    endloop
  endfacet
  facet normal 0 0 0
    outer loop
      vertex -1.1877916380124953 5.971431810197069 16.5
      vertex -1.477158048929247 3.566174995493568 18
      vertex -0.7803612880645131 3.9231411216129235 18
    endloop
  endfacet
  facet normal 0 0 0
    outer loop
      vertex -2.2483893106649866 5.428091967302105 16.5
      vertex -3.382544404508094 5.062335448258722 16.5
      vertex -2.2222809320784083 3.3258784492101823 18
    endloop
  endfacet
  facet normal 0 0 0
    outer loop
      vertex -2.2483893106649866 5.428091967302105 16.5
      vertex -2.2222809320784083 3.3258784492101823 18
      vertex -1.477158048929247 3.566174995493568 18
    endloop
  endfacet
  facet normal 0 0 0
    outer loop
      vertex -3.382544404508094 5.062335448258722 16.5
      vertex -4.455843099531526 4.455843099531527 16.5
      vertex -2.9274220741123074 2.927422074112308 18
    endloop
  endfacet
  facet normal 0 0 0
    outer loop
      vertex -3.382544404508094 5.062335448258722 16.5
      vertex -2.9274220741123074 2.927422074112308 18
      vertex -2.2222809320784083 3.3258784492101823 18
    endloop
  endfacet
  facet normal 0 0 0
    outer loop
      vertex -4.455843099531526 4.455843099531527 16.5
      vertex -5.062335448258722 3.3825444045080957 16.5
      vertex -3.3258784492101827 2.2222809320784096 18
    endloop
  endfacet
  facet normal 0 0 0
    outer loop
      vertex -4.455843099531526 4.455843099531527 16.5
      vertex -3.3258784492101827 2.2222809320784096 18
      vertex -2.9274220741123074 2.927422074112308 18
    endloop
  endfacet
  facet normal 0 0 0
    outer loop
      vertex -5.062335448258722 3.3825444045080957 16.5
      vertex -5.428091967302105 2.248389310664988 16.5
      vertex -3.566174995493568 1.4771580489292475 18
    endloop
  endfacet
  facet normal 0 0 0
    outer loop
      vertex -5.062335448258722 3.3825444045080957 16.5
      vertex -3.566174995493568 1.4771580489292475 18
      vertex -3.3258784492101827 2.2222809320784096 18
    endloop
  endfacet
  facet normal 0 0 0
    outer loop
      vertex -5.428091967302105 2.248389310664988 16.5
      vertex -5.9714318101970685 1.1877916380124978 16.5
      vertex -3.9231411216129226 0.7803612880645147 18
    endloop
  endfacet
  facet normal 0 0 0
    outer loop
      vertex -5.428091967302105 2.248389310664988 16.5
      vertex -3.9231411216129226 0.7803612880645147 18
      vertex -3.566174995493568 1.4771580489292475 18
    endloop
  endfacet
  facet normal 0 0 0
    outer loop
      vertex -5.9714318101970685 1.1877916380124978 16.5
      vertex -6.301513743164054 7.717128635348915e-16 16.5
      vertex -4.1400000000000015 5.070037748470044e-16 18
    endloop
  endfacet
  facet normal 0 0 0
    outer loop
      vertex -5.9714318101970685 1.1877916380124978 16.5
      vertex -4.1400000000000015 5.070037748470044e-16 18
      vertex -3.9231411216129226 0.7803612880645147 18
    endloop
  endfacet
  facet normal 0 0 0
    outer loop
      vertex -6.301513743164054 7.717128635348915e-16 16.5
      vertex -5.971431810197069 -1.1877916380124962 16.5
      vertex -3.9231411216129235 -0.7803612880645138 18
    endloop
  endfacet
  facet normal 0 0 0
    outer loop
      vertex -6.301513743164054 7.717128635348915e-16 16.5
      vertex -3.9231411216129235 -0.7803612880645138 18
      vertex -4.1400000000000015 5.070037748470044e-16 18
    endloop
  endfacet
  facet normal 0 0 0
    outer loop
      vertex -5.971431810197069 -1.1877916380124962 16.5
      vertex -5.428091967302106 -2.248389310664986 16.5
      vertex -3.5661749954935686 -1.4771580489292466 18
    endloop
  endfacet
  facet normal 0 0 0
    outer loop
      vertex -5.971431810197069 -1.1877916380124962 16.5
      vertex -3.5661749954935686 -1.4771580489292466 18
      vertex -3.9231411216129235 -0.7803612880645138 18
    endloop
  endfacet
  facet normal 0 0 0
    outer loop
      vertex -5.428091967302106 -2.248389310664986 16.5
      vertex -5.062335448258722 -3.382544404508094 16.5
      vertex -3.3258784492101827 -2.2222809320784083 18
    endloop
  endfacet
  facet normal 0 0 0
    outer loop
      vertex -5.428091967302106 -2.248389310664986 16.5
      vertex -3.3258784492101827 -2.2222809320784083 18
      vertex -3.5661749954935686 -1.4771580489292466 18
    endloop
  endfacet
  facet normal 0 0 0
    outer loop
      vertex -5.062335448258722 -3.382544404508094 16.5
      vertex -4.455843099531528 -4.455843099531526 16.5
      vertex -2.9274220741123083 -2.9274220741123074 18
    endloop
  endfacet
  facet normal 0 0 0
    outer loop
      vertex -5.062335448258722 -3.382544404508094 16.5
      vertex -2.9274220741123083 -2.9274220741123074 18
      vertex -3.3258784492101827 -2.2222809320784083 18
    endloop
  endfacet
  facet normal 0 0 0
    outer loop
      vertex -4.455843099531528 -4.455843099531526 16.5
      vertex -3.3825444045080957 -5.062335448258722 16.5
      vertex -2.2222809320784096 -3.3258784492101823 18
    endloop
  endfacet
  facet normal 0 0 0
    outer loop
      vertex -4.455843099531528 -4.455843099531526 16.5
      vertex -2.2222809320784096 -3.3258784492101823 18
      vertex -2.9274220741123083 -2.9274220741123074 18
    endloop
  endfacet
  facet normal 0 0 0
    outer loop
      vertex -3.3825444045080957 -5.062335448258722 16.5
      vertex -2.24838931066499 -5.428091967302104 16.5
      vertex -1.4771580489292493 -3.5661749954935673 18
    endloop
  endfacet
  facet normal 0 0 0
    outer loop
      vertex -3.3825444045080957 -5.062335448258722 16.5
      vertex -1.4771580489292493 -3.5661749954935673 18
      vertex -2.2222809320784096 -3.3258784492101823 18
    endloop
  endfacet
  facet normal 0 0 0
    outer loop
      vertex -2.24838931066499 -5.428091967302104 16.5
      vertex -1.187791638012498 -5.971431810197068 16.5
      vertex -0.7803612880645149 -3.923141121612922 18
    endloop
  endfacet
  facet normal 0 0 0
    outer loop
      vertex -2.24838931066499 -5.428091967302104 16.5
      vertex -0.7803612880645149 -3.923141121612922 18
      vertex -1.4771580489292493 -3.5661749954935673 18
    endloop
  endfacet
  facet normal 0 0 0
    outer loop
      vertex -1.187791638012498 -5.971431810197068 16.5
      vertex -1.1575692953023372e-15 -6.301513743164054 16.5
      vertex -7.605056622705066e-16 -4.1400000000000015 18
    endloop
  endfacet
  facet normal 0 0 0
    outer loop
      vertex -1.187791638012498 -5.971431810197068 16.5
      vertex -7.605056622705066e-16 -4.1400000000000015 18
      vertex -0.7803612880645149 -3.923141121612922 18
    endloop
  endfacet
  facet normal 0 0 0
    outer loop
      vertex -1.1575692953023372e-15 -6.301513743164054 16.5
      vertex 1.187791638012496 -5.971431810197069 16.5
      vertex 0.7803612880645135 -3.9231411216129235 18
    endloop
  endfacet
  facet normal 0 0 0
    outer loop
      vertex -1.1575692953023372e-15 -6.301513743164054 16.5
      vertex 0.7803612880645135 -3.9231411216129235 18
      vertex -7.605056622705066e-16 -4.1400000000000015 18
    endloop
  endfacet
  facet normal 0 0 0
    outer loop
      vertex 1.187791638012496 -5.971431810197069 16.5
      vertex 2.2483893106649884 -5.428091967302105 16.5
      vertex 1.477158048929248 -3.5661749954935678 18
    endloop
  endfacet
  facet normal 0 0 0
    outer loop
      vertex 1.187791638012496 -5.971431810197069 16.5
      vertex 1.477158048929248 -3.5661749954935678 18
      vertex 0.7803612880645135 -3.9231411216129235 18
    endloop
  endfacet
  facet normal 0 0 0
    outer loop
      vertex 2.2483893106649884 -5.428091967302105 16.5
      vertex 3.382544404508093 -5.062335448258722 16.5
      vertex 2.222280932078408 -3.3258784492101827 18
    endloop
  endfacet
  facet normal 0 0 0
    outer loop
      vertex 2.2483893106649884 -5.428091967302105 16.5
      vertex 2.222280932078408 -3.3258784492101827 18
      vertex 1.477158048929248 -3.5661749954935678 18
    endloop
  endfacet
  facet normal 0 0 0
    outer loop
      vertex 3.382544404508093 -5.062335448258722 16.5
      vertex 4.455843099531526 -4.455843099531528 16.5
      vertex 2.927422074112307 -2.9274220741123083 18
    endloop
  endfacet
  facet normal 0 0 0
    outer loop
      vertex 3.382544404508093 -5.062335448258722 16.5
      vertex 2.927422074112307 -2.9274220741123083 18
      vertex 2.222280932078408 -3.3258784492101827 18
    endloop
  endfacet
  facet normal 0 0 0
    outer loop
      vertex 4.455843099531526 -4.455843099531528 16.5
      vertex 5.062335448258722 -3.3825444045080957 16.5
      vertex 3.3258784492101823 -2.2222809320784096 18
    endloop
  endfacet
  facet normal 0 0 0
    outer loop
      vertex 4.455843099531526 -4.455843099531528 16.5
      vertex 3.3258784492101823 -2.2222809320784096 18
      vertex 2.927422074112307 -2.9274220741123083 18
    endloop
  endfacet
  facet normal 0 0 0
    outer loop
      vertex 5.062335448258722 -3.3825444045080957 16.5
      vertex 5.428091967302104 -2.2483893106649906 16.5
      vertex 3.5661749954935673 -1.4771580489292495 18
    endloop
  endfacet
  facet normal 0 0 0
    outer loop
      vertex 5.062335448258722 -3.3825444045080957 16.5
      vertex 3.5661749954935673 -1.4771580489292495 18
      vertex 3.3258784492101823 -2.2222809320784096 18
    endloop
  endfacet
  facet normal 0 0 0
    outer loop
      vertex 5.428091967302104 -2.2483893106649906 16.5
      vertex 5.971431810197068 -1.1877916380124984 16.5
      vertex 3.923141121612922 -0.7803612880645151 18
    endloop
  endfacet
  facet normal 0 0 0
    outer loop
      vertex 5.428091967302104 -2.2483893106649906 16.5
      vertex 3.923141121612922 -0.7803612880645151 18
      vertex 3.5661749954935673 -1.4771580489292495 18
    endloop
  endfacet
  facet normal 0 0 0
    outer loop
      vertex 5.971431810197068 -1.1877916380124984 16.5
      vertex 6.301513743164054 0 16.5
      vertex 4.1400000000000015 0 18
    endloop
  endfacet
  facet normal 0 0 0
    outer loop
      vertex 5.971431810197068 -1.1877916380124984 16.5
      vertex 4.1400000000000015 0 18
      vertex 3.923141121612922 -0.7803612880645151 18
    endloop
  endfacet
  facet normal 0 0 0
    outer loop
      vertex 0 0 -18
      vertex 3.9231411216129217 0.780361288064513 -18
      vertex 4.14 0 -18
    endloop
  endfacet
  facet normal 0 0 0
    outer loop
      vertex 0 0 18
      vertex 4.1400000000000015 0 18
      vertex 3.9231411216129235 0.7803612880645133 18
    endloop
  endfacet
  facet normal 0 0 0
    outer loop
      vertex 0 0 -18
      vertex 3.566174995493567 1.4771580489292464 -18
      vertex 3.9231411216129217 0.780361288064513 -18
    endloop
  endfacet
  facet normal 0 0 0
    outer loop
      vertex 0 0 18
      vertex 3.9231411216129235 0.7803612880645133 18
      vertex 3.566174995493568 1.4771580489292473 18
    endloop
  endfacet
  facet normal 0 0 0
    outer loop
      vertex 0 0 -18
      vertex 3.325878449210181 2.2222809320784087 -18
      vertex 3.566174995493567 1.4771580489292464 -18
    endloop
  endfacet
  facet normal 0 0 0
    outer loop
      vertex 0 0 18
      vertex 3.566174995493568 1.4771580489292473 18
      vertex 3.3258784492101823 2.2222809320784096 18
    endloop
  endfacet
  facet normal 0 0 0
    outer loop
      vertex 0 0 -18
      vertex 2.927422074112307 2.9274220741123065 -18
      vertex 3.325878449210181 2.2222809320784087 -18
    endloop
  endfacet
  facet normal 0 0 0
    outer loop
      vertex 0 0 18
      vertex 3.3258784492101823 2.2222809320784096 18
      vertex 2.927422074112308 2.9274220741123074 18
    endloop
  endfacet
  facet normal 0 0 0
    outer loop
      vertex 0 0 -18
      vertex 2.222280932078409 3.325878449210181 -18
      vertex 2.927422074112307 2.9274220741123065 -18
    endloop
  endfacet
  facet normal 0 0 0
    outer loop
      vertex 0 0 18
      vertex 2.927422074112308 2.9274220741123074 18
      vertex 2.22228093207841 3.3258784492101823 18
    endloop
  endfacet
  facet normal 0 0 0
    outer loop
      vertex 0 0 -18
      vertex 1.4771580489292466 3.566174995493567 -18
      vertex 2.222280932078409 3.325878449210181 -18
    endloop
  endfacet
  facet normal 0 0 0
    outer loop
      vertex 0 0 18
      vertex 2.22228093207841 3.3258784492101823 18
      vertex 1.4771580489292475 3.566174995493568 18
    endloop
  endfacet
  facet normal 0 0 0
    outer loop
      vertex 0 0 -18
      vertex 0.7803612880645133 3.9231411216129217 -18
      vertex 1.4771580489292466 3.566174995493567 -18
    endloop
  endfacet
  facet normal 0 0 0
    outer loop
      vertex 0 0 18
      vertex 1.4771580489292475 3.566174995493568 18
      vertex 0.7803612880645137 3.9231411216129235 18
    endloop
  endfacet
  facet normal 0 0 0
    outer loop
      vertex 0 0 -18
      vertex 2.5350188742350207e-16 4.14 -18
      vertex 0.7803612880645133 3.9231411216129217 -18
    endloop
  endfacet
  facet normal 0 0 0
    outer loop
      vertex 0 0 18
      vertex 0.7803612880645137 3.9231411216129235 18
      vertex 2.535018874235022e-16 4.1400000000000015 18
    endloop
  endfacet
  facet normal 0 0 0
    outer loop
      vertex 0 0 -18
      vertex -0.7803612880645128 3.9231411216129217 -18
      vertex 2.5350188742350207e-16 4.14 -18
    endloop
  endfacet
  facet normal 0 0 0
    outer loop
      vertex 0 0 18
      vertex 2.535018874235022e-16 4.1400000000000015 18
      vertex -0.7803612880645131 3.9231411216129235 18
    endloop
  endfacet
  facet normal 0 0 0
    outer loop
      vertex 0 0 -18
      vertex -1.4771580489292464 3.566174995493567 -18
      vertex -0.7803612880645128 3.9231411216129217 -18
    endloop
  endfacet
  facet normal 0 0 0
    outer loop
      vertex 0 0 18
      vertex -0.7803612880645131 3.9231411216129235 18
      vertex -1.477158048929247 3.566174995493568 18
    endloop
  endfacet
  facet normal 0 0 0
    outer loop
      vertex 0 0 -18
      vertex -2.2222809320784074 3.325878449210181 -18
      vertex -1.4771580489292464 3.566174995493567 -18
    endloop
  endfacet
  facet normal 0 0 0
    outer loop
      vertex 0 0 18
      vertex -1.477158048929247 3.566174995493568 18
      vertex -2.2222809320784083 3.3258784492101823 18
    endloop
  endfacet
  facet normal 0 0 0
    outer loop
      vertex 0 0 -18
      vertex -2.9274220741123065 2.927422074112307 -18
      vertex -2.2222809320784074 3.325878449210181 -18
    endloop
  endfacet
  facet normal 0 0 0
    outer loop
      vertex 0 0 18
      vertex -2.2222809320784083 3.3258784492101823 18
      vertex -2.9274220741123074 2.927422074112308 18
    endloop
  endfacet
  facet normal 0 0 0
    outer loop
      vertex 0 0 -18
      vertex -3.3258784492101814 2.2222809320784087 -18
      vertex -2.9274220741123065 2.927422074112307 -18
    endloop
  endfacet
  facet normal 0 0 0
    outer loop
      vertex 0 0 18
      vertex -2.9274220741123074 2.927422074112308 18
      vertex -3.3258784492101827 2.2222809320784096 18
    endloop
  endfacet
  facet normal 0 0 0
    outer loop
      vertex 0 0 -18
      vertex -3.566174995493567 1.4771580489292468 -18
      vertex -3.3258784492101814 2.2222809320784087 -18
    endloop
  endfacet
  facet normal 0 0 0
    outer loop
      vertex 0 0 18
      vertex -3.3258784492101827 2.2222809320784096 18
      vertex -3.566174995493568 1.4771580489292475 18
    endloop
  endfacet
  facet normal 0 0 0
    outer loop
      vertex 0 0 -18
      vertex -3.9231411216129213 0.7803612880645143 -18
      vertex -3.566174995493567 1.4771580489292468 -18
    endloop
  endfacet
  facet normal 0 0 0
    outer loop
      vertex 0 0 18
      vertex -3.566174995493568 1.4771580489292475 18
      vertex -3.9231411216129226 0.7803612880645147 18
    endloop
  endfacet
  facet normal 0 0 0
    outer loop
      vertex 0 0 -18
      vertex -4.14 5.070037748470041e-16 -18
      vertex -3.9231411216129213 0.7803612880645143 -18
    endloop
  endfacet
  facet normal 0 0 0
    outer loop
      vertex 0 0 18
      vertex -3.9231411216129226 0.7803612880645147 18
      vertex -4.1400000000000015 5.070037748470044e-16 18
    endloop
  endfacet
  facet normal 0 0 0
    outer loop
      vertex 0 0 -18
      vertex -3.9231411216129217 -0.7803612880645134 -18
      vertex -4.14 5.070037748470041e-16 -18
    endloop
  endfacet
  facet normal 0 0 0
    outer loop
      vertex 0 0 18
      vertex -4.1400000000000015 5.070037748470044e-16 18
      vertex -3.9231411216129235 -0.7803612880645138 18
    endloop
  endfacet
  facet normal 0 0 0
    outer loop
      vertex 0 0 -18
      vertex -3.5661749954935673 -1.477158048929246 -18
      vertex -3.9231411216129217 -0.7803612880645134 -18
    endloop
  endfacet
  facet normal 0 0 0
    outer loop
      vertex 0 0 18
      vertex -3.9231411216129235 -0.7803612880645138 18
      vertex -3.5661749954935686 -1.4771580489292466 18
    endloop
  endfacet
  facet normal 0 0 0
    outer loop
      vertex 0 0 -18
      vertex -3.3258784492101814 -2.2222809320784074 -18
      vertex -3.5661749954935673 -1.477158048929246 -18
    endloop
  endfacet
  facet normal 0 0 0
    outer loop
      vertex 0 0 18
      vertex -3.5661749954935686 -1.4771580489292466 18
      vertex -3.3258784492101827 -2.2222809320784083 18
    endloop
  endfacet
  facet normal 0 0 0
    outer loop
      vertex 0 0 -18
      vertex -2.9274220741123074 -2.9274220741123065 -18
      vertex -3.3258784492101814 -2.2222809320784074 -18
    endloop
  endfacet
  facet normal 0 0 0
    outer loop
      vertex 0 0 18
      vertex -3.3258784492101827 -2.2222809320784083 18
      vertex -2.9274220741123083 -2.9274220741123074 18
    endloop
  endfacet
  facet normal 0 0 0
    outer loop
      vertex 0 0 -18
      vertex -2.2222809320784087 -3.325878449210181 -18
      vertex -2.9274220741123074 -2.9274220741123065 -18
    endloop
  endfacet
  facet normal 0 0 0
    outer loop
      vertex 0 0 18
      vertex -2.9274220741123083 -2.9274220741123074 18
      vertex -2.2222809320784096 -3.3258784492101823 18
    endloop
  endfacet
  facet normal 0 0 0
    outer loop
      vertex 0 0 -18
      vertex -1.4771580489292486 -3.566174995493566 -18
      vertex -2.2222809320784087 -3.325878449210181 -18
    endloop
  endfacet
  facet normal 0 0 0
    outer loop
      vertex 0 0 18
      vertex -2.2222809320784096 -3.3258784492101823 18
      vertex -1.4771580489292493 -3.5661749954935673 18
    endloop
  endfacet
  facet normal 0 0 0
    outer loop
      vertex 0 0 -18
      vertex -0.7803612880645145 -3.923141121612921 -18
      vertex -1.4771580489292486 -3.566174995493566 -18
    endloop
  endfacet
  facet normal 0 0 0
    outer loop
      vertex 0 0 18
      vertex -1.4771580489292493 -3.5661749954935673 18
      vertex -0.7803612880645149 -3.923141121612922 18
    endloop
  endfacet
  facet normal 0 0 0
    outer loop
      vertex 0 0 -18
      vertex -7.605056622705063e-16 -4.14 -18
      vertex -0.7803612880645145 -3.923141121612921 -18
    endloop
  endfacet
  facet normal 0 0 0
    outer loop
      vertex 0 0 18
      vertex -0.7803612880645149 -3.923141121612922 18
      vertex -7.605056622705066e-16 -4.1400000000000015 18
    endloop
  endfacet
  facet normal 0 0 0
    outer loop
      vertex 0 0 -18
      vertex 0.7803612880645132 -3.9231411216129217 -18
      vertex -7.605056622705063e-16 -4.14 -18
    endloop
  endfacet
  facet normal 0 0 0
    outer loop
      vertex 0 0 18
      vertex -7.605056622705066e-16 -4.1400000000000015 18
      vertex 0.7803612880645135 -3.9231411216129235 18
    endloop
  endfacet
  facet normal 0 0 0
    outer loop
      vertex 0 0 -18
      vertex 1.4771580489292473 -3.5661749954935664 -18
      vertex 0.7803612880645132 -3.9231411216129217 -18
    endloop
  endfacet
  facet normal 0 0 0
    outer loop
      vertex 0 0 18
      vertex 0.7803612880645135 -3.9231411216129235 18
      vertex 1.477158048929248 -3.5661749954935678 18
    endloop
  endfacet
  facet normal 0 0 0
    outer loop
      vertex 0 0 -18
      vertex 2.222280932078407 -3.3258784492101814 -18
      vertex 1.4771580489292473 -3.5661749954935664 -18
    endloop
  endfacet
  facet normal 0 0 0
    outer loop
      vertex 0 0 18
      vertex 1.477158048929248 -3.5661749954935678 18
      vertex 2.222280932078408 -3.3258784492101827 18
    endloop
  endfacet
  facet normal 0 0 0
    outer loop
      vertex 0 0 -18
      vertex 2.9274220741123056 -2.9274220741123074 -18
      vertex 2.222280932078407 -3.3258784492101814 -18
    endloop
  endfacet
  facet normal 0 0 0
    outer loop
      vertex 0 0 18
      vertex 2.222280932078408 -3.3258784492101827 18
      vertex 2.927422074112307 -2.9274220741123083 18
    endloop
  endfacet
  facet normal 0 0 0
    outer loop
      vertex 0 0 -18
      vertex 3.325878449210181 -2.2222809320784087 -18
      vertex 2.9274220741123056 -2.9274220741123074 -18
    endloop
  endfacet
  facet normal 0 0 0
    outer loop
      vertex 0 0 18
      vertex 2.927422074112307 -2.9274220741123083 18
      vertex 3.3258784492101823 -2.2222809320784096 18
    endloop
  endfacet
  facet normal 0 0 0
    outer loop
      vertex 0 0 -18
      vertex 3.566174995493566 -1.4771580489292488 -18
      vertex 3.325878449210181 -2.2222809320784087 -18
    endloop
  endfacet
  facet normal 0 0 0
    outer loop
      vertex 0 0 18
      vertex 3.3258784492101823 -2.2222809320784096 18
      vertex 3.5661749954935673 -1.4771580489292495 18
    endloop
  endfacet
  facet normal 0 0 0
    outer loop
      vertex 0 0 -18
      vertex 3.923141121612921 -0.7803612880645148 -18
      vertex 3.566174995493566 -1.4771580489292488 -18
    endloop
  endfacet
  facet normal 0 0 0
    outer loop
      vertex 0 0 18
      vertex 3.5661749954935673 -1.4771580489292495 18
      vertex 3.923141121612922 -0.7803612880645151 18
    endloop
  endfacet
  facet normal 0 0 0
    outer loop
      vertex 0 0 -18
      vertex 4.14 0 -18
      vertex 3.923141121612921 -0.7803612880645148 -18
    endloop
  endfacet
  facet normal 0 0 0
    outer loop
      vertex 0 0 18
      vertex 3.923141121612922 -0.7803612880645151 18
      vertex 4.1400000000000015 0 18
    endloop
  endfacet
endsolid symmetric_textured
