solid symmetric_smooth
  facet normal 0 0 0
    outer loop
      vertex 4 0 -18
      vertex 3.9231411216129217 0.780361288064513 -18
      vertex 5.971431810197069 1.1877916380124955 -16.5
    endloop
  endfacet
  facet normal 0 0 0
    outer loop
      vertex 4 0 -18
      vertex 5.971431810197069 1.1877916380124955 -16.5
      vertex 6.088419075520825 0 -16.5
    endloop
  endfacet
  facet normal 0 0 0
    outer loop
      vertex 3.9231411216129217 0.780361288064513 -18
      vertex 3.695518130045147 1.5307337294603591 -18
      vertex 5.62496576922498 2.329937109497396 -16.5
    endloop
  endfacet
  facet normal 0 0 0
    outer loop
      vertex 3.9231411216129217 0.780361288064513 -18
      vertex 5.62496576922498 2.329937109497396 -16.5
      vertex 5.971431810197069 1.1877916380124955 -16.5
    endloop
  endfacet
  facet normal 0 0 0
    outer loop
      vertex 3.695518130045147 1.5307337294603591 -18
      vertex 3.325878449210181 2.2222809320784087 -18
      vertex 5.062335448258722 3.3825444045080957 -16.5
    endloop
  endfacet
  facet normal 0 0 0
    outer loop
      vertex 3.695518130045147 1.5307337294603591 -18
      vertex 5.062335448258722 3.3825444045080957 -16.5
      vertex 5.62496576922498 2.329937109497396 -16.5
    endloop
  endfacet
  facet normal 0 0 0
    outer loop
      vertex 3.325878449210181 2.2222809320784087 -18
      vertex 2.8284271247461903 2.82842712474619 -18
      vertex 4.305162415006307 4.305162415006306 -16.5
    endloop
  endfacet
  facet normal 0 0 0
    outer loop
      vertex 3.325878449210181 2.2222809320784087 -18
      vertex 4.305162415006307 4.305162415006306 -16.5
      vertex 5.062335448258722 3.3825444045080957 -16.5
    endloop
  endfacet
  facet normal 0 0 0
    outer loop
      vertex 2.8284271247461903 2.82842712474619 -18
      vertex 2.222280932078409 3.325878449210181 -18
      vertex 3.3825444045080966 5.062335448258722 -16.5
    endloop
  endfacet
  facet normal 0 0 0
    outer loop
      vertex 2.8284271247461903 2.82842712474619 -18
      vertex 3.3825444045080966 5.062335448258722 -16.5
      vertex 4.305162415006307 4.305162415006306 -16.5
    endloop
  endfacet
  facet normal 0 0 0
    outer loop
      vertex 2.222280932078409 3.325878449210181 -18
      vertex 1.5307337294603593 3.695518130045147 -18
      vertex 2.3299371094973966 5.62496576922498 -16.5
    endloop
  endfacet
  facet normal 0 0 0
    outer loop
      vertex 2.222280932078409 3.325878449210181 -18
      vertex 2.3299371094973966 5.62496576922498 -16.5
      vertex 3.3825444045080966 5.062335448258722 -16.5
    endloop
  endfacet
  facet normal 0 0 0
    outer loop
      vertex 1.5307337294603593 3.695518130045147 -18
      vertex 0.7803612880645133 3.9231411216129217 -18
      vertex 1.1877916380124962 5.971431810197069 -16.5
    endloop
  endfacet
  facet normal 0 0 0
    outer loop
      vertex 1.5307337294603593 3.695518130045147 -18
      vertex 1.1877916380124962 5.971431810197069 -16.5
      vertex 2.3299371094973966 5.62496576922498 -16.5
    endloop
  endfacet
  facet normal 0 0 0
    outer loop
      vertex 0.7803612880645133 3.9231411216129217 -18
      vertex 2.4492935982947064e-16 4 -18
      vertex 3.728081466352133e-16 6.088419075520825 -16.5
    endloop
  endfacet
  facet normal 0 0 0
    outer loop
      vertex 0.7803612880645133 3.9231411216129217 -18
      vertex 3.728081466352133e-16 6.088419075520825 -16.5
      vertex 1.1877916380124962 5.971431810197069 -16.5
    endloop
  endfacet
  facet normal 0 0 0
    outer loop
      vertex 2.4492935982947064e-16 4 -18
      vertex -0.7803612880645128 3.9231411216129217 -18
      vertex -1.1877916380124953 5.971431810197069 -16.5
    endloop
  endfacet
  facet normal 0 0 0
    outer loop
      vertex 2.4492935982947064e-16 4 -18
      vertex -1.1877916380124953 5.971431810197069 -16.5
      vertex 3.728081466352133e-16 6.088419075520825 -16.5
    endloop
  endfacet
  facet normal 0 0 0
    outer loop
      vertex -0.7803612880645128 3.9231411216129217 -18
      vertex -1.530733729460359 3.695518130045147 -18
      vertex -2.3299371094973957 5.62496576922498 -16.5
    endloop
  endfacet
  facet normal 0 0 0
    outer loop
      vertex -0.7803612880645128 3.9231411216129217 -18
      vertex -2.3299371094973957 5.62496576922498 -16.5
      vertex -1.1877916380124953 5.971431810197069 -16.5
    endloop
  endfacet
  facet normal 0 0 0
    outer loop
      vertex -1.530733729460359 3.695518130045147 -18
      vertex -2.222280932078408 3.3258784492101814 -18
      vertex -3.3825444045080943 5.062335448258722 -16.5
    endloop
  endfacet
  facet normal 0 0 0
    outer loop
      vertex -1.530733729460359 3.695518130045147 -18
      vertex -3.3825444045080943 5.062335448258722 -16.5
      vertex -2.3299371094973957 5.62496576922498 -16.5
    endloop
  endfacet
  facet normal 0 0 0
    outer loop
      vertex -2.222280932078408 3.3258784492101814 -18
      vertex -2.82842712474619 2.8284271247461903 -18
      vertex -4.305162415006306 4.305162415006307 -16.5
    endloop
  endfacet
  facet normal 0 0 0
    outer loop
      vertex -2.222280932078408 3.3258784492101814 -18
      vertex -4.305162415006306 4.305162415006307 -16.5
      vertex -3.3825444045080943 5.062335448258722 -16.5
    endloop
  endfacet
  facet normal 0 0 0
    outer loop
      vertex -2.82842712474619 2.8284271247461903 -18
      vertex -3.3258784492101814 2.2222809320784087 -18
      vertex -5.062335448258722 3.3825444045080957 -16.5
    endloop
  endfacet
  facet normal 0 0 0
    outer loop
      vertex -2.82842712474619 2.8284271247461903 -18
      vertex -5.062335448258722 3.3825444045080957 -16.5
      vertex -4.305162415006306 4.305162415006307 -16.5
    endloop
  endfacet
  facet normal 0 0 0
    outer loop
      vertex -3.3258784492101814 2.2222809320784087 -18
      vertex -3.695518130045147 1.5307337294603596 -18
      vertex -5.62496576922498 2.3299371094973966 -16.5
    endloop
  endfacet
  facet normal 0 0 0
    outer loop
      vertex -3.3258784492101814 2.2222809320784087 -18
      vertex -5.62496576922498 2.3299371094973966 -16.5
      vertex -5.062335448258722 3.3825444045080957 -16.5
    endloop
  endfacet
  facet normal 0 0 0
    outer loop
      vertex -3.695518130045147 1.5307337294603596 -18
      vertex -3.9231411216129217 0.7803612880645144 -18
      vertex -5.971431810197069 1.1877916380124978 -16.5
    endloop
  endfacet
  facet normal 0 0 0
    outer loop
      vertex -3.695518130045147 1.5307337294603596 -18
      vertex -5.971431810197069 1.1877916380124978 -16.5
      vertex -5.62496576922498 2.3299371094973966 -16.5
    endloop
  endfacet
  facet normal 0 0 0
    outer loop
      vertex -3.9231411216129217 0.7803612880645144 -18
      vertex -4 4.898587196589413e-16 -18
      vertex -6.088419075520825 7.456162932704266e-16 -16.5
    endloop
  endfacet
  facet normal 0 0 0
    outer loop
      vertex -3.9231411216129217 0.7803612880645144 -18
      vertex -6.088419075520825 7.456162932704266e-16 -16.5
      vertex -5.971431810197069 1.1877916380124978 -16.5
    endloop
  endfacet
  facet normal 0 0 0
    outer loop
      vertex -4 4.898587196589413e-16 -18
      vertex -3.9231411216129217 -0.7803612880645134 -18
      vertex -5.971431810197069 -1.1877916380124962 -16.5
    endloop
  endfacet
  facet normal 0 0 0
    outer loop
      vertex -4 4.898587196589413e-16 -18
      vertex -5.971431810197069 -1.1877916380124962 -16.5
      vertex -6.088419075520825 7.456162932704266e-16 -16.5
    endloop
  endfacet
  facet normal 0 0 0
    outer loop
      vertex -3.9231411216129217 -0.7803612880645134 -18
      vertex -3.6955181300451474 -1.5307337294603585 -18
      vertex -5.624965769224981 -2.3299371094973953 -16.5
    endloop
  endfacet
  facet normal 0 0 0
    outer loop
      vertex -3.9231411216129217 -0.7803612880645134 -18
      vertex -5.624965769224981 -2.3299371094973953 -16.5
      vertex -5.971431810197069 -1.1877916380124962 -16.5
    endloop
  endfacet
  facet normal 0 0 0
    outer loop
      vertex -3.6955181300451474 -1.5307337294603585 -18
      vertex -3.325878449210182 -2.222280932078408 -18
      vertex -5.062335448258723 -3.3825444045080943 -16.5
    endloop
  endfacet
  facet normal 0 0 0
    outer loop
      vertex -3.6955181300451474 -1.5307337294603585 -18
      vertex -5.062335448258723 -3.3825444045080943 -16.5
      vertex -5.624965769224981 -2.3299371094973953 -16.5
    endloop
  endfacet
  facet normal 0 0 0
    outer loop
      vertex -3.325878449210182 -2.222280932078408 -18
      vertex -2.8284271247461907 -2.82842712474619 -18
      vertex -4.305162415006307 -4.305162415006306 -16.5
    endloop
  endfacet
  facet normal 0 0 0
    outer loop
      vertex -3.325878449210182 -2.222280932078408 -18
      vertex -4.305162415006307 -4.305162415006306 -16.5
      vertex -5.062335448258723 -3.3825444045080943 -16.5
    endloop
  endfacet
  facet normal 0 0 0
    outer loop
      vertex -2.8284271247461907 -2.82842712474619 -18
      vertex -2.2222809320784087 -3.325878449210181 -18
      vertex -3.3825444045080957 -5.062335448258722 -16.5
    endloop
  endfacet
  facet normal 0 0 0
    outer loop
      vertex -2.8284271247461907 -2.82842712474619 -18
      vertex -3.3825444045080957 -5.062335448258722 -16.5
      vertex -4.305162415006307 -4.305162415006306 -16.5
    endloop
  endfacet
  facet normal 0 0 0
    outer loop
      vertex -2.2222809320784087 -3.325878449210181 -18
      vertex -1.5307337294603613 -3.695518130045146 -18
      vertex -2.3299371094973997 -5.624965769224979 -16.5
    endloop
  endfacet
  facet normal 0 0 0
    outer loop
      vertex -2.2222809320784087 -3.325878449210181 -18
      vertex -2.3299371094973997 -5.624965769224979 -16.5
      vertex -3.3825444045080957 -5.062335448258722 -16.5
    endloop
  endfacet
  facet normal 0 0 0
    outer loop
      vertex -1.5307337294603613 -3.695518130045146 -18
      vertex -0.7803612880645147 -3.9231411216129213 -18
      vertex -1.1877916380124982 -5.9714318101970685 -16.5
    endloop
  endfacet
  facet normal 0 0 0
    outer loop
      vertex -1.5307337294603613 -3.695518130045146 -18
      vertex -1.1877916380124982 -5.9714318101970685 -16.5
      vertex -2.3299371094973997 -5.624965769224979 -16.5
    endloop
  endfacet
  facet normal 0 0 0
    outer loop
      vertex -0.7803612880645147 -3.9231411216129213 -18
      vertex -7.347880794884119e-16 -4 -18
      vertex -1.1184244399056397e-15 -6.088419075520825 -16.5
    endloop
  endfacet
  facet normal 0 0 0
    outer loop
      vertex -0.7803612880645147 -3.9231411216129213 -18
      vertex -1.1184244399056397e-15 -6.088419075520825 -16.5
      vertex -1.1877916380124982 -5.9714318101970685 -16.5
    endloop
  endfacet
  facet normal 0 0 0
    outer loop
      vertex -7.347880794884119e-16 -4 -18
      vertex 0.7803612880645132 -3.9231411216129217 -18
      vertex 1.187791638012496 -5.971431810197069 -16.5
    endloop
  endfacet
  facet normal 0 0 0
    outer loop
      vertex -7.347880794884119e-16 -4 -18
      vertex 1.187791638012496 -5.971431810197069 -16.5
      vertex -1.1184244399056397e-15 -6.088419075520825 -16.5
    endloop
  endfacet
  facet normal 0 0 0
    outer loop
      vertex 0.7803612880645132 -3.9231411216129217 -18
      vertex 1.53073372946036 -3.6955181300451465 -18
      vertex 2.3299371094973975 -5.62496576922498 -16.5
    endloop
  endfacet
  facet normal 0 0 0
    outer loop
      vertex 0.7803612880645132 -3.9231411216129217 -18
      vertex 2.3299371094973975 -5.62496576922498 -16.5
      vertex 1.187791638012496 -5.971431810197069 -16.5
    endloop
  endfacet
  facet normal 0 0 0
    outer loop
      vertex 1.53073372946036 -3.6955181300451465 -18
      vertex 2.2222809320784074 -3.325878449210182 -18
      vertex 3.382544404508094 -5.062335448258723 -16.5
    endloop
  endfacet
  facet normal 0 0 0
    outer loop
      vertex 1.53073372946036 -3.6955181300451465 -18
      vertex 3.382544404508094 -5.062335448258723 -16.5
      vertex 2.3299371094973975 -5.62496576922498 -16.5
    endloop
  endfacet
  facet normal 0 0 0
    outer loop
      vertex 2.2222809320784074 -3.325878449210182 -18
      vertex 2.8284271247461894 -2.8284271247461907 -18
      vertex 4.305162415006305 -4.305162415006307 -16.5
    endloop
  endfacet
  facet normal 0 0 0
    outer loop
      vertex 2.2222809320784074 -3.325878449210182 -18
      vertex 4.305162415006305 -4.305162415006307 -16.5
      vertex 3.382544404508094 -5.062335448258723 -16.5
    endloop
  endfacet
  facet normal 0 0 0
    outer loop
      vertex 2.8284271247461894 -2.8284271247461907 -18
      vertex 3.325878449210181 -2.2222809320784087 -18
      vertex 5.062335448258722 -3.3825444045080957 -16.5
    endloop
  endfacet
  facet normal 0 0 0
    outer loop
      vertex 2.8284271247461894 -2.8284271247461907 -18
      vertex 5.062335448258722 -3.3825444045080957 -16.5
      vertex 4.305162415006305 -4.305162415006307 -16.5
    endloop
  endfacet
  facet normal 0 0 0
    outer loop
      vertex 3.325878449210181 -2.2222809320784087 -18
      vertex 3.695518130045146 -1.5307337294603616 -18
      vertex 5.624965769224979 -2.3299371094973997 -16.5
    endloop
  endfacet
  facet normal 0 0 0
    outer loop
      vertex 3.325878449210181 -2.2222809320784087 -18
      vertex 5.624965769224979 -2.3299371094973997 -16.5
      vertex 5.062335448258722 -3.3825444045080957 -16.5
    endloop
  endfacet
  facet normal 0 0 0
    outer loop
      vertex 3.695518130045146 -1.5307337294603616 -18
      vertex 3.9231411216129213 -0.7803612880645149 -18
      vertex 5.9714318101970685 -1.1877916380124984 -16.5
    endloop
  endfacet
  facet normal 0 0 0
    outer loop
      vertex 3.695518130045146 -1.5307337294603616 -18
      vertex 5.9714318101970685 -1.1877916380124984 -16.5
      vertex 5.624965769224979 -2.3299371094973997 -16.5
    endloop
  endfacet
  facet normal 0 0 0
    outer loop
      vertex 3.9231411216129213 -0.7803612880645149 -18
      vertex 4 0 -18
      vertex 6.088419075520825 0 -16.5
    endloop
  endfacet
  facet normal 0 0 0
    outer loop
      vertex 3.9231411216129213 -0.7803612880645149 -18
      vertex 6.088419075520825 0 -16.5
      vertex 5.9714318101970685 -1.1877916380124984 -16.5
    endloop
  endfacet
  facet normal 0 0 0
    outer loop
      vertex 6.088419075520825 0 -16.5
      vertex 5.971431810197069 1.1877916380124955 -16.5
      vertex 7.984675677206076 1.5882507417118346 -15
    endloop
  endfacet
  facet normal 0 0 0
    outer loop
      vertex 6.088419075520825 0 -16.5
      vertex 7.984675677206076 1.5882507417118346 -15
      vertex 8.141104721640332 0 -15
    endloop
  endfacet
  facet normal 0 0 0
    outer loop
      vertex 5.971431810197069 1.1877916380124955 -16.5
      vertex 5.62496576922498 2.329937109497396 -16.5
      vertex 7.521400024354499 3.115465898120961 -15
    endloop
  endfacet
  facet normal 0 0 0
    outer loop
      vertex 5.971431810197069 1.1877916380124955 -16.5
      vertex 7.521400024354499 3.115465898120961 -15
      vertex 7.984675677206076 1.5882507417118346 -15
    endloop
  endfacet
  facet normal 0 0 0
    outer loop
      vertex 5.62496576922498 2.329937109497396 -16.5
      vertex 5.062335448258722 3.3825444045080957 -16.5
      vertex 6.769081186616707 4.522955447238703 -15
    endloop
  endfacet
  facet normal 0 0 0
    outer loop
      vertex 5.62496576922498 2.329937109497396 -16.5
      vertex 6.769081186616707 4.522955447238703 -15
      vertex 7.521400024354499 3.115465898120961 -15
    endloop
  endfacet
  facet normal 0 0 0
    outer loop
      vertex 5.062335448258722 3.3825444045080957 -16.5
      vertex 4.305162415006307 4.305162415006306 -16.5
      vertex 5.7566303550216995 5.756630355021699 -15
    endloop
  endfacet
  facet normal 0 0 0
    outer loop
      vertex 5.062335448258722 3.3825444045080957 -16.5
      vertex 5.7566303550216995 5.756630355021699 -15
      vertex 6.769081186616707 4.522955447238703 -15
    endloop
  endfacet
  facet normal 0 0 0
    outer loop
      vertex 4.305162415006307 4.305162415006306 -16.5
      vertex 3.3825444045080966 5.062335448258722 -16.5
      vertex 4.5229554472387035 6.769081186616707 -15
    endloop
  endfacet
  facet normal 0 0 0
    outer loop
      vertex 4.305162415006307 4.305162415006306 -16.5
      vertex 4.5229554472387035 6.769081186616707 -15
      vertex 5.7566303550216995 5.756630355021699 -15
    endloop
  endfacet
  facet normal 0 0 0
    outer loop
      vertex 3.3825444045080966 5.062335448258722 -16.5
      vertex 2.3299371094973966 5.62496576922498 -16.5
      vertex 3.1154658981209615 7.521400024354499 -15
    endloop
  endfacet
  facet normal 0 0 0
    outer loop
      vertex 3.3825444045080966 5.062335448258722 -16.5
      vertex 3.1154658981209615 7.521400024354499 -15
      vertex 4.5229554472387035 6.769081186616707 -15
    endloop
  endfacet
  facet normal 0 0 0
    outer loop
      vertex 2.3299371094973966 5.62496576922498 -16.5
      vertex 1.1877916380124962 5.971431810197069 -16.5
      vertex 1.5882507417118352 7.984675677206076 -15
    endloop
  endfacet
  facet normal 0 0 0
    outer loop
      vertex 2.3299371094973966 5.62496576922498 -16.5
      vertex 1.5882507417118352 7.984675677206076 -15
      vertex 3.1154658981209615 7.521400024354499 -15
    endloop
  endfacet
  facet normal 0 0 0
    outer loop
      vertex 1.1877916380124962 5.971431810197069 -16.5
      vertex 3.728081466352133e-16 6.088419075520825 -16.5
      vertex 4.984988919440118e-16 8.141104721640332 -15
    endloop
  endfacet
  facet normal 0 0 0
    outer loop
      vertex 1.1877916380124962 5.971431810197069 -16.5
      vertex 4.984988919440118e-16 8.141104721640332 -15
      vertex 1.5882507417118352 7.984675677206076 -15
    endloop
  endfacet
  facet normal 0 0 0
    outer loop
      vertex 3.728081466352133e-16 6.088419075520825 -16.5
      vertex -1.1877916380124953 5.971431810197069 -16.5
      vertex -1.5882507417118341 7.984675677206076 -15
    endloop
  endfacet
  facet normal 0 0 0
    outer loop
      vertex 3.728081466352133e-16 6.088419075520825 -16.5
      vertex -1.5882507417118341 7.984675677206076 -15
      vertex 4.984988919440118e-16 8.141104721640332 -15
    endloop
  endfacet
  facet normal 0 0 0
    outer loop
      vertex -1.1877916380124953 5.971431810197069 -16.5
      vertex -2.3299371094973957 5.62496576922498 -16.5
      vertex -3.1154658981209606 7.521400024354499 -15
    endloop
  endfacet
  facet normal 0 0 0
    outer loop
      vertex -1.1877916380124953 5.971431810197069 -16.5
      vertex -3.1154658981209606 7.521400024354499 -15
      vertex -1.5882507417118341 7.984675677206076 -15
    endloop
  endfacet
  facet normal 0 0 0
    outer loop
      vertex -2.3299371094973957 5.62496576922498 -16.5
      vertex -3.3825444045080943 5.062335448258722 -16.5
      vertex -4.522955447238701 6.769081186616708 -15
    endloop
  endfacet
  facet normal 0 0 0
    outer loop
      vertex -2.3299371094973957 5.62496576922498 -16.5
      vertex -4.522955447238701 6.769081186616708 -15
      vertex -3.1154658981209606 7.521400024354499 -15
    endloop
  endfacet
  facet normal 0 0 0
    outer loop
      vertex -3.3825444045080943 5.062335448258722 -16.5
      vertex -4.305162415006306 4.305162415006307 -16.5
      vertex -5.756630355021699 5.7566303550216995 -15
    endloop
  endfacet
  facet normal 0 0 0
    outer loop
      vertex -3.3825444045080943 5.062335448258722 -16.5
      vertex -5.756630355021699 5.7566303550216995 -15
      vertex -4.522955447238701 6.769081186616708 -15
    endloop
  endfacet
  facet normal 0 0 0
    outer loop
      vertex -4.305162415006306 4.305162415006307 -16.5
      vertex -5.062335448258722 3.3825444045080957 -16.5
      vertex -6.769081186616708 4.522955447238703 -15
    endloop
  endfacet
  facet normal 0 0 0
    outer loop
      vertex -4.305162415006306 4.305162415006307 -16.5
      vertex -6.769081186616708 4.522955447238703 -15
      vertex -5.756630355021699 5.7566303550216995 -15
    endloop
  endfacet
  facet normal 0 0 0
    outer loop
      vertex -5.062335448258722 3.3825444045080957 -16.5
      vertex -5.62496576922498 2.3299371094973966 -16.5
      vertex -7.521400024354499 3.115465898120962 -15
    endloop
  endfacet
  facet normal 0 0 0
    outer loop
      vertex -5.062335448258722 3.3825444045080957 -16.5
      vertex -7.521400024354499 3.115465898120962 -15
      vertex -6.769081186616708 4.522955447238703 -15
    endloop
  endfacet
  facet normal 0 0 0
    outer loop
      vertex -5.62496576922498 2.3299371094973966 -16.5
      vertex -5.971431810197069 1.1877916380124978 -16.5
      vertex -7.984675677206076 1.5882507417118374 -15
    endloop
  endfacet
  facet normal 0 0 0
    outer loop
      vertex -5.62496576922498 2.3299371094973966 -16.5
      vertex -7.984675677206076 1.5882507417118374 -15
      vertex -7.521400024354499 3.115465898120962 -15
    endloop
  endfacet
  facet normal 0 0 0
    outer loop
      vertex -5.971431810197069 1.1877916380124978 -16.5
      vertex -6.088419075520825 7.456162932704266e-16 -16.5
      vertex -8.141104721640332 9.969977838880237e-16 -15
    endloop
  endfacet
  facet normal 0 0 0
    outer loop
      vertex -5.971431810197069 1.1877916380124978 -16.5
      vertex -8.141104721640332 9.969977838880237e-16 -15
      vertex -7.984675677206076 1.5882507417118374 -15
    endloop
  endfacet
  facet normal 0 0 0
    outer loop
      vertex -6.088419075520825 7.456162932704266e-16 -16.5
      vertex -5.971431810197069 -1.1877916380124962 -16.5
      vertex -7.984675677206076 -1.5882507417118354 -15
    endloop
  endfacet
  facet normal 0 0 0
    outer loop
      vertex -6.088419075520825 7.456162932704266e-16 -16.5
      vertex -7.984675677206076 -1.5882507417118354 -15
      vertex -8.141104721640332 9.969977838880237e-16 -15
    endloop
  endfacet
  facet normal 0 0 0
    outer loop
      vertex -5.971431810197069 -1.1877916380124962 -16.5
      vertex -5.624965769224981 -2.3299371094973953 -16.5
      vertex -7.5214000243545 -3.1154658981209598 -15
    endloop
  endfacet
  facet normal 0 0 0
    outer loop
      vertex -5.971431810197069 -1.1877916380124962 -16.5
      vertex -7.5214000243545 -3.1154658981209598 -15
      vertex -7.984675677206076 -1.5882507417118354 -15
    endloop
  endfacet
  facet normal 0 0 0
    outer loop
      vertex -5.624965769224981 -2.3299371094973953 -16.5
      vertex -5.062335448258723 -3.3825444045080943 -16.5
      vertex -6.769081186616709 -4.522955447238701 -15
    endloop
  endfacet
  facet normal 0 0 0
    outer loop
      vertex -5.624965769224981 -2.3299371094973953 -16.5
      vertex -6.769081186616709 -4.522955447238701 -15
      vertex -7.5214000243545 -3.1154658981209598 -15
    endloop
  endfacet
  facet normal 0 0 0
    outer loop
      vertex -5.062335448258723 -3.3825444045080943 -16.5
      vertex -4.305162415006307 -4.305162415006306 -16.5
      vertex -5.7566303550217 -5.756630355021699 -15
    endloop
  endfacet
  facet normal 0 0 0
    outer loop
      vertex -5.062335448258723 -3.3825444045080943 -16.5
      vertex -5.7566303550217 -5.756630355021699 -15
      vertex -6.769081186616709 -4.522955447238701 -15
    endloop
  endfacet
  facet normal 0 0 0
    outer loop
      vertex -4.305162415006307 -4.305162415006306 -16.5
      vertex -3.3825444045080957 -5.062335448258722 -16.5
      vertex -4.522955447238703 -6.769081186616707 -15
    endloop
  endfacet
  facet normal 0 0 0
    outer loop
      vertex -4.305162415006307 -4.305162415006306 -16.5
      vertex -4.522955447238703 -6.769081186616707 -15
      vertex -5.7566303550217 -5.756630355021699 -15
    endloop
  endfacet
  facet normal 0 0 0
    outer loop
      vertex -3.3825444045080957 -5.062335448258722 -16.5
      vertex -2.3299371094973997 -5.624965769224979 -16.5
      vertex -3.1154658981209655 -7.521400024354497 -15
    endloop
  endfacet
  facet normal 0 0 0
    outer loop
      vertex -3.3825444045080957 -5.062335448258722 -16.5
      vertex -3.1154658981209655 -7.521400024354497 -15
      vertex -4.522955447238703 -6.769081186616707 -15
    endloop
  endfacet
  facet normal 0 0 0
    outer loop
      vertex -2.3299371094973997 -5.624965769224979 -16.5
      vertex -1.1877916380124982 -5.9714318101970685 -16.5
      vertex -1.5882507417118379 -7.984675677206075 -15
    endloop
  endfacet
  facet normal 0 0 0
    outer loop
      vertex -2.3299371094973997 -5.624965769224979 -16.5
      vertex -1.5882507417118379 -7.984675677206075 -15
      vertex -3.1154658981209655 -7.521400024354497 -15
    endloop
  endfacet
  facet normal 0 0 0
    outer loop
      vertex -1.1877916380124982 -5.9714318101970685 -16.5
      vertex -1.1184244399056397e-15 -6.088419075520825 -16.5
      vertex -1.4954966758320354e-15 -8.141104721640332 -15
    endloop
  endfacet
  facet normal 0 0 0
    outer loop
      vertex -1.1877916380124982 -5.9714318101970685 -16.5
      vertex -1.4954966758320354e-15 -8.141104721640332 -15
      vertex -1.5882507417118379 -7.984675677206075 -15
    endloop
  endfacet
  facet normal 0 0 0
    outer loop
      vertex -1.1184244399056397e-15 -6.088419075520825 -16.5
      vertex 1.187791638012496 -5.971431810197069 -16.5
      vertex 1.588250741711835 -7.984675677206076 -15
    endloop
  endfacet
  facet normal 0 0 0
    outer loop
      vertex -1.1184244399056397e-15 -6.088419075520825 -16.5
      vertex 1.588250741711835 -7.984675677206076 -15
      vertex -1.4954966758320354e-15 -8.141104721640332 -15
    endloop
  endfacet
  facet normal 0 0 0
    outer loop
      vertex 1.187791638012496 -5.971431810197069 -16.5
      vertex 2.3299371094973975 -5.62496576922498 -16.5
      vertex 3.115465898120963 -7.521400024354498 -15
    endloop
  endfacet
  facet normal 0 0 0
    outer loop
      vertex 1.187791638012496 -5.971431810197069 -16.5
      vertex 3.115465898120963 -7.521400024354498 -15
      vertex 1.588250741711835 -7.984675677206076 -15
    endloop
  endfacet
  facet normal 0 0 0
    outer loop
      vertex 2.3299371094973975 -5.62496576922498 -16.5
      vertex 3.382544404508094 -5.062335448258723 -16.5
      vertex 4.5229554472387 -6.769081186616709 -15
    endloop
  endfacet
  facet normal 0 0 0
    outer loop
      vertex 2.3299371094973975 -5.62496576922498 -16.5
      vertex 4.5229554472387 -6.769081186616709 -15
      vertex 3.115465898120963 -7.521400024354498 -15
    endloop
  endfacet
  facet normal 0 0 0
    outer loop
      vertex 3.382544404508094 -5.062335448258723 -16.5
      vertex 4.305162415006305 -4.305162415006307 -16.5
      vertex 5.756630355021698 -5.7566303550217 -15
    endloop
  endfacet
  facet normal 0 0 0
    outer loop
      vertex 3.382544404508094 -5.062335448258723 -16.5
      vertex 5.756630355021698 -5.7566303550217 -15
      vertex 4.5229554472387 -6.769081186616709 -15
    endloop
  endfacet
  facet normal 0 0 0
    outer loop
      vertex 4.305162415006305 -4.305162415006307 -16.5
      vertex 5.062335448258722 -3.3825444045080957 -16.5
      vertex 6.769081186616707 -4.522955447238703 -15
    endloop
  endfacet
  facet normal 0 0 0
    outer loop
      vertex 4.305162415006305 -4.305162415006307 -16.5
      vertex 6.769081186616707 -4.522955447238703 -15
      vertex 5.756630355021698 -5.7566303550217 -15
    endloop
  endfacet
  facet normal 0 0 0
    outer loop
      vertex 5.062335448258722 -3.3825444045080957 -16.5
      vertex 5.624965769224979 -2.3299371094973997 -16.5
      vertex 7.521400024354497 -3.115465898120966 -15
    endloop
  endfacet
  facet normal 0 0 0
    outer loop
      vertex 5.062335448258722 -3.3825444045080957 -16.5
      vertex 7.521400024354497 -3.115465898120966 -15
      vertex 6.769081186616707 -4.522955447238703 -15
    endloop
  endfacet
  facet normal 0 0 0
    outer loop
      vertex 5.624965769224979 -2.3299371094973997 -16.5
      vertex 5.9714318101970685 -1.1877916380124984 -16.5
      vertex 7.984675677206075 -1.5882507417118383 -15
    endloop
  endfacet
  facet normal 0 0 0
    outer loop
      vertex 5.624965769224979 -2.3299371094973997 -16.5
      vertex 7.984675677206075 -1.5882507417118383 -15
      vertex 7.521400024354497 -3.115465898120966 -15
    endloop
  endfacet
  facet normal 0 0 0
    outer loop
      vertex 5.9714318101970685 -1.1877916380124984 -16.5
      vertex 6.088419075520825 0 -16.5
      vertex 8.141104721640332 0 -15
    endloop
  endfacet
  facet normal 0 0 0
    outer loop
      vertex 5.9714318101970685 -1.1877916380124984 -16.5
      vertex 8.141104721640332 0 -15
      vertex 7.984675677206075 -1.5882507417118383 -15
    endloop
  endfacet
  facet normal 0 0 0
    outer loop
      vertex 8.141104721640332 0 -15
      vertex 7.984675677206076 1.5882507417118346 -15
      vertex 9.928425561898766 1.9748866328699948 -13.5
    endloop
  endfacet
  facet normal 0 0 0
    outer loop
      vertex 8.141104721640332 0 -15
      vertex 9.928425561898766 1.9748866328699948 -13.5
      vertex 10.122934917841437 0 -13.5
    endloop
  endfacet
  facet normal 0 0 0
    outer loop
      vertex 7.984675677206076 1.5882507417118346 -15
      vertex 7.521400024354499 3.115465898120961 -15
      vertex 9.352372379537528 3.873879479967979 -13.5
    endloop
  endfacet
  facet normal 0 0 0
    outer loop
      vertex 7.984675677206076 1.5882507417118346 -15
      vertex 9.352372379537528 3.873879479967979 -13.5
      vertex 9.928425561898766 1.9748866328699948 -13.5
    endloop
  endfacet
  facet normal 0 0 0
    outer loop
      vertex 7.521400024354499 3.115465898120961 -15
      vertex 6.769081186616707 4.522955447238703 -15
      vertex 8.416912771501517 5.624001311147435 -13.5
    endloop
  endfacet
  facet normal 0 0 0
    outer loop
      vertex 7.521400024354499 3.115465898120961 -15
      vertex 8.416912771501517 5.624001311147435 -13.5
      vertex 9.352372379537528 3.873879479967979 -13.5
    endloop
  endfacet
  facet normal 0 0 0
    outer loop
      vertex 6.769081186616707 4.522955447238703 -15
      vertex 5.7566303550216995 5.756630355021699 -15
      vertex 7.157995925915767 7.157995925915766 -13.5
    endloop
  endfacet
  facet normal 0 0 0
    outer loop
      vertex 6.769081186616707 4.522955447238703 -15
      vertex 7.157995925915767 7.157995925915766 -13.5
      vertex 8.416912771501517 5.624001311147435 -13.5
    endloop
  endfacet
  facet normal 0 0 0
    outer loop
      vertex 5.7566303550216995 5.756630355021699 -15
      vertex 4.5229554472387035 6.769081186616707 -15
      vertex 5.624001311147436 8.416912771501517 -13.5
    endloop
  endfacet
  facet normal 0 0 0
    outer loop
      vertex 5.7566303550216995 5.756630355021699 -15
      vertex 5.624001311147436 8.416912771501517 -13.5
      vertex 7.157995925915767 7.157995925915766 -13.5
    endloop
  endfacet
  facet normal 0 0 0
    outer loop
      vertex 4.5229554472387035 6.769081186616707 -15
      vertex 3.1154658981209615 7.521400024354499 -15
      vertex 3.87387947996798 9.352372379537528 -13.5
    endloop
  endfacet
  facet normal 0 0 0
    outer loop
      vertex 4.5229554472387035 6.769081186616707 -15
      vertex 3.87387947996798 9.352372379537528 -13.5
      vertex 5.624001311147436 8.416912771501517 -13.5
    endloop
  endfacet
  facet normal 0 0 0
    outer loop
      vertex 3.1154658981209615 7.521400024354499 -15
      vertex 1.5882507417118352 7.984675677206076 -15
      vertex 1.9748866328699957 9.928425561898766 -13.5
    endloop
  endfacet
  facet normal 0 0 0
    outer loop
      vertex 3.1154658981209615 7.521400024354499 -15
      vertex 1.9748866328699957 9.928425561898766 -13.5
      vertex 3.87387947996798 9.352372379537528 -13.5
    endloop
  endfacet
  facet normal 0 0 0
    outer loop
      vertex 1.5882507417118352 7.984675677206076 -15
      vertex 4.984988919440118e-16 8.141104721640332 -15
      vertex 6.198509922555745e-16 10.122934917841437 -13.5
    endloop
  endfacet
  facet normal 0 0 0
    outer loop
      vertex 1.5882507417118352 7.984675677206076 -15
      vertex 6.198509922555745e-16 10.122934917841437 -13.5
      vertex 1.9748866328699957 9.928425561898766 -13.5
    endloop
  endfacet
  facet normal 0 0 0
    outer loop
      vertex 4.984988919440118e-16 8.141104721640332 -15
      vertex -1.5882507417118341 7.984675677206076 -15
      vertex -1.974886632869994 9.928425561898766 -13.5
    endloop
  endfacet
  facet normal 0 0 0
    outer loop
      vertex 4.984988919440118e-16 8.141104721640332 -15
      vertex -1.974886632869994 9.928425561898766 -13.5
      vertex 6.198509922555745e-16 10.122934917841437 -13.5
    endloop
  endfacet
  facet normal 0 0 0
    outer loop
      vertex -1.5882507417118341 7.984675677206076 -15
      vertex -3.1154658981209606 7.521400024354499 -15
      vertex -3.8738794799679788 9.352372379537528 -13.5
    endloop
  endfacet
  facet normal 0 0 0
    outer loop
      vertex -1.5882507417118341 7.984675677206076 -15
      vertex -3.8738794799679788 9.352372379537528 -13.5
      vertex -1.974886632869994 9.928425561898766 -13.5
    endloop
  endfacet
  facet normal 0 0 0
    outer loop
      vertex -3.1154658981209606 7.521400024354499 -15
      vertex -4.522955447238701 6.769081186616708 -15
      vertex -5.624001311147433 8.416912771501519 -13.5
    endloop
  endfacet
  facet normal 0 0 0
    outer loop
      vertex -3.1154658981209606 7.521400024354499 -15
      vertex -5.624001311147433 8.416912771501519 -13.5
      vertex -3.8738794799679788 9.352372379537528 -13.5
    endloop
  endfacet
  facet normal 0 0 0
    outer loop
      vertex -4.522955447238701 6.769081186616708 -15
      vertex -5.756630355021699 5.7566303550216995 -15
      vertex -7.157995925915766 7.157995925915767 -13.5
    endloop
  endfacet
  facet normal 0 0 0
    outer loop
      vertex -4.522955447238701 6.769081186616708 -15
      vertex -7.157995925915766 7.157995925915767 -13.5
      vertex -5.624001311147433 8.416912771501519 -13.5
    endloop
  endfacet
  facet normal 0 0 0
    outer loop
      vertex -5.756630355021699 5.7566303550216995 -15
      vertex -6.769081186616708 4.522955447238703 -15
      vertex -8.416912771501519 5.624001311147435 -13.5
    endloop
  endfacet
  facet normal 0 0 0
    outer loop
      vertex -5.756630355021699 5.7566303550216995 -15
      vertex -8.416912771501519 5.624001311147435 -13.5
      vertex -7.157995925915766 7.157995925915767 -13.5
    endloop
  endfacet
  facet normal 0 0 0
    outer loop
      vertex -6.769081186616708 4.522955447238703 -15
      vertex -7.521400024354499 3.115465898120962 -15
      vertex -9.352372379537528 3.8738794799679805 -13.5
    endloop
  endfacet
  facet normal 0 0 0
    outer loop
      vertex -6.769081186616708 4.522955447238703 -15
      vertex -9.352372379537528 3.8738794799679805 -13.5
      vertex -8.416912771501519 5.624001311147435 -13.5
    endloop
  endfacet
  facet normal 0 0 0
    outer loop
      vertex -7.521400024354499 3.115465898120962 -15
      vertex -7.984675677206076 1.5882507417118374 -15
      vertex -9.928425561898766 1.9748866328699983 -13.5
    endloop
  endfacet
  facet normal 0 0 0
    outer loop
      vertex -7.521400024354499 3.115465898120962 -15
      vertex -9.928425561898766 1.9748866328699983 -13.5
      vertex -9.352372379537528 3.8738794799679805 -13.5
    endloop
  endfacet
  facet normal 0 0 0
    outer loop
      vertex -7.984675677206076 1.5882507417118374 -15
      vertex -8.141104721640332 9.969977838880237e-16 -15
      vertex -10.122934917841437 1.239701984511149e-15 -13.5
    endloop
  endfacet
  facet normal 0 0 0
    outer loop
      vertex -7.984675677206076 1.5882507417118374 -15
      vertex -10.122934917841437 1.239701984511149e-15 -13.5
      vertex -9.928425561898766 1.9748866328699983 -13.5
    endloop
  endfacet
  facet normal 0 0 0
    outer loop
      vertex -8.141104721640332 9.969977838880237e-16 -15
      vertex -7.984675677206076 -1.5882507417118354 -15
      vertex -9.928425561898766 -1.9748866328699959 -13.5
    endloop
  endfacet
  facet normal 0 0 0
    outer loop
      vertex -8.141104721640332 9.969977838880237e-16 -15
      vertex -9.928425561898766 -1.9748866328699959 -13.5
      vertex -10.122934917841437 1.239701984511149e-15 -13.5
    endloop
  endfacet
  facet normal 0 0 0
    outer loop
      vertex -7.984675677206076 -1.5882507417118354 -15
      vertex -7.5214000243545 -3.1154658981209598 -15
      vertex -9.35237237953753 -3.873879479967978 -13.5
    endloop
  endfacet
  facet normal 0 0 0
    outer loop
      vertex -7.984675677206076 -1.5882507417118354 -15
      vertex -9.35237237953753 -3.873879479967978 -13.5
      vertex -9.928425561898766 -1.9748866328699959 -13.5
    endloop
  endfacet
  facet normal 0 0 0
    outer loop
      vertex -7.5214000243545 -3.1154658981209598 -15
      vertex -6.769081186616709 -4.522955447238701 -15
      vertex -8.41691277150152 -5.624001311147433 -13.5
    endloop
  endfacet
  facet normal 0 0 0
    outer loop
      vertex -7.5214000243545 -3.1154658981209598 -15
      vertex -8.41691277150152 -5.624001311147433 -13.5
      vertex -9.35237237953753 -3.873879479967978 -13.5
    endloop
  endfacet
  facet normal 0 0 0
    outer loop
      vertex -6.769081186616709 -4.522955447238701 -15
      vertex -5.7566303550217 -5.756630355021699 -15
      vertex -7.157995925915769 -7.157995925915766 -13.5
    endloop
  endfacet
  facet normal 0 0 0
    outer loop
      vertex -6.769081186616709 -4.522955447238701 -15
      vertex -7.157995925915769 -7.157995925915766 -13.5
      vertex -8.41691277150152 -5.624001311147433 -13.5
    endloop
  endfacet
  facet normal 0 0 0
    outer loop
      vertex -5.7566303550217 -5.756630355021699 -15
      vertex -4.522955447238703 -6.769081186616707 -15
      vertex -5.624001311147435 -8.416912771501517 -13.5
    endloop
  endfacet
  facet normal 0 0 0
    outer loop
      vertex -5.7566303550217 -5.756630355021699 -15
      vertex -5.624001311147435 -8.416912771501517 -13.5
      vertex -7.157995925915769 -7.157995925915766 -13.5
    endloop
  endfacet
  facet normal 0 0 0
    outer loop
      vertex -4.522955447238703 -6.769081186616707 -15
      vertex -3.1154658981209655 -7.521400024354497 -15
      vertex -3.873879479967985 -9.352372379537526 -13.5
    endloop
  endfacet
  facet normal 0 0 0
    outer loop
      vertex -4.522955447238703 -6.769081186616707 -15
      vertex -3.873879479967985 -9.352372379537526 -13.5
      vertex -5.624001311147435 -8.416912771501517 -13.5
    endloop
  endfacet
  facet normal 0 0 0
    outer loop
      vertex -3.1154658981209655 -7.521400024354497 -15
      vertex -1.5882507417118379 -7.984675677206075 -15
      vertex -1.974886632869999 -9.928425561898765 -13.5
    endloop
  endfacet
  facet normal 0 0 0
    outer loop
      vertex -3.1154658981209655 -7.521400024354497 -15
      vertex -1.974886632869999 -9.928425561898765 -13.5
      vertex -3.873879479967985 -9.352372379537526 -13.5
    endloop
  endfacet
  facet normal 0 0 0
    outer loop
      vertex -1.5882507417118379 -7.984675677206075 -15
      vertex -1.4954966758320354e-15 -8.141104721640332 -15
      vertex -1.8595529767667237e-15 -10.122934917841437 -13.5
    endloop
  endfacet
  facet normal 0 0 0
    outer loop
      vertex -1.5882507417118379 -7.984675677206075 -15
      vertex -1.8595529767667237e-15 -10.122934917841437 -13.5
      vertex -1.974886632869999 -9.928425561898765 -13.5
    endloop
  endfacet
  facet normal 0 0 0
    outer loop
      vertex -1.4954966758320354e-15 -8.141104721640332 -15
      vertex 1.588250741711835 -7.984675677206076 -15
      vertex 1.9748866328699954 -9.928425561898766 -13.5
    endloop
  endfacet
  facet normal 0 0 0
    outer loop
      vertex -1.4954966758320354e-15 -8.141104721640332 -15
      vertex 1.9748866328699954 -9.928425561898766 -13.5
      vertex -1.8595529767667237e-15 -10.122934917841437 -13.5
    endloop
  endfacet
  facet normal 0 0 0
    outer loop
      vertex 1.588250741711835 -7.984675677206076 -15
      vertex 3.115465898120963 -7.521400024354498 -15
      vertex 3.8738794799679814 -9.352372379537528 -13.5
    endloop
  endfacet
  facet normal 0 0 0
    outer loop
      vertex 1.588250741711835 -7.984675677206076 -15
      vertex 3.8738794799679814 -9.352372379537528 -13.5
      vertex 1.9748866328699954 -9.928425561898766 -13.5
    endloop
  endfacet
  facet normal 0 0 0
    outer loop
      vertex 3.115465898120963 -7.521400024354498 -15
      vertex 4.5229554472387 -6.769081186616709 -15
      vertex 5.624001311147431 -8.41691277150152 -13.5
    endloop
  endfacet
  facet normal 0 0 0
    outer loop
      vertex 3.115465898120963 -7.521400024354498 -15
      vertex 5.624001311147431 -8.41691277150152 -13.5
      vertex 3.8738794799679814 -9.352372379537528 -13.5
    endloop
  endfacet
  facet normal 0 0 0
    outer loop
      vertex 4.5229554472387 -6.769081186616709 -15
      vertex 5.756630355021698 -5.7566303550217 -15
      vertex 7.157995925915765 -7.157995925915769 -13.5
    endloop
  endfacet
  facet normal 0 0 0
    outer loop
      vertex 4.5229554472387 -6.769081186616709 -15
      vertex 7.157995925915765 -7.157995925915769 -13.5
      vertex 5.624001311147431 -8.41691277150152 -13.5
    endloop
  endfacet
  facet normal 0 0 0
    outer loop
      vertex 5.756630355021698 -5.7566303550217 -15
      vertex 6.769081186616707 -4.522955447238703 -15
      vertex 8.416912771501517 -5.624001311147435 -13.5
    endloop
  endfacet
  facet normal 0 0 0
    outer loop
      vertex 5.756630355021698 -5.7566303550217 -15
      vertex 8.416912771501517 -5.624001311147435 -13.5
      vertex 7.157995925915765 -7.157995925915769 -13.5
    endloop
  endfacet
  facet normal 0 0 0
    outer loop
      vertex 6.769081186616707 -4.522955447238703 -15
      vertex 7.521400024354497 -3.115465898120966 -15
      vertex 9.352372379537526 -3.8738794799679854 -13.5
    endloop
  endfacet
  facet normal 0 0 0
    outer loop
      vertex 6.769081186616707 -4.522955447238703 -15
      vertex 9.352372379537526 -3.8738794799679854 -13.5
      vertex 8.416912771501517 -5.624001311147435 -13.5
    endloop
  endfacet
  facet normal 0 0 0
    outer loop
      vertex 7.521400024354497 -3.115465898120966 -15
      vertex 7.984675677206075 -1.5882507417118383 -15
      vertex 9.928425561898765 -1.9748866328699997 -13.5
    endloop
  endfacet
  facet normal 0 0 0
    outer loop
      vertex 7.521400024354497 -3.115465898120966 -15
      vertex 9.928425561898765 -1.9748866328699997 -13.5
      vertex 9.352372379537526 -3.8738794799679854 -13.5
    endloop
  endfacet
  facet normal 0 0 0
    outer loop
      vertex 7.984675677206075 -1.5882507417118383 -15
      vertex 8.141104721640332 0 -15
      vertex 10.122934917841437 0 -13.5
    endloop
  endfacet
  facet normal 0 0 0
    outer loop
      vertex 7.984675677206075 -1.5882507417118383 -15
      vertex 10.122934917841437 0 -13.5
      vertex 9.928425561898765 -1.9748866328699997 -13.5
    endloop
  endfacet
  facet normal 0 0 0
    outer loop
      vertex 10.122934917841437 0 -13.5
      vertex 9.928425561898766 1.9748866328699948 -13.5
      vertex 11.769423364838765 2.341083864193539 -12.000000000000002
    endloop
  endfacet
  facet normal 0 0 0
    outer loop
      vertex 10.122934917841437 0 -13.5
      vertex 11.769423364838765 2.341083864193539 -12.000000000000002
      vertex 12 0 -12.000000000000002
    endloop
  endfacet
  facet normal 0 0 0
    outer loop
      vertex 9.928425561898766 1.9748866328699948 -13.5
      vertex 9.352372379537528 3.873879479967979 -13.5
      vertex 11.08655439013544 4.592201188381077 -12.000000000000002
    endloop
  endfacet
  facet normal 0 0 0
    outer loop
      vertex 9.928425561898766 1.9748866328699948 -13.5
      vertex 11.08655439013544 4.592201188381077 -12.000000000000002
      vertex 11.769423364838765 2.341083864193539 -12.000000000000002
    endloop
  endfacet
  facet normal 0 0 0
    outer loop
      vertex 9.352372379537528 3.873879479967979 -13.5
      vertex 8.416912771501517 5.624001311147435 -13.5
      vertex 9.977635347630542 6.666842796235226 -12.000000000000002
    endloop
  endfacet
  facet normal 0 0 0
    outer loop
      vertex 9.352372379537528 3.873879479967979 -13.5
      vertex 9.977635347630542 6.666842796235226 -12.000000000000002
      vertex 11.08655439013544 4.592201188381077 -12.000000000000002
    endloop
  endfacet
  facet normal 0 0 0
    outer loop
      vertex 8.416912771501517 5.624001311147435 -13.5
      vertex 7.157995925915767 7.157995925915766 -13.5
      vertex 8.485281374238571 8.48528137423857 -12.000000000000002
    endloop
  endfacet
  facet normal 0 0 0
    outer loop
      vertex 8.416912771501517 5.624001311147435 -13.5
      vertex 8.485281374238571 8.48528137423857 -12.000000000000002
      vertex 9.977635347630542 6.666842796235226 -12.000000000000002
    endloop
  endfacet
  facet normal 0 0 0
    outer loop
      vertex 7.157995925915767 7.157995925915766 -13.5
      vertex 5.624001311147436 8.416912771501517 -13.5
      vertex 6.666842796235228 9.977635347630542 -12.000000000000002
    endloop
  endfacet
  facet normal 0 0 0
    outer loop
      vertex 7.157995925915767 7.157995925915766 -13.5
      vertex 6.666842796235228 9.977635347630542 -12.000000000000002
      vertex 8.485281374238571 8.48528137423857 -12.000000000000002
    endloop
  endfacet
  facet normal 0 0 0
    outer loop
      vertex 5.624001311147436 8.416912771501517 -13.5
      vertex 3.87387947996798 9.352372379537528 -13.5
      vertex 4.592201188381078 11.08655439013544 -12.000000000000002
    endloop
  endfacet
  facet normal 0 0 0
    outer loop
      vertex 5.624001311147436 8.416912771501517 -13.5
      vertex 4.592201188381078 11.08655439013544 -12.000000000000002
      vertex 6.666842796235228 9.977635347630542 -12.000000000000002
    endloop
  endfacet
  facet normal 0 0 0
    outer loop
      vertex 3.87387947996798 9.352372379537528 -13.5
      vertex 1.9748866328699957 9.928425561898766 -13.5
      vertex 2.34108386419354 11.769423364838765 -12.000000000000002
    endloop
  endfacet
  facet normal 0 0 0
    outer loop
      vertex 3.87387947996798 9.352372379537528 -13.5
      vertex 2.34108386419354 11.769423364838765 -12.000000000000002
      vertex 4.592201188381078 11.08655439013544 -12.000000000000002
    endloop
  endfacet
  facet normal 0 0 0
    outer loop
      vertex 1.9748866328699957 9.928425561898766 -13.5
      vertex 6.198509922555745e-16 10.122934917841437 -13.5
      vertex 7.347880794884119e-16 12 -12.000000000000002
    endloop
  endfacet
  facet normal 0 0 0
    outer loop
      vertex 1.9748866328699957 9.928425561898766 -13.5
      vertex 7.347880794884119e-16 12 -12.000000000000002
      vertex 2.34108386419354 11.769423364838765 -12.000000000000002
    endloop
  endfacet
  facet normal 0 0 0
    outer loop
      vertex 6.198509922555745e-16 10.122934917841437 -13.5
      vertex -1.974886632869994 9.928425561898766 -13.5
      vertex -2.3410838641935383 11.769423364838765 -12.000000000000002
    endloop
  endfacet
  facet normal 0 0 0
    outer loop
      vertex 6.198509922555745e-16 10.122934917841437 -13.5
      vertex -2.3410838641935383 11.769423364838765 -12.000000000000002
      vertex 7.347880794884119e-16 12 -12.000000000000002
    endloop
  endfacet
  facet normal 0 0 0
    outer loop
      vertex -1.974886632869994 9.928425561898766 -13.5
      vertex -3.8738794799679788 9.352372379537528 -13.5
      vertex -4.592201188381077 11.08655439013544 -12.000000000000002
    endloop
  endfacet
  facet normal 0 0 0
    outer loop
      vertex -1.974886632869994 9.928425561898766 -13.5
      vertex -4.592201188381077 11.08655439013544 -12.000000000000002
      vertex -2.3410838641935383 11.769423364838765 -12.000000000000002
    endloop
  endfacet
  facet normal 0 0 0
    outer loop
      vertex -3.8738794799679788 9.352372379537528 -13.5
      vertex -5.624001311147433 8.416912771501519 -13.5
      vertex -6.6668427962352235 9.977635347630544 -12.000000000000002
    endloop
  endfacet
  facet normal 0 0 0
    outer loop
      vertex -3.8738794799679788 9.352372379537528 -13.5
      vertex -6.6668427962352235 9.977635347630544 -12.000000000000002
      vertex -4.592201188381077 11.08655439013544 -12.000000000000002
    endloop
  endfacet
  facet normal 0 0 0
    outer loop
      vertex -5.624001311147433 8.416912771501519 -13.5
      vertex -7.157995925915766 7.157995925915767 -13.5
      vertex -8.48528137423857 8.485281374238571 -12.000000000000002
    endloop
  endfacet
  facet normal 0 0 0
    outer loop
      vertex -5.624001311147433 8.416912771501519 -13.5
      vertex -8.48528137423857 8.485281374238571 -12.000000000000002
      vertex -6.6668427962352235 9.977635347630544 -12.000000000000002
    endloop
  endfacet
  facet normal 0 0 0
    outer loop
      vertex -7.157995925915766 7.157995925915767 -13.5
      vertex -8.416912771501519 5.624001311147435 -13.5
      vertex -9.977635347630544 6.666842796235226 -12.000000000000002
    endloop
  endfacet
  facet normal 0 0 0
    outer loop
      vertex -7.157995925915766 7.157995925915767 -13.5
      vertex -9.977635347630544 6.666842796235226 -12.000000000000002
      vertex -8.48528137423857 8.485281374238571 -12.000000000000002
    endloop
  endfacet
  facet normal 0 0 0
    outer loop
      vertex -8.416912771501519 5.624001311147435 -13.5
      vertex -9.352372379537528 3.8738794799679805 -13.5
      vertex -11.08655439013544 4.592201188381079 -12.000000000000002
    endloop
  endfacet
  facet normal 0 0 0
    outer loop
      vertex -8.416912771501519 5.624001311147435 -13.5
      vertex -11.08655439013544 4.592201188381079 -12.000000000000002
      vertex -9.977635347630544 6.666842796235226 -12.000000000000002
    endloop
  endfacet
  facet normal 0 0 0
    outer loop
      vertex -9.352372379537528 3.8738794799679805 -13.5
      vertex -9.928425561898766 1.9748866328699983 -13.5
      vertex -11.769423364838765 2.341083864193543 -12.000000000000002
    endloop
  endfacet
  facet normal 0 0 0
    outer loop
      vertex -9.352372379537528 3.8738794799679805 -13.5
      vertex -11.769423364838765 2.341083864193543 -12.000000000000002
      vertex -11.08655439013544 4.592201188381079 -12.000000000000002
    endloop
  endfacet
  facet normal 0 0 0
    outer loop
      vertex -9.928425561898766 1.9748866328699983 -13.5
      vertex -10.122934917841437 1.239701984511149e-15 -13.5
      vertex -12 1.4695761589768238e-15 -12.000000000000002
    endloop
  endfacet
  facet normal 0 0 0
    outer loop
      vertex -9.928425561898766 1.9748866328699983 -13.5
      vertex -12 1.4695761589768238e-15 -12.000000000000002
      vertex -11.769423364838765 2.341083864193543 -12.000000000000002
    endloop
  endfacet
  facet normal 0 0 0
    outer loop
      vertex -10.122934917841437 1.239701984511149e-15 -13.5
      vertex -9.928425561898766 -1.9748866328699959 -13.5
      vertex -11.769423364838765 -2.34108386419354 -12.000000000000002
    endloop
  endfacet
  facet normal 0 0 0
    outer loop
      vertex -10.122934917841437 1.239701984511149e-15 -13.5
      vertex -11.769423364838765 -2.34108386419354 -12.000000000000002
      vertex -12 1.4695761589768238e-15 -12.000000000000002
    endloop
  endfacet
  facet normal 0 0 0
    outer loop
      vertex -9.928425561898766 -1.9748866328699959 -13.5
      vertex -9.35237237953753 -3.873879479967978 -13.5
      vertex -11.086554390135442 -4.592201188381075 -12.000000000000002
    endloop
  endfacet
  facet normal 0 0 0
    outer loop
      vertex -9.928425561898766 -1.9748866328699959 -13.5
      vertex -11.086554390135442 -4.592201188381075 -12.000000000000002
      vertex -11.769423364838765 -2.34108386419354 -12.000000000000002
    endloop
  endfacet
  facet normal 0 0 0
    outer loop
      vertex -9.35237237953753 -3.873879479967978 -13.5
      vertex -8.41691277150152 -5.624001311147433 -13.5
      vertex -9.977635347630546 -6.6668427962352235 -12.000000000000002
    endloop
  endfacet
  facet normal 0 0 0
    outer loop
      vertex -9.35237237953753 -3.873879479967978 -13.5
      vertex -9.977635347630546 -6.6668427962352235 -12.000000000000002
      vertex -11.086554390135442 -4.592201188381075 -12.000000000000002
    endloop
  endfacet
  facet normal 0 0 0
    outer loop
      vertex -8.41691277150152 -5.624001311147433 -13.5
      vertex -7.157995925915769 -7.157995925915766 -13.5
      vertex -8.485281374238571 -8.48528137423857 -12.000000000000002
    endloop
  endfacet
  facet normal 0 0 0
    outer loop
      vertex -8.41691277150152 -5.624001311147433 -13.5
      vertex -8.485281374238571 -8.48528137423857 -12.000000000000002
      vertex -9.977635347630546 -6.6668427962352235 -12.000000000000002
    endloop
  endfacet
  facet normal 0 0 0
    outer loop
      vertex -7.157995925915769 -7.157995925915766 -13.5
      vertex -5.624001311147435 -8.416912771501517 -13.5
      vertex -6.666842796235226 -9.977635347630542 -12.000000000000002
    endloop
  endfacet
  facet normal 0 0 0
    outer loop
      vertex -7.157995925915769 -7.157995925915766 -13.5
      vertex -6.666842796235226 -9.977635347630542 -12.000000000000002
      vertex -8.485281374238571 -8.48528137423857 -12.000000000000002
    endloop
  endfacet
  facet normal 0 0 0
    outer loop
      vertex -5.624001311147435 -8.416912771501517 -13.5
      vertex -3.873879479967985 -9.352372379537526 -13.5
      vertex -4.592201188381084 -11.086554390135438 -12.000000000000002
    endloop
  endfacet
  facet normal 0 0 0
    outer loop
      vertex -5.624001311147435 -8.416912771501517 -13.5
      vertex -4.592201188381084 -11.086554390135438 -12.000000000000002
      vertex -6.666842796235226 -9.977635347630542 -12.000000000000002
    endloop
  endfacet
  facet normal 0 0 0
    outer loop
      vertex -3.873879479967985 -9.352372379537526 -13.5
      vertex -1.974886632869999 -9.928425561898765 -13.5
      vertex -2.341083864193544 -11.769423364838763 -12.000000000000002
    endloop
  endfacet
  facet normal 0 0 0
    outer loop
      vertex -3.873879479967985 -9.352372379537526 -13.5
      vertex -2.341083864193544 -11.769423364838763 -12.000000000000002
      vertex -4.592201188381084 -11.086554390135438 -12.000000000000002
    endloop
  endfacet
  facet normal 0 0 0
    outer loop
      vertex -1.974886632869999 -9.928425561898765 -13.5
      vertex -1.8595529767667237e-15 -10.122934917841437 -13.5
      vertex -2.204364238465236e-15 -12 -12.000000000000002
    endloop
  endfacet
  facet normal 0 0 0
    outer loop
      vertex -1.974886632869999 -9.928425561898765 -13.5
      vertex -2.204364238465236e-15 -12 -12.000000000000002
      vertex -2.341083864193544 -11.769423364838763 -12.000000000000002
    endloop
  endfacet
  facet normal 0 0 0
    outer loop
      vertex -1.8595529767667237e-15 -10.122934917841437 -13.5
      vertex 1.9748866328699954 -9.928425561898766 -13.5
      vertex 2.3410838641935396 -11.769423364838765 -12.000000000000002
    endloop
  endfacet
  facet normal 0 0 0
    outer loop
      vertex -1.8595529767667237e-15 -10.122934917841437 -13.5
      vertex 2.3410838641935396 -11.769423364838765 -12.000000000000002
      vertex -2.204364238465236e-15 -12 -12.000000000000002
    endloop
  endfacet
  facet normal 0 0 0
    outer loop
      vertex 1.9748866328699954 -9.928425561898766 -13.5
      vertex 3.8738794799679814 -9.352372379537528 -13.5
      vertex 4.59220118838108 -11.08655439013544 -12.000000000000002
    endloop
  endfacet
  facet normal 0 0 0
    outer loop
      vertex 1.9748866328699954 -9.928425561898766 -13.5
      vertex 4.59220118838108 -11.08655439013544 -12.000000000000002
      vertex 2.3410838641935396 -11.769423364838765 -12.000000000000002
    endloop
  endfacet
  facet normal 0 0 0
    outer loop
      vertex 3.8738794799679814 -9.352372379537528 -13.5
      vertex 5.624001311147431 -8.41691277150152 -13.5
      vertex 6.666842796235223 -9.977635347630546 -12.000000000000002
    endloop
  endfacet
  facet normal 0 0 0
    outer loop
      vertex 3.8738794799679814 -9.352372379537528 -13.5
      vertex 6.666842796235223 -9.977635347630546 -12.000000000000002
      vertex 4.59220118838108 -11.08655439013544 -12.000000000000002
    endloop
  endfacet
  facet normal 0 0 0
    outer loop
      vertex 5.624001311147431 -8.41691277150152 -13.5
      vertex 7.157995925915765 -7.157995925915769 -13.5
      vertex 8.485281374238568 -8.485281374238571 -12.000000000000002
    endloop
  endfacet
  facet normal 0 0 0
    outer loop
      vertex 5.624001311147431 -8.41691277150152 -13.5
      vertex 8.485281374238568 -8.485281374238571 -12.000000000000002
      vertex 6.666842796235223 -9.977635347630546 -12.000000000000002
    endloop
  endfacet
  facet normal 0 0 0
    outer loop
      vertex 7.157995925915765 -7.157995925915769 -13.5
      vertex 8.416912771501517 -5.624001311147435 -13.5
      vertex 9.977635347630542 -6.666842796235226 -12.000000000000002
    endloop
  endfacet
  facet normal 0 0 0
    outer loop
      vertex 7.157995925915765 -7.157995925915769 -13.5
      vertex 9.977635347630542 -6.666842796235226 -12.000000000000002
      vertex 8.485281374238568 -8.485281374238571 -12.000000000000002
    endloop
  endfacet
  facet normal 0 0 0
    outer loop
      vertex 8.416912771501517 -5.624001311147435 -13.5
      vertex 9.352372379537526 -3.8738794799679854 -13.5
      vertex 11.086554390135438 -4.592201188381084 -12.000000000000002
    endloop
  endfacet
  facet normal 0 0 0
    outer loop
      vertex 8.416912771501517 -5.624001311147435 -13.5
      vertex 11.086554390135438 -4.592201188381084 -12.000000000000002
      vertex 9.977635347630542 -6.666842796235226 -12.000000000000002
    endloop
  endfacet
  facet normal 0 0 0
    outer loop
      vertex 9.352372379537526 -3.8738794799679854 -13.5
      vertex 9.928425561898765 -1.9748866328699997 -13.5
      vertex 11.769423364838763 -2.3410838641935445 -12.000000000000002
    endloop
  endfacet
  facet normal 0 0 0
    outer loop
      vertex 9.352372379537526 -3.8738794799679854 -13.5
      vertex 11.769423364838763 -2.3410838641935445 -12.000000000000002
      vertex 11.086554390135438 -4.592201188381084 -12.000000000000002
    endloop
  endfacet
  facet normal 0 0 0
    outer loop
      vertex 9.928425561898765 -1.9748866328699997 -13.5
      vertex 10.122934917841437 0 -13.5
      vertex 12 0 -12.000000000000002
    endloop
  endfacet
  facet normal 0 0 0
    outer loop
      vertex 9.928425561898765 -1.9748866328699997 -13.5
      vertex 12 0 -12.000000000000002
      vertex 11.769423364838763 -2.3410838641935445 -12.000000000000002
    endloop
  endfacet
  facet normal 0 0 0
    outer loop
      vertex 12 0 -12.000000000000002
      vertex 11.769423364838765 2.341083864193539 -12.000000000000002
      vertex 13.476169103196751 2.6805766995254685 -10.499999999999998
    endloop
  endfacet
  facet normal 0 0 0
    outer loop
      vertex 12 0 -12.000000000000002
      vertex 13.476169103196751 2.6805766995254685 -10.499999999999998
      vertex 13.74018286413953 0 -10.499999999999998
    endloop
  endfacet
  facet normal 0 0 0
    outer loop
      vertex 11.769423364838765 2.341083864193539 -12.000000000000002
      vertex 11.08655439013544 4.592201188381077 -12.000000000000002
      vertex 12.694273721140823 5.258140339772906 -10.499999999999998
    endloop
  endfacet
  facet normal 0 0 0
    outer loop
      vertex 11.769423364838765 2.341083864193539 -12.000000000000002
      vertex 12.694273721140823 5.258140339772906 -10.499999999999998
      vertex 13.476169103196751 2.6805766995254685 -10.499999999999998
    endloop
  endfacet
  facet normal 0 0 0
    outer loop
      vertex 11.08655439013544 4.592201188381077 -12.000000000000002
      vertex 9.977635347630542 6.666842796235226 -12.000000000000002
      vertex 11.424544519012171 7.633636595561944 -10.499999999999998
    endloop
  endfacet
  facet normal 0 0 0
    outer loop
      vertex 11.08655439013544 4.592201188381077 -12.000000000000002
      vertex 11.424544519012171 7.633636595561944 -10.499999999999998
      vertex 12.694273721140823 5.258140339772906 -10.499999999999998
    endloop
  endfacet
  facet normal 0 0 0
    outer loop
      vertex 9.977635347630542 6.666842796235226 -12.000000000000002
      vertex 8.485281374238571 8.48528137423857 -12.000000000000002
      vertex 9.715776477976261 9.71577647797626 -10.499999999999998
    endloop
  endfacet
  facet normal 0 0 0
    outer loop
      vertex 9.977635347630542 6.666842796235226 -12.000000000000002
      vertex 9.715776477976261 9.71577647797626 -10.499999999999998
      vertex 11.424544519012171 7.633636595561944 -10.499999999999998
    endloop
  endfacet
  facet normal 0 0 0
    outer loop
      vertex 8.485281374238571 8.48528137423857 -12.000000000000002
      vertex 6.666842796235228 9.977635347630542 -12.000000000000002
      vertex 7.633636595561946 11.424544519012171 -10.499999999999998
    endloop
  endfacet
  facet normal 0 0 0
    outer loop
      vertex 8.485281374238571 8.48528137423857 -12.000000000000002
      vertex 7.633636595561946 11.424544519012171 -10.499999999999998
      vertex 9.715776477976261 9.71577647797626 -10.499999999999998
    endloop
  endfacet
  facet normal 0 0 0
    outer loop
      vertex 6.666842796235228 9.977635347630542 -12.000000000000002
      vertex 4.592201188381078 11.08655439013544 -12.000000000000002
      vertex 5.258140339772907 12.694273721140823 -10.499999999999998
    endloop
  endfacet
  facet normal 0 0 0
    outer loop
      vertex 6.666842796235228 9.977635347630542 -12.000000000000002
      vertex 5.258140339772907 12.694273721140823 -10.499999999999998
      vertex 7.633636595561946 11.424544519012171 -10.499999999999998
    endloop
  endfacet
  facet normal 0 0 0
    outer loop
      vertex 4.592201188381078 11.08655439013544 -12.000000000000002
      vertex 2.34108386419354 11.769423364838765 -12.000000000000002
      vertex 2.6805766995254694 13.476169103196751 -10.499999999999998
    endloop
  endfacet
  facet normal 0 0 0
    outer loop
      vertex 4.592201188381078 11.08655439013544 -12.000000000000002
      vertex 2.6805766995254694 13.476169103196751 -10.499999999999998
      vertex 5.258140339772907 12.694273721140823 -10.499999999999998
    endloop
  endfacet
  facet normal 0 0 0
    outer loop
      vertex 2.34108386419354 11.769423364838765 -12.000000000000002
      vertex 7.347880794884119e-16 12 -12.000000000000002
      vertex 8.413435482133894e-16 13.74018286413953 -10.499999999999998
    endloop
  endfacet
  facet normal 0 0 0
    outer loop
      vertex 2.34108386419354 11.769423364838765 -12.000000000000002
      vertex 8.413435482133894e-16 13.74018286413953 -10.499999999999998
      vertex 2.6805766995254694 13.476169103196751 -10.499999999999998
    endloop
  endfacet
  facet normal 0 0 0
    outer loop
      vertex 7.347880794884119e-16 12 -12.000000000000002
      vertex -2.3410838641935383 11.769423364838765 -12.000000000000002
      vertex -2.6805766995254676 13.476169103196751 -10.499999999999998
    endloop
  endfacet
  facet normal 0 0 0
    outer loop
      vertex 7.347880794884119e-16 12 -12.000000000000002
      vertex -2.6805766995254676 13.476169103196751 -10.499999999999998
      vertex 8.413435482133894e-16 13.74018286413953 -10.499999999999998
    endloop
  endfacet
  facet normal 0 0 0
    outer loop
      vertex -2.3410838641935383 11.769423364838765 -12.000000000000002
      vertex -4.592201188381077 11.08655439013544 -12.000000000000002
      vertex -5.258140339772905 12.694273721140823 -10.499999999999998
    endloop
  endfacet
  facet normal 0 0 0
    outer loop
      vertex -2.3410838641935383 11.769423364838765 -12.000000000000002
      vertex -5.258140339772905 12.694273721140823 -10.499999999999998
      vertex -2.6805766995254676 13.476169103196751 -10.499999999999998
    endloop
  endfacet
  facet normal 0 0 0
    outer loop
      vertex -4.592201188381077 11.08655439013544 -12.000000000000002
      vertex -6.6668427962352235 9.977635347630544 -12.000000000000002
      vertex -7.633636595561941 11.424544519012173 -10.499999999999998
    endloop
  endfacet
  facet normal 0 0 0
    outer loop
      vertex -4.592201188381077 11.08655439013544 -12.000000000000002
      vertex -7.633636595561941 11.424544519012173 -10.499999999999998
      vertex -5.258140339772905 12.694273721140823 -10.499999999999998
    endloop
  endfacet
  facet normal 0 0 0
    outer loop
      vertex -6.6668427962352235 9.977635347630544 -12.000000000000002
      vertex -8.48528137423857 8.485281374238571 -12.000000000000002
      vertex -9.71577647797626 9.715776477976261 -10.499999999999998
    endloop
  endfacet
  facet normal 0 0 0
    outer loop
      vertex -6.6668427962352235 9.977635347630544 -12.000000000000002
      vertex -9.71577647797626 9.715776477976261 -10.499999999999998
      vertex -7.633636595561941 11.424544519012173 -10.499999999999998
    endloop
  endfacet
  facet normal 0 0 0
    outer loop
      vertex -8.48528137423857 8.485281374238571 -12.000000000000002
      vertex -9.977635347630544 6.666842796235226 -12.000000000000002
      vertex -11.424544519012173 7.633636595561944 -10.499999999999998
    endloop
  endfacet
  facet normal 0 0 0
    outer loop
      vertex -8.48528137423857 8.485281374238571 -12.000000000000002
      vertex -11.424544519012173 7.633636595561944 -10.499999999999998
      vertex -9.71577647797626 9.715776477976261 -10.499999999999998
    endloop
  endfacet
  facet normal 0 0 0
    outer loop
      vertex -9.977635347630544 6.666842796235226 -12.000000000000002
      vertex -11.08655439013544 4.592201188381079 -12.000000000000002
      vertex -12.694273721140823 5.258140339772907 -10.499999999999998
    endloop
  endfacet
  facet normal 0 0 0
    outer loop
      vertex -9.977635347630544 6.666842796235226 -12.000000000000002
      vertex -12.694273721140823 5.258140339772907 -10.499999999999998
      vertex -11.424544519012173 7.633636595561944 -10.499999999999998
    endloop
  endfacet
  facet normal 0 0 0
    outer loop
      vertex -11.08655439013544 4.592201188381079 -12.000000000000002
      vertex -11.769423364838765 2.341083864193543 -12.000000000000002
      vertex -13.476169103196751 2.6805766995254734 -10.499999999999998
    endloop
  endfacet
  facet normal 0 0 0
    outer loop
      vertex -11.08655439013544 4.592201188381079 -12.000000000000002
      vertex -13.476169103196751 2.6805766995254734 -10.499999999999998
      vertex -12.694273721140823 5.258140339772907 -10.499999999999998
    endloop
  endfacet
  facet normal 0 0 0
    outer loop
      vertex -11.769423364838765 2.341083864193543 -12.000000000000002
      vertex -12 1.4695761589768238e-15 -12.000000000000002
      vertex -13.74018286413953 1.6826870964267789e-15 -10.499999999999998
    endloop
  endfacet
  facet normal 0 0 0
    outer loop
      vertex -11.769423364838765 2.341083864193543 -12.000000000000002
      vertex -13.74018286413953 1.6826870964267789e-15 -10.499999999999998
      vertex -13.476169103196751 2.6805766995254734 -10.499999999999998
    endloop
  endfacet
  facet normal 0 0 0
    outer loop
      vertex -12 1.4695761589768238e-15 -12.000000000000002
      vertex -11.769423364838765 -2.34108386419354 -12.000000000000002
      vertex -13.476169103196751 -2.68057669952547 -10.499999999999998
    endloop
  endfacet
  facet normal 0 0 0
    outer loop
      vertex -12 1.4695761589768238e-15 -12.000000000000002
      vertex -13.476169103196751 -2.68057669952547 -10.499999999999998
      vertex -13.74018286413953 1.6826870964267789e-15 -10.499999999999998
    endloop
  endfacet
  facet normal 0 0 0
    outer loop
      vertex -11.769423364838765 -2.34108386419354 -12.000000000000002
      vertex -11.086554390135442 -4.592201188381075 -12.000000000000002
      vertex -12.694273721140824 -5.258140339772903 -10.499999999999998
    endloop
  endfacet
  facet normal 0 0 0
    outer loop
      vertex -11.769423364838765 -2.34108386419354 -12.000000000000002
      vertex -12.694273721140824 -5.258140339772903 -10.499999999999998
      vertex -13.476169103196751 -2.68057669952547 -10.499999999999998
    endloop
  endfacet
  facet normal 0 0 0
    outer loop
      vertex -11.086554390135442 -4.592201188381075 -12.000000000000002
      vertex -9.977635347630546 -6.6668427962352235 -12.000000000000002
      vertex -11.424544519012175 -7.633636595561941 -10.499999999999998
    endloop
  endfacet
  facet normal 0 0 0
    outer loop
      vertex -11.086554390135442 -4.592201188381075 -12.000000000000002
      vertex -11.424544519012175 -7.633636595561941 -10.499999999999998
      vertex -12.694273721140824 -5.258140339772903 -10.499999999999998
    endloop
  endfacet
  facet normal 0 0 0
    outer loop
      vertex -9.977635347630546 -6.6668427962352235 -12.000000000000002
      vertex -8.485281374238571 -8.48528137423857 -12.000000000000002
      vertex -9.715776477976263 -9.71577647797626 -10.499999999999998
    endloop
  endfacet
  facet normal 0 0 0
    outer loop
      vertex -9.977635347630546 -6.6668427962352235 -12.000000000000002
      vertex -9.715776477976263 -9.71577647797626 -10.499999999999998
      vertex -11.424544519012175 -7.633636595561941 -10.499999999999998
    endloop
  endfacet
  facet normal 0 0 0
    outer loop
      vertex -8.485281374238571 -8.48528137423857 -12.000000000000002
      vertex -6.666842796235226 -9.977635347630542 -12.000000000000002
      vertex -7.633636595561944 -11.424544519012171 -10.499999999999998
    endloop
  endfacet
  facet normal 0 0 0
    outer loop
      vertex -8.485281374238571 -8.48528137423857 -12.000000000000002
      vertex -7.633636595561944 -11.424544519012171 -10.499999999999998
      vertex -9.715776477976263 -9.71577647797626 -10.499999999999998
    endloop
  endfacet
  facet normal 0 0 0
    outer loop
      vertex -6.666842796235226 -9.977635347630542 -12.000000000000002
      vertex -4.592201188381084 -11.086554390135438 -12.000000000000002
      vertex -5.258140339772913 -12.694273721140819 -10.499999999999998
    endloop
  endfacet
  facet normal 0 0 0
    outer loop
      vertex -6.666842796235226 -9.977635347630542 -12.000000000000002
      vertex -5.258140339772913 -12.694273721140819 -10.499999999999998
      vertex -7.633636595561944 -11.424544519012171 -10.499999999999998
    endloop
  endfacet
  facet normal 0 0 0
    outer loop
      vertex -4.592201188381084 -11.086554390135438 -12.000000000000002
      vertex -2.341083864193544 -11.769423364838763 -12.000000000000002
      vertex -2.680576699525474 -13.47616910319675 -10.499999999999998
    endloop
  endfacet
  facet normal 0 0 0
    outer loop
      vertex -4.592201188381084 -11.086554390135438 -12.000000000000002
      vertex -2.680576699525474 -13.47616910319675 -10.499999999999998
      vertex -5.258140339772913 -12.694273721140819 -10.499999999999998
    endloop
  endfacet
  facet normal 0 0 0
    outer loop
      vertex -2.341083864193544 -11.769423364838763 -12.000000000000002
      vertex -2.204364238465236e-15 -12 -12.000000000000002
      vertex -2.524030644640168e-15 -13.74018286413953 -10.499999999999998
    endloop
  endfacet
  facet normal 0 0 0
    outer loop
      vertex -2.341083864193544 -11.769423364838763 -12.000000000000002
      vertex -2.524030644640168e-15 -13.74018286413953 -10.499999999999998
      vertex -2.680576699525474 -13.47616910319675 -10.499999999999998
    endloop
  endfacet
  facet normal 0 0 0
    outer loop
      vertex -2.204364238465236e-15 -12 -12.000000000000002
      vertex 2.3410838641935396 -11.769423364838765 -12.000000000000002
      vertex 2.680576699525469 -13.476169103196751 -10.499999999999998
    endloop
  endfacet
  facet normal 0 0 0
    outer loop
      vertex -2.204364238465236e-15 -12 -12.000000000000002
      vertex 2.680576699525469 -13.476169103196751 -10.499999999999998
      vertex -2.524030644640168e-15 -13.74018286413953 -10.499999999999998
    endloop
  endfacet
  facet normal 0 0 0
    outer loop
      vertex 2.3410838641935396 -11.769423364838765 -12.000000000000002
      vertex 4.59220118838108 -11.08655439013544 -12.000000000000002
      vertex 5.2581403397729085 -12.69427372114082 -10.499999999999998
    endloop
  endfacet
  facet normal 0 0 0
    outer loop
      vertex 2.3410838641935396 -11.769423364838765 -12.000000000000002
      vertex 5.2581403397729085 -12.69427372114082 -10.499999999999998
      vertex 2.680576699525469 -13.476169103196751 -10.499999999999998
    endloop
  endfacet
  facet normal 0 0 0
    outer loop
      vertex 4.59220118838108 -11.08655439013544 -12.000000000000002
      vertex 6.666842796235223 -9.977635347630546 -12.000000000000002
      vertex 7.633636595561939 -11.424544519012175 -10.499999999999998
    endloop
  endfacet
  facet normal 0 0 0
    outer loop
      vertex 4.59220118838108 -11.08655439013544 -12.000000000000002
      vertex 7.633636595561939 -11.424544519012175 -10.499999999999998
      vertex 5.2581403397729085 -12.69427372114082 -10.499999999999998
    endloop
  endfacet
  facet normal 0 0 0
    outer loop
      vertex 6.666842796235223 -9.977635347630546 -12.000000000000002
      vertex 8.485281374238568 -8.485281374238571 -12.000000000000002
      vertex 9.715776477976258 -9.715776477976263 -10.499999999999998
    endloop
  endfacet
  facet normal 0 0 0
    outer loop
      vertex 6.666842796235223 -9.977635347630546 -12.000000000000002
      vertex 9.715776477976258 -9.715776477976263 -10.499999999999998
      vertex 7.633636595561939 -11.424544519012175 -10.499999999999998
    endloop
  endfacet
  facet normal 0 0 0
    outer loop
      vertex 8.485281374238568 -8.485281374238571 -12.000000000000002
      vertex 9.977635347630542 -6.666842796235226 -12.000000000000002
      vertex 11.424544519012171 -7.633636595561944 -10.499999999999998
    endloop
  endfacet
  facet normal 0 0 0
    outer loop
      vertex 8.485281374238568 -8.485281374238571 -12.000000000000002
      vertex 11.424544519012171 -7.633636595561944 -10.499999999999998
      vertex 9.715776477976258 -9.715776477976263 -10.499999999999998
    endloop
  endfacet
  facet normal 0 0 0
    outer loop
      vertex 9.977635347630542 -6.666842796235226 -12.000000000000002
      vertex 11.086554390135438 -4.592201188381084 -12.000000000000002
      vertex 12.694273721140819 -5.258140339772914 -10.499999999999998
    endloop
  endfacet
  facet normal 0 0 0
    outer loop
      vertex 9.977635347630542 -6.666842796235226 -12.000000000000002
      vertex 12.694273721140819 -5.258140339772914 -10.499999999999998
      vertex 11.424544519012171 -7.633636595561944 -10.499999999999998
    endloop
  endfacet
  facet normal 0 0 0
    outer loop
      vertex 11.086554390135438 -4.592201188381084 -12.000000000000002
      vertex 11.769423364838763 -2.3410838641935445 -12.000000000000002
      vertex 13.47616910319675 -2.6805766995254747 -10.499999999999998
    endloop
  endfacet
  facet normal 0 0 0
    outer loop
      vertex 11.086554390135438 -4.592201188381084 -12.000000000000002
      vertex 13.47616910319675 -2.6805766995254747 -10.499999999999998
      vertex 12.694273721140819 -5.258140339772914 -10.499999999999998
    endloop
  endfacet
  facet normal 0 0 0
    outer loop
      vertex 11.769423364838763 -2.3410838641935445 -12.000000000000002
      vertex 12 0 -12.000000000000002
      vertex 13.74018286413953 0 -10.499999999999998
    endloop
  endfacet
  facet normal 0 0 0
    outer loop
      vertex 11.769423364838763 -2.3410838641935445 -12.000000000000002
      vertex 13.74018286413953 0 -10.499999999999998
      vertex 13.47616910319675 -2.6805766995254747 -10.499999999999998
    endloop
  endfacet
  facet normal 0 0 0
    outer loop
      vertex 13.74018286413953 0 -10.499999999999998
      vertex 13.476169103196751 2.6805766995254685 -10.499999999999998
      vertex 15.0194598841901 2.987556322328057 -9
    endloop
  endfacet
  facet normal 0 0 0
    outer loop
      vertex 13.74018286413953 0 -10.499999999999998
      vertex 15.0194598841901 2.987556322328057 -9
      vertex 15.31370849898476 0 -9
    endloop
  endfacet
  facet normal 0 0 0
    outer loop
      vertex 13.476169103196751 2.6805766995254685 -10.499999999999998
      vertex 12.694273721140823 5.258140339772906 -10.499999999999998
      vertex 14.148021849056159 5.860302530629935 -9
    endloop
  endfacet
  facet normal 0 0 0
    outer loop
      vertex 13.476169103196751 2.6805766995254685 -10.499999999999998
      vertex 14.148021849056159 5.860302530629935 -9
      vertex 15.0194598841901 2.987556322328057 -9
    endloop
  endfacet
  facet normal 0 0 0
    outer loop
      vertex 12.694273721140823 5.258140339772906 -10.499999999999998
      vertex 11.424544519012171 7.633636595561944 -10.499999999999998
      vertex 12.73288326856505 8.507840599175225 -9
    endloop
  endfacet
  facet normal 0 0 0
    outer loop
      vertex 12.694273721140823 5.258140339772906 -10.499999999999998
      vertex 12.73288326856505 8.507840599175225 -9
      vertex 14.148021849056159 5.860302530629935 -9
    endloop
  endfacet
  facet normal 0 0 0
    outer loop
      vertex 11.424544519012171 7.633636595561944 -10.499999999999998
      vertex 9.715776477976261 9.71577647797626 -10.499999999999998
      vertex 10.82842712474619 10.828427124746188 -9
    endloop
  endfacet
  facet normal 0 0 0
    outer loop
      vertex 11.424544519012171 7.633636595561944 -10.499999999999998
      vertex 10.82842712474619 10.828427124746188 -9
      vertex 12.73288326856505 8.507840599175225 -9
    endloop
  endfacet
  facet normal 0 0 0
    outer loop
      vertex 9.715776477976261 9.71577647797626 -10.499999999999998
      vertex 7.633636595561946 11.424544519012171 -10.499999999999998
      vertex 8.507840599175227 12.73288326856505 -9
    endloop
  endfacet
  facet normal 0 0 0
    outer loop
      vertex 9.715776477976261 9.71577647797626 -10.499999999999998
      vertex 8.507840599175227 12.73288326856505 -9
      vertex 10.82842712474619 10.828427124746188 -9
    endloop
  endfacet
  facet normal 0 0 0
    outer loop
      vertex 7.633636595561946 11.424544519012171 -10.499999999999998
      vertex 5.258140339772907 12.694273721140823 -10.499999999999998
      vertex 5.8603025306299354 14.148021849056159 -9
    endloop
  endfacet
  facet normal 0 0 0
    outer loop
      vertex 7.633636595561946 11.424544519012171 -10.499999999999998
      vertex 5.8603025306299354 14.148021849056159 -9
      vertex 8.507840599175227 12.73288326856505 -9
    endloop
  endfacet
  facet normal 0 0 0
    outer loop
      vertex 5.258140339772907 12.694273721140823 -10.499999999999998
      vertex 2.6805766995254694 13.476169103196751 -10.499999999999998
      vertex 2.987556322328058 15.0194598841901 -9
    endloop
  endfacet
  facet normal 0 0 0
    outer loop
      vertex 5.258140339772907 12.694273721140823 -10.499999999999998
      vertex 2.987556322328058 15.0194598841901 -9
      vertex 5.8603025306299354 14.148021849056159 -9
    endloop
  endfacet
  facet normal 0 0 0
    outer loop
      vertex 2.6805766995254694 13.476169103196751 -10.499999999999998
      vertex 8.413435482133894e-16 13.74018286413953 -10.499999999999998
      vertex 9.376942048178651e-16 15.31370849898476 -9
    endloop
  endfacet
  facet normal 0 0 0
    outer loop
      vertex 2.6805766995254694 13.476169103196751 -10.499999999999998
      vertex 9.376942048178651e-16 15.31370849898476 -9
      vertex 2.987556322328058 15.0194598841901 -9
    endloop
  endfacet
  facet normal 0 0 0
    outer loop
      vertex 8.413435482133894e-16 13.74018286413953 -10.499999999999998
      vertex -2.6805766995254676 13.476169103196751 -10.499999999999998
      vertex -2.987556322328056 15.0194598841901 -9
    endloop
  endfacet
  facet normal 0 0 0
    outer loop
      vertex 8.413435482133894e-16 13.74018286413953 -10.499999999999998
      vertex -2.987556322328056 15.0194598841901 -9
      vertex 9.376942048178651e-16 15.31370849898476 -9
    endloop
  endfacet
  facet normal 0 0 0
    outer loop
      vertex -2.6805766995254676 13.476169103196751 -10.499999999999998
      vertex -5.258140339772905 12.694273721140823 -10.499999999999998
      vertex -5.860302530629934 14.148021849056159 -9
    endloop
  endfacet
  facet normal 0 0 0
    outer loop
      vertex -2.6805766995254676 13.476169103196751 -10.499999999999998
      vertex -5.860302530629934 14.148021849056159 -9
      vertex -2.987556322328056 15.0194598841901 -9
    endloop
  endfacet
  facet normal 0 0 0
    outer loop
      vertex -5.258140339772905 12.694273721140823 -10.499999999999998
      vertex -7.633636595561941 11.424544519012173 -10.499999999999998
      vertex -8.507840599175221 12.732883268565052 -9
    endloop
  endfacet
  facet normal 0 0 0
    outer loop
      vertex -5.258140339772905 12.694273721140823 -10.499999999999998
      vertex -8.507840599175221 12.732883268565052 -9
      vertex -5.860302530629934 14.148021849056159 -9
    endloop
  endfacet
  facet normal 0 0 0
    outer loop
      vertex -7.633636595561941 11.424544519012173 -10.499999999999998
      vertex -9.71577647797626 9.715776477976261 -10.499999999999998
      vertex -10.828427124746188 10.82842712474619 -9
    endloop
  endfacet
  facet normal 0 0 0
    outer loop
      vertex -7.633636595561941 11.424544519012173 -10.499999999999998
      vertex -10.828427124746188 10.82842712474619 -9
      vertex -8.507840599175221 12.732883268565052 -9
    endloop
  endfacet
  facet normal 0 0 0
    outer loop
      vertex -9.71577647797626 9.715776477976261 -10.499999999999998
      vertex -11.424544519012173 7.633636595561944 -10.499999999999998
      vertex -12.732883268565052 8.507840599175225 -9
    endloop
  endfacet
  facet normal 0 0 0
    outer loop
      vertex -9.71577647797626 9.715776477976261 -10.499999999999998
      vertex -12.732883268565052 8.507840599175225 -9
      vertex -10.828427124746188 10.82842712474619 -9
    endloop
  endfacet
  facet normal 0 0 0
    outer loop
      vertex -11.424544519012173 7.633636595561944 -10.499999999999998
      vertex -12.694273721140823 5.258140339772907 -10.499999999999998
      vertex -14.148021849056159 5.860302530629936 -9
    endloop
  endfacet
  facet normal 0 0 0
    outer loop
      vertex -11.424544519012173 7.633636595561944 -10.499999999999998
      vertex -14.148021849056159 5.860302530629936 -9
      vertex -12.732883268565052 8.507840599175225 -9
    endloop
  endfacet
  facet normal 0 0 0
    outer loop
      vertex -12.694273721140823 5.258140339772907 -10.499999999999998
      vertex -13.476169103196751 2.6805766995254734 -10.499999999999998
      vertex -15.0194598841901 2.987556322328062 -9
    endloop
  endfacet
  facet normal 0 0 0
    outer loop
      vertex -12.694273721140823 5.258140339772907 -10.499999999999998
      vertex -15.0194598841901 2.987556322328062 -9
      vertex -14.148021849056159 5.860302530629936 -9
    endloop
  endfacet
  facet normal 0 0 0
    outer loop
      vertex -13.476169103196751 2.6805766995254734 -10.499999999999998
      vertex -13.74018286413953 1.6826870964267789e-15 -10.499999999999998
      vertex -15.31370849898476 1.8753884096357302e-15 -9
    endloop
  endfacet
  facet normal 0 0 0
    outer loop
      vertex -13.476169103196751 2.6805766995254734 -10.499999999999998
      vertex -15.31370849898476 1.8753884096357302e-15 -9
      vertex -15.0194598841901 2.987556322328062 -9
    endloop
  endfacet
  facet normal 0 0 0
    outer loop
      vertex -13.74018286413953 1.6826870964267789e-15 -10.499999999999998
      vertex -13.476169103196751 -2.68057669952547 -10.499999999999998
      vertex -15.0194598841901 -2.9875563223280586 -9
    endloop
  endfacet
  facet normal 0 0 0
    outer loop
      vertex -13.74018286413953 1.6826870964267789e-15 -10.499999999999998
      vertex -15.0194598841901 -2.9875563223280586 -9
      vertex -15.31370849898476 1.8753884096357302e-15 -9
    endloop
  endfacet
  facet normal 0 0 0
    outer loop
      vertex -13.476169103196751 -2.68057669952547 -10.499999999999998
      vertex -12.694273721140824 -5.258140339772903 -10.499999999999998
      vertex -14.14802184905616 -5.860302530629932 -9
    endloop
  endfacet
  facet normal 0 0 0
    outer loop
      vertex -13.476169103196751 -2.68057669952547 -10.499999999999998
      vertex -14.14802184905616 -5.860302530629932 -9
      vertex -15.0194598841901 -2.9875563223280586 -9
    endloop
  endfacet
  facet normal 0 0 0
    outer loop
      vertex -12.694273721140824 -5.258140339772903 -10.499999999999998
      vertex -11.424544519012175 -7.633636595561941 -10.499999999999998
      vertex -12.732883268565054 -8.507840599175221 -9
    endloop
  endfacet
  facet normal 0 0 0
    outer loop
      vertex -12.694273721140824 -5.258140339772903 -10.499999999999998
      vertex -12.732883268565054 -8.507840599175221 -9
      vertex -14.14802184905616 -5.860302530629932 -9
    endloop
  endfacet
  facet normal 0 0 0
    outer loop
      vertex -11.424544519012175 -7.633636595561941 -10.499999999999998
      vertex -9.715776477976263 -9.71577647797626 -10.499999999999998
      vertex -10.828427124746192 -10.828427124746188 -9
    endloop
  endfacet
  facet normal 0 0 0
    outer loop
      vertex -11.424544519012175 -7.633636595561941 -10.499999999999998
      vertex -10.828427124746192 -10.828427124746188 -9
      vertex -12.732883268565054 -8.507840599175221 -9
    endloop
  endfacet
  facet normal 0 0 0
    outer loop
      vertex -9.715776477976263 -9.71577647797626 -10.499999999999998
      vertex -7.633636595561944 -11.424544519012171 -10.499999999999998
      vertex -8.507840599175225 -12.73288326856505 -9
    endloop
  endfacet
  facet normal 0 0 0
    outer loop
      vertex -9.715776477976263 -9.71577647797626 -10.499999999999998
      vertex -8.507840599175225 -12.73288326856505 -9
      vertex -10.828427124746192 -10.828427124746188 -9
    endloop
  endfacet
  facet normal 0 0 0
    outer loop
      vertex -7.633636595561944 -11.424544519012171 -10.499999999999998
      vertex -5.258140339772913 -12.694273721140819 -10.499999999999998
      vertex -5.860302530629943 -14.148021849056155 -9
    endloop
  endfacet
  facet normal 0 0 0
    outer loop
      vertex -7.633636595561944 -11.424544519012171 -10.499999999999998
      vertex -5.860302530629943 -14.148021849056155 -9
      vertex -8.507840599175225 -12.73288326856505 -9
    endloop
  endfacet
  facet normal 0 0 0
    outer loop
      vertex -5.258140339772913 -12.694273721140819 -10.499999999999998
      vertex -2.680576699525474 -13.47616910319675 -10.499999999999998
      vertex -2.987556322328063 -15.019459884190098 -9
    endloop
  endfacet
  facet normal 0 0 0
    outer loop
      vertex -5.258140339772913 -12.694273721140819 -10.499999999999998
      vertex -2.987556322328063 -15.019459884190098 -9
      vertex -5.860302530629943 -14.148021849056155 -9
    endloop
  endfacet
  facet normal 0 0 0
    outer loop
      vertex -2.680576699525474 -13.47616910319675 -10.499999999999998
      vertex -2.524030644640168e-15 -13.74018286413953 -10.499999999999998
      vertex -2.8130826144535954e-15 -15.31370849898476 -9
    endloop
  endfacet
  facet normal 0 0 0
    outer loop
      vertex -2.680576699525474 -13.47616910319675 -10.499999999999998
      vertex -2.8130826144535954e-15 -15.31370849898476 -9
      vertex -2.987556322328063 -15.019459884190098 -9
    endloop
  endfacet
  facet normal 0 0 0
    outer loop
      vertex -2.524030644640168e-15 -13.74018286413953 -10.499999999999998
      vertex 2.680576699525469 -13.476169103196751 -10.499999999999998
      vertex 2.9875563223280577 -15.0194598841901 -9
    endloop
  endfacet
  facet normal 0 0 0
    outer loop
      vertex -2.524030644640168e-15 -13.74018286413953 -10.499999999999998
      vertex 2.9875563223280577 -15.0194598841901 -9
      vertex -2.8130826144535954e-15 -15.31370849898476 -9
    endloop
  endfacet
  facet normal 0 0 0
    outer loop
      vertex 2.680576699525469 -13.476169103196751 -10.499999999999998
      vertex 5.2581403397729085 -12.69427372114082 -10.499999999999998
      vertex 5.860302530629938 -14.148021849056157 -9
    endloop
  endfacet
  facet normal 0 0 0
    outer loop
      vertex 2.680576699525469 -13.476169103196751 -10.499999999999998
      vertex 5.860302530629938 -14.148021849056157 -9
      vertex 2.9875563223280577 -15.0194598841901 -9
    endloop
  endfacet
  facet normal 0 0 0
    outer loop
      vertex 5.2581403397729085 -12.69427372114082 -10.499999999999998
      vertex 7.633636595561939 -11.424544519012175 -10.499999999999998
      vertex 8.50784059917522 -12.732883268565054 -9
    endloop
  endfacet
  facet normal 0 0 0
    outer loop
      vertex 5.2581403397729085 -12.69427372114082 -10.499999999999998
      vertex 8.50784059917522 -12.732883268565054 -9
      vertex 5.860302530629938 -14.148021849056157 -9
    endloop
  endfacet
  facet normal 0 0 0
    outer loop
      vertex 7.633636595561939 -11.424544519012175 -10.499999999999998
      vertex 9.715776477976258 -9.715776477976263 -10.499999999999998
      vertex 10.828427124746186 -10.828427124746192 -9
    endloop
  endfacet
  facet normal 0 0 0
    outer loop
      vertex 7.633636595561939 -11.424544519012175 -10.499999999999998
      vertex 10.828427124746186 -10.828427124746192 -9
      vertex 8.50784059917522 -12.732883268565054 -9
    endloop
  endfacet
  facet normal 0 0 0
    outer loop
      vertex 9.715776477976258 -9.715776477976263 -10.499999999999998
      vertex 11.424544519012171 -7.633636595561944 -10.499999999999998
      vertex 12.73288326856505 -8.507840599175225 -9
    endloop
  endfacet
  facet normal 0 0 0
    outer loop
      vertex 9.715776477976258 -9.715776477976263 -10.499999999999998
      vertex 12.73288326856505 -8.507840599175225 -9
      vertex 10.828427124746186 -10.828427124746192 -9
    endloop
  endfacet
  facet normal 0 0 0
    outer loop
      vertex 11.424544519012171 -7.633636595561944 -10.499999999999998
      vertex 12.694273721140819 -5.258140339772914 -10.499999999999998
      vertex 14.148021849056155 -5.860302530629944 -9
    endloop
  endfacet
  facet normal 0 0 0
    outer loop
      vertex 11.424544519012171 -7.633636595561944 -10.499999999999998
      vertex 14.148021849056155 -5.860302530629944 -9
      vertex 12.73288326856505 -8.507840599175225 -9
    endloop
  endfacet
  facet normal 0 0 0
    outer loop
      vertex 12.694273721140819 -5.258140339772914 -10.499999999999998
      vertex 13.47616910319675 -2.6805766995254747 -10.499999999999998
      vertex 15.019459884190098 -2.987556322328064 -9
    endloop
  endfacet
  facet normal 0 0 0
    outer loop
      vertex 12.694273721140819 -5.258140339772914 -10.499999999999998
      vertex 15.019459884190098 -2.987556322328064 -9
      vertex 14.148021849056155 -5.860302530629944 -9
    endloop
  endfacet
  facet normal 0 0 0
    outer loop
      vertex 13.47616910319675 -2.6805766995254747 -10.499999999999998
      vertex 13.74018286413953 0 -10.499999999999998
      vertex 15.31370849898476 0 -9
    endloop
  endfacet
  facet normal 0 0 0
    outer loop
      vertex 13.47616910319675 -2.6805766995254747 -10.499999999999998
      vertex 15.31370849898476 0 -9
      vertex 15.019459884190098 -2.987556322328064 -9
    endloop
  endfacet
  facet normal 0 0 0
    outer loop
      vertex 15.31370849898476 0 -9
      vertex 15.0194598841901 2.987556322328057 -9
      vertex 16.37288957467498 3.256770226144322 -7.499999999999999
    endloop
  endfacet
  facet normal 0 0 0
    outer loop
      vertex 15.31370849898476 0 -9
      vertex 16.37288957467498 3.256770226144322 -7.499999999999999
      vertex 16.693653444659763 0 -7.499999999999999
    endloop
  endfacet
  facet normal 0 0 0
    outer loop
      vertex 15.0194598841901 2.987556322328057 -9
      vertex 14.148021849056159 5.860302530629935 -9
      vertex 15.422924740357693 6.388384598915702 -7.499999999999999
    endloop
  endfacet
  facet normal 0 0 0
    outer loop
      vertex 15.0194598841901 2.987556322328057 -9
      vertex 15.422924740357693 6.388384598915702 -7.499999999999999
      vertex 16.37288957467498 3.256770226144322 -7.499999999999999
    endloop
  endfacet
  facet normal 0 0 0
    outer loop
      vertex 14.148021849056159 5.860302530629935 -9
      vertex 12.73288326856505 8.507840599175225 -9
      vertex 13.880265557544302 9.274496934198108 -7.499999999999999
    endloop
  endfacet
  facet normal 0 0 0
    outer loop
      vertex 14.148021849056159 5.860302530629935 -9
      vertex 13.880265557544302 9.274496934198108 -7.499999999999999
      vertex 15.422924740357693 6.388384598915702 -7.499999999999999
    endloop
  endfacet
  facet normal 0 0 0
    outer loop
      vertex 12.73288326856505 8.507840599175225 -9
      vertex 10.82842712474619 10.828427124746188 -9
      vertex 11.804195553497086 11.804195553497085 -7.499999999999999
    endloop
  endfacet
  facet normal 0 0 0
    outer loop
      vertex 12.73288326856505 8.507840599175225 -9
      vertex 11.804195553497086 11.804195553497085 -7.499999999999999
      vertex 13.880265557544302 9.274496934198108 -7.499999999999999
    endloop
  endfacet
  facet normal 0 0 0
    outer loop
      vertex 10.82842712474619 10.828427124746188 -9
      vertex 8.507840599175227 12.73288326856505 -9
      vertex 9.27449693419811 13.880265557544302 -7.499999999999999
    endloop
  endfacet
  facet normal 0 0 0
    outer loop
      vertex 10.82842712474619 10.828427124746188 -9
      vertex 9.27449693419811 13.880265557544302 -7.499999999999999
      vertex 11.804195553497086 11.804195553497085 -7.499999999999999
    endloop
  endfacet
  facet normal 0 0 0
    outer loop
      vertex 8.507840599175227 12.73288326856505 -9
      vertex 5.8603025306299354 14.148021849056159 -9
      vertex 6.388384598915703 15.422924740357693 -7.499999999999999
    endloop
  endfacet
  facet normal 0 0 0
    outer loop
      vertex 8.507840599175227 12.73288326856505 -9
      vertex 6.388384598915703 15.422924740357693 -7.499999999999999
      vertex 9.27449693419811 13.880265557544302 -7.499999999999999
    endloop
  endfacet
  facet normal 0 0 0
    outer loop
      vertex 5.8603025306299354 14.148021849056159 -9
      vertex 2.987556322328058 15.0194598841901 -9
      vertex 3.256770226144323 16.37288957467498 -7.499999999999999
    endloop
  endfacet
  facet normal 0 0 0
    outer loop
      vertex 5.8603025306299354 14.148021849056159 -9
      vertex 3.256770226144323 16.37288957467498 -7.499999999999999
      vertex 6.388384598915703 15.422924740357693 -7.499999999999999
    endloop
  endfacet
  facet normal 0 0 0
    outer loop
      vertex 2.987556322328058 15.0194598841901 -9
      vertex 9.376942048178651e-16 15.31370849898476 -9
      vertex 1.0221914628538882e-15 16.693653444659763 -7.499999999999999
    endloop
  endfacet
  facet normal 0 0 0
    outer loop
      vertex 2.987556322328058 15.0194598841901 -9
      vertex 1.0221914628538882e-15 16.693653444659763 -7.499999999999999
      vertex 3.256770226144323 16.37288957467498 -7.499999999999999
    endloop
  endfacet
  facet normal 0 0 0
    outer loop
      vertex 9.376942048178651e-16 15.31370849898476 -9
      vertex -2.987556322328056 15.0194598841901 -9
      vertex -3.2567702261443205 16.37288957467498 -7.499999999999999
    endloop
  endfacet
  facet normal 0 0 0
    outer loop
      vertex 9.376942048178651e-16 15.31370849898476 -9
      vertex -3.2567702261443205 16.37288957467498 -7.499999999999999
      vertex 1.0221914628538882e-15 16.693653444659763 -7.499999999999999
    endloop
  endfacet
  facet normal 0 0 0
    outer loop
      vertex -2.987556322328056 15.0194598841901 -9
      vertex -5.860302530629934 14.148021849056159 -9
      vertex -6.388384598915701 15.422924740357693 -7.499999999999999
    endloop
  endfacet
  facet normal 0 0 0
    outer loop
      vertex -2.987556322328056 15.0194598841901 -9
      vertex -6.388384598915701 15.422924740357693 -7.499999999999999
      vertex -3.2567702261443205 16.37288957467498 -7.499999999999999
    endloop
  endfacet
  facet normal 0 0 0
    outer loop
      vertex -5.860302530629934 14.148021849056159 -9
      vertex -8.507840599175221 12.732883268565052 -9
      vertex -9.274496934198105 13.880265557544304 -7.499999999999999
    endloop
  endfacet
  facet normal 0 0 0
    outer loop
      vertex -5.860302530629934 14.148021849056159 -9
      vertex -9.274496934198105 13.880265557544304 -7.499999999999999
      vertex -6.388384598915701 15.422924740357693 -7.499999999999999
    endloop
  endfacet
  facet normal 0 0 0
    outer loop
      vertex -8.507840599175221 12.732883268565052 -9
      vertex -10.828427124746188 10.82842712474619 -9
      vertex -11.804195553497085 11.804195553497086 -7.499999999999999
    endloop
  endfacet
  facet normal 0 0 0
    outer loop
      vertex -8.507840599175221 12.732883268565052 -9
      vertex -11.804195553497085 11.804195553497086 -7.499999999999999
      vertex -9.274496934198105 13.880265557544304 -7.499999999999999
    endloop
  endfacet
  facet normal 0 0 0
    outer loop
      vertex -10.828427124746188 10.82842712474619 -9
      vertex -12.732883268565052 8.507840599175225 -9
      vertex -13.880265557544304 9.274496934198108 -7.499999999999999
    endloop
  endfacet
  facet normal 0 0 0
    outer loop
      vertex -10.828427124746188 10.82842712474619 -9
      vertex -13.880265557544304 9.274496934198108 -7.499999999999999
      vertex -11.804195553497085 11.804195553497086 -7.499999999999999
    endloop
  endfacet
  facet normal 0 0 0
    outer loop
      vertex -12.732883268565052 8.507840599175225 -9
      vertex -14.148021849056159 5.860302530629936 -9
      vertex -15.422924740357693 6.388384598915704 -7.499999999999999
    endloop
  endfacet
  facet normal 0 0 0
    outer loop
      vertex -12.732883268565052 8.507840599175225 -9
      vertex -15.422924740357693 6.388384598915704 -7.499999999999999
      vertex -13.880265557544304 9.274496934198108 -7.499999999999999
    endloop
  endfacet
  facet normal 0 0 0
    outer loop
      vertex -14.148021849056159 5.860302530629936 -9
      vertex -15.0194598841901 2.987556322328062 -9
      vertex -16.37288957467498 3.2567702261443277 -7.499999999999999
    endloop
  endfacet
  facet normal 0 0 0
    outer loop
      vertex -14.148021849056159 5.860302530629936 -9
      vertex -16.37288957467498 3.2567702261443277 -7.499999999999999
      vertex -15.422924740357693 6.388384598915704 -7.499999999999999
    endloop
  endfacet
  facet normal 0 0 0
    outer loop
      vertex -15.0194598841901 2.987556322328062 -9
      vertex -15.31370849898476 1.8753884096357302e-15 -9
      vertex -16.693653444659763 2.0443829257077764e-15 -7.499999999999999
    endloop
  endfacet
  facet normal 0 0 0
    outer loop
      vertex -15.0194598841901 2.987556322328062 -9
      vertex -16.693653444659763 2.0443829257077764e-15 -7.499999999999999
      vertex -16.37288957467498 3.2567702261443277 -7.499999999999999
    endloop
  endfacet
  facet normal 0 0 0
    outer loop
      vertex -15.31370849898476 1.8753884096357302e-15 -9
      vertex -15.0194598841901 -2.9875563223280586 -9
      vertex -16.37288957467498 -3.2567702261443237 -7.499999999999999
    endloop
  endfacet
  facet normal 0 0 0
    outer loop
      vertex -15.31370849898476 1.8753884096357302e-15 -9
      vertex -16.37288957467498 -3.2567702261443237 -7.499999999999999
      vertex -16.693653444659763 2.0443829257077764e-15 -7.499999999999999
    endloop
  endfacet
  facet normal 0 0 0
    outer loop
      vertex -15.0194598841901 -2.9875563223280586 -9
      vertex -14.14802184905616 -5.860302530629932 -9
      vertex -15.422924740357695 -6.3883845989156995 -7.499999999999999
    endloop
  endfacet
  facet normal 0 0 0
    outer loop
      vertex -15.0194598841901 -2.9875563223280586 -9
      vertex -15.422924740357695 -6.3883845989156995 -7.499999999999999
      vertex -16.37288957467498 -3.2567702261443237 -7.499999999999999
    endloop
  endfacet
  facet normal 0 0 0
    outer loop
      vertex -14.14802184905616 -5.860302530629932 -9
      vertex -12.732883268565054 -8.507840599175221 -9
      vertex -13.880265557544305 -9.274496934198105 -7.499999999999999
    endloop
  endfacet
  facet normal 0 0 0
    outer loop
      vertex -14.14802184905616 -5.860302530629932 -9
      vertex -13.880265557544305 -9.274496934198105 -7.499999999999999
      vertex -15.422924740357695 -6.3883845989156995 -7.499999999999999
    endloop
  endfacet
  facet normal 0 0 0
    outer loop
      vertex -12.732883268565054 -8.507840599175221 -9
      vertex -10.828427124746192 -10.828427124746188 -9
      vertex -11.804195553497088 -11.804195553497085 -7.499999999999999
    endloop
  endfacet
  facet normal 0 0 0
    outer loop
      vertex -12.732883268565054 -8.507840599175221 -9
      vertex -11.804195553497088 -11.804195553497085 -7.499999999999999
      vertex -13.880265557544305 -9.274496934198105 -7.499999999999999
    endloop
  endfacet
  facet normal 0 0 0
    outer loop
      vertex -10.828427124746192 -10.828427124746188 -9
      vertex -8.507840599175225 -12.73288326856505 -9
      vertex -9.274496934198108 -13.880265557544302 -7.499999999999999
    endloop
  endfacet
  facet normal 0 0 0
    outer loop
      vertex -10.828427124746192 -10.828427124746188 -9
      vertex -9.274496934198108 -13.880265557544302 -7.499999999999999
      vertex -11.804195553497088 -11.804195553497085 -7.499999999999999
    endloop
  endfacet
  facet normal 0 0 0
    outer loop
      vertex -8.507840599175225 -12.73288326856505 -9
      vertex -5.860302530629943 -14.148021849056155 -9
      vertex -6.388384598915712 -15.42292474035769 -7.499999999999999
    endloop
  endfacet
  facet normal 0 0 0
    outer loop
      vertex -8.507840599175225 -12.73288326856505 -9
      vertex -6.388384598915712 -15.42292474035769 -7.499999999999999
      vertex -9.274496934198108 -13.880265557544302 -7.499999999999999
    endloop
  endfacet
  facet normal 0 0 0
    outer loop
      vertex -5.860302530629943 -14.148021849056155 -9
      vertex -2.987556322328063 -15.019459884190098 -9
      vertex -3.2567702261443285 -16.37288957467498 -7.499999999999999
    endloop
  endfacet
  facet normal 0 0 0
    outer loop
      vertex -5.860302530629943 -14.148021849056155 -9
      vertex -3.2567702261443285 -16.37288957467498 -7.499999999999999
      vertex -6.388384598915712 -15.42292474035769 -7.499999999999999
    endloop
  endfacet
  facet normal 0 0 0
    outer loop
      vertex -2.987556322328063 -15.019459884190098 -9
      vertex -2.8130826144535954e-15 -15.31370849898476 -9
      vertex -3.0665743885616644e-15 -16.693653444659763 -7.499999999999999
    endloop
  endfacet
  facet normal 0 0 0
    outer loop
      vertex -2.987556322328063 -15.019459884190098 -9
      vertex -3.0665743885616644e-15 -16.693653444659763 -7.499999999999999
      vertex -3.2567702261443285 -16.37288957467498 -7.499999999999999
    endloop
  endfacet
  facet normal 0 0 0
    outer loop
      vertex -2.8130826144535954e-15 -15.31370849898476 -9
      vertex 2.9875563223280577 -15.0194598841901 -9
      vertex 3.2567702261443228 -16.37288957467498 -7.499999999999999
    endloop
  endfacet
  facet normal 0 0 0
    outer loop
      vertex -2.8130826144535954e-15 -15.31370849898476 -9
      vertex 3.2567702261443228 -16.37288957467498 -7.499999999999999
      vertex -3.0665743885616644e-15 -16.693653444659763 -7.499999999999999
    endloop
  endfacet
  facet normal 0 0 0
    outer loop
      vertex 2.9875563223280577 -15.0194598841901 -9
      vertex 5.860302530629938 -14.148021849056157 -9
      vertex 6.388384598915706 -15.422924740357692 -7.499999999999999
    endloop
  endfacet
  facet normal 0 0 0
    outer loop
      vertex 2.9875563223280577 -15.0194598841901 -9
      vertex 6.388384598915706 -15.422924740357692 -7.499999999999999
      vertex 3.2567702261443228 -16.37288957467498 -7.499999999999999
    endloop
  endfacet
  facet normal 0 0 0
    outer loop
      vertex 5.860302530629938 -14.148021849056157 -9
      vertex 8.50784059917522 -12.732883268565054 -9
      vertex 9.274496934198103 -13.880265557544305 -7.499999999999999
    endloop
  endfacet
  facet normal 0 0 0
    outer loop
      vertex 5.860302530629938 -14.148021849056157 -9
      vertex 9.274496934198103 -13.880265557544305 -7.499999999999999
      vertex 6.388384598915706 -15.422924740357692 -7.499999999999999
    endloop
  endfacet
  facet normal 0 0 0
    outer loop
      vertex 8.50784059917522 -12.732883268565054 -9
      vertex 10.828427124746186 -10.828427124746192 -9
      vertex 11.804195553497083 -11.804195553497088 -7.499999999999999
    endloop
  endfacet
  facet normal 0 0 0
    outer loop
      vertex 8.50784059917522 -12.732883268565054 -9
      vertex 11.804195553497083 -11.804195553497088 -7.499999999999999
      vertex 9.274496934198103 -13.880265557544305 -7.499999999999999
    endloop
  endfacet
  facet normal 0 0 0
    outer loop
      vertex 10.828427124746186 -10.828427124746192 -9
      vertex 12.73288326856505 -8.507840599175225 -9
      vertex 13.880265557544302 -9.274496934198108 -7.499999999999999
    endloop
  endfacet
  facet normal 0 0 0
    outer loop
      vertex 10.828427124746186 -10.828427124746192 -9
      vertex 13.880265557544302 -9.274496934198108 -7.499999999999999
      vertex 11.804195553497083 -11.804195553497088 -7.499999999999999
    endloop
  endfacet
  facet normal 0 0 0
    outer loop
      vertex 12.73288326856505 -8.507840599175225 -9
      vertex 14.148021849056155 -5.860302530629944 -9
      vertex 15.42292474035769 -6.388384598915713 -7.499999999999999
    endloop
  endfacet
  facet normal 0 0 0
    outer loop
      vertex 12.73288326856505 -8.507840599175225 -9
      vertex 15.42292474035769 -6.388384598915713 -7.499999999999999
      vertex 13.880265557544302 -9.274496934198108 -7.499999999999999
    endloop
  endfacet
  facet normal 0 0 0
    outer loop
      vertex 14.148021849056155 -5.860302530629944 -9
      vertex 15.019459884190098 -2.987556322328064 -9
      vertex 16.37288957467498 -3.2567702261443294 -7.499999999999999
    endloop
  endfacet
  facet normal 0 0 0
    outer loop
      vertex 14.148021849056155 -5.860302530629944 -9
      vertex 16.37288957467498 -3.2567702261443294 -7.499999999999999
      vertex 15.42292474035769 -6.388384598915713 -7.499999999999999
    endloop
  endfacet
  facet normal 0 0 0
    outer loop
      vertex 15.019459884190098 -2.987556322328064 -9
      vertex 15.31370849898476 0 -9
      vertex 16.693653444659763 0 -7.499999999999999
    endloop
  endfacet
  facet normal 0 0 0
    outer loop
      vertex 15.019459884190098 -2.987556322328064 -9
      vertex 16.693653444659763 0 -7.499999999999999
      vertex 16.37288957467498 -3.2567702261443294 -7.499999999999999
    endloop
  endfacet
  facet normal 0 0 0
    outer loop
      vertex 16.693653444659763 0 -7.499999999999999
      vertex 16.37288957467498 3.256770226144322 -7.499999999999999
      vertex 17.513300617405584 3.483612086439771 -6.000000000000001
    endloop
  endfacet
  facet normal 0 0 0
    outer loop
      vertex 16.693653444659763 0 -7.499999999999999
      vertex 17.513300617405584 3.483612086439771 -6.000000000000001
      vertex 17.856406460551018 0 -6.000000000000001
    endloop
  endfacet
  facet normal 0 0 0
    outer loop
      vertex 16.37288957467498 3.256770226144322 -7.499999999999999
      vertex 15.422924740357693 6.388384598915702 -7.499999999999999
      vertex 16.497168453105395 6.833350914029827 -6.000000000000001
    endloop
  endfacet
  facet normal 0 0 0
    outer loop
      vertex 16.37288957467498 3.256770226144322 -7.499999999999999
      vertex 16.497168453105395 6.833350914029827 -6.000000000000001
      vertex 17.513300617405584 3.483612086439771 -6.000000000000001
    endloop
  endfacet
  facet normal 0 0 0
    outer loop
      vertex 15.422924740357693 6.388384598915702 -7.499999999999999
      vertex 13.880265557544302 9.274496934198108 -7.499999999999999
      vertex 14.847059356871018 9.920487898181058 -6.000000000000001
    endloop
  endfacet
  facet normal 0 0 0
    outer loop
      vertex 15.422924740357693 6.388384598915702 -7.499999999999999
      vertex 14.847059356871018 9.920487898181058 -6.000000000000001
      vertex 16.497168453105395 6.833350914029827 -6.000000000000001
    endloop
  endfacet
  facet normal 0 0 0
    outer loop
      vertex 13.880265557544302 9.274496934198108 -7.499999999999999
      vertex 11.804195553497086 11.804195553497085 -7.499999999999999
      vertex 12.626386095878903 12.626386095878901 -6.000000000000001
    endloop
  endfacet
  facet normal 0 0 0
    outer loop
      vertex 13.880265557544302 9.274496934198108 -7.499999999999999
      vertex 12.626386095878903 12.626386095878901 -6.000000000000001
      vertex 14.847059356871018 9.920487898181058 -6.000000000000001
    endloop
  endfacet
  facet normal 0 0 0
    outer loop
      vertex 11.804195553497086 11.804195553497085 -7.499999999999999
      vertex 9.27449693419811 13.880265557544302 -7.499999999999999
      vertex 9.92048789818106 14.847059356871018 -6.000000000000001
    endloop
  endfacet
  facet normal 0 0 0
    outer loop
      vertex 11.804195553497086 11.804195553497085 -7.499999999999999
      vertex 9.92048789818106 14.847059356871018 -6.000000000000001
      vertex 12.626386095878903 12.626386095878901 -6.000000000000001
    endloop
  endfacet
  facet normal 0 0 0
    outer loop
      vertex 9.27449693419811 13.880265557544302 -7.499999999999999
      vertex 6.388384598915703 15.422924740357693 -7.499999999999999
      vertex 6.833350914029829 16.497168453105395 -6.000000000000001
    endloop
  endfacet
  facet normal 0 0 0
    outer loop
      vertex 9.27449693419811 13.880265557544302 -7.499999999999999
      vertex 6.833350914029829 16.497168453105395 -6.000000000000001
      vertex 9.92048789818106 14.847059356871018 -6.000000000000001
    endloop
  endfacet
  facet normal 0 0 0
    outer loop
      vertex 6.388384598915703 15.422924740357693 -7.499999999999999
      vertex 3.256770226144323 16.37288957467498 -7.499999999999999
      vertex 3.483612086439772 17.513300617405584 -6.000000000000001
    endloop
  endfacet
  facet normal 0 0 0
    outer loop
      vertex 6.388384598915703 15.422924740357693 -7.499999999999999
      vertex 3.483612086439772 17.513300617405584 -6.000000000000001
      vertex 6.833350914029829 16.497168453105395 -6.000000000000001
    endloop
  endfacet
  facet normal 0 0 0
    outer loop
      vertex 3.256770226144323 16.37288957467498 -7.499999999999999
      vertex 1.0221914628538882e-15 16.693653444659763 -7.499999999999999
      vertex 1.093389550809396e-15 17.856406460551018 -6.000000000000001
    endloop
  endfacet
  facet normal 0 0 0
    outer loop
      vertex 3.256770226144323 16.37288957467498 -7.499999999999999
      vertex 1.093389550809396e-15 17.856406460551018 -6.000000000000001
      vertex 3.483612086439772 17.513300617405584 -6.000000000000001
    endloop
  endfacet
  facet normal 0 0 0
    outer loop
      vertex 1.0221914628538882e-15 16.693653444659763 -7.499999999999999
      vertex -3.2567702261443205 16.37288957467498 -7.499999999999999
      vertex -3.48361208643977 17.513300617405584 -6.000000000000001
    endloop
  endfacet
  facet normal 0 0 0
    outer loop
      vertex 1.0221914628538882e-15 16.693653444659763 -7.499999999999999
      vertex -3.48361208643977 17.513300617405584 -6.000000000000001
      vertex 1.093389550809396e-15 17.856406460551018 -6.000000000000001
    endloop
  endfacet
  facet normal 0 0 0
    outer loop
      vertex -3.2567702261443205 16.37288957467498 -7.499999999999999
      vertex -6.388384598915701 15.422924740357693 -7.499999999999999
      vertex -6.833350914029826 16.497168453105395 -6.000000000000001
    endloop
  endfacet
  facet normal 0 0 0
    outer loop
      vertex -3.2567702261443205 16.37288957467498 -7.499999999999999
      vertex -6.833350914029826 16.497168453105395 -6.000000000000001
      vertex -3.48361208643977 17.513300617405584 -6.000000000000001
    endloop
  endfacet
  facet normal 0 0 0
    outer loop
      vertex -6.388384598915701 15.422924740357693 -7.499999999999999
      vertex -9.274496934198105 13.880265557544304 -7.499999999999999
      vertex -9.920487898181054 14.847059356871021 -6.000000000000001
    endloop
  endfacet
  facet normal 0 0 0
    outer loop
      vertex -6.388384598915701 15.422924740357693 -7.499999999999999
      vertex -9.920487898181054 14.847059356871021 -6.000000000000001
      vertex -6.833350914029826 16.497168453105395 -6.000000000000001
    endloop
  endfacet
  facet normal 0 0 0
    outer loop
      vertex -9.274496934198105 13.880265557544304 -7.499999999999999
      vertex -11.804195553497085 11.804195553497086 -7.499999999999999
      vertex -12.626386095878901 12.626386095878903 -6.000000000000001
    endloop
  endfacet
  facet normal 0 0 0
    outer loop
      vertex -9.274496934198105 13.880265557544304 -7.499999999999999
      vertex -12.626386095878901 12.626386095878903 -6.000000000000001
      vertex -9.920487898181054 14.847059356871021 -6.000000000000001
    endloop
  endfacet
  facet normal 0 0 0
    outer loop
      vertex -11.804195553497085 11.804195553497086 -7.499999999999999
      vertex -13.880265557544304 9.274496934198108 -7.499999999999999
      vertex -14.847059356871021 9.920487898181058 -6.000000000000001
    endloop
  endfacet
  facet normal 0 0 0
    outer loop
      vertex -11.804195553497085 11.804195553497086 -7.499999999999999
      vertex -14.847059356871021 9.920487898181058 -6.000000000000001
      vertex -12.626386095878901 12.626386095878903 -6.000000000000001
    endloop
  endfacet
  facet normal 0 0 0
    outer loop
      vertex -13.880265557544304 9.274496934198108 -7.499999999999999
      vertex -15.422924740357693 6.388384598915704 -7.499999999999999
      vertex -16.497168453105395 6.83335091402983 -6.000000000000001
    endloop
  endfacet
  facet normal 0 0 0
    outer loop
      vertex -13.880265557544304 9.274496934198108 -7.499999999999999
      vertex -16.497168453105395 6.83335091402983 -6.000000000000001
      vertex -14.847059356871021 9.920487898181058 -6.000000000000001
    endloop
  endfacet
  facet normal 0 0 0
    outer loop
      vertex -15.422924740357693 6.388384598915704 -7.499999999999999
      vertex -16.37288957467498 3.2567702261443277 -7.499999999999999
      vertex -17.513300617405584 3.4836120864397775 -6.000000000000001
    endloop
  endfacet
  facet normal 0 0 0
    outer loop
      vertex -15.422924740357693 6.388384598915704 -7.499999999999999
      vertex -17.513300617405584 3.4836120864397775 -6.000000000000001
      vertex -16.497168453105395 6.83335091402983 -6.000000000000001
    endloop
  endfacet
  facet normal 0 0 0
    outer loop
      vertex -16.37288957467498 3.2567702261443277 -7.499999999999999
      vertex -16.693653444659763 2.0443829257077764e-15 -7.499999999999999
      vertex -17.856406460551018 2.186779101618792e-15 -6.000000000000001
    endloop
  endfacet
  facet normal 0 0 0
    outer loop
      vertex -16.37288957467498 3.2567702261443277 -7.499999999999999
      vertex -17.856406460551018 2.186779101618792e-15 -6.000000000000001
      vertex -17.513300617405584 3.4836120864397775 -6.000000000000001
    endloop
  endfacet
  facet normal 0 0 0
    outer loop
      vertex -16.693653444659763 2.0443829257077764e-15 -7.499999999999999
      vertex -16.37288957467498 -3.2567702261443237 -7.499999999999999
      vertex -17.513300617405584 -3.483612086439773 -6.000000000000001
    endloop
  endfacet
  facet normal 0 0 0
    outer loop
      vertex -16.693653444659763 2.0443829257077764e-15 -7.499999999999999
      vertex -17.513300617405584 -3.483612086439773 -6.000000000000001
      vertex -17.856406460551018 2.186779101618792e-15 -6.000000000000001
    endloop
  endfacet
  facet normal 0 0 0
    outer loop
      vertex -16.37288957467498 -3.2567702261443237 -7.499999999999999
      vertex -15.422924740357695 -6.3883845989156995 -7.499999999999999
      vertex -16.497168453105395 -6.8333509140298245 -6.000000000000001
    endloop
  endfacet
  facet normal 0 0 0
    outer loop
      vertex -16.37288957467498 -3.2567702261443237 -7.499999999999999
      vertex -16.497168453105395 -6.8333509140298245 -6.000000000000001
      vertex -17.513300617405584 -3.483612086439773 -6.000000000000001
    endloop
  endfacet
  facet normal 0 0 0
    outer loop
      vertex -15.422924740357695 -6.3883845989156995 -7.499999999999999
      vertex -13.880265557544305 -9.274496934198105 -7.499999999999999
      vertex -14.847059356871023 -9.920487898181054 -6.000000000000001
    endloop
  endfacet
  facet normal 0 0 0
    outer loop
      vertex -15.422924740357695 -6.3883845989156995 -7.499999999999999
      vertex -14.847059356871023 -9.920487898181054 -6.000000000000001
      vertex -16.497168453105395 -6.8333509140298245 -6.000000000000001
    endloop
  endfacet
  facet normal 0 0 0
    outer loop
      vertex -13.880265557544305 -9.274496934198105 -7.499999999999999
      vertex -11.804195553497088 -11.804195553497085 -7.499999999999999
      vertex -12.626386095878905 -12.626386095878901 -6.000000000000001
    endloop
  endfacet
  facet normal 0 0 0
    outer loop
      vertex -13.880265557544305 -9.274496934198105 -7.499999999999999
      vertex -12.626386095878905 -12.626386095878901 -6.000000000000001
      vertex -14.847059356871023 -9.920487898181054 -6.000000000000001
    endloop
  endfacet
  facet normal 0 0 0
    outer loop
      vertex -11.804195553497088 -11.804195553497085 -7.499999999999999
      vertex -9.274496934198108 -13.880265557544302 -7.499999999999999
      vertex -9.920487898181058 -14.847059356871018 -6.000000000000001
    endloop
  endfacet
  facet normal 0 0 0
    outer loop
      vertex -11.804195553497088 -11.804195553497085 -7.499999999999999
      vertex -9.920487898181058 -14.847059356871018 -6.000000000000001
      vertex -12.626386095878905 -12.626386095878901 -6.000000000000001
    endloop
  endfacet
  facet normal 0 0 0
    outer loop
      vertex -9.274496934198108 -13.880265557544302 -7.499999999999999
      vertex -6.388384598915712 -15.42292474035769 -7.499999999999999
      vertex -6.833350914029838 -16.49716845310539 -6.000000000000001
    endloop
  endfacet
  facet normal 0 0 0
    outer loop
      vertex -9.274496934198108 -13.880265557544302 -7.499999999999999
      vertex -6.833350914029838 -16.49716845310539 -6.000000000000001
      vertex -9.920487898181058 -14.847059356871018 -6.000000000000001
    endloop
  endfacet
  facet normal 0 0 0
    outer loop
      vertex -6.388384598915712 -15.42292474035769 -7.499999999999999
      vertex -3.2567702261443285 -16.37288957467498 -7.499999999999999
      vertex -3.4836120864397784 -17.513300617405584 -6.000000000000001
    endloop
  endfacet
  facet normal 0 0 0
    outer loop
      vertex -6.388384598915712 -15.42292474035769 -7.499999999999999
      vertex -3.4836120864397784 -17.513300617405584 -6.000000000000001
      vertex -6.833350914029838 -16.49716845310539 -6.000000000000001
    endloop
  endfacet
  facet normal 0 0 0
    outer loop
      vertex -3.2567702261443285 -16.37288957467498 -7.499999999999999
      vertex -3.0665743885616644e-15 -16.693653444659763 -7.499999999999999
      vertex -3.280168652428188e-15 -17.856406460551018 -6.000000000000001
    endloop
  endfacet
  facet normal 0 0 0
    outer loop
      vertex -3.2567702261443285 -16.37288957467498 -7.499999999999999
      vertex -3.280168652428188e-15 -17.856406460551018 -6.000000000000001
      vertex -3.4836120864397784 -17.513300617405584 -6.000000000000001
    endloop
  endfacet
  facet normal 0 0 0
    outer loop
      vertex -3.0665743885616644e-15 -16.693653444659763 -7.499999999999999
      vertex 3.2567702261443228 -16.37288957467498 -7.499999999999999
      vertex 3.4836120864397717 -17.513300617405584 -6.000000000000001
    endloop
  endfacet
  facet normal 0 0 0
    outer loop
      vertex -3.0665743885616644e-15 -16.693653444659763 -7.499999999999999
      vertex 3.4836120864397717 -17.513300617405584 -6.000000000000001
      vertex -3.280168652428188e-15 -17.856406460551018 -6.000000000000001
    endloop
  endfacet
  facet normal 0 0 0
    outer loop
      vertex 3.2567702261443228 -16.37288957467498 -7.499999999999999
      vertex 6.388384598915706 -15.422924740357692 -7.499999999999999
      vertex 6.833350914029832 -16.49716845310539 -6.000000000000001
    endloop
  endfacet
  facet normal 0 0 0
    outer loop
      vertex 3.2567702261443228 -16.37288957467498 -7.499999999999999
      vertex 6.833350914029832 -16.49716845310539 -6.000000000000001
      vertex 3.4836120864397717 -17.513300617405584 -6.000000000000001
    endloop
  endfacet
  facet normal 0 0 0
    outer loop
      vertex 6.388384598915706 -15.422924740357692 -7.499999999999999
      vertex 9.274496934198103 -13.880265557544305 -7.499999999999999
      vertex 9.920487898181053 -14.847059356871023 -6.000000000000001
    endloop
  endfacet
  facet normal 0 0 0
    outer loop
      vertex 6.388384598915706 -15.422924740357692 -7.499999999999999
      vertex 9.920487898181053 -14.847059356871023 -6.000000000000001
      vertex 6.833350914029832 -16.49716845310539 -6.000000000000001
    endloop
  endfacet
  facet normal 0 0 0
    outer loop
      vertex 9.274496934198103 -13.880265557544305 -7.499999999999999
      vertex 11.804195553497083 -11.804195553497088 -7.499999999999999
      vertex 12.6263860958789 -12.626386095878905 -6.000000000000001
    endloop
  endfacet
  facet normal 0 0 0
    outer loop
      vertex 9.274496934198103 -13.880265557544305 -7.499999999999999
      vertex 12.6263860958789 -12.626386095878905 -6.000000000000001
      vertex 9.920487898181053 -14.847059356871023 -6.000000000000001
    endloop
  endfacet
  facet normal 0 0 0
    outer loop
      vertex 11.804195553497083 -11.804195553497088 -7.499999999999999
      vertex 13.880265557544302 -9.274496934198108 -7.499999999999999
      vertex 14.847059356871018 -9.920487898181058 -6.000000000000001
    endloop
  endfacet
  facet normal 0 0 0
    outer loop
      vertex 11.804195553497083 -11.804195553497088 -7.499999999999999
      vertex 14.847059356871018 -9.920487898181058 -6.000000000000001
      vertex 12.6263860958789 -12.626386095878905 -6.000000000000001
    endloop
  endfacet
  facet normal 0 0 0
    outer loop
      vertex 13.880265557544302 -9.274496934198108 -7.499999999999999
      vertex 15.42292474035769 -6.388384598915713 -7.499999999999999
      vertex 16.49716845310539 -6.833350914029839 -6.000000000000001
    endloop
  endfacet
  facet normal 0 0 0
    outer loop
      vertex 13.880265557544302 -9.274496934198108 -7.499999999999999
      vertex 16.49716845310539 -6.833350914029839 -6.000000000000001
      vertex 14.847059356871018 -9.920487898181058 -6.000000000000001
    endloop
  endfacet
  facet normal 0 0 0
    outer loop
      vertex 15.42292474035769 -6.388384598915713 -7.499999999999999
      vertex 16.37288957467498 -3.2567702261443294 -7.499999999999999
      vertex 17.513300617405584 -3.4836120864397793 -6.000000000000001
    endloop
  endfacet
  facet normal 0 0 0
    outer loop
      vertex 15.42292474035769 -6.388384598915713 -7.499999999999999
      vertex 17.513300617405584 -3.4836120864397793 -6.000000000000001
      vertex 16.49716845310539 -6.833350914029839 -6.000000000000001
    endloop
  endfacet
  facet normal 0 0 0
    outer loop
      vertex 16.37288957467498 -3.2567702261443294 -7.499999999999999
      vertex 16.693653444659763 0 -7.499999999999999
      vertex 17.856406460551018 0 -6.000000000000001
    endloop
  endfacet
  facet normal 0 0 0
    outer loop
      vertex 16.37288957467498 -3.2567702261443294 -7.499999999999999
      vertex 17.856406460551018 0 -6.000000000000001
      vertex 17.513300617405584 -3.4836120864397793 -6.000000000000001
    endloop
  endfacet
  facet normal 0 0 0
    outer loop
      vertex 17.856406460551018 0 -6.000000000000001
      vertex 17.513300617405584 3.483612086439771 -6.000000000000001
      vertex 18.421180263259128 3.664200576092304 -4.5
    endloop
  endfacet
  facet normal 0 0 0
    outer loop
      vertex 17.856406460551018 0 -6.000000000000001
      vertex 18.421180263259128 3.664200576092304 -4.5
      vertex 18.782072520180588 0 -4.5
    endloop
  endfacet
  facet normal 0 0 0
    outer loop
      vertex 17.513300617405584 3.483612086439771 -6.000000000000001
      vertex 16.497168453105395 6.833350914029827 -6.000000000000001
      vertex 17.352372379537528 7.187587978952739 -4.5
    endloop
  endfacet
  facet normal 0 0 0
    outer loop
      vertex 17.513300617405584 3.483612086439771 -6.000000000000001
      vertex 17.352372379537528 7.187587978952739 -4.5
      vertex 18.421180263259128 3.664200576092304 -4.5
    endloop
  endfacet
  facet normal 0 0 0
    outer loop
      vertex 16.497168453105395 6.833350914029827 -6.000000000000001
      vertex 14.847059356871018 9.920487898181058 -6.000000000000001
      vertex 15.616722556592842 10.434760406627795 -4.5
    endloop
  endfacet
  facet normal 0 0 0
    outer loop
      vertex 16.497168453105395 6.833350914029827 -6.000000000000001
      vertex 15.616722556592842 10.434760406627795 -4.5
      vertex 17.352372379537528 7.187587978952739 -4.5
    endloop
  endfacet
  facet normal 0 0 0
    outer loop
      vertex 14.847059356871018 9.920487898181058 -6.000000000000001
      vertex 12.626386095878903 12.626386095878901 -6.000000000000001
      vertex 13.280930843757202 13.2809308437572 -4.5
    endloop
  endfacet
  facet normal 0 0 0
    outer loop
      vertex 14.847059356871018 9.920487898181058 -6.000000000000001
      vertex 13.280930843757202 13.2809308437572 -4.5
      vertex 15.616722556592842 10.434760406627795 -4.5
    endloop
  endfacet
  facet normal 0 0 0
    outer loop
      vertex 12.626386095878903 12.626386095878901 -6.000000000000001
      vertex 9.92048789818106 14.847059356871018 -6.000000000000001
      vertex 10.434760406627799 15.616722556592842 -4.5
    endloop
  endfacet
  facet normal 0 0 0
    outer loop
      vertex 12.626386095878903 12.626386095878901 -6.000000000000001
      vertex 10.434760406627799 15.616722556592842 -4.5
      vertex 13.280930843757202 13.2809308437572 -4.5
    endloop
  endfacet
  facet normal 0 0 0
    outer loop
      vertex 9.92048789818106 14.847059356871018 -6.000000000000001
      vertex 6.833350914029829 16.497168453105395 -6.000000000000001
      vertex 7.187587978952741 17.352372379537528 -4.5
    endloop
  endfacet
  facet normal 0 0 0
    outer loop
      vertex 9.92048789818106 14.847059356871018 -6.000000000000001
      vertex 7.187587978952741 17.352372379537528 -4.5
      vertex 10.434760406627799 15.616722556592842 -4.5
    endloop
  endfacet
  facet normal 0 0 0
    outer loop
      vertex 6.833350914029829 16.497168453105395 -6.000000000000001
      vertex 3.483612086439772 17.513300617405584 -6.000000000000001
      vertex 3.664200576092306 18.421180263259128 -4.5
    endloop
  endfacet
  facet normal 0 0 0
    outer loop
      vertex 6.833350914029829 16.497168453105395 -6.000000000000001
      vertex 3.664200576092306 18.421180263259128 -4.5
      vertex 7.187587978952741 17.352372379537528 -4.5
    endloop
  endfacet
  facet normal 0 0 0
    outer loop
      vertex 3.483612086439772 17.513300617405584 -6.000000000000001
      vertex 1.093389550809396e-15 17.856406460551018 -6.000000000000001
      vertex 1.1500702496596309e-15 18.782072520180588 -4.5
    endloop
  endfacet
  facet normal 0 0 0
    outer loop
      vertex 3.483612086439772 17.513300617405584 -6.000000000000001
      vertex 1.1500702496596309e-15 18.782072520180588 -4.5
      vertex 3.664200576092306 18.421180263259128 -4.5
    endloop
  endfacet
  facet normal 0 0 0
    outer loop
      vertex 1.093389550809396e-15 17.856406460551018 -6.000000000000001
      vertex -3.48361208643977 17.513300617405584 -6.000000000000001
      vertex -3.6642005760923033 18.421180263259128 -4.5
    endloop
  endfacet
  facet normal 0 0 0
    outer loop
      vertex 1.093389550809396e-15 17.856406460551018 -6.000000000000001
      vertex -3.6642005760923033 18.421180263259128 -4.5
      vertex 1.1500702496596309e-15 18.782072520180588 -4.5
    endloop
  endfacet
  facet normal 0 0 0
    outer loop
      vertex -3.48361208643977 17.513300617405584 -6.000000000000001
      vertex -6.833350914029826 16.497168453105395 -6.000000000000001
      vertex -7.187587978952738 17.352372379537528 -4.5
    endloop
  endfacet
  facet normal 0 0 0
    outer loop
      vertex -3.48361208643977 17.513300617405584 -6.000000000000001
      vertex -7.187587978952738 17.352372379537528 -4.5
      vertex -3.6642005760923033 18.421180263259128 -4.5
    endloop
  endfacet
  facet normal 0 0 0
    outer loop
      vertex -6.833350914029826 16.497168453105395 -6.000000000000001
      vertex -9.920487898181054 14.847059356871021 -6.000000000000001
      vertex -10.434760406627792 15.616722556592844 -4.5
    endloop
  endfacet
  facet normal 0 0 0
    outer loop
      vertex -6.833350914029826 16.497168453105395 -6.000000000000001
      vertex -10.434760406627792 15.616722556592844 -4.5
      vertex -7.187587978952738 17.352372379537528 -4.5
    endloop
  endfacet
  facet normal 0 0 0
    outer loop
      vertex -9.920487898181054 14.847059356871021 -6.000000000000001
      vertex -12.626386095878901 12.626386095878903 -6.000000000000001
      vertex -13.2809308437572 13.280930843757202 -4.5
    endloop
  endfacet
  facet normal 0 0 0
    outer loop
      vertex -9.920487898181054 14.847059356871021 -6.000000000000001
      vertex -13.2809308437572 13.280930843757202 -4.5
      vertex -10.434760406627792 15.616722556592844 -4.5
    endloop
  endfacet
  facet normal 0 0 0
    outer loop
      vertex -12.626386095878901 12.626386095878903 -6.000000000000001
      vertex -14.847059356871021 9.920487898181058 -6.000000000000001
      vertex -15.616722556592844 10.434760406627795 -4.5
    endloop
  endfacet
  facet normal 0 0 0
    outer loop
      vertex -12.626386095878901 12.626386095878903 -6.000000000000001
      vertex -15.616722556592844 10.434760406627795 -4.5
      vertex -13.2809308437572 13.280930843757202 -4.5
    endloop
  endfacet
  facet normal 0 0 0
    outer loop
      vertex -14.847059356871021 9.920487898181058 -6.000000000000001
      vertex -16.497168453105395 6.83335091402983 -6.000000000000001
      vertex -17.352372379537528 7.187587978952742 -4.5
    endloop
  endfacet
  facet normal 0 0 0
    outer loop
      vertex -14.847059356871021 9.920487898181058 -6.000000000000001
      vertex -17.352372379537528 7.187587978952742 -4.5
      vertex -15.616722556592844 10.434760406627795 -4.5
    endloop
  endfacet
  facet normal 0 0 0
    outer loop
      vertex -16.497168453105395 6.83335091402983 -6.000000000000001
      vertex -17.513300617405584 3.4836120864397775 -6.000000000000001
      vertex -18.421180263259128 3.664200576092311 -4.5
    endloop
  endfacet
  facet normal 0 0 0
    outer loop
      vertex -16.497168453105395 6.83335091402983 -6.000000000000001
      vertex -18.421180263259128 3.664200576092311 -4.5
      vertex -17.352372379537528 7.187587978952742 -4.5
    endloop
  endfacet
  facet normal 0 0 0
    outer loop
      vertex -17.513300617405584 3.4836120864397775 -6.000000000000001
      vertex -17.856406460551018 2.186779101618792e-15 -6.000000000000001
      vertex -18.782072520180588 2.3001404993192618e-15 -4.5
    endloop
  endfacet
  facet normal 0 0 0
    outer loop
      vertex -17.513300617405584 3.4836120864397775 -6.000000000000001
      vertex -18.782072520180588 2.3001404993192618e-15 -4.5
      vertex -18.421180263259128 3.664200576092311 -4.5
    endloop
  endfacet
  facet normal 0 0 0
    outer loop
      vertex -17.856406460551018 2.186779101618792e-15 -6.000000000000001
      vertex -17.513300617405584 -3.483612086439773 -6.000000000000001
      vertex -18.421180263259128 -3.6642005760923064 -4.5
    endloop
  endfacet
  facet normal 0 0 0
    outer loop
      vertex -17.856406460551018 2.186779101618792e-15 -6.000000000000001
      vertex -18.421180263259128 -3.6642005760923064 -4.5
      vertex -18.782072520180588 2.3001404993192618e-15 -4.5
    endloop
  endfacet
  facet normal 0 0 0
    outer loop
      vertex -17.513300617405584 -3.483612086439773 -6.000000000000001
      vertex -16.497168453105395 -6.8333509140298245 -6.000000000000001
      vertex -17.352372379537528 -7.187587978952736 -4.5
    endloop
  endfacet
  facet normal 0 0 0
    outer loop
      vertex -17.513300617405584 -3.483612086439773 -6.000000000000001
      vertex -17.352372379537528 -7.187587978952736 -4.5
      vertex -18.421180263259128 -3.6642005760923064 -4.5
    endloop
  endfacet
  facet normal 0 0 0
    outer loop
      vertex -16.497168453105395 -6.8333509140298245 -6.000000000000001
      vertex -14.847059356871023 -9.920487898181054 -6.000000000000001
      vertex -15.616722556592846 -10.434760406627792 -4.5
    endloop
  endfacet
  facet normal 0 0 0
    outer loop
      vertex -16.497168453105395 -6.8333509140298245 -6.000000000000001
      vertex -15.616722556592846 -10.434760406627792 -4.5
      vertex -17.352372379537528 -7.187587978952736 -4.5
    endloop
  endfacet
  facet normal 0 0 0
    outer loop
      vertex -14.847059356871023 -9.920487898181054 -6.000000000000001
      vertex -12.626386095878905 -12.626386095878901 -6.000000000000001
      vertex -13.280930843757204 -13.2809308437572 -4.5
    endloop
  endfacet
  facet normal 0 0 0
    outer loop
      vertex -14.847059356871023 -9.920487898181054 -6.000000000000001
      vertex -13.280930843757204 -13.2809308437572 -4.5
      vertex -15.616722556592846 -10.434760406627792 -4.5
    endloop
  endfacet
  facet normal 0 0 0
    outer loop
      vertex -12.626386095878905 -12.626386095878901 -6.000000000000001
      vertex -9.920487898181058 -14.847059356871018 -6.000000000000001
      vertex -10.434760406627795 -15.616722556592842 -4.5
    endloop
  endfacet
  facet normal 0 0 0
    outer loop
      vertex -12.626386095878905 -12.626386095878901 -6.000000000000001
      vertex -10.434760406627795 -15.616722556592842 -4.5
      vertex -13.280930843757204 -13.2809308437572 -4.5
    endloop
  endfacet
  facet normal 0 0 0
    outer loop
      vertex -9.920487898181058 -14.847059356871018 -6.000000000000001
      vertex -6.833350914029838 -16.49716845310539 -6.000000000000001
      vertex -7.18758797895275 -17.352372379537524 -4.5
    endloop
  endfacet
  facet normal 0 0 0
    outer loop
      vertex -9.920487898181058 -14.847059356871018 -6.000000000000001
      vertex -7.18758797895275 -17.352372379537524 -4.5
      vertex -10.434760406627795 -15.616722556592842 -4.5
    endloop
  endfacet
  facet normal 0 0 0
    outer loop
      vertex -6.833350914029838 -16.49716845310539 -6.000000000000001
      vertex -3.4836120864397784 -17.513300617405584 -6.000000000000001
      vertex -3.664200576092312 -18.421180263259124 -4.5
    endloop
  endfacet
  facet normal 0 0 0
    outer loop
      vertex -6.833350914029838 -16.49716845310539 -6.000000000000001
      vertex -3.664200576092312 -18.421180263259124 -4.5
      vertex -7.18758797895275 -17.352372379537524 -4.5
    endloop
  endfacet
  facet normal 0 0 0
    outer loop
      vertex -3.4836120864397784 -17.513300617405584 -6.000000000000001
      vertex -3.280168652428188e-15 -17.856406460551018 -6.000000000000001
      vertex -3.4502107489788925e-15 -18.782072520180588 -4.5
    endloop
  endfacet
  facet normal 0 0 0
    outer loop
      vertex -3.4836120864397784 -17.513300617405584 -6.000000000000001
      vertex -3.4502107489788925e-15 -18.782072520180588 -4.5
      vertex -3.664200576092312 -18.421180263259124 -4.5
    endloop
  endfacet
  facet normal 0 0 0
    outer loop
      vertex -3.280168652428188e-15 -17.856406460551018 -6.000000000000001
      vertex 3.4836120864397717 -17.513300617405584 -6.000000000000001
      vertex 3.6642005760923055 -18.421180263259128 -4.5
    endloop
  endfacet
  facet normal 0 0 0
    outer loop
      vertex -3.280168652428188e-15 -17.856406460551018 -6.000000000000001
      vertex 3.6642005760923055 -18.421180263259128 -4.5
      vertex -3.4502107489788925e-15 -18.782072520180588 -4.5
    endloop
  endfacet
  facet normal 0 0 0
    outer loop
      vertex 3.4836120864397717 -17.513300617405584 -6.000000000000001
      vertex 6.833350914029832 -16.49716845310539 -6.000000000000001
      vertex 7.1875879789527435 -17.352372379537524 -4.5
    endloop
  endfacet
  facet normal 0 0 0
    outer loop
      vertex 3.4836120864397717 -17.513300617405584 -6.000000000000001
      vertex 7.1875879789527435 -17.352372379537524 -4.5
      vertex 3.6642005760923055 -18.421180263259128 -4.5
    endloop
  endfacet
  facet normal 0 0 0
    outer loop
      vertex 6.833350914029832 -16.49716845310539 -6.000000000000001
      vertex 9.920487898181053 -14.847059356871023 -6.000000000000001
      vertex 10.43476040662779 -15.616722556592846 -4.5
    endloop
  endfacet
  facet normal 0 0 0
    outer loop
      vertex 6.833350914029832 -16.49716845310539 -6.000000000000001
      vertex 10.43476040662779 -15.616722556592846 -4.5
      vertex 7.1875879789527435 -17.352372379537524 -4.5
    endloop
  endfacet
  facet normal 0 0 0
    outer loop
      vertex 9.920487898181053 -14.847059356871023 -6.000000000000001
      vertex 12.6263860958789 -12.626386095878905 -6.000000000000001
      vertex 13.280930843757199 -13.280930843757204 -4.5
    endloop
  endfacet
  facet normal 0 0 0
    outer loop
      vertex 9.920487898181053 -14.847059356871023 -6.000000000000001
      vertex 13.280930843757199 -13.280930843757204 -4.5
      vertex 10.43476040662779 -15.616722556592846 -4.5
    endloop
  endfacet
  facet normal 0 0 0
    outer loop
      vertex 12.6263860958789 -12.626386095878905 -6.000000000000001
      vertex 14.847059356871018 -9.920487898181058 -6.000000000000001
      vertex 15.616722556592842 -10.434760406627795 -4.5
    endloop
  endfacet
  facet normal 0 0 0
    outer loop
      vertex 12.6263860958789 -12.626386095878905 -6.000000000000001
      vertex 15.616722556592842 -10.434760406627795 -4.5
      vertex 13.280930843757199 -13.280930843757204 -4.5
    endloop
  endfacet
  facet normal 0 0 0
    outer loop
      vertex 14.847059356871018 -9.920487898181058 -6.000000000000001
      vertex 16.49716845310539 -6.833350914029839 -6.000000000000001
      vertex 17.352372379537524 -7.187587978952751 -4.5
    endloop
  endfacet
  facet normal 0 0 0
    outer loop
      vertex 14.847059356871018 -9.920487898181058 -6.000000000000001
      vertex 17.352372379537524 -7.187587978952751 -4.5
      vertex 15.616722556592842 -10.434760406627795 -4.5
    endloop
  endfacet
  facet normal 0 0 0
    outer loop
      vertex 16.49716845310539 -6.833350914029839 -6.000000000000001
      vertex 17.513300617405584 -3.4836120864397793 -6.000000000000001
      vertex 18.421180263259124 -3.664200576092313 -4.5
    endloop
  endfacet
  facet normal 0 0 0
    outer loop
      vertex 16.49716845310539 -6.833350914029839 -6.000000000000001
      vertex 18.421180263259124 -3.664200576092313 -4.5
      vertex 17.352372379537524 -7.187587978952751 -4.5
    endloop
  endfacet
  facet normal 0 0 0
    outer loop
      vertex 17.513300617405584 -3.4836120864397793 -6.000000000000001
      vertex 17.856406460551018 0 -6.000000000000001
      vertex 18.782072520180588 0 -4.5
    endloop
  endfacet
  facet normal 0 0 0
    outer loop
      vertex 17.513300617405584 -3.4836120864397793 -6.000000000000001
      vertex 18.782072520180588 0 -4.5
      vertex 18.421180263259124 -3.664200576092313 -4.5
    endloop
  endfacet
  facet normal 0 0 0
    outer loop
      vertex 18.782072520180588 0 -4.5
      vertex 18.421180263259128 3.664200576092304 -4.5
      vertex 19.080994439783254 3.795445775975378 -2.999999999999999
    endloop
  endfacet
  facet normal 0 0 0
    outer loop
      vertex 18.782072520180588 0 -4.5
      vertex 19.080994439783254 3.795445775975378 -2.999999999999999
      vertex 19.45481322062509 0 -2.999999999999999
    endloop
  endfacet
  facet normal 0 0 0
    outer loop
      vertex 18.421180263259128 3.664200576092304 -4.5
      vertex 17.352372379537528 7.187587978952739 -4.5
      vertex 17.97390374336551 7.445034699290536 -2.999999999999999
    endloop
  endfacet
  facet normal 0 0 0
    outer loop
      vertex 18.421180263259128 3.664200576092304 -4.5
      vertex 17.97390374336551 7.445034699290536 -2.999999999999999
      vertex 19.080994439783254 3.795445775975378 -2.999999999999999
    endloop
  endfacet
  facet normal 0 0 0
    outer loop
      vertex 17.352372379537528 7.187587978952739 -4.5
      vertex 15.616722556592842 10.434760406627795 -4.5
      vertex 16.176086005971577 10.808515114335519 -2.999999999999999
    endloop
  endfacet
  facet normal 0 0 0
    outer loop
      vertex 17.352372379537528 7.187587978952739 -4.5
      vertex 16.176086005971577 10.808515114335519 -2.999999999999999
      vertex 17.97390374336551 7.445034699290536 -2.999999999999999
    endloop
  endfacet
  facet normal 0 0 0
    outer loop
      vertex 15.616722556592842 10.434760406627795 -4.5
      vertex 13.280930843757202 13.2809308437572 -4.5
      vertex 13.756630355021699 13.756630355021697 -2.999999999999999
    endloop
  endfacet
  facet normal 0 0 0
    outer loop
      vertex 15.616722556592842 10.434760406627795 -4.5
      vertex 13.756630355021699 13.756630355021697 -2.999999999999999
      vertex 16.176086005971577 10.808515114335519 -2.999999999999999
    endloop
  endfacet
  facet normal 0 0 0
    outer loop
      vertex 13.280930843757202 13.2809308437572 -4.5
      vertex 10.434760406627799 15.616722556592842 -4.5
      vertex 10.80851511433552 16.176086005971577 -2.999999999999999
    endloop
  endfacet
  facet normal 0 0 0
    outer loop
      vertex 13.280930843757202 13.2809308437572 -4.5
      vertex 10.80851511433552 16.176086005971577 -2.999999999999999
      vertex 13.756630355021699 13.756630355021697 -2.999999999999999
    endloop
  endfacet
  facet normal 0 0 0
    outer loop
      vertex 10.434760406627799 15.616722556592842 -4.5
      vertex 7.187587978952741 17.352372379537528 -4.5
      vertex 7.445034699290538 17.97390374336551 -2.999999999999999
    endloop
  endfacet
  facet normal 0 0 0
    outer loop
      vertex 10.434760406627799 15.616722556592842 -4.5
      vertex 7.445034699290538 17.97390374336551 -2.999999999999999
      vertex 10.80851511433552 16.176086005971577 -2.999999999999999
    endloop
  endfacet
  facet normal 0 0 0
    outer loop
      vertex 7.187587978952741 17.352372379537528 -4.5
      vertex 3.664200576092306 18.421180263259128 -4.5
      vertex 3.79544577597538 19.080994439783254 -2.999999999999999
    endloop
  endfacet
  facet normal 0 0 0
    outer loop
      vertex 7.187587978952741 17.352372379537528 -4.5
      vertex 3.79544577597538 19.080994439783254 -2.999999999999999
      vertex 7.445034699290538 17.97390374336551 -2.999999999999999
    endloop
  endfacet
  facet normal 0 0 0
    outer loop
      vertex 3.664200576092306 18.421180263259128 -4.5
      vertex 1.1500702496596309e-15 18.782072520180588 -4.5
      vertex 1.1912637369324064e-15 19.45481322062509 -2.999999999999999
    endloop
  endfacet
  facet normal 0 0 0
    outer loop
      vertex 3.664200576092306 18.421180263259128 -4.5
      vertex 1.1912637369324064e-15 19.45481322062509 -2.999999999999999
      vertex 3.79544577597538 19.080994439783254 -2.999999999999999
    endloop
  endfacet
  facet normal 0 0 0
    outer loop
      vertex 1.1500702496596309e-15 18.782072520180588 -4.5
      vertex -3.6642005760923033 18.421180263259128 -4.5
      vertex -3.7954457759753772 19.080994439783254 -2.999999999999999
    endloop
  endfacet
  facet normal 0 0 0
    outer loop
      vertex 1.1500702496596309e-15 18.782072520180588 -4.5
      vertex -3.7954457759753772 19.080994439783254 -2.999999999999999
      vertex 1.1912637369324064e-15 19.45481322062509 -2.999999999999999
    endloop
  endfacet
  facet normal 0 0 0
    outer loop
      vertex -3.6642005760923033 18.421180263259128 -4.5
      vertex -7.187587978952738 17.352372379537528 -4.5
      vertex -7.445034699290535 17.97390374336551 -2.999999999999999
    endloop
  endfacet
  facet normal 0 0 0
    outer loop
      vertex -3.6642005760923033 18.421180263259128 -4.5
      vertex -7.445034699290535 17.97390374336551 -2.999999999999999
      vertex -3.7954457759753772 19.080994439783254 -2.999999999999999
    endloop
  endfacet
  facet normal 0 0 0
    outer loop
      vertex -7.187587978952738 17.352372379537528 -4.5
      vertex -10.434760406627792 15.616722556592844 -4.5
      vertex -10.808515114335515 16.176086005971577 -2.999999999999999
    endloop
  endfacet
  facet normal 0 0 0
    outer loop
      vertex -7.187587978952738 17.352372379537528 -4.5
      vertex -10.808515114335515 16.176086005971577 -2.999999999999999
      vertex -7.445034699290535 17.97390374336551 -2.999999999999999
    endloop
  endfacet
  facet normal 0 0 0
    outer loop
      vertex -10.434760406627792 15.616722556592844 -4.5
      vertex -13.2809308437572 13.280930843757202 -4.5
      vertex -13.756630355021697 13.756630355021699 -2.999999999999999
    endloop
  endfacet
  facet normal 0 0 0
    outer loop
      vertex -10.434760406627792 15.616722556592844 -4.5
      vertex -13.756630355021697 13.756630355021699 -2.999999999999999
      vertex -10.808515114335515 16.176086005971577 -2.999999999999999
    endloop
  endfacet
  facet normal 0 0 0
    outer loop
      vertex -13.2809308437572 13.280930843757202 -4.5
      vertex -15.616722556592844 10.434760406627795 -4.5
      vertex -16.176086005971577 10.808515114335519 -2.999999999999999
    endloop
  endfacet
  facet normal 0 0 0
    outer loop
      vertex -13.2809308437572 13.280930843757202 -4.5
      vertex -16.176086005971577 10.808515114335519 -2.999999999999999
      vertex -13.756630355021697 13.756630355021699 -2.999999999999999
    endloop
  endfacet
  facet normal 0 0 0
    outer loop
      vertex -15.616722556592844 10.434760406627795 -4.5
      vertex -17.352372379537528 7.187587978952742 -4.5
      vertex -17.97390374336551 7.445034699290539 -2.999999999999999
    endloop
  endfacet
  facet normal 0 0 0
    outer loop
      vertex -15.616722556592844 10.434760406627795 -4.5
      vertex -17.97390374336551 7.445034699290539 -2.999999999999999
      vertex -16.176086005971577 10.808515114335519 -2.999999999999999
    endloop
  endfacet
  facet normal 0 0 0
    outer loop
      vertex -17.352372379537528 7.187587978952742 -4.5
      vertex -18.421180263259128 3.664200576092311 -4.5
      vertex -19.080994439783254 3.7954457759753852 -2.999999999999999
    endloop
  endfacet
  facet normal 0 0 0
    outer loop
      vertex -17.352372379537528 7.187587978952742 -4.5
      vertex -19.080994439783254 3.7954457759753852 -2.999999999999999
      vertex -17.97390374336551 7.445034699290539 -2.999999999999999
    endloop
  endfacet
  facet normal 0 0 0
    outer loop
      vertex -18.421180263259128 3.664200576092311 -4.5
      vertex -18.782072520180588 2.3001404993192618e-15 -4.5
      vertex -19.45481322062509 2.3825274738648127e-15 -2.999999999999999
    endloop
  endfacet
  facet normal 0 0 0
    outer loop
      vertex -18.421180263259128 3.664200576092311 -4.5
      vertex -19.45481322062509 2.3825274738648127e-15 -2.999999999999999
      vertex -19.080994439783254 3.7954457759753852 -2.999999999999999
    endloop
  endfacet
  facet normal 0 0 0
    outer loop
      vertex -18.782072520180588 2.3001404993192618e-15 -4.5
      vertex -18.421180263259128 -3.6642005760923064 -4.5
      vertex -19.080994439783254 -3.7954457759753804 -2.999999999999999
    endloop
  endfacet
  facet normal 0 0 0
    outer loop
      vertex -18.782072520180588 2.3001404993192618e-15 -4.5
      vertex -19.080994439783254 -3.7954457759753804 -2.999999999999999
      vertex -19.45481322062509 2.3825274738648127e-15 -2.999999999999999
    endloop
  endfacet
  facet normal 0 0 0
    outer loop
      vertex -18.421180263259128 -3.6642005760923064 -4.5
      vertex -17.352372379537528 -7.187587978952736 -4.5
      vertex -17.97390374336551 -7.445034699290534 -2.999999999999999
    endloop
  endfacet
  facet normal 0 0 0
    outer loop
      vertex -18.421180263259128 -3.6642005760923064 -4.5
      vertex -17.97390374336551 -7.445034699290534 -2.999999999999999
      vertex -19.080994439783254 -3.7954457759753804 -2.999999999999999
    endloop
  endfacet
  facet normal 0 0 0
    outer loop
      vertex -17.352372379537528 -7.187587978952736 -4.5
      vertex -15.616722556592846 -10.434760406627792 -4.5
      vertex -16.17608600597158 -10.808515114335515 -2.999999999999999
    endloop
  endfacet
  facet normal 0 0 0
    outer loop
      vertex -17.352372379537528 -7.187587978952736 -4.5
      vertex -16.17608600597158 -10.808515114335515 -2.999999999999999
      vertex -17.97390374336551 -7.445034699290534 -2.999999999999999
    endloop
  endfacet
  facet normal 0 0 0
    outer loop
      vertex -15.616722556592846 -10.434760406627792 -4.5
      vertex -13.280930843757204 -13.2809308437572 -4.5
      vertex -13.756630355021702 -13.756630355021697 -2.999999999999999
    endloop
  endfacet
  facet normal 0 0 0
    outer loop
      vertex -15.616722556592846 -10.434760406627792 -4.5
      vertex -13.756630355021702 -13.756630355021697 -2.999999999999999
      vertex -16.17608600597158 -10.808515114335515 -2.999999999999999
    endloop
  endfacet
  facet normal 0 0 0
    outer loop
      vertex -13.280930843757204 -13.2809308437572 -4.5
      vertex -10.434760406627795 -15.616722556592842 -4.5
      vertex -10.808515114335519 -16.176086005971577 -2.999999999999999
    endloop
  endfacet
  facet normal 0 0 0
    outer loop
      vertex -13.280930843757204 -13.2809308437572 -4.5
      vertex -10.808515114335519 -16.176086005971577 -2.999999999999999
      vertex -13.756630355021702 -13.756630355021697 -2.999999999999999
    endloop
  endfacet
  facet normal 0 0 0
    outer loop
      vertex -10.434760406627795 -15.616722556592842 -4.5
      vertex -7.18758797895275 -17.352372379537524 -4.5
      vertex -7.445034699290548 -17.973903743365504 -2.999999999999999
    endloop
  endfacet
  facet normal 0 0 0
    outer loop
      vertex -10.434760406627795 -15.616722556592842 -4.5
      vertex -7.445034699290548 -17.973903743365504 -2.999999999999999
      vertex -10.808515114335519 -16.176086005971577 -2.999999999999999
    endloop
  endfacet
  facet normal 0 0 0
    outer loop
      vertex -7.18758797895275 -17.352372379537524 -4.5
      vertex -3.664200576092312 -18.421180263259124 -4.5
      vertex -3.795445775975386 -19.080994439783254 -2.999999999999999
    endloop
  endfacet
  facet normal 0 0 0
    outer loop
      vertex -7.18758797895275 -17.352372379537524 -4.5
      vertex -3.795445775975386 -19.080994439783254 -2.999999999999999
      vertex -7.445034699290548 -17.973903743365504 -2.999999999999999
    endloop
  endfacet
  facet normal 0 0 0
    outer loop
      vertex -3.664200576092312 -18.421180263259124 -4.5
      vertex -3.4502107489788925e-15 -18.782072520180588 -4.5
      vertex -3.573791210797219e-15 -19.45481322062509 -2.999999999999999
    endloop
  endfacet
  facet normal 0 0 0
    outer loop
      vertex -3.664200576092312 -18.421180263259124 -4.5
      vertex -3.573791210797219e-15 -19.45481322062509 -2.999999999999999
      vertex -3.795445775975386 -19.080994439783254 -2.999999999999999
    endloop
  endfacet
  facet normal 0 0 0
    outer loop
      vertex -3.4502107489788925e-15 -18.782072520180588 -4.5
      vertex 3.6642005760923055 -18.421180263259128 -4.5
      vertex 3.795445775975379 -19.080994439783254 -2.999999999999999
    endloop
  endfacet
  facet normal 0 0 0
    outer loop
      vertex -3.4502107489788925e-15 -18.782072520180588 -4.5
      vertex 3.795445775975379 -19.080994439783254 -2.999999999999999
      vertex -3.573791210797219e-15 -19.45481322062509 -2.999999999999999
    endloop
  endfacet
  facet normal 0 0 0
    outer loop
      vertex 3.6642005760923055 -18.421180263259128 -4.5
      vertex 7.1875879789527435 -17.352372379537524 -4.5
      vertex 7.445034699290541 -17.973903743365508 -2.999999999999999
    endloop
  endfacet
  facet normal 0 0 0
    outer loop
      vertex 3.6642005760923055 -18.421180263259128 -4.5
      vertex 7.445034699290541 -17.973903743365508 -2.999999999999999
      vertex 3.795445775975379 -19.080994439783254 -2.999999999999999
    endloop
  endfacet
  facet normal 0 0 0
    outer loop
      vertex 7.1875879789527435 -17.352372379537524 -4.5
      vertex 10.43476040662779 -15.616722556592846 -4.5
      vertex 10.808515114335513 -16.17608600597158 -2.999999999999999
    endloop
  endfacet
  facet normal 0 0 0
    outer loop
      vertex 7.1875879789527435 -17.352372379537524 -4.5
      vertex 10.808515114335513 -16.17608600597158 -2.999999999999999
      vertex 7.445034699290541 -17.973903743365508 -2.999999999999999
    endloop
  endfacet
  facet normal 0 0 0
    outer loop
      vertex 10.43476040662779 -15.616722556592846 -4.5
      vertex 13.280930843757199 -13.280930843757204 -4.5
      vertex 13.756630355021695 -13.756630355021702 -2.999999999999999
    endloop
  endfacet
  facet normal 0 0 0
    outer loop
      vertex 10.43476040662779 -15.616722556592846 -4.5
      vertex 13.756630355021695 -13.756630355021702 -2.999999999999999
      vertex 10.808515114335513 -16.17608600597158 -2.999999999999999
    endloop
  endfacet
  facet normal 0 0 0
    outer loop
      vertex 13.280930843757199 -13.280930843757204 -4.5
      vertex 15.616722556592842 -10.434760406627795 -4.5
      vertex 16.176086005971577 -10.808515114335519 -2.999999999999999
    endloop
  endfacet
  facet normal 0 0 0
    outer loop
      vertex 13.280930843757199 -13.280930843757204 -4.5
      vertex 16.176086005971577 -10.808515114335519 -2.999999999999999
      vertex 13.756630355021695 -13.756630355021702 -2.999999999999999
    endloop
  endfacet
  facet normal 0 0 0
    outer loop
      vertex 15.616722556592842 -10.434760406627795 -4.5
      vertex 17.352372379537524 -7.187587978952751 -4.5
      vertex 17.973903743365504 -7.445034699290549 -2.999999999999999
    endloop
  endfacet
  facet normal 0 0 0
    outer loop
      vertex 15.616722556592842 -10.434760406627795 -4.5
      vertex 17.973903743365504 -7.445034699290549 -2.999999999999999
      vertex 16.176086005971577 -10.808515114335519 -2.999999999999999
    endloop
  endfacet
  facet normal 0 0 0
    outer loop
      vertex 17.352372379537524 -7.187587978952751 -4.5
      vertex 18.421180263259124 -3.664200576092313 -4.5
      vertex 19.080994439783254 -3.7954457759753875 -2.999999999999999
    endloop
  endfacet
  facet normal 0 0 0
    outer loop
      vertex 17.352372379537524 -7.187587978952751 -4.5
      vertex 19.080994439783254 -3.7954457759753875 -2.999999999999999
      vertex 17.973903743365504 -7.445034699290549 -2.999999999999999
    endloop
  endfacet
  facet normal 0 0 0
    outer loop
      vertex 18.421180263259124 -3.664200576092313 -4.5
      vertex 18.782072520180588 0 -4.5
      vertex 19.45481322062509 0 -2.999999999999999
    endloop
  endfacet
  facet normal 0 0 0
    outer loop
      vertex 18.421180263259124 -3.664200576092313 -4.5
      vertex 19.45481322062509 0 -2.999999999999999
      vertex 19.080994439783254 -3.7954457759753875 -2.999999999999999
    endloop
  endfacet
  facet normal 0 0 0
    outer loop
      vertex 19.45481322062509 0 -2.999999999999999
      vertex 19.080994439783254 3.795445775975378 -2.999999999999999
      vertex 19.481453543482598 3.87510204433095 -1.5000000000000007
    endloop
  endfacet
  facet normal 0 0 0
    outer loop
      vertex 19.45481322062509 0 -2.999999999999999
      vertex 19.481453543482598 3.87510204433095 -1.5000000000000007
      vertex 19.863117781980968 0 -1.5000000000000007
    endloop
  endfacet
  facet normal 0 0 0
    outer loop
      vertex 19.080994439783254 3.795445775975378 -2.999999999999999
      vertex 17.97390374336551 7.445034699290536 -2.999999999999999
      vertex 18.351127970633204 7.601286090280526 -1.5000000000000007
    endloop
  endfacet
  facet normal 0 0 0
    outer loop
      vertex 19.080994439783254 3.795445775975378 -2.999999999999999
      vertex 18.351127970633204 7.601286090280526 -1.5000000000000007
      vertex 19.481453543482598 3.87510204433095 -1.5000000000000007
    endloop
  endfacet
  facet normal 0 0 0
    outer loop
      vertex 17.97390374336551 7.445034699290536 -2.999999999999999
      vertex 16.176086005971577 10.808515114335519 -2.999999999999999
      vertex 16.51557884130351 11.03535697463097 -1.5000000000000007
    endloop
  endfacet
  facet normal 0 0 0
    outer loop
      vertex 17.97390374336551 7.445034699290536 -2.999999999999999
      vertex 16.51557884130351 11.03535697463097 -1.5000000000000007
      vertex 18.351127970633204 7.601286090280526 -1.5000000000000007
    endloop
  endfacet
  facet normal 0 0 0
    outer loop
      vertex 16.176086005971577 10.808515114335519 -2.999999999999999
      vertex 13.756630355021699 13.756630355021697 -2.999999999999999
      vertex 14.045345279145838 14.045345279145836 -1.5000000000000007
    endloop
  endfacet
  facet normal 0 0 0
    outer loop
      vertex 16.176086005971577 10.808515114335519 -2.999999999999999
      vertex 14.045345279145838 14.045345279145836 -1.5000000000000007
      vertex 16.51557884130351 11.03535697463097 -1.5000000000000007
    endloop
  endfacet
  facet normal 0 0 0
    outer loop
      vertex 13.756630355021699 13.756630355021697 -2.999999999999999
      vertex 10.80851511433552 16.176086005971577 -2.999999999999999
      vertex 11.035356974630972 16.51557884130351 -1.5000000000000007
    endloop
  endfacet
  facet normal 0 0 0
    outer loop
      vertex 13.756630355021699 13.756630355021697 -2.999999999999999
      vertex 11.035356974630972 16.51557884130351 -1.5000000000000007
      vertex 14.045345279145838 14.045345279145836 -1.5000000000000007
    endloop
  endfacet
  facet normal 0 0 0
    outer loop
      vertex 10.80851511433552 16.176086005971577 -2.999999999999999
      vertex 7.445034699290538 17.97390374336551 -2.999999999999999
      vertex 7.601286090280527 18.351127970633204 -1.5000000000000007
    endloop
  endfacet
  facet normal 0 0 0
    outer loop
      vertex 10.80851511433552 16.176086005971577 -2.999999999999999
      vertex 7.601286090280527 18.351127970633204 -1.5000000000000007
      vertex 11.035356974630972 16.51557884130351 -1.5000000000000007
    endloop
  endfacet
  facet normal 0 0 0
    outer loop
      vertex 7.445034699290538 17.97390374336551 -2.999999999999999
      vertex 3.79544577597538 19.080994439783254 -2.999999999999999
      vertex 3.875102044330952 19.481453543482598 -1.5000000000000007
    endloop
  endfacet
  facet normal 0 0 0
    outer loop
      vertex 7.445034699290538 17.97390374336551 -2.999999999999999
      vertex 3.875102044330952 19.481453543482598 -1.5000000000000007
      vertex 7.601286090280527 18.351127970633204 -1.5000000000000007
    endloop
  endfacet
  facet normal 0 0 0
    outer loop
      vertex 3.79544577597538 19.080994439783254 -2.999999999999999
      vertex 1.1912637369324064e-15 19.45481322062509 -2.999999999999999
      vertex 1.2162651806394933e-15 19.863117781980968 -1.5000000000000007
    endloop
  endfacet
  facet normal 0 0 0
    outer loop
      vertex 3.79544577597538 19.080994439783254 -2.999999999999999
      vertex 1.2162651806394933e-15 19.863117781980968 -1.5000000000000007
      vertex 3.875102044330952 19.481453543482598 -1.5000000000000007
    endloop
  endfacet
  facet normal 0 0 0
    outer loop
      vertex 1.1912637369324064e-15 19.45481322062509 -2.999999999999999
      vertex -3.7954457759753772 19.080994439783254 -2.999999999999999
      vertex -3.875102044330949 19.481453543482598 -1.5000000000000007
    endloop
  endfacet
  facet normal 0 0 0
    outer loop
      vertex 1.1912637369324064e-15 19.45481322062509 -2.999999999999999
      vertex -3.875102044330949 19.481453543482598 -1.5000000000000007
      vertex 1.2162651806394933e-15 19.863117781980968 -1.5000000000000007
    endloop
  endfacet
  facet normal 0 0 0
    outer loop
      vertex -3.7954457759753772 19.080994439783254 -2.999999999999999
      vertex -7.445034699290535 17.97390374336551 -2.999999999999999
      vertex -7.601286090280524 18.351127970633204 -1.5000000000000007
    endloop
  endfacet
  facet normal 0 0 0
    outer loop
      vertex -3.7954457759753772 19.080994439783254 -2.999999999999999
      vertex -7.601286090280524 18.351127970633204 -1.5000000000000007
      vertex -3.875102044330949 19.481453543482598 -1.5000000000000007
    endloop
  endfacet
  facet normal 0 0 0
    outer loop
      vertex -7.445034699290535 17.97390374336551 -2.999999999999999
      vertex -10.808515114335515 16.176086005971577 -2.999999999999999
      vertex -11.035356974630966 16.51557884130351 -1.5000000000000007
    endloop
  endfacet
  facet normal 0 0 0
    outer loop
      vertex -7.445034699290535 17.97390374336551 -2.999999999999999
      vertex -11.035356974630966 16.51557884130351 -1.5000000000000007
      vertex -7.601286090280524 18.351127970633204 -1.5000000000000007
    endloop
  endfacet
  facet normal 0 0 0
    outer loop
      vertex -10.808515114335515 16.176086005971577 -2.999999999999999
      vertex -13.756630355021697 13.756630355021699 -2.999999999999999
      vertex -14.045345279145836 14.045345279145838 -1.5000000000000007
    endloop
  endfacet
  facet normal 0 0 0
    outer loop
      vertex -10.808515114335515 16.176086005971577 -2.999999999999999
      vertex -14.045345279145836 14.045345279145838 -1.5000000000000007
      vertex -11.035356974630966 16.51557884130351 -1.5000000000000007
    endloop
  endfacet
  facet normal 0 0 0
    outer loop
      vertex -13.756630355021697 13.756630355021699 -2.999999999999999
      vertex -16.176086005971577 10.808515114335519 -2.999999999999999
      vertex -16.51557884130351 11.03535697463097 -1.5000000000000007
    endloop
  endfacet
  facet normal 0 0 0
    outer loop
      vertex -13.756630355021697 13.756630355021699 -2.999999999999999
      vertex -16.51557884130351 11.03535697463097 -1.5000000000000007
      vertex -14.045345279145836 14.045345279145838 -1.5000000000000007
    endloop
  endfacet
  facet normal 0 0 0
    outer loop
      vertex -16.176086005971577 10.808515114335519 -2.999999999999999
      vertex -17.97390374336551 7.445034699290539 -2.999999999999999
      vertex -18.351127970633204 7.601286090280528 -1.5000000000000007
    endloop
  endfacet
  facet normal 0 0 0
    outer loop
      vertex -16.176086005971577 10.808515114335519 -2.999999999999999
      vertex -18.351127970633204 7.601286090280528 -1.5000000000000007
      vertex -16.51557884130351 11.03535697463097 -1.5000000000000007
    endloop
  endfacet
  facet normal 0 0 0
    outer loop
      vertex -17.97390374336551 7.445034699290539 -2.999999999999999
      vertex -19.080994439783254 3.7954457759753852 -2.999999999999999
      vertex -19.481453543482598 3.875102044330957 -1.5000000000000007
    endloop
  endfacet
  facet normal 0 0 0
    outer loop
      vertex -17.97390374336551 7.445034699290539 -2.999999999999999
      vertex -19.481453543482598 3.875102044330957 -1.5000000000000007
      vertex -18.351127970633204 7.601286090280528 -1.5000000000000007
    endloop
  endfacet
  facet normal 0 0 0
    outer loop
      vertex -19.080994439783254 3.7954457759753852 -2.999999999999999
      vertex -19.45481322062509 2.3825274738648127e-15 -2.999999999999999
      vertex -19.863117781980968 2.4325303612789865e-15 -1.5000000000000007
    endloop
  endfacet
  facet normal 0 0 0
    outer loop
      vertex -19.080994439783254 3.7954457759753852 -2.999999999999999
      vertex -19.863117781980968 2.4325303612789865e-15 -1.5000000000000007
      vertex -19.481453543482598 3.875102044330957 -1.5000000000000007
    endloop
  endfacet
  facet normal 0 0 0
    outer loop
      vertex -19.45481322062509 2.3825274738648127e-15 -2.999999999999999
      vertex -19.080994439783254 -3.7954457759753804 -2.999999999999999
      vertex -19.481453543482598 -3.8751020443309523 -1.5000000000000007
    endloop
  endfacet
  facet normal 0 0 0
    outer loop
      vertex -19.45481322062509 2.3825274738648127e-15 -2.999999999999999
      vertex -19.481453543482598 -3.8751020443309523 -1.5000000000000007
      vertex -19.863117781980968 2.4325303612789865e-15 -1.5000000000000007
    endloop
  endfacet
  facet normal 0 0 0
    outer loop
      vertex -19.080994439783254 -3.7954457759753804 -2.999999999999999
      vertex -17.97390374336551 -7.445034699290534 -2.999999999999999
      vertex -18.351127970633204 -7.601286090280523 -1.5000000000000007
    endloop
  endfacet
  facet normal 0 0 0
    outer loop
      vertex -19.080994439783254 -3.7954457759753804 -2.999999999999999
      vertex -18.351127970633204 -7.601286090280523 -1.5000000000000007
      vertex -19.481453543482598 -3.8751020443309523 -1.5000000000000007
    endloop
  endfacet
  facet normal 0 0 0
    outer loop
      vertex -17.97390374336551 -7.445034699290534 -2.999999999999999
      vertex -16.17608600597158 -10.808515114335515 -2.999999999999999
      vertex -16.515578841303512 -11.035356974630966 -1.5000000000000007
    endloop
  endfacet
  facet normal 0 0 0
    outer loop
      vertex -17.97390374336551 -7.445034699290534 -2.999999999999999
      vertex -16.515578841303512 -11.035356974630966 -1.5000000000000007
      vertex -18.351127970633204 -7.601286090280523 -1.5000000000000007
    endloop
  endfacet
  facet normal 0 0 0
    outer loop
      vertex -16.17608600597158 -10.808515114335515 -2.999999999999999
      vertex -13.756630355021702 -13.756630355021697 -2.999999999999999
      vertex -14.04534527914584 -14.045345279145836 -1.5000000000000007
    endloop
  endfacet
  facet normal 0 0 0
    outer loop
      vertex -16.17608600597158 -10.808515114335515 -2.999999999999999
      vertex -14.04534527914584 -14.045345279145836 -1.5000000000000007
      vertex -16.515578841303512 -11.035356974630966 -1.5000000000000007
    endloop
  endfacet
  facet normal 0 0 0
    outer loop
      vertex -13.756630355021702 -13.756630355021697 -2.999999999999999
      vertex -10.808515114335519 -16.176086005971577 -2.999999999999999
      vertex -11.03535697463097 -16.51557884130351 -1.5000000000000007
    endloop
  endfacet
  facet normal 0 0 0
    outer loop
      vertex -13.756630355021702 -13.756630355021697 -2.999999999999999
      vertex -11.03535697463097 -16.51557884130351 -1.5000000000000007
      vertex -14.04534527914584 -14.045345279145836 -1.5000000000000007
    endloop
  endfacet
  facet normal 0 0 0
    outer loop
      vertex -10.808515114335519 -16.176086005971577 -2.999999999999999
      vertex -7.445034699290548 -17.973903743365504 -2.999999999999999
      vertex -7.601286090280537 -18.3511279706332 -1.5000000000000007
    endloop
  endfacet
  facet normal 0 0 0
    outer loop
      vertex -10.808515114335519 -16.176086005971577 -2.999999999999999
      vertex -7.601286090280537 -18.3511279706332 -1.5000000000000007
      vertex -11.03535697463097 -16.51557884130351 -1.5000000000000007
    endloop
  endfacet
  facet normal 0 0 0
    outer loop
      vertex -7.445034699290548 -17.973903743365504 -2.999999999999999
      vertex -3.795445775975386 -19.080994439783254 -2.999999999999999
      vertex -3.8751020443309585 -19.481453543482594 -1.5000000000000007
    endloop
  endfacet
  facet normal 0 0 0
    outer loop
      vertex -7.445034699290548 -17.973903743365504 -2.999999999999999
      vertex -3.8751020443309585 -19.481453543482594 -1.5000000000000007
      vertex -7.601286090280537 -18.3511279706332 -1.5000000000000007
    endloop
  endfacet
  facet normal 0 0 0
    outer loop
      vertex -3.795445775975386 -19.080994439783254 -2.999999999999999
      vertex -3.573791210797219e-15 -19.45481322062509 -2.999999999999999
      vertex -3.6487955419184794e-15 -19.863117781980968 -1.5000000000000007
    endloop
  endfacet
  facet normal 0 0 0
    outer loop
      vertex -3.795445775975386 -19.080994439783254 -2.999999999999999
      vertex -3.6487955419184794e-15 -19.863117781980968 -1.5000000000000007
      vertex -3.8751020443309585 -19.481453543482594 -1.5000000000000007
    endloop
  endfacet
  facet normal 0 0 0
    outer loop
      vertex -3.573791210797219e-15 -19.45481322062509 -2.999999999999999
      vertex 3.795445775975379 -19.080994439783254 -2.999999999999999
      vertex 3.8751020443309514 -19.481453543482598 -1.5000000000000007
    endloop
  endfacet
  facet normal 0 0 0
    outer loop
      vertex -3.573791210797219e-15 -19.45481322062509 -2.999999999999999
      vertex 3.8751020443309514 -19.481453543482598 -1.5000000000000007
      vertex -3.6487955419184794e-15 -19.863117781980968 -1.5000000000000007
    endloop
  endfacet
  facet normal 0 0 0
    outer loop
      vertex 3.795445775975379 -19.080994439783254 -2.999999999999999
      vertex 7.445034699290541 -17.973903743365508 -2.999999999999999
      vertex 7.601286090280531 -18.3511279706332 -1.5000000000000007
    endloop
  endfacet
  facet normal 0 0 0
    outer loop
      vertex 3.795445775975379 -19.080994439783254 -2.999999999999999
      vertex 7.601286090280531 -18.3511279706332 -1.5000000000000007
      vertex 3.8751020443309514 -19.481453543482598 -1.5000000000000007
    endloop
  endfacet
  facet normal 0 0 0
    outer loop
      vertex 7.445034699290541 -17.973903743365508 -2.999999999999999
      vertex 10.808515114335513 -16.17608600597158 -2.999999999999999
      vertex 11.035356974630963 -16.515578841303512 -1.5000000000000007
    endloop
  endfacet
  facet normal 0 0 0
    outer loop
      vertex 7.445034699290541 -17.973903743365508 -2.999999999999999
      vertex 11.035356974630963 -16.515578841303512 -1.5000000000000007
      vertex 7.601286090280531 -18.3511279706332 -1.5000000000000007
    endloop
  endfacet
  facet normal 0 0 0
    outer loop
      vertex 10.808515114335513 -16.17608600597158 -2.999999999999999
      vertex 13.756630355021695 -13.756630355021702 -2.999999999999999
      vertex 14.045345279145835 -14.04534527914584 -1.5000000000000007
    endloop
  endfacet
  facet normal 0 0 0
    outer loop
      vertex 10.808515114335513 -16.17608600597158 -2.999999999999999
      vertex 14.045345279145835 -14.04534527914584 -1.5000000000000007
      vertex 11.035356974630963 -16.515578841303512 -1.5000000000000007
    endloop
  endfacet
  facet normal 0 0 0
    outer loop
      vertex 13.756630355021695 -13.756630355021702 -2.999999999999999
      vertex 16.176086005971577 -10.808515114335519 -2.999999999999999
      vertex 16.51557884130351 -11.03535697463097 -1.5000000000000007
    endloop
  endfacet
  facet normal 0 0 0
    outer loop
      vertex 13.756630355021695 -13.756630355021702 -2.999999999999999
      vertex 16.51557884130351 -11.03535697463097 -1.5000000000000007
      vertex 14.045345279145835 -14.04534527914584 -1.5000000000000007
    endloop
  endfacet
  facet normal 0 0 0
    outer loop
      vertex 16.176086005971577 -10.808515114335519 -2.999999999999999
      vertex 17.973903743365504 -7.445034699290549 -2.999999999999999
      vertex 18.3511279706332 -7.601286090280538 -1.5000000000000007
    endloop
  endfacet
  facet normal 0 0 0
    outer loop
      vertex 16.176086005971577 -10.808515114335519 -2.999999999999999
      vertex 18.3511279706332 -7.601286090280538 -1.5000000000000007
      vertex 16.51557884130351 -11.03535697463097 -1.5000000000000007
    endloop
  endfacet
  facet normal 0 0 0
    outer loop
      vertex 17.973903743365504 -7.445034699290549 -2.999999999999999
      vertex 19.080994439783254 -3.7954457759753875 -2.999999999999999
      vertex 19.481453543482594 -3.8751020443309594 -1.5000000000000007
    endloop
  endfacet
  facet normal 0 0 0
    outer loop
      vertex 17.973903743365504 -7.445034699290549 -2.999999999999999
      vertex 19.481453543482594 -3.8751020443309594 -1.5000000000000007
      vertex 18.3511279706332 -7.601286090280538 -1.5000000000000007
    endloop
  endfacet
  facet normal 0 0 0
    outer loop
      vertex 19.080994439783254 -3.7954457759753875 -2.999999999999999
      vertex 19.45481322062509 0 -2.999999999999999
      vertex 19.863117781980968 0 -1.5000000000000007
    endloop
  endfacet
  facet normal 0 0 0
    outer loop
      vertex 19.080994439783254 -3.7954457759753875 -2.999999999999999
      vertex 19.863117781980968 0 -1.5000000000000007
      vertex 19.481453543482594 -3.8751020443309594 -1.5000000000000007
    endloop
  endfacet
  facet normal 0 0 0
    outer loop
      vertex 19.863117781980968 0 -1.5000000000000007
      vertex 19.481453543482598 3.87510204433095 -1.5000000000000007
      vertex 19.61570560806461 3.9018064403225647 0
    endloop
  endfacet
  facet normal 0 0 0
    outer loop
      vertex 19.863117781980968 0 -1.5000000000000007
      vertex 19.61570560806461 3.9018064403225647 0
      vertex 20 0 0
    endloop
  endfacet
  facet normal 0 0 0
    outer loop
      vertex 19.481453543482598 3.87510204433095 -1.5000000000000007
      vertex 18.351127970633204 7.601286090280526 -1.5000000000000007
      vertex 18.477590650225736 7.653668647301796 0
    endloop
  endfacet
  facet normal 0 0 0
    outer loop
      vertex 19.481453543482598 3.87510204433095 -1.5000000000000007
      vertex 18.477590650225736 7.653668647301796 0
      vertex 19.61570560806461 3.9018064403225647 0
    endloop
  endfacet
  facet normal 0 0 0
    outer loop
      vertex 18.351127970633204 7.601286090280526 -1.5000000000000007
      vertex 16.51557884130351 11.03535697463097 -1.5000000000000007
      vertex 16.629392246050905 11.111404660392044 0
    endloop
  endfacet
  facet normal 0 0 0
    outer loop
      vertex 18.351127970633204 7.601286090280526 -1.5000000000000007
      vertex 16.629392246050905 11.111404660392044 0
      vertex 18.477590650225736 7.653668647301796 0
    endloop
  endfacet
  facet normal 0 0 0
    outer loop
      vertex 16.51557884130351 11.03535697463097 -1.5000000000000007
      vertex 14.045345279145838 14.045345279145836 -1.5000000000000007
      vertex 14.142135623730951 14.14213562373095 0
    endloop
  endfacet
  facet normal 0 0 0
    outer loop
      vertex 16.51557884130351 11.03535697463097 -1.5000000000000007
      vertex 14.142135623730951 14.14213562373095 0
      vertex 16.629392246050905 11.111404660392044 0
    endloop
  endfacet
  facet normal 0 0 0
    outer loop
      vertex 14.045345279145838 14.045345279145836 -1.5000000000000007
      vertex 11.035356974630972 16.51557884130351 -1.5000000000000007
      vertex 11.111404660392045 16.629392246050905 0
    endloop
  endfacet
  facet normal 0 0 0
    outer loop
      vertex 14.045345279145838 14.045345279145836 -1.5000000000000007
      vertex 11.111404660392045 16.629392246050905 0
      vertex 14.142135623730951 14.14213562373095 0
    endloop
  endfacet
  facet normal 0 0 0
    outer loop
      vertex 11.035356974630972 16.51557884130351 -1.5000000000000007
      vertex 7.601286090280527 18.351127970633204 -1.5000000000000007
      vertex 7.653668647301797 18.477590650225736 0
    endloop
  endfacet
  facet normal 0 0 0
    outer loop
      vertex 11.035356974630972 16.51557884130351 -1.5000000000000007
      vertex 7.653668647301797 18.477590650225736 0
      vertex 11.111404660392045 16.629392246050905 0
    endloop
  endfacet
  facet normal 0 0 0
    outer loop
      vertex 7.601286090280527 18.351127970633204 -1.5000000000000007
      vertex 3.875102044330952 19.481453543482598 -1.5000000000000007
      vertex 3.9018064403225665 19.61570560806461 0
    endloop
  endfacet
  facet normal 0 0 0
    outer loop
      vertex 7.601286090280527 18.351127970633204 -1.5000000000000007
      vertex 3.9018064403225665 19.61570560806461 0
      vertex 7.653668647301797 18.477590650225736 0
    endloop
  endfacet
  facet normal 0 0 0
    outer loop
      vertex 3.875102044330952 19.481453543482598 -1.5000000000000007
      vertex 1.2162651806394933e-15 19.863117781980968 -1.5000000000000007
      vertex 1.2246467991473533e-15 20 0
    endloop
  endfacet
  facet normal 0 0 0
    outer loop
      vertex 3.875102044330952 19.481453543482598 -1.5000000000000007
      vertex 1.2246467991473533e-15 20 0
      vertex 3.9018064403225665 19.61570560806461 0
    endloop
  endfacet
  facet normal 0 0 0
    outer loop
      vertex 1.2162651806394933e-15 19.863117781980968 -1.5000000000000007
      vertex -3.875102044330949 19.481453543482598 -1.5000000000000007
      vertex -3.901806440322564 19.61570560806461 0
    endloop
  endfacet
  facet normal 0 0 0
    outer loop
      vertex 1.2162651806394933e-15 19.863117781980968 -1.5000000000000007
      vertex -3.901806440322564 19.61570560806461 0
      vertex 1.2246467991473533e-15 20 0
    endloop
  endfacet
  facet normal 0 0 0
    outer loop
      vertex -3.875102044330949 19.481453543482598 -1.5000000000000007
      vertex -7.601286090280524 18.351127970633204 -1.5000000000000007
      vertex -7.653668647301794 18.477590650225736 0
    endloop
  endfacet
  facet normal 0 0 0
    outer loop
      vertex -3.875102044330949 19.481453543482598 -1.5000000000000007
      vertex -7.653668647301794 18.477590650225736 0
      vertex -3.901806440322564 19.61570560806461 0
    endloop
  endfacet
  facet normal 0 0 0
    outer loop
      vertex -7.601286090280524 18.351127970633204 -1.5000000000000007
      vertex -11.035356974630966 16.51557884130351 -1.5000000000000007
      vertex -11.11140466039204 16.629392246050905 0
    endloop
  endfacet
  facet normal 0 0 0
    outer loop
      vertex -7.601286090280524 18.351127970633204 -1.5000000000000007
      vertex -11.11140466039204 16.629392246050905 0
      vertex -7.653668647301794 18.477590650225736 0
    endloop
  endfacet
  facet normal 0 0 0
    outer loop
      vertex -11.035356974630966 16.51557884130351 -1.5000000000000007
      vertex -14.045345279145836 14.045345279145838 -1.5000000000000007
      vertex -14.14213562373095 14.142135623730951 0
    endloop
  endfacet
  facet normal 0 0 0
    outer loop
      vertex -11.035356974630966 16.51557884130351 -1.5000000000000007
      vertex -14.14213562373095 14.142135623730951 0
      vertex -11.11140466039204 16.629392246050905 0
    endloop
  endfacet
  facet normal 0 0 0
    outer loop
      vertex -14.045345279145836 14.045345279145838 -1.5000000000000007
      vertex -16.51557884130351 11.03535697463097 -1.5000000000000007
      vertex -16.629392246050905 11.111404660392044 0
    endloop
  endfacet
  facet normal 0 0 0
    outer loop
      vertex -14.045345279145836 14.045345279145838 -1.5000000000000007
      vertex -16.629392246050905 11.111404660392044 0
      vertex -14.14213562373095 14.142135623730951 0
    endloop
  endfacet
  facet normal 0 0 0
    outer loop
      vertex -16.51557884130351 11.03535697463097 -1.5000000000000007
      vertex -18.351127970633204 7.601286090280528 -1.5000000000000007
      vertex -18.477590650225736 7.653668647301798 0
    endloop
  endfacet
  facet normal 0 0 0
    outer loop
      vertex -16.51557884130351 11.03535697463097 -1.5000000000000007
      vertex -18.477590650225736 7.653668647301798 0
      vertex -16.629392246050905 11.111404660392044 0
    endloop
  endfacet
  facet normal 0 0 0
    outer loop
      vertex -18.351127970633204 7.601286090280528 -1.5000000000000007
      vertex -19.481453543482598 3.875102044330957 -1.5000000000000007
      vertex -19.61570560806461 3.9018064403225723 0
    endloop
  endfacet
  facet normal 0 0 0
    outer loop
      vertex -18.351127970633204 7.601286090280528 -1.5000000000000007
      vertex -19.61570560806461 3.9018064403225723 0
      vertex -18.477590650225736 7.653668647301798 0
    endloop
  endfacet
  facet normal 0 0 0
    outer loop
      vertex -19.481453543482598 3.875102044330957 -1.5000000000000007
      vertex -19.863117781980968 2.4325303612789865e-15 -1.5000000000000007
      vertex -20 2.4492935982947065e-15 0
    endloop
  endfacet
  facet normal 0 0 0
    outer loop
      vertex -19.481453543482598 3.875102044330957 -1.5000000000000007
      vertex -20 2.4492935982947065e-15 0
      vertex -19.61570560806461 3.9018064403225723 0
    endloop
  endfacet
  facet normal 0 0 0
    outer loop
      vertex -19.863117781980968 2.4325303612789865e-15 -1.5000000000000007
      vertex -19.481453543482598 -3.8751020443309523 -1.5000000000000007
      vertex -19.61570560806461 -3.9018064403225674 0
    endloop
  endfacet
  facet normal 0 0 0
    outer loop
      vertex -19.863117781980968 2.4325303612789865e-15 -1.5000000000000007
      vertex -19.61570560806461 -3.9018064403225674 0
      vertex -20 2.4492935982947065e-15 0
    endloop
  endfacet
  facet normal 0 0 0
    outer loop
      vertex -19.481453543482598 -3.8751020443309523 -1.5000000000000007
      vertex -18.351127970633204 -7.601286090280523 -1.5000000000000007
      vertex -18.477590650225736 -7.653668647301792 0
    endloop
  endfacet
  facet normal 0 0 0
    outer loop
      vertex -19.481453543482598 -3.8751020443309523 -1.5000000000000007
      vertex -18.477590650225736 -7.653668647301792 0
      vertex -19.61570560806461 -3.9018064403225674 0
    endloop
  endfacet
  facet normal 0 0 0
    outer loop
      vertex -18.351127970633204 -7.601286090280523 -1.5000000000000007
      vertex -16.515578841303512 -11.035356974630966 -1.5000000000000007
      vertex -16.62939224605091 -11.11140466039204 0
    endloop
  endfacet
  facet normal 0 0 0
    outer loop
      vertex -18.351127970633204 -7.601286090280523 -1.5000000000000007
      vertex -16.62939224605091 -11.11140466039204 0
      vertex -18.477590650225736 -7.653668647301792 0
    endloop
  endfacet
  facet normal 0 0 0
    outer loop
      vertex -16.515578841303512 -11.035356974630966 -1.5000000000000007
      vertex -14.04534527914584 -14.045345279145836 -1.5000000000000007
      vertex -14.142135623730955 -14.14213562373095 0
    endloop
  endfacet
  facet normal 0 0 0
    outer loop
      vertex -16.515578841303512 -11.035356974630966 -1.5000000000000007
      vertex -14.142135623730955 -14.14213562373095 0
      vertex -16.62939224605091 -11.11140466039204 0
    endloop
  endfacet
  facet normal 0 0 0
    outer loop
      vertex -14.04534527914584 -14.045345279145836 -1.5000000000000007
      vertex -11.03535697463097 -16.51557884130351 -1.5000000000000007
      vertex -11.111404660392044 -16.629392246050905 0
    endloop
  endfacet
  facet normal 0 0 0
    outer loop
      vertex -14.04534527914584 -14.045345279145836 -1.5000000000000007
      vertex -11.111404660392044 -16.629392246050905 0
      vertex -14.142135623730955 -14.14213562373095 0
    endloop
  endfacet
  facet normal 0 0 0
    outer loop
      vertex -11.03535697463097 -16.51557884130351 -1.5000000000000007
      vertex -7.601286090280537 -18.3511279706332 -1.5000000000000007
      vertex -7.6536686473018065 -18.47759065022573 0
    endloop
  endfacet
  facet normal 0 0 0
    outer loop
      vertex -11.03535697463097 -16.51557884130351 -1.5000000000000007
      vertex -7.6536686473018065 -18.47759065022573 0
      vertex -11.111404660392044 -16.629392246050905 0
    endloop
  endfacet
  facet normal 0 0 0
    outer loop
      vertex -7.601286090280537 -18.3511279706332 -1.5000000000000007
      vertex -3.8751020443309585 -19.481453543482594 -1.5000000000000007
      vertex -3.901806440322573 -19.615705608064605 0
    endloop
  endfacet
  facet normal 0 0 0
    outer loop
      vertex -7.601286090280537 -18.3511279706332 -1.5000000000000007
      vertex -3.901806440322573 -19.615705608064605 0
      vertex -7.6536686473018065 -18.47759065022573 0
    endloop
  endfacet
  facet normal 0 0 0
    outer loop
      vertex -3.8751020443309585 -19.481453543482594 -1.5000000000000007
      vertex -3.6487955419184794e-15 -19.863117781980968 -1.5000000000000007
      vertex -3.673940397442059e-15 -20 0
    endloop
  endfacet
  facet normal 0 0 0
    outer loop
      vertex -3.8751020443309585 -19.481453543482594 -1.5000000000000007
      vertex -3.673940397442059e-15 -20 0
      vertex -3.901806440322573 -19.615705608064605 0
    endloop
  endfacet
  facet normal 0 0 0
    outer loop
      vertex -3.6487955419184794e-15 -19.863117781980968 -1.5000000000000007
      vertex 3.8751020443309514 -19.481453543482598 -1.5000000000000007
      vertex 3.901806440322566 -19.61570560806461 0
    endloop
  endfacet
  facet normal 0 0 0
    outer loop
      vertex -3.6487955419184794e-15 -19.863117781980968 -1.5000000000000007
      vertex 3.901806440322566 -19.61570560806461 0
      vertex -3.673940397442059e-15 -20 0
    endloop
  endfacet
  facet normal 0 0 0
    outer loop
      vertex 3.8751020443309514 -19.481453543482598 -1.5000000000000007
      vertex 7.601286090280531 -18.3511279706332 -1.5000000000000007
      vertex 7.6536686473018 -18.477590650225732 0
    endloop
  endfacet
  facet normal 0 0 0
    outer loop
      vertex 3.8751020443309514 -19.481453543482598 -1.5000000000000007
      vertex 7.6536686473018 -18.477590650225732 0
      vertex 3.901806440322566 -19.61570560806461 0
    endloop
  endfacet
  facet normal 0 0 0
    outer loop
      vertex 7.601286090280531 -18.3511279706332 -1.5000000000000007
      vertex 11.035356974630963 -16.515578841303512 -1.5000000000000007
      vertex 11.111404660392036 -16.62939224605091 0
    endloop
  endfacet
  facet normal 0 0 0
    outer loop
      vertex 7.601286090280531 -18.3511279706332 -1.5000000000000007
      vertex 11.111404660392036 -16.62939224605091 0
      vertex 7.6536686473018 -18.477590650225732 0
    endloop
  endfacet
  facet normal 0 0 0
    outer loop
      vertex 11.035356974630963 -16.515578841303512 -1.5000000000000007
      vertex 14.045345279145835 -14.04534527914584 -1.5000000000000007
      vertex 14.142135623730947 -14.142135623730955 0
    endloop
  endfacet
  facet normal 0 0 0
    outer loop
      vertex 11.035356974630963 -16.515578841303512 -1.5000000000000007
      vertex 14.142135623730947 -14.142135623730955 0
      vertex 11.111404660392036 -16.62939224605091 0
    endloop
  endfacet
  facet normal 0 0 0
    outer loop
      vertex 14.045345279145835 -14.04534527914584 -1.5000000000000007
      vertex 16.51557884130351 -11.03535697463097 -1.5000000000000007
      vertex 16.629392246050905 -11.111404660392044 0
    endloop
  endfacet
  facet normal 0 0 0
    outer loop
      vertex 14.045345279145835 -14.04534527914584 -1.5000000000000007
      vertex 16.629392246050905 -11.111404660392044 0
      vertex 14.142135623730947 -14.142135623730955 0
    endloop
  endfacet
  facet normal 0 0 0
    outer loop
      vertex 16.51557884130351 -11.03535697463097 -1.5000000000000007
      vertex 18.3511279706332 -7.601286090280538 -1.5000000000000007
      vertex 18.47759065022573 -7.653668647301808 0
    endloop
  endfacet
  facet normal 0 0 0
    outer loop
      vertex 16.51557884130351 -11.03535697463097 -1.5000000000000007
      vertex 18.47759065022573 -7.653668647301808 0
      vertex 16.629392246050905 -11.111404660392044 0
    endloop
  endfacet
  facet normal 0 0 0
    outer loop
      vertex 18.3511279706332 -7.601286090280538 -1.5000000000000007
      vertex 19.481453543482594 -3.8751020443309594 -1.5000000000000007
      vertex 19.615705608064605 -3.9018064403225745 0
    endloop
  endfacet
  facet normal 0 0 0
    outer loop
      vertex 18.3511279706332 -7.601286090280538 -1.5000000000000007
      vertex 19.615705608064605 -3.9018064403225745 0
      vertex 18.47759065022573 -7.653668647301808 0
    endloop
  endfacet
  facet normal 0 0 0
    outer loop
      vertex 19.481453543482594 -3.8751020443309594 -1.5000000000000007
      vertex 19.863117781980968 0 -1.5000000000000007
      vertex 20 0 0
    endloop
  endfacet
  facet normal 0 0 0
    outer loop
      vertex 19.481453543482594 -3.8751020443309594 -1.5000000000000007
      vertex 20 0 0
      vertex 19.615705608064605 -3.9018064403225745 0
    endloop
  endfacet
  facet normal 0 0 0
    outer loop
      vertex 20 0 0
      vertex 19.61570560806461 3.9018064403225647 0
      vertex 19.481453543482598 3.87510204433095 1.4999999999999987
    endloop
  endfacet
  facet normal 0 0 0
    outer loop
      vertex 20 0 0
      vertex 19.481453543482598 3.87510204433095 1.4999999999999987
      vertex 19.863117781980968 0 1.4999999999999987
    endloop
  endfacet
  facet normal 0 0 0
    outer loop
      vertex 19.61570560806461 3.9018064403225647 0
      vertex 18.477590650225736 7.653668647301796 0
      vertex 18.351127970633204 7.601286090280526 1.4999999999999987
    endloop
  endfacet
  facet normal 0 0 0
    outer loop
      vertex 19.61570560806461 3.9018064403225647 0
      vertex 18.351127970633204 7.601286090280526 1.4999999999999987
      vertex 19.481453543482598 3.87510204433095 1.4999999999999987
    endloop
  endfacet
  facet normal 0 0 0
    outer loop
      vertex 18.477590650225736 7.653668647301796 0
      vertex 16.629392246050905 11.111404660392044 0
      vertex 16.51557884130351 11.03535697463097 1.4999999999999987
    endloop
  endfacet
  facet normal 0 0 0
    outer loop
      vertex 18.477590650225736 7.653668647301796 0
      vertex 16.51557884130351 11.03535697463097 1.4999999999999987
      vertex 18.351127970633204 7.601286090280526 1.4999999999999987
    endloop
  endfacet
  facet normal 0 0 0
    outer loop
      vertex 16.629392246050905 11.111404660392044 0
      vertex 14.142135623730951 14.14213562373095 0
      vertex 14.045345279145838 14.045345279145836 1.4999999999999987
    endloop
  endfacet
  facet normal 0 0 0
    outer loop
      vertex 16.629392246050905 11.111404660392044 0
      vertex 14.045345279145838 14.045345279145836 1.4999999999999987
      vertex 16.51557884130351 11.03535697463097 1.4999999999999987
    endloop
  endfacet
  facet normal 0 0 0
    outer loop
      vertex 14.142135623730951 14.14213562373095 0
      vertex 11.111404660392045 16.629392246050905 0
      vertex 11.035356974630972 16.51557884130351 1.4999999999999987
    endloop
  endfacet
  facet normal 0 0 0
    outer loop
      vertex 14.142135623730951 14.14213562373095 0
      vertex 11.035356974630972 16.51557884130351 1.4999999999999987
      vertex 14.045345279145838 14.045345279145836 1.4999999999999987
    endloop
  endfacet
  facet normal 0 0 0
    outer loop
      vertex 11.111404660392045 16.629392246050905 0
      vertex 7.653668647301797 18.477590650225736 0
      vertex 7.601286090280527 18.351127970633204 1.4999999999999987
    endloop
  endfacet
  facet normal 0 0 0
    outer loop
      vertex 11.111404660392045 16.629392246050905 0
      vertex 7.601286090280527 18.351127970633204 1.4999999999999987
      vertex 11.035356974630972 16.51557884130351 1.4999999999999987
    endloop
  endfacet
  facet normal 0 0 0
    outer loop
      vertex 7.653668647301797 18.477590650225736 0
      vertex 3.9018064403225665 19.61570560806461 0
      vertex 3.875102044330952 19.481453543482598 1.4999999999999987
    endloop
  endfacet
  facet normal 0 0 0
    outer loop
      vertex 7.653668647301797 18.477590650225736 0
      vertex 3.875102044330952 19.481453543482598 1.4999999999999987
      vertex 7.601286090280527 18.351127970633204 1.4999999999999987
    endloop
  endfacet
  facet normal 0 0 0
    outer loop
      vertex 3.9018064403225665 19.61570560806461 0
      vertex 1.2246467991473533e-15 20 0
      vertex 1.2162651806394933e-15 19.863117781980968 1.4999999999999987
    endloop
  endfacet
  facet normal 0 0 0
    outer loop
      vertex 3.9018064403225665 19.61570560806461 0
      vertex 1.2162651806394933e-15 19.863117781980968 1.4999999999999987
      vertex 3.875102044330952 19.481453543482598 1.4999999999999987
    endloop
  endfacet
  facet normal 0 0 0
    outer loop
      vertex 1.2246467991473533e-15 20 0
      vertex -3.901806440322564 19.61570560806461 0
      vertex -3.875102044330949 19.481453543482598 1.4999999999999987
    endloop
  endfacet
  facet normal 0 0 0
    outer loop
      vertex 1.2246467991473533e-15 20 0
      vertex -3.875102044330949 19.481453543482598 1.4999999999999987
      vertex 1.2162651806394933e-15 19.863117781980968 1.4999999999999987
    endloop
  endfacet
  facet normal 0 0 0
    outer loop
      vertex -3.901806440322564 19.61570560806461 0
      vertex -7.653668647301794 18.477590650225736 0
      vertex -7.601286090280524 18.351127970633204 1.4999999999999987
    endloop
  endfacet
  facet normal 0 0 0
    outer loop
      vertex -3.901806440322564 19.61570560806461 0
      vertex -7.601286090280524 18.351127970633204 1.4999999999999987
      vertex -3.875102044330949 19.481453543482598 1.4999999999999987
    endloop
  endfacet
  facet normal 0 0 0
    outer loop
      vertex -7.653668647301794 18.477590650225736 0
      vertex -11.11140466039204 16.629392246050905 0
      vertex -11.035356974630966 16.51557884130351 1.4999999999999987
    endloop
  endfacet
  facet normal 0 0 0
    outer loop
      vertex -7.653668647301794 18.477590650225736 0
      vertex -11.035356974630966 16.51557884130351 1.4999999999999987
      vertex -7.601286090280524 18.351127970633204 1.4999999999999987
    endloop
  endfacet
  facet normal 0 0 0
    outer loop
      vertex -11.11140466039204 16.629392246050905 0
      vertex -14.14213562373095 14.142135623730951 0
      vertex -14.045345279145836 14.045345279145838 1.4999999999999987
    endloop
  endfacet
  facet normal 0 0 0
    outer loop
      vertex -11.11140466039204 16.629392246050905 0
      vertex -14.045345279145836 14.045345279145838 1.4999999999999987
      vertex -11.035356974630966 16.51557884130351 1.4999999999999987
    endloop
  endfacet
  facet normal 0 0 0
    outer loop
      vertex -14.14213562373095 14.142135623730951 0
      vertex -16.629392246050905 11.111404660392044 0
      vertex -16.51557884130351 11.03535697463097 1.4999999999999987
    endloop
  endfacet
  facet normal 0 0 0
    outer loop
      vertex -14.14213562373095 14.142135623730951 0
      vertex -16.51557884130351 11.03535697463097 1.4999999999999987
      vertex -14.045345279145836 14.045345279145838 1.4999999999999987
    endloop
  endfacet
  facet normal 0 0 0
    outer loop
      vertex -16.629392246050905 11.111404660392044 0
      vertex -18.477590650225736 7.653668647301798 0
      vertex -18.351127970633204 7.601286090280528 1.4999999999999987
    endloop
  endfacet
  facet normal 0 0 0
    outer loop
      vertex -16.629392246050905 11.111404660392044 0
      vertex -18.351127970633204 7.601286090280528 1.4999999999999987
      vertex -16.51557884130351 11.03535697463097 1.4999999999999987
    endloop
  endfacet
  facet normal 0 0 0
    outer loop
      vertex -18.477590650225736 7.653668647301798 0
      vertex -19.61570560806461 3.9018064403225723 0
      vertex -19.481453543482598 3.875102044330957 1.4999999999999987
    endloop
  endfacet
  facet normal 0 0 0
    outer loop
      vertex -18.477590650225736 7.653668647301798 0
      vertex -19.481453543482598 3.875102044330957 1.4999999999999987
      vertex -18.351127970633204 7.601286090280528 1.4999999999999987
    endloop
  endfacet
  facet normal 0 0 0
    outer loop
      vertex -19.61570560806461 3.9018064403225723 0
      vertex -20 2.4492935982947065e-15 0
      vertex -19.863117781980968 2.4325303612789865e-15 1.4999999999999987
    endloop
  endfacet
  facet normal 0 0 0
    outer loop
      vertex -19.61570560806461 3.9018064403225723 0
      vertex -19.863117781980968 2.4325303612789865e-15 1.4999999999999987
      vertex -19.481453543482598 3.875102044330957 1.4999999999999987
    endloop
  endfacet
  facet normal 0 0 0
    outer loop
      vertex -20 2.4492935982947065e-15 0
      vertex -19.61570560806461 -3.9018064403225674 0
      vertex -19.481453543482598 -3.8751020443309523 1.4999999999999987
    endloop
  endfacet
  facet normal 0 0 0
    outer loop
      vertex -20 2.4492935982947065e-15 0
      vertex -19.481453543482598 -3.8751020443309523 1.4999999999999987
      vertex -19.863117781980968 2.4325303612789865e-15 1.4999999999999987
    endloop
  endfacet
  facet normal 0 0 0
    outer loop
      vertex -19.61570560806461 -3.9018064403225674 0
      vertex -18.477590650225736 -7.653668647301792 0
      vertex -18.351127970633204 -7.601286090280523 1.4999999999999987
    endloop
  endfacet
  facet normal 0 0 0
    outer loop
      vertex -19.61570560806461 -3.9018064403225674 0
      vertex -18.351127970633204 -7.601286090280523 1.4999999999999987
      vertex -19.481453543482598 -3.8751020443309523 1.4999999999999987
    endloop
  endfacet
  facet normal 0 0 0
    outer loop
      vertex -18.477590650225736 -7.653668647301792 0
      vertex -16.62939224605091 -11.11140466039204 0
      vertex -16.515578841303512 -11.035356974630966 1.4999999999999987
    endloop
  endfacet
  facet normal 0 0 0
    outer loop
      vertex -18.477590650225736 -7.653668647301792 0
      vertex -16.515578841303512 -11.035356974630966 1.4999999999999987
      vertex -18.351127970633204 -7.601286090280523 1.4999999999999987
    endloop
  endfacet
  facet normal 0 0 0
    outer loop
      vertex -16.62939224605091 -11.11140466039204 0
      vertex -14.142135623730955 -14.14213562373095 0
      vertex -14.04534527914584 -14.045345279145836 1.4999999999999987
    endloop
  endfacet
  facet normal 0 0 0
    outer loop
      vertex -16.62939224605091 -11.11140466039204 0
      vertex -14.04534527914584 -14.045345279145836 1.4999999999999987
      vertex -16.515578841303512 -11.035356974630966 1.4999999999999987
    endloop
  endfacet
  facet normal 0 0 0
    outer loop
      vertex -14.142135623730955 -14.14213562373095 0
      vertex -11.111404660392044 -16.629392246050905 0
      vertex -11.03535697463097 -16.51557884130351 1.4999999999999987
    endloop
  endfacet
  facet normal 0 0 0
    outer loop
      vertex -14.142135623730955 -14.14213562373095 0
      vertex -11.03535697463097 -16.51557884130351 1.4999999999999987
      vertex -14.04534527914584 -14.045345279145836 1.4999999999999987
    endloop
  endfacet
  facet normal 0 0 0
    outer loop
      vertex -11.111404660392044 -16.629392246050905 0
      vertex -7.6536686473018065 -18.47759065022573 0
      vertex -7.601286090280537 -18.3511279706332 1.4999999999999987
    endloop
  endfacet
  facet normal 0 0 0
    outer loop
      vertex -11.111404660392044 -16.629392246050905 0
      vertex -7.601286090280537 -18.3511279706332 1.4999999999999987
      vertex -11.03535697463097 -16.51557884130351 1.4999999999999987
    endloop
  endfacet
  facet normal 0 0 0
    outer loop
      vertex -7.6536686473018065 -18.47759065022573 0
      vertex -3.901806440322573 -19.615705608064605 0
      vertex -3.8751020443309585 -19.481453543482594 1.4999999999999987
    endloop
  endfacet
  facet normal 0 0 0
    outer loop
      vertex -7.6536686473018065 -18.47759065022573 0
      vertex -3.8751020443309585 -19.481453543482594 1.4999999999999987
      vertex -7.601286090280537 -18.3511279706332 1.4999999999999987
    endloop
  endfacet
  facet normal 0 0 0
    outer loop
      vertex -3.901806440322573 -19.615705608064605 0
      vertex -3.673940397442059e-15 -20 0
      vertex -3.6487955419184794e-15 -19.863117781980968 1.4999999999999987
    endloop
  endfacet
  facet normal 0 0 0
    outer loop
      vertex -3.901806440322573 -19.615705608064605 0
      vertex -3.6487955419184794e-15 -19.863117781980968 1.4999999999999987
      vertex -3.8751020443309585 -19.481453543482594 1.4999999999999987
    endloop
  endfacet
  facet normal 0 0 0
    outer loop
      vertex -3.673940397442059e-15 -20 0
      vertex 3.901806440322566 -19.61570560806461 0
      vertex 3.8751020443309514 -19.481453543482598 1.4999999999999987
    endloop
  endfacet
  facet normal 0 0 0
    outer loop
      vertex -3.673940397442059e-15 -20 0
      vertex 3.8751020443309514 -19.481453543482598 1.4999999999999987
      vertex -3.6487955419184794e-15 -19.863117781980968 1.4999999999999987
    endloop
  endfacet
  facet normal 0 0 0
    outer loop
      vertex 3.901806440322566 -19.61570560806461 0
      vertex 7.6536686473018 -18.477590650225732 0
      vertex 7.601286090280531 -18.3511279706332 1.4999999999999987
    endloop
  endfacet
  facet normal 0 0 0
    outer loop
      vertex 3.901806440322566 -19.61570560806461 0
      vertex 7.601286090280531 -18.3511279706332 1.4999999999999987
      vertex 3.8751020443309514 -19.481453543482598 1.4999999999999987
    endloop
  endfacet
  facet normal 0 0 0
    outer loop
      vertex 7.6536686473018 -18.477590650225732 0
      vertex 11.111404660392036 -16.62939224605091 0
      vertex 11.035356974630963 -16.515578841303512 1.4999999999999987
    endloop
  endfacet
  facet normal 0 0 0
    outer loop
      vertex 7.6536686473018 -18.477590650225732 0
      vertex 11.035356974630963 -16.515578841303512 1.4999999999999987
      vertex 7.601286090280531 -18.3511279706332 1.4999999999999987
    endloop
  endfacet
  facet normal 0 0 0
    outer loop
      vertex 11.111404660392036 -16.62939224605091 0
      vertex 14.142135623730947 -14.142135623730955 0
      vertex 14.045345279145835 -14.04534527914584 1.4999999999999987
    endloop
  endfacet
  facet normal 0 0 0
    outer loop
      vertex 11.111404660392036 -16.62939224605091 0
      vertex 14.045345279145835 -14.04534527914584 1.4999999999999987
      vertex 11.035356974630963 -16.515578841303512 1.4999999999999987
    endloop
  endfacet
  facet normal 0 0 0
    outer loop
      vertex 14.142135623730947 -14.142135623730955 0
      vertex 16.629392246050905 -11.111404660392044 0
      vertex 16.51557884130351 -11.03535697463097 1.4999999999999987
    endloop
  endfacet
  facet normal 0 0 0
    outer loop
      vertex 14.142135623730947 -14.142135623730955 0
      vertex 16.51557884130351 -11.03535697463097 1.4999999999999987
      vertex 14.045345279145835 -14.04534527914584 1.4999999999999987
    endloop
  endfacet
  facet normal 0 0 0
    outer loop
      vertex 16.629392246050905 -11.111404660392044 0
      vertex 18.47759065022573 -7.653668647301808 0
      vertex 18.3511279706332 -7.601286090280538 1.4999999999999987
    endloop
  endfacet
  facet normal 0 0 0
    outer loop
      vertex 16.629392246050905 -11.111404660392044 0
      vertex 18.3511279706332 -7.601286090280538 1.4999999999999987
      vertex 16.51557884130351 -11.03535697463097 1.4999999999999987
    endloop
  endfacet
  facet normal 0 0 0
    outer loop
      vertex 18.47759065022573 -7.653668647301808 0
      vertex 19.615705608064605 -3.9018064403225745 0
      vertex 19.481453543482594 -3.8751020443309594 1.4999999999999987
    endloop
  endfacet
  facet normal 0 0 0
    outer loop
      vertex 18.47759065022573 -7.653668647301808 0
      vertex 19.481453543482594 -3.8751020443309594 1.4999999999999987
      vertex 18.3511279706332 -7.601286090280538 1.4999999999999987
    endloop
  endfacet
  facet normal 0 0 0
    outer loop
      vertex 19.615705608064605 -3.9018064403225745 0
      vertex 20 0 0
      vertex 19.863117781980968 0 1.4999999999999987
    endloop
  endfacet
  facet normal 0 0 0
    outer loop
      vertex 19.615705608064605 -3.9018064403225745 0
      vertex 19.863117781980968 0 1.4999999999999987
      vertex 19.481453543482594 -3.8751020443309594 1.4999999999999987
    endloop
  endfacet
  facet normal 0 0 0
    outer loop
      vertex 19.863117781980968 0 1.4999999999999987
      vertex 19.481453543482598 3.87510204433095 1.4999999999999987
      vertex 19.080994439783254 3.795445775975378 3.0000000000000013
    endloop
  endfacet
  facet normal 0 0 0
    outer loop
      vertex 19.863117781980968 0 1.4999999999999987
      vertex 19.080994439783254 3.795445775975378 3.0000000000000013
      vertex 19.45481322062509 0 3.0000000000000013
    endloop
  endfacet
  facet normal 0 0 0
    outer loop
      vertex 19.481453543482598 3.87510204433095 1.4999999999999987
      vertex 18.351127970633204 7.601286090280526 1.4999999999999987
      vertex 17.97390374336551 7.445034699290536 3.0000000000000013
    endloop
  endfacet
  facet normal 0 0 0
    outer loop
      vertex 19.481453543482598 3.87510204433095 1.4999999999999987
      vertex 17.97390374336551 7.445034699290536 3.0000000000000013
      vertex 19.080994439783254 3.795445775975378 3.0000000000000013
    endloop
  endfacet
  facet normal 0 0 0
    outer loop
      vertex 18.351127970633204 7.601286090280526 1.4999999999999987
      vertex 16.51557884130351 11.03535697463097 1.4999999999999987
      vertex 16.176086005971577 10.808515114335519 3.0000000000000013
    endloop
  endfacet
  facet normal 0 0 0
    outer loop
      vertex 18.351127970633204 7.601286090280526 1.4999999999999987
      vertex 16.176086005971577 10.808515114335519 3.0000000000000013
      vertex 17.97390374336551 7.445034699290536 3.0000000000000013
    endloop
  endfacet
  facet normal 0 0 0
    outer loop
      vertex 16.51557884130351 11.03535697463097 1.4999999999999987
      vertex 14.045345279145838 14.045345279145836 1.4999999999999987
      vertex 13.756630355021699 13.756630355021697 3.0000000000000013
    endloop
  endfacet
  facet normal 0 0 0
    outer loop
      vertex 16.51557884130351 11.03535697463097 1.4999999999999987
      vertex 13.756630355021699 13.756630355021697 3.0000000000000013
      vertex 16.176086005971577 10.808515114335519 3.0000000000000013
    endloop
  endfacet
  facet normal 0 0 0
    outer loop
      vertex 14.045345279145838 14.045345279145836 1.4999999999999987
      vertex 11.035356974630972 16.51557884130351 1.4999999999999987
      vertex 10.80851511433552 16.176086005971577 3.0000000000000013
    endloop
  endfacet
  facet normal 0 0 0
    outer loop
      vertex 14.045345279145838 14.045345279145836 1.4999999999999987
      vertex 10.80851511433552 16.176086005971577 3.0000000000000013
      vertex 13.756630355021699 13.756630355021697 3.0000000000000013
    endloop
  endfacet
  facet normal 0 0 0
    outer loop
      vertex 11.035356974630972 16.51557884130351 1.4999999999999987
      vertex 7.601286090280527 18.351127970633204 1.4999999999999987
      vertex 7.445034699290538 17.97390374336551 3.0000000000000013
    endloop
  endfacet
  facet normal 0 0 0
    outer loop
      vertex 11.035356974630972 16.51557884130351 1.4999999999999987
      vertex 7.445034699290538 17.97390374336551 3.0000000000000013
      vertex 10.80851511433552 16.176086005971577 3.0000000000000013
    endloop
  endfacet
  facet normal 0 0 0
    outer loop
      vertex 7.601286090280527 18.351127970633204 1.4999999999999987
      vertex 3.875102044330952 19.481453543482598 1.4999999999999987
      vertex 3.79544577597538 19.080994439783254 3.0000000000000013
    endloop
  endfacet
  facet normal 0 0 0
    outer loop
      vertex 7.601286090280527 18.351127970633204 1.4999999999999987
      vertex 3.79544577597538 19.080994439783254 3.0000000000000013
      vertex 7.445034699290538 17.97390374336551 3.0000000000000013
    endloop
  endfacet
  facet normal 0 0 0
    outer loop
      vertex 3.875102044330952 19.481453543482598 1.4999999999999987
      vertex 1.2162651806394933e-15 19.863117781980968 1.4999999999999987
      vertex 1.1912637369324064e-15 19.45481322062509 3.0000000000000013
    endloop
  endfacet
  facet normal 0 0 0
    outer loop
      vertex 3.875102044330952 19.481453543482598 1.4999999999999987
      vertex 1.1912637369324064e-15 19.45481322062509 3.0000000000000013
      vertex 3.79544577597538 19.080994439783254 3.0000000000000013
    endloop
  endfacet
  facet normal 0 0 0
    outer loop
      vertex 1.2162651806394933e-15 19.863117781980968 1.4999999999999987
      vertex -3.875102044330949 19.481453543482598 1.4999999999999987
      vertex -3.7954457759753772 19.080994439783254 3.0000000000000013
    endloop
  endfacet
  facet normal 0 0 0
    outer loop
      vertex 1.2162651806394933e-15 19.863117781980968 1.4999999999999987
      vertex -3.7954457759753772 19.080994439783254 3.0000000000000013
      vertex 1.1912637369324064e-15 19.45481322062509 3.0000000000000013
    endloop
  endfacet
  facet normal 0 0 0
    outer loop
      vertex -3.875102044330949 19.481453543482598 1.4999999999999987
      vertex -7.601286090280524 18.351127970633204 1.4999999999999987
      vertex -7.445034699290535 17.97390374336551 3.0000000000000013
    endloop
  endfacet
  facet normal 0 0 0
    outer loop
      vertex -3.875102044330949 19.481453543482598 1.4999999999999987
      vertex -7.445034699290535 17.97390374336551 3.0000000000000013
      vertex -3.7954457759753772 19.080994439783254 3.0000000000000013
    endloop
  endfacet
  facet normal 0 0 0
    outer loop
      vertex -7.601286090280524 18.351127970633204 1.4999999999999987
      vertex -11.035356974630966 16.51557884130351 1.4999999999999987
      vertex -10.808515114335515 16.176086005971577 3.0000000000000013
    endloop
  endfacet
  facet normal 0 0 0
    outer loop
      vertex -7.601286090280524 18.351127970633204 1.4999999999999987
      vertex -10.808515114335515 16.176086005971577 3.0000000000000013
      vertex -7.445034699290535 17.97390374336551 3.0000000000000013
    endloop
  endfacet
  facet normal 0 0 0
    outer loop
      vertex -11.035356974630966 16.51557884130351 1.4999999999999987
      vertex -14.045345279145836 14.045345279145838 1.4999999999999987
      vertex -13.756630355021697 13.756630355021699 3.0000000000000013
    endloop
  endfacet
  facet normal 0 0 0
    outer loop
      vertex -11.035356974630966 16.51557884130351 1.4999999999999987
      vertex -13.756630355021697 13.756630355021699 3.0000000000000013
      vertex -10.808515114335515 16.176086005971577 3.0000000000000013
    endloop
  endfacet
  facet normal 0 0 0
    outer loop
      vertex -14.045345279145836 14.045345279145838 1.4999999999999987
      vertex -16.51557884130351 11.03535697463097 1.4999999999999987
      vertex -16.176086005971577 10.808515114335519 3.0000000000000013
    endloop
  endfacet
  facet normal 0 0 0
    outer loop
      vertex -14.045345279145836 14.045345279145838 1.4999999999999987
      vertex -16.176086005971577 10.808515114335519 3.0000000000000013
      vertex -13.756630355021697 13.756630355021699 3.0000000000000013
    endloop
  endfacet
  facet normal 0 0 0
    outer loop
      vertex -16.51557884130351 11.03535697463097 1.4999999999999987
      vertex -18.351127970633204 7.601286090280528 1.4999999999999987
      vertex -17.97390374336551 7.445034699290539 3.0000000000000013
    endloop
  endfacet
  facet normal 0 0 0
    outer loop
      vertex -16.51557884130351 11.03535697463097 1.4999999999999987
      vertex -17.97390374336551 7.445034699290539 3.0000000000000013
      vertex -16.176086005971577 10.808515114335519 3.0000000000000013
    endloop
  endfacet
  facet normal 0 0 0
    outer loop
      vertex -18.351127970633204 7.601286090280528 1.4999999999999987
      vertex -19.481453543482598 3.875102044330957 1.4999999999999987
      vertex -19.080994439783254 3.7954457759753852 3.0000000000000013
    endloop
  endfacet
  facet normal 0 0 0
    outer loop
      vertex -18.351127970633204 7.601286090280528 1.4999999999999987
      vertex -19.080994439783254 3.7954457759753852 3.0000000000000013
      vertex -17.97390374336551 7.445034699290539 3.0000000000000013
    endloop
  endfacet
  facet normal 0 0 0
    outer loop
      vertex -19.481453543482598 3.875102044330957 1.4999999999999987
      vertex -19.863117781980968 2.4325303612789865e-15 1.4999999999999987
      vertex -19.45481322062509 2.3825274738648127e-15 3.0000000000000013
    endloop
  endfacet
  facet normal 0 0 0
    outer loop
      vertex -19.481453543482598 3.875102044330957 1.4999999999999987
      vertex -19.45481322062509 2.3825274738648127e-15 3.0000000000000013
      vertex -19.080994439783254 3.7954457759753852 3.0000000000000013
    endloop
  endfacet
  facet normal 0 0 0
    outer loop
      vertex -19.863117781980968 2.4325303612789865e-15 1.4999999999999987
      vertex -19.481453543482598 -3.8751020443309523 1.4999999999999987
      vertex -19.080994439783254 -3.7954457759753804 3.0000000000000013
    endloop
  endfacet
  facet normal 0 0 0
    outer loop
      vertex -19.863117781980968 2.4325303612789865e-15 1.4999999999999987
      vertex -19.080994439783254 -3.7954457759753804 3.0000000000000013
      vertex -19.45481322062509 2.3825274738648127e-15 3.0000000000000013
    endloop
  endfacet
  facet normal 0 0 0
    outer loop
      vertex -19.481453543482598 -3.8751020443309523 1.4999999999999987
      vertex -18.351127970633204 -7.601286090280523 1.4999999999999987
      vertex -17.97390374336551 -7.445034699290534 3.0000000000000013
    endloop
  endfacet
  facet normal 0 0 0
    outer loop
      vertex -19.481453543482598 -3.8751020443309523 1.4999999999999987
      vertex -17.97390374336551 -7.445034699290534 3.0000000000000013
      vertex -19.080994439783254 -3.7954457759753804 3.0000000000000013
    endloop
  endfacet
  facet normal 0 0 0
    outer loop
      vertex -18.351127970633204 -7.601286090280523 1.4999999999999987
      vertex -16.515578841303512 -11.035356974630966 1.4999999999999987
      vertex -16.17608600597158 -10.808515114335515 3.0000000000000013
    endloop
  endfacet
  facet normal 0 0 0
    outer loop
      vertex -18.351127970633204 -7.601286090280523 1.4999999999999987
      vertex -16.17608600597158 -10.808515114335515 3.0000000000000013
      vertex -17.97390374336551 -7.445034699290534 3.0000000000000013
    endloop
  endfacet
  facet normal 0 0 0
    outer loop
      vertex -16.515578841303512 -11.035356974630966 1.4999999999999987
      vertex -14.04534527914584 -14.045345279145836 1.4999999999999987
      vertex -13.756630355021702 -13.756630355021697 3.0000000000000013
    endloop
  endfacet
  facet normal 0 0 0
    outer loop
      vertex -16.515578841303512 -11.035356974630966 1.4999999999999987
      vertex -13.756630355021702 -13.756630355021697 3.0000000000000013
      vertex -16.17608600597158 -10.808515114335515 3.0000000000000013
    endloop
  endfacet
  facet normal 0 0 0
    outer loop
      vertex -14.04534527914584 -14.045345279145836 1.4999999999999987
      vertex -11.03535697463097 -16.51557884130351 1.4999999999999987
      vertex -10.808515114335519 -16.176086005971577 3.0000000000000013
    endloop
  endfacet
  facet normal 0 0 0
    outer loop
      vertex -14.04534527914584 -14.045345279145836 1.4999999999999987
      vertex -10.808515114335519 -16.176086005971577 3.0000000000000013
      vertex -13.756630355021702 -13.756630355021697 3.0000000000000013
    endloop
  endfacet
  facet normal 0 0 0
    outer loop
      vertex -11.03535697463097 -16.51557884130351 1.4999999999999987
      vertex -7.601286090280537 -18.3511279706332 1.4999999999999987
      vertex -7.445034699290548 -17.973903743365504 3.0000000000000013
    endloop
  endfacet
  facet normal 0 0 0
    outer loop
      vertex -11.03535697463097 -16.51557884130351 1.4999999999999987
      vertex -7.445034699290548 -17.973903743365504 3.0000000000000013
      vertex -10.808515114335519 -16.176086005971577 3.0000000000000013
    endloop
  endfacet
  facet normal 0 0 0
    outer loop
      vertex -7.601286090280537 -18.3511279706332 1.4999999999999987
      vertex -3.8751020443309585 -19.481453543482594 1.4999999999999987
      vertex -3.795445775975386 -19.080994439783254 3.0000000000000013
    endloop
  endfacet
  facet normal 0 0 0
    outer loop
      vertex -7.601286090280537 -18.3511279706332 1.4999999999999987
      vertex -3.795445775975386 -19.080994439783254 3.0000000000000013
      vertex -7.445034699290548 -17.973903743365504 3.0000000000000013
    endloop
  endfacet
  facet normal 0 0 0
    outer loop
      vertex -3.8751020443309585 -19.481453543482594 1.4999999999999987
      vertex -3.6487955419184794e-15 -19.863117781980968 1.4999999999999987
      vertex -3.573791210797219e-15 -19.45481322062509 3.0000000000000013
    endloop
  endfacet
  facet normal 0 0 0
    outer loop
      vertex -3.8751020443309585 -19.481453543482594 1.4999999999999987
      vertex -3.573791210797219e-15 -19.45481322062509 3.0000000000000013
      vertex -3.795445775975386 -19.080994439783254 3.0000000000000013
    endloop
  endfacet
  facet normal 0 0 0
    outer loop
      vertex -3.6487955419184794e-15 -19.863117781980968 1.4999999999999987
      vertex 3.8751020443309514 -19.481453543482598 1.4999999999999987
      vertex 3.795445775975379 -19.080994439783254 3.0000000000000013
    endloop
  endfacet
  facet normal 0 0 0
    outer loop
      vertex -3.6487955419184794e-15 -19.863117781980968 1.4999999999999987
      vertex 3.795445775975379 -19.080994439783254 3.0000000000000013
      vertex -3.573791210797219e-15 -19.45481322062509 3.0000000000000013
    endloop
  endfacet
  facet normal 0 0 0
    outer loop
      vertex 3.8751020443309514 -19.481453543482598 1.4999999999999987
      vertex 7.601286090280531 -18.3511279706332 1.4999999999999987
      vertex 7.445034699290541 -17.973903743365508 3.0000000000000013
    endloop
  endfacet
  facet normal 0 0 0
    outer loop
      vertex 3.8751020443309514 -19.481453543482598 1.4999999999999987
      vertex 7.445034699290541 -17.973903743365508 3.0000000000000013
      vertex 3.795445775975379 -19.080994439783254 3.0000000000000013
    endloop
  endfacet
  facet normal 0 0 0
    outer loop
      vertex 7.601286090280531 -18.3511279706332 1.4999999999999987
      vertex 11.035356974630963 -16.515578841303512 1.4999999999999987
      vertex 10.808515114335513 -16.17608600597158 3.0000000000000013
    endloop
  endfacet
  facet normal 0 0 0
    outer loop
      vertex 7.601286090280531 -18.3511279706332 1.4999999999999987
      vertex 10.808515114335513 -16.17608600597158 3.0000000000000013
      vertex 7.445034699290541 -17.973903743365508 3.0000000000000013
    endloop
  endfacet
  facet normal 0 0 0
    outer loop
      vertex 11.035356974630963 -16.515578841303512 1.4999999999999987
      vertex 14.045345279145835 -14.04534527914584 1.4999999999999987
      vertex 13.756630355021695 -13.756630355021702 3.0000000000000013
    endloop
  endfacet
  facet normal 0 0 0
    outer loop
      vertex 11.035356974630963 -16.515578841303512 1.4999999999999987
      vertex 13.756630355021695 -13.756630355021702 3.0000000000000013
      vertex 10.808515114335513 -16.17608600597158 3.0000000000000013
    endloop
  endfacet
  facet normal 0 0 0
    outer loop
      vertex 14.045345279145835 -14.04534527914584 1.4999999999999987
      vertex 16.51557884130351 -11.03535697463097 1.4999999999999987
      vertex 16.176086005971577 -10.808515114335519 3.0000000000000013
    endloop
  endfacet
  facet normal 0 0 0
    outer loop
      vertex 14.045345279145835 -14.04534527914584 1.4999999999999987
      vertex 16.176086005971577 -10.808515114335519 3.0000000000000013
      vertex 13.756630355021695 -13.756630355021702 3.0000000000000013
    endloop
  endfacet
  facet normal 0 0 0
    outer loop
      vertex 16.51557884130351 -11.03535697463097 1.4999999999999987
      vertex 18.3511279706332 -7.601286090280538 1.4999999999999987
      vertex 17.973903743365504 -7.445034699290549 3.0000000000000013
    endloop
  endfacet
  facet normal 0 0 0
    outer loop
      vertex 16.51557884130351 -11.03535697463097 1.4999999999999987
      vertex 17.973903743365504 -7.445034699290549 3.0000000000000013
      vertex 16.176086005971577 -10.808515114335519 3.0000000000000013
    endloop
  endfacet
  facet normal 0 0 0
    outer loop
      vertex 18.3511279706332 -7.601286090280538 1.4999999999999987
      vertex 19.481453543482594 -3.8751020443309594 1.4999999999999987
      vertex 19.080994439783254 -3.7954457759753875 3.0000000000000013
    endloop
  endfacet
  facet normal 0 0 0
    outer loop
      vertex 18.3511279706332 -7.601286090280538 1.4999999999999987
      vertex 19.080994439783254 -3.7954457759753875 3.0000000000000013
      vertex 17.973903743365504 -7.445034699290549 3.0000000000000013
    endloop
  endfacet
  facet normal 0 0 0
    outer loop
      vertex 19.481453543482594 -3.8751020443309594 1.4999999999999987
      vertex 19.863117781980968 0 1.4999999999999987
      vertex 19.45481322062509 0 3.0000000000000013
    endloop
  endfacet
  facet normal 0 0 0
    outer loop
      vertex 19.481453543482594 -3.8751020443309594 1.4999999999999987
      vertex 19.45481322062509 0 3.0000000000000013
      vertex 19.080994439783254 -3.7954457759753875 3.0000000000000013
    endloop
  endfacet
  facet normal 0 0 0
    outer loop
      vertex 19.45481322062509 0 3.0000000000000013
      vertex 19.080994439783254 3.795445775975378 3.0000000000000013
      vertex 18.421180263259128 3.664200576092304 4.5
    endloop
  endfacet
  facet normal 0 0 0
    outer loop
      vertex 19.45481322062509 0 3.0000000000000013
      vertex 18.421180263259128 3.664200576092304 4.5
      vertex 18.782072520180588 0 4.5
    endloop
  endfacet
  facet normal 0 0 0
    outer loop
      vertex 19.080994439783254 3.795445775975378 3.0000000000000013
      vertex 17.97390374336551 7.445034699290536 3.0000000000000013
      vertex 17.352372379537528 7.187587978952739 4.5
    endloop
  endfacet
  facet normal 0 0 0
    outer loop
      vertex 19.080994439783254 3.795445775975378 3.0000000000000013
      vertex 17.352372379537528 7.187587978952739 4.5
      vertex 18.421180263259128 3.664200576092304 4.5
    endloop
  endfacet
  facet normal 0 0 0
    outer loop
      vertex 17.97390374336551 7.445034699290536 3.0000000000000013
      vertex 16.176086005971577 10.808515114335519 3.0000000000000013
      vertex 15.616722556592842 10.434760406627795 4.5
    endloop
  endfacet
  facet normal 0 0 0
    outer loop
      vertex 17.97390374336551 7.445034699290536 3.0000000000000013
      vertex 15.616722556592842 10.434760406627795 4.5
      vertex 17.352372379537528 7.187587978952739 4.5
    endloop
  endfacet
  facet normal 0 0 0
    outer loop
      vertex 16.176086005971577 10.808515114335519 3.0000000000000013
      vertex 13.756630355021699 13.756630355021697 3.0000000000000013
      vertex 13.280930843757202 13.2809308437572 4.5
    endloop
  endfacet
  facet normal 0 0 0
    outer loop
      vertex 16.176086005971577 10.808515114335519 3.0000000000000013
      vertex 13.280930843757202 13.2809308437572 4.5
      vertex 15.616722556592842 10.434760406627795 4.5
    endloop
  endfacet
  facet normal 0 0 0
    outer loop
      vertex 13.756630355021699 13.756630355021697 3.0000000000000013
      vertex 10.80851511433552 16.176086005971577 3.0000000000000013
      vertex 10.434760406627799 15.616722556592842 4.5
    endloop
  endfacet
  facet normal 0 0 0
    outer loop
      vertex 13.756630355021699 13.756630355021697 3.0000000000000013
      vertex 10.434760406627799 15.616722556592842 4.5
      vertex 13.280930843757202 13.2809308437572 4.5
    endloop
  endfacet
  facet normal 0 0 0
    outer loop
      vertex 10.80851511433552 16.176086005971577 3.0000000000000013
      vertex 7.445034699290538 17.97390374336551 3.0000000000000013
      vertex 7.187587978952741 17.352372379537528 4.5
    endloop
  endfacet
  facet normal 0 0 0
    outer loop
      vertex 10.80851511433552 16.176086005971577 3.0000000000000013
      vertex 7.187587978952741 17.352372379537528 4.5
      vertex 10.434760406627799 15.616722556592842 4.5
    endloop
  endfacet
  facet normal 0 0 0
    outer loop
      vertex 7.445034699290538 17.97390374336551 3.0000000000000013
      vertex 3.79544577597538 19.080994439783254 3.0000000000000013
      vertex 3.664200576092306 18.421180263259128 4.5
    endloop
  endfacet
  facet normal 0 0 0
    outer loop
      vertex 7.445034699290538 17.97390374336551 3.0000000000000013
      vertex 3.664200576092306 18.421180263259128 4.5
      vertex 7.187587978952741 17.352372379537528 4.5
    endloop
  endfacet
  facet normal 0 0 0
    outer loop
      vertex 3.79544577597538 19.080994439783254 3.0000000000000013
      vertex 1.1912637369324064e-15 19.45481322062509 3.0000000000000013
      vertex 1.1500702496596309e-15 18.782072520180588 4.5
    endloop
  endfacet
  facet normal 0 0 0
    outer loop
      vertex 3.79544577597538 19.080994439783254 3.0000000000000013
      vertex 1.1500702496596309e-15 18.782072520180588 4.5
      vertex 3.664200576092306 18.421180263259128 4.5
    endloop
  endfacet
  facet normal 0 0 0
    outer loop
      vertex 1.1912637369324064e-15 19.45481322062509 3.0000000000000013
      vertex -3.7954457759753772 19.080994439783254 3.0000000000000013
      vertex -3.6642005760923033 18.421180263259128 4.5
    endloop
  endfacet
  facet normal 0 0 0
    outer loop
      vertex 1.1912637369324064e-15 19.45481322062509 3.0000000000000013
      vertex -3.6642005760923033 18.421180263259128 4.5
      vertex 1.1500702496596309e-15 18.782072520180588 4.5
    endloop
  endfacet
  facet normal 0 0 0
    outer loop
      vertex -3.7954457759753772 19.080994439783254 3.0000000000000013
      vertex -7.445034699290535 17.97390374336551 3.0000000000000013
      vertex -7.187587978952738 17.352372379537528 4.5
    endloop
  endfacet
  facet normal 0 0 0
    outer loop
      vertex -3.7954457759753772 19.080994439783254 3.0000000000000013
      vertex -7.187587978952738 17.352372379537528 4.5
      vertex -3.6642005760923033 18.421180263259128 4.5
    endloop
  endfacet
  facet normal 0 0 0
    outer loop
      vertex -7.445034699290535 17.97390374336551 3.0000000000000013
      vertex -10.808515114335515 16.176086005971577 3.0000000000000013
      vertex -10.434760406627792 15.616722556592844 4.5
    endloop
  endfacet
  facet normal 0 0 0
    outer loop
      vertex -7.445034699290535 17.97390374336551 3.0000000000000013
      vertex -10.434760406627792 15.616722556592844 4.5
      vertex -7.187587978952738 17.352372379537528 4.5
    endloop
  endfacet
  facet normal 0 0 0
    outer loop
      vertex -10.808515114335515 16.176086005971577 3.0000000000000013
      vertex -13.756630355021697 13.756630355021699 3.0000000000000013
      vertex -13.2809308437572 13.280930843757202 4.5
    endloop
  endfacet
  facet normal 0 0 0
    outer loop
      vertex -10.808515114335515 16.176086005971577 3.0000000000000013
      vertex -13.2809308437572 13.280930843757202 4.5
      vertex -10.434760406627792 15.616722556592844 4.5
    endloop
  endfacet
  facet normal 0 0 0
    outer loop
      vertex -13.756630355021697 13.756630355021699 3.0000000000000013
      vertex -16.176086005971577 10.808515114335519 3.0000000000000013
      vertex -15.616722556592844 10.434760406627795 4.5
    endloop
  endfacet
  facet normal 0 0 0
    outer loop
      vertex -13.756630355021697 13.756630355021699 3.0000000000000013
      vertex -15.616722556592844 10.434760406627795 4.5
      vertex -13.2809308437572 13.280930843757202 4.5
    endloop
  endfacet
  facet normal 0 0 0
    outer loop
      vertex -16.176086005971577 10.808515114335519 3.0000000000000013
      vertex -17.97390374336551 7.445034699290539 3.0000000000000013
      vertex -17.352372379537528 7.187587978952742 4.5
    endloop
  endfacet
  facet normal 0 0 0
    outer loop
      vertex -16.176086005971577 10.808515114335519 3.0000000000000013
      vertex -17.352372379537528 7.187587978952742 4.5
      vertex -15.616722556592844 10.434760406627795 4.5
    endloop
  endfacet
  facet normal 0 0 0
    outer loop
      vertex -17.97390374336551 7.445034699290539 3.0000000000000013
      vertex -19.080994439783254 3.7954457759753852 3.0000000000000013
      vertex -18.421180263259128 3.664200576092311 4.5
    endloop
  endfacet
  facet normal 0 0 0
    outer loop
      vertex -17.97390374336551 7.445034699290539 3.0000000000000013
      vertex -18.421180263259128 3.664200576092311 4.5
      vertex -17.352372379537528 7.187587978952742 4.5
    endloop
  endfacet
  facet normal 0 0 0
    outer loop
      vertex -19.080994439783254 3.7954457759753852 3.0000000000000013
      vertex -19.45481322062509 2.3825274738648127e-15 3.0000000000000013
      vertex -18.782072520180588 2.3001404993192618e-15 4.5
    endloop
  endfacet
  facet normal 0 0 0
    outer loop
      vertex -19.080994439783254 3.7954457759753852 3.0000000000000013
      vertex -18.782072520180588 2.3001404993192618e-15 4.5
      vertex -18.421180263259128 3.664200576092311 4.5
    endloop
  endfacet
  facet normal 0 0 0
    outer loop
      vertex -19.45481322062509 2.3825274738648127e-15 3.0000000000000013
      vertex -19.080994439783254 -3.7954457759753804 3.0000000000000013
      vertex -18.421180263259128 -3.6642005760923064 4.5
    endloop
  endfacet
  facet normal 0 0 0
    outer loop
      vertex -19.45481322062509 2.3825274738648127e-15 3.0000000000000013
      vertex -18.421180263259128 -3.6642005760923064 4.5
      vertex -18.782072520180588 2.3001404993192618e-15 4.5
    endloop
  endfacet
  facet normal 0 0 0
    outer loop
      vertex -19.080994439783254 -3.7954457759753804 3.0000000000000013
      vertex -17.97390374336551 -7.445034699290534 3.0000000000000013
      vertex -17.352372379537528 -7.187587978952736 4.5
    endloop
  endfacet
  facet normal 0 0 0
    outer loop
      vertex -19.080994439783254 -3.7954457759753804 3.0000000000000013
      vertex -17.352372379537528 -7.187587978952736 4.5
      vertex -18.421180263259128 -3.6642005760923064 4.5
    endloop
  endfacet
  facet normal 0 0 0
    outer loop
      vertex -17.97390374336551 -7.445034699290534 3.0000000000000013
      vertex -16.17608600597158 -10.808515114335515 3.0000000000000013
      vertex -15.616722556592846 -10.434760406627792 4.5
    endloop
  endfacet
  facet normal 0 0 0
    outer loop
      vertex -17.97390374336551 -7.445034699290534 3.0000000000000013
      vertex -15.616722556592846 -10.434760406627792 4.5
      vertex -17.352372379537528 -7.187587978952736 4.5
    endloop
  endfacet
  facet normal 0 0 0
    outer loop
      vertex -16.17608600597158 -10.808515114335515 3.0000000000000013
      vertex -13.756630355021702 -13.756630355021697 3.0000000000000013
      vertex -13.280930843757204 -13.2809308437572 4.5
    endloop
  endfacet
  facet normal 0 0 0
    outer loop
      vertex -16.17608600597158 -10.808515114335515 3.0000000000000013
      vertex -13.280930843757204 -13.2809308437572 4.5
      vertex -15.616722556592846 -10.434760406627792 4.5
    endloop
  endfacet
  facet normal 0 0 0
    outer loop
      vertex -13.756630355021702 -13.756630355021697 3.0000000000000013
      vertex -10.808515114335519 -16.176086005971577 3.0000000000000013
      vertex -10.434760406627795 -15.616722556592842 4.5
    endloop
  endfacet
  facet normal 0 0 0
    outer loop
      vertex -13.756630355021702 -13.756630355021697 3.0000000000000013
      vertex -10.434760406627795 -15.616722556592842 4.5
      vertex -13.280930843757204 -13.2809308437572 4.5
    endloop
  endfacet
  facet normal 0 0 0
    outer loop
      vertex -10.808515114335519 -16.176086005971577 3.0000000000000013
      vertex -7.445034699290548 -17.973903743365504 3.0000000000000013
      vertex -7.18758797895275 -17.352372379537524 4.5
    endloop
  endfacet
  facet normal 0 0 0
    outer loop
      vertex -10.808515114335519 -16.176086005971577 3.0000000000000013
      vertex -7.18758797895275 -17.352372379537524 4.5
      vertex -10.434760406627795 -15.616722556592842 4.5
    endloop
  endfacet
  facet normal 0 0 0
    outer loop
      vertex -7.445034699290548 -17.973903743365504 3.0000000000000013
      vertex -3.795445775975386 -19.080994439783254 3.0000000000000013
      vertex -3.664200576092312 -18.421180263259124 4.5
    endloop
  endfacet
  facet normal 0 0 0
    outer loop
      vertex -7.445034699290548 -17.973903743365504 3.0000000000000013
      vertex -3.664200576092312 -18.421180263259124 4.5
      vertex -7.18758797895275 -17.352372379537524 4.5
    endloop
  endfacet
  facet normal 0 0 0
    outer loop
      vertex -3.795445775975386 -19.080994439783254 3.0000000000000013
      vertex -3.573791210797219e-15 -19.45481322062509 3.0000000000000013
      vertex -3.4502107489788925e-15 -18.782072520180588 4.5
    endloop
  endfacet
  facet normal 0 0 0
    outer loop
      vertex -3.795445775975386 -19.080994439783254 3.0000000000000013
      vertex -3.4502107489788925e-15 -18.782072520180588 4.5
      vertex -3.664200576092312 -18.421180263259124 4.5
    endloop
  endfacet
  facet normal 0 0 0
    outer loop
      vertex -3.573791210797219e-15 -19.45481322062509 3.0000000000000013
      vertex 3.795445775975379 -19.080994439783254 3.0000000000000013
      vertex 3.6642005760923055 -18.421180263259128 4.5
    endloop
  endfacet
  facet normal 0 0 0
    outer loop
      vertex -3.573791210797219e-15 -19.45481322062509 3.0000000000000013
      vertex 3.6642005760923055 -18.421180263259128 4.5
      vertex -3.4502107489788925e-15 -18.782072520180588 4.5
    endloop
  endfacet
  facet normal 0 0 0
    outer loop
      vertex 3.795445775975379 -19.080994439783254 3.0000000000000013
      vertex 7.445034699290541 -17.973903743365508 3.0000000000000013
      vertex 7.1875879789527435 -17.352372379537524 4.5
    endloop
  endfacet
  facet normal 0 0 0
    outer loop
      vertex 3.795445775975379 -19.080994439783254 3.0000000000000013
      vertex 7.1875879789527435 -17.352372379537524 4.5
      vertex 3.6642005760923055 -18.421180263259128 4.5
    endloop
  endfacet
  facet normal 0 0 0
    outer loop
      vertex 7.445034699290541 -17.973903743365508 3.0000000000000013
      vertex 10.808515114335513 -16.17608600597158 3.0000000000000013
      vertex 10.43476040662779 -15.616722556592846 4.5
    endloop
  endfacet
  facet normal 0 0 0
    outer loop
      vertex 7.445034699290541 -17.973903743365508 3.0000000000000013
      vertex 10.43476040662779 -15.616722556592846 4.5
      vertex 7.1875879789527435 -17.352372379537524 4.5
    endloop
  endfacet
  facet normal 0 0 0
    outer loop
      vertex 10.808515114335513 -16.17608600597158 3.0000000000000013
      vertex 13.756630355021695 -13.756630355021702 3.0000000000000013
      vertex 13.280930843757199 -13.280930843757204 4.5
    endloop
  endfacet
  facet normal 0 0 0
    outer loop
      vertex 10.808515114335513 -16.17608600597158 3.0000000000000013
      vertex 13.280930843757199 -13.280930843757204 4.5
      vertex 10.43476040662779 -15.616722556592846 4.5
    endloop
  endfacet
  facet normal 0 0 0
    outer loop
      vertex 13.756630355021695 -13.756630355021702 3.0000000000000013
      vertex 16.176086005971577 -10.808515114335519 3.0000000000000013
      vertex 15.616722556592842 -10.434760406627795 4.5
    endloop
  endfacet
  facet normal 0 0 0
    outer loop
      vertex 13.756630355021695 -13.756630355021702 3.0000000000000013
      vertex 15.616722556592842 -10.434760406627795 4.5
      vertex 13.280930843757199 -13.280930843757204 4.5
    endloop
  endfacet
  facet normal 0 0 0
    outer loop
      vertex 16.176086005971577 -10.808515114335519 3.0000000000000013
      vertex 17.973903743365504 -7.445034699290549 3.0000000000000013
      vertex 17.352372379537524 -7.187587978952751 4.5
    endloop
  endfacet
  facet normal 0 0 0
    outer loop
      vertex 16.176086005971577 -10.808515114335519 3.0000000000000013
      vertex 17.352372379537524 -7.187587978952751 4.5
      vertex 15.616722556592842 -10.434760406627795 4.5
    endloop
  endfacet
  facet normal 0 0 0
    outer loop
      vertex 17.973903743365504 -7.445034699290549 3.0000000000000013
      vertex 19.080994439783254 -3.7954457759753875 3.0000000000000013
      vertex 18.421180263259124 -3.664200576092313 4.5
    endloop
  endfacet
  facet normal 0 0 0
    outer loop
      vertex 17.973903743365504 -7.445034699290549 3.0000000000000013
      vertex 18.421180263259124 -3.664200576092313 4.5
      vertex 17.352372379537524 -7.187587978952751 4.5
    endloop
  endfacet
  facet normal 0 0 0
    outer loop
      vertex 19.080994439783254 -3.7954457759753875 3.0000000000000013
      vertex 19.45481322062509 0 3.0000000000000013
      vertex 18.782072520180588 0 4.5
    endloop
  endfacet
  facet normal 0 0 0
    outer loop
      vertex 19.080994439783254 -3.7954457759753875 3.0000000000000013
      vertex 18.782072520180588 0 4.5
      vertex 18.421180263259124 -3.664200576092313 4.5
    endloop
  endfacet
  facet normal 0 0 0
    outer loop
      vertex 18.782072520180588 0 4.5
      vertex 18.421180263259128 3.664200576092304 4.5
      vertex 17.513300617405587 3.4836120864397717 5.999999999999998
    endloop
  endfacet
  facet normal 0 0 0
    outer loop
      vertex 18.782072520180588 0 4.5
      vertex 17.513300617405587 3.4836120864397717 5.999999999999998
      vertex 17.85640646055102 0 5.999999999999998
    endloop
  endfacet
  facet normal 0 0 0
    outer loop
      vertex 18.421180263259128 3.664200576092304 4.5
      vertex 17.352372379537528 7.187587978952739 4.5
      vertex 16.4971684531054 6.833350914029829 5.999999999999998
    endloop
  endfacet
  facet normal 0 0 0
    outer loop
      vertex 18.421180263259128 3.664200576092304 4.5
      vertex 16.4971684531054 6.833350914029829 5.999999999999998
      vertex 17.513300617405587 3.4836120864397717 5.999999999999998
    endloop
  endfacet
  facet normal 0 0 0
    outer loop
      vertex 17.352372379537528 7.187587978952739 4.5
      vertex 15.616722556592842 10.434760406627795 4.5
      vertex 14.847059356871021 9.92048789818106 5.999999999999998
    endloop
  endfacet
  facet normal 0 0 0
    outer loop
      vertex 17.352372379537528 7.187587978952739 4.5
      vertex 14.847059356871021 9.92048789818106 5.999999999999998
      vertex 16.4971684531054 6.833350914029829 5.999999999999998
    endloop
  endfacet
  facet normal 0 0 0
    outer loop
      vertex 15.616722556592842 10.434760406627795 4.5
      vertex 13.280930843757202 13.2809308437572 4.5
      vertex 12.626386095878905 12.626386095878903 5.999999999999998
    endloop
  endfacet
  facet normal 0 0 0
    outer loop
      vertex 15.616722556592842 10.434760406627795 4.5
      vertex 12.626386095878905 12.626386095878903 5.999999999999998
      vertex 14.847059356871021 9.92048789818106 5.999999999999998
    endloop
  endfacet
  facet normal 0 0 0
    outer loop
      vertex 13.280930843757202 13.2809308437572 4.5
      vertex 10.434760406627799 15.616722556592842 4.5
      vertex 9.920487898181063 14.847059356871021 5.999999999999998
    endloop
  endfacet
  facet normal 0 0 0
    outer loop
      vertex 13.280930843757202 13.2809308437572 4.5
      vertex 9.920487898181063 14.847059356871021 5.999999999999998
      vertex 12.626386095878905 12.626386095878903 5.999999999999998
    endloop
  endfacet
  facet normal 0 0 0
    outer loop
      vertex 10.434760406627799 15.616722556592842 4.5
      vertex 7.187587978952741 17.352372379537528 4.5
      vertex 6.83335091402983 16.4971684531054 5.999999999999998
    endloop
  endfacet
  facet normal 0 0 0
    outer loop
      vertex 10.434760406627799 15.616722556592842 4.5
      vertex 6.83335091402983 16.4971684531054 5.999999999999998
      vertex 9.920487898181063 14.847059356871021 5.999999999999998
    endloop
  endfacet
  facet normal 0 0 0
    outer loop
      vertex 7.187587978952741 17.352372379537528 4.5
      vertex 3.664200576092306 18.421180263259128 4.5
      vertex 3.483612086439773 17.513300617405587 5.999999999999998
    endloop
  endfacet
  facet normal 0 0 0
    outer loop
      vertex 7.187587978952741 17.352372379537528 4.5
      vertex 3.483612086439773 17.513300617405587 5.999999999999998
      vertex 6.83335091402983 16.4971684531054 5.999999999999998
    endloop
  endfacet
  facet normal 0 0 0
    outer loop
      vertex 3.664200576092306 18.421180263259128 4.5
      vertex 1.1500702496596309e-15 18.782072520180588 4.5
      vertex 1.0933895508093964e-15 17.85640646055102 5.999999999999998
    endloop
  endfacet
  facet normal 0 0 0
    outer loop
      vertex 3.664200576092306 18.421180263259128 4.5
      vertex 1.0933895508093964e-15 17.85640646055102 5.999999999999998
      vertex 3.483612086439773 17.513300617405587 5.999999999999998
    endloop
  endfacet
  facet normal 0 0 0
    outer loop
      vertex 1.1500702496596309e-15 18.782072520180588 4.5
      vertex -3.6642005760923033 18.421180263259128 4.5
      vertex -3.4836120864397704 17.513300617405587 5.999999999999998
    endloop
  endfacet
  facet normal 0 0 0
    outer loop
      vertex 1.1500702496596309e-15 18.782072520180588 4.5
      vertex -3.4836120864397704 17.513300617405587 5.999999999999998
      vertex 1.0933895508093964e-15 17.85640646055102 5.999999999999998
    endloop
  endfacet
  facet normal 0 0 0
    outer loop
      vertex -3.6642005760923033 18.421180263259128 4.5
      vertex -7.187587978952738 17.352372379537528 4.5
      vertex -6.833350914029828 16.4971684531054 5.999999999999998
    endloop
  endfacet
  facet normal 0 0 0
    outer loop
      vertex -3.6642005760923033 18.421180263259128 4.5
      vertex -6.833350914029828 16.4971684531054 5.999999999999998
      vertex -3.4836120864397704 17.513300617405587 5.999999999999998
    endloop
  endfacet
  facet normal 0 0 0
    outer loop
      vertex -7.187587978952738 17.352372379537528 4.5
      vertex -10.434760406627792 15.616722556592844 4.5
      vertex -9.920487898181056 14.847059356871023 5.999999999999998
    endloop
  endfacet
  facet normal 0 0 0
    outer loop
      vertex -7.187587978952738 17.352372379537528 4.5
      vertex -9.920487898181056 14.847059356871023 5.999999999999998
      vertex -6.833350914029828 16.4971684531054 5.999999999999998
    endloop
  endfacet
  facet normal 0 0 0
    outer loop
      vertex -10.434760406627792 15.616722556592844 4.5
      vertex -13.2809308437572 13.280930843757202 4.5
      vertex -12.626386095878903 12.626386095878905 5.999999999999998
    endloop
  endfacet
  facet normal 0 0 0
    outer loop
      vertex -10.434760406627792 15.616722556592844 4.5
      vertex -12.626386095878903 12.626386095878905 5.999999999999998
      vertex -9.920487898181056 14.847059356871023 5.999999999999998
    endloop
  endfacet
  facet normal 0 0 0
    outer loop
      vertex -13.2809308437572 13.280930843757202 4.5
      vertex -15.616722556592844 10.434760406627795 4.5
      vertex -14.847059356871023 9.92048789818106 5.999999999999998
    endloop
  endfacet
  facet normal 0 0 0
    outer loop
      vertex -13.2809308437572 13.280930843757202 4.5
      vertex -14.847059356871023 9.92048789818106 5.999999999999998
      vertex -12.626386095878903 12.626386095878905 5.999999999999998
    endloop
  endfacet
  facet normal 0 0 0
    outer loop
      vertex -15.616722556592844 10.434760406627795 4.5
      vertex -17.352372379537528 7.187587978952742 4.5
      vertex -16.4971684531054 6.833350914029831 5.999999999999998
    endloop
  endfacet
  facet normal 0 0 0
    outer loop
      vertex -15.616722556592844 10.434760406627795 4.5
      vertex -16.4971684531054 6.833350914029831 5.999999999999998
      vertex -14.847059356871023 9.92048789818106 5.999999999999998
    endloop
  endfacet
  facet normal 0 0 0
    outer loop
      vertex -17.352372379537528 7.187587978952742 4.5
      vertex -18.421180263259128 3.664200576092311 4.5
      vertex -17.513300617405587 3.483612086439778 5.999999999999998
    endloop
  endfacet
  facet normal 0 0 0
    outer loop
      vertex -17.352372379537528 7.187587978952742 4.5
      vertex -17.513300617405587 3.483612086439778 5.999999999999998
      vertex -16.4971684531054 6.833350914029831 5.999999999999998
    endloop
  endfacet
  facet normal 0 0 0
    outer loop
      vertex -18.421180263259128 3.664200576092311 4.5
      vertex -18.782072520180588 2.3001404993192618e-15 4.5
      vertex -17.85640646055102 2.186779101618793e-15 5.999999999999998
    endloop
  endfacet
  facet normal 0 0 0
    outer loop
      vertex -18.421180263259128 3.664200576092311 4.5
      vertex -17.85640646055102 2.186779101618793e-15 5.999999999999998
      vertex -17.513300617405587 3.483612086439778 5.999999999999998
    endloop
  endfacet
  facet normal 0 0 0
    outer loop
      vertex -18.782072520180588 2.3001404993192618e-15 4.5
      vertex -18.421180263259128 -3.6642005760923064 4.5
      vertex -17.513300617405587 -3.4836120864397735 5.999999999999998
    endloop
  endfacet
  facet normal 0 0 0
    outer loop
      vertex -18.782072520180588 2.3001404993192618e-15 4.5
      vertex -17.513300617405587 -3.4836120864397735 5.999999999999998
      vertex -17.85640646055102 2.186779101618793e-15 5.999999999999998
    endloop
  endfacet
  facet normal 0 0 0
    outer loop
      vertex -18.421180263259128 -3.6642005760923064 4.5
      vertex -17.352372379537528 -7.187587978952736 4.5
      vertex -16.4971684531054 -6.833350914029826 5.999999999999998
    endloop
  endfacet
  facet normal 0 0 0
    outer loop
      vertex -18.421180263259128 -3.6642005760923064 4.5
      vertex -16.4971684531054 -6.833350914029826 5.999999999999998
      vertex -17.513300617405587 -3.4836120864397735 5.999999999999998
    endloop
  endfacet
  facet normal 0 0 0
    outer loop
      vertex -17.352372379537528 -7.187587978952736 4.5
      vertex -15.616722556592846 -10.434760406627792 4.5
      vertex -14.847059356871025 -9.920487898181056 5.999999999999998
    endloop
  endfacet
  facet normal 0 0 0
    outer loop
      vertex -17.352372379537528 -7.187587978952736 4.5
      vertex -14.847059356871025 -9.920487898181056 5.999999999999998
      vertex -16.4971684531054 -6.833350914029826 5.999999999999998
    endloop
  endfacet
  facet normal 0 0 0
    outer loop
      vertex -15.616722556592846 -10.434760406627792 4.5
      vertex -13.280930843757204 -13.2809308437572 4.5
      vertex -12.626386095878907 -12.626386095878903 5.999999999999998
    endloop
  endfacet
  facet normal 0 0 0
    outer loop
      vertex -15.616722556592846 -10.434760406627792 4.5
      vertex -12.626386095878907 -12.626386095878903 5.999999999999998
      vertex -14.847059356871025 -9.920487898181056 5.999999999999998
    endloop
  endfacet
  facet normal 0 0 0
    outer loop
      vertex -13.280930843757204 -13.2809308437572 4.5
      vertex -10.434760406627795 -15.616722556592842 4.5
      vertex -9.92048789818106 -14.847059356871021 5.999999999999998
    endloop
  endfacet
  facet normal 0 0 0
    outer loop
      vertex -13.280930843757204 -13.2809308437572 4.5
      vertex -9.92048789818106 -14.847059356871021 5.999999999999998
      vertex -12.626386095878907 -12.626386095878903 5.999999999999998
    endloop
  endfacet
  facet normal 0 0 0
    outer loop
      vertex -10.434760406627795 -15.616722556592842 4.5
      vertex -7.18758797895275 -17.352372379537524 4.5
      vertex -6.833350914029839 -16.497168453105395 5.999999999999998
    endloop
  endfacet
  facet normal 0 0 0
    outer loop
      vertex -10.434760406627795 -15.616722556592842 4.5
      vertex -6.833350914029839 -16.497168453105395 5.999999999999998
      vertex -9.92048789818106 -14.847059356871021 5.999999999999998
    endloop
  endfacet
  facet normal 0 0 0
    outer loop
      vertex -7.18758797895275 -17.352372379537524 4.5
      vertex -3.664200576092312 -18.421180263259124 4.5
      vertex -3.483612086439779 -17.513300617405587 5.999999999999998
    endloop
  endfacet
  facet normal 0 0 0
    outer loop
      vertex -7.18758797895275 -17.352372379537524 4.5
      vertex -3.483612086439779 -17.513300617405587 5.999999999999998
      vertex -6.833350914029839 -16.497168453105395 5.999999999999998
    endloop
  endfacet
  facet normal 0 0 0
    outer loop
      vertex -3.664200576092312 -18.421180263259124 4.5
      vertex -3.4502107489788925e-15 -18.782072520180588 4.5
      vertex -3.280168652428189e-15 -17.85640646055102 5.999999999999998
    endloop
  endfacet
  facet normal 0 0 0
    outer loop
      vertex -3.664200576092312 -18.421180263259124 4.5
      vertex -3.280168652428189e-15 -17.85640646055102 5.999999999999998
      vertex -3.483612086439779 -17.513300617405587 5.999999999999998
    endloop
  endfacet
  facet normal 0 0 0
    outer loop
      vertex -3.4502107489788925e-15 -18.782072520180588 4.5
      vertex 3.6642005760923055 -18.421180263259128 4.5
      vertex 3.4836120864397726 -17.513300617405587 5.999999999999998
    endloop
  endfacet
  facet normal 0 0 0
    outer loop
      vertex -3.4502107489788925e-15 -18.782072520180588 4.5
      vertex 3.4836120864397726 -17.513300617405587 5.999999999999998
      vertex -3.280168652428189e-15 -17.85640646055102 5.999999999999998
    endloop
  endfacet
  facet normal 0 0 0
    outer loop
      vertex 3.6642005760923055 -18.421180263259128 4.5
      vertex 7.1875879789527435 -17.352372379537524 4.5
      vertex 6.8333509140298325 -16.497168453105395 5.999999999999998
    endloop
  endfacet
  facet normal 0 0 0
    outer loop
      vertex 3.6642005760923055 -18.421180263259128 4.5
      vertex 6.8333509140298325 -16.497168453105395 5.999999999999998
      vertex 3.4836120864397726 -17.513300617405587 5.999999999999998
    endloop
  endfacet
  facet normal 0 0 0
    outer loop
      vertex 7.1875879789527435 -17.352372379537524 4.5
      vertex 10.43476040662779 -15.616722556592846 4.5
      vertex 9.920487898181054 -14.847059356871025 5.999999999999998
    endloop
  endfacet
  facet normal 0 0 0
    outer loop
      vertex 7.1875879789527435 -17.352372379537524 4.5
      vertex 9.920487898181054 -14.847059356871025 5.999999999999998
      vertex 6.8333509140298325 -16.497168453105395 5.999999999999998
    endloop
  endfacet
  facet normal 0 0 0
    outer loop
      vertex 10.43476040662779 -15.616722556592846 4.5
      vertex 13.280930843757199 -13.280930843757204 4.5
      vertex 12.626386095878901 -12.626386095878907 5.999999999999998
    endloop
  endfacet
  facet normal 0 0 0
    outer loop
      vertex 10.43476040662779 -15.616722556592846 4.5
      vertex 12.626386095878901 -12.626386095878907 5.999999999999998
      vertex 9.920487898181054 -14.847059356871025 5.999999999999998
    endloop
  endfacet
  facet normal 0 0 0
    outer loop
      vertex 13.280930843757199 -13.280930843757204 4.5
      vertex 15.616722556592842 -10.434760406627795 4.5
      vertex 14.847059356871021 -9.92048789818106 5.999999999999998
    endloop
  endfacet
  facet normal 0 0 0
    outer loop
      vertex 13.280930843757199 -13.280930843757204 4.5
      vertex 14.847059356871021 -9.92048789818106 5.999999999999998
      vertex 12.626386095878901 -12.626386095878907 5.999999999999998
    endloop
  endfacet
  facet normal 0 0 0
    outer loop
      vertex 15.616722556592842 -10.434760406627795 4.5
      vertex 17.352372379537524 -7.187587978952751 4.5
      vertex 16.497168453105395 -6.83335091402984 5.999999999999998
    endloop
  endfacet
  facet normal 0 0 0
    outer loop
      vertex 15.616722556592842 -10.434760406627795 4.5
      vertex 16.497168453105395 -6.83335091402984 5.999999999999998
      vertex 14.847059356871021 -9.92048789818106 5.999999999999998
    endloop
  endfacet
  facet normal 0 0 0
    outer loop
      vertex 17.352372379537524 -7.187587978952751 4.5
      vertex 18.421180263259124 -3.664200576092313 4.5
      vertex 17.513300617405587 -3.48361208643978 5.999999999999998
    endloop
  endfacet
  facet normal 0 0 0
    outer loop
      vertex 17.352372379537524 -7.187587978952751 4.5
      vertex 17.513300617405587 -3.48361208643978 5.999999999999998
      vertex 16.497168453105395 -6.83335091402984 5.999999999999998
    endloop
  endfacet
  facet normal 0 0 0
    outer loop
      vertex 18.421180263259124 -3.664200576092313 4.5
      vertex 18.782072520180588 0 4.5
      vertex 17.85640646055102 0 5.999999999999998
    endloop
  endfacet
  facet normal 0 0 0
    outer loop
      vertex 18.421180263259124 -3.664200576092313 4.5
      vertex 17.85640646055102 0 5.999999999999998
      vertex 17.513300617405587 -3.48361208643978 5.999999999999998
    endloop
  endfacet
  facet normal 0 0 0
    outer loop
      vertex 17.85640646055102 0 5.999999999999998
      vertex 17.513300617405587 3.4836120864397717 5.999999999999998
      vertex 16.37288957467498 3.256770226144322 7.500000000000002
    endloop
  endfacet
  facet normal 0 0 0
    outer loop
      vertex 17.85640646055102 0 5.999999999999998
      vertex 16.37288957467498 3.256770226144322 7.500000000000002
      vertex 16.693653444659763 0 7.500000000000002
    endloop
  endfacet
  facet normal 0 0 0
    outer loop
      vertex 17.513300617405587 3.4836120864397717 5.999999999999998
      vertex 16.4971684531054 6.833350914029829 5.999999999999998
      vertex 15.422924740357693 6.388384598915702 7.500000000000002
    endloop
  endfacet
  facet normal 0 0 0
    outer loop
      vertex 17.513300617405587 3.4836120864397717 5.999999999999998
      vertex 15.422924740357693 6.388384598915702 7.500000000000002
      vertex 16.37288957467498 3.256770226144322 7.500000000000002
    endloop
  endfacet
  facet normal 0 0 0
    outer loop
      vertex 16.4971684531054 6.833350914029829 5.999999999999998
      vertex 14.847059356871021 9.92048789818106 5.999999999999998
      vertex 13.880265557544302 9.274496934198108 7.500000000000002
    endloop
  endfacet
  facet normal 0 0 0
    outer loop
      vertex 16.4971684531054 6.833350914029829 5.999999999999998
      vertex 13.880265557544302 9.274496934198108 7.500000000000002
      vertex 15.422924740357693 6.388384598915702 7.500000000000002
    endloop
  endfacet
  facet normal 0 0 0
    outer loop
      vertex 14.847059356871021 9.92048789818106 5.999999999999998
      vertex 12.626386095878905 12.626386095878903 5.999999999999998
      vertex 11.804195553497086 11.804195553497085 7.500000000000002
    endloop
  endfacet
  facet normal 0 0 0
    outer loop
      vertex 14.847059356871021 9.92048789818106 5.999999999999998
      vertex 11.804195553497086 11.804195553497085 7.500000000000002
      vertex 13.880265557544302 9.274496934198108 7.500000000000002
    endloop
  endfacet
  facet normal 0 0 0
    outer loop
      vertex 12.626386095878905 12.626386095878903 5.999999999999998
      vertex 9.920487898181063 14.847059356871021 5.999999999999998
      vertex 9.27449693419811 13.880265557544302 7.500000000000002
    endloop
  endfacet
  facet normal 0 0 0
    outer loop
      vertex 12.626386095878905 12.626386095878903 5.999999999999998
      vertex 9.27449693419811 13.880265557544302 7.500000000000002
      vertex 11.804195553497086 11.804195553497085 7.500000000000002
    endloop
  endfacet
  facet normal 0 0 0
    outer loop
      vertex 9.920487898181063 14.847059356871021 5.999999999999998
      vertex 6.83335091402983 16.4971684531054 5.999999999999998
      vertex 6.388384598915703 15.422924740357693 7.500000000000002
    endloop
  endfacet
  facet normal 0 0 0
    outer loop
      vertex 9.920487898181063 14.847059356871021 5.999999999999998
      vertex 6.388384598915703 15.422924740357693 7.500000000000002
      vertex 9.27449693419811 13.880265557544302 7.500000000000002
    endloop
  endfacet
  facet normal 0 0 0
    outer loop
      vertex 6.83335091402983 16.4971684531054 5.999999999999998
      vertex 3.483612086439773 17.513300617405587 5.999999999999998
      vertex 3.256770226144323 16.37288957467498 7.500000000000002
    endloop
  endfacet
  facet normal 0 0 0
    outer loop
      vertex 6.83335091402983 16.4971684531054 5.999999999999998
      vertex 3.256770226144323 16.37288957467498 7.500000000000002
      vertex 6.388384598915703 15.422924740357693 7.500000000000002
    endloop
  endfacet
  facet normal 0 0 0
    outer loop
      vertex 3.483612086439773 17.513300617405587 5.999999999999998
      vertex 1.0933895508093964e-15 17.85640646055102 5.999999999999998
      vertex 1.0221914628538882e-15 16.693653444659763 7.500000000000002
    endloop
  endfacet
  facet normal 0 0 0
    outer loop
      vertex 3.483612086439773 17.513300617405587 5.999999999999998
      vertex 1.0221914628538882e-15 16.693653444659763 7.500000000000002
      vertex 3.256770226144323 16.37288957467498 7.500000000000002
    endloop
  endfacet
  facet normal 0 0 0
    outer loop
      vertex 1.0933895508093964e-15 17.85640646055102 5.999999999999998
      vertex -3.4836120864397704 17.513300617405587 5.999999999999998
      vertex -3.2567702261443205 16.37288957467498 7.500000000000002
    endloop
  endfacet
  facet normal 0 0 0
    outer loop
      vertex 1.0933895508093964e-15 17.85640646055102 5.999999999999998
      vertex -3.2567702261443205 16.37288957467498 7.500000000000002
      vertex 1.0221914628538882e-15 16.693653444659763 7.500000000000002
    endloop
  endfacet
  facet normal 0 0 0
    outer loop
      vertex -3.4836120864397704 17.513300617405587 5.999999999999998
      vertex -6.833350914029828 16.4971684531054 5.999999999999998
      vertex -6.388384598915701 15.422924740357693 7.500000000000002
    endloop
  endfacet
  facet normal 0 0 0
    outer loop
      vertex -3.4836120864397704 17.513300617405587 5.999999999999998
      vertex -6.388384598915701 15.422924740357693 7.500000000000002
      vertex -3.2567702261443205 16.37288957467498 7.500000000000002
    endloop
  endfacet
  facet normal 0 0 0
    outer loop
      vertex -6.833350914029828 16.4971684531054 5.999999999999998
      vertex -9.920487898181056 14.847059356871023 5.999999999999998
      vertex -9.274496934198105 13.880265557544304 7.500000000000002
    endloop
  endfacet
  facet normal 0 0 0
    outer loop
      vertex -6.833350914029828 16.4971684531054 5.999999999999998
      vertex -9.274496934198105 13.880265557544304 7.500000000000002
      vertex -6.388384598915701 15.422924740357693 7.500000000000002
    endloop
  endfacet
  facet normal 0 0 0
    outer loop
      vertex -9.920487898181056 14.847059356871023 5.999999999999998
      vertex -12.626386095878903 12.626386095878905 5.999999999999998
      vertex -11.804195553497085 11.804195553497086 7.500000000000002
    endloop
  endfacet
  facet normal 0 0 0
    outer loop
      vertex -9.920487898181056 14.847059356871023 5.999999999999998
      vertex -11.804195553497085 11.804195553497086 7.500000000000002
      vertex -9.274496934198105 13.880265557544304 7.500000000000002
    endloop
  endfacet
  facet normal 0 0 0
    outer loop
      vertex -12.626386095878903 12.626386095878905 5.999999999999998
      vertex -14.847059356871023 9.92048789818106 5.999999999999998
      vertex -13.880265557544304 9.274496934198108 7.500000000000002
    endloop
  endfacet
  facet normal 0 0 0
    outer loop
      vertex -12.626386095878903 12.626386095878905 5.999999999999998
      vertex -13.880265557544304 9.274496934198108 7.500000000000002
      vertex -11.804195553497085 11.804195553497086 7.500000000000002
    endloop
  endfacet
  facet normal 0 0 0
    outer loop
      vertex -14.847059356871023 9.92048789818106 5.999999999999998
      vertex -16.4971684531054 6.833350914029831 5.999999999999998
      vertex -15.422924740357693 6.388384598915704 7.500000000000002
    endloop
  endfacet
  facet normal 0 0 0
    outer loop
      vertex -14.847059356871023 9.92048789818106 5.999999999999998
      vertex -15.422924740357693 6.388384598915704 7.500000000000002
      vertex -13.880265557544304 9.274496934198108 7.500000000000002
    endloop
  endfacet
  facet normal 0 0 0
    outer loop
      vertex -16.4971684531054 6.833350914029831 5.999999999999998
      vertex -17.513300617405587 3.483612086439778 5.999999999999998
      vertex -16.37288957467498 3.2567702261443277 7.500000000000002
    endloop
  endfacet
  facet normal 0 0 0
    outer loop
      vertex -16.4971684531054 6.833350914029831 5.999999999999998
      vertex -16.37288957467498 3.2567702261443277 7.500000000000002
      vertex -15.422924740357693 6.388384598915704 7.500000000000002
    endloop
  endfacet
  facet normal 0 0 0
    outer loop
      vertex -17.513300617405587 3.483612086439778 5.999999999999998
      vertex -17.85640646055102 2.186779101618793e-15 5.999999999999998
      vertex -16.693653444659763 2.0443829257077764e-15 7.500000000000002
    endloop
  endfacet
  facet normal 0 0 0
    outer loop
      vertex -17.513300617405587 3.483612086439778 5.999999999999998
      vertex -16.693653444659763 2.0443829257077764e-15 7.500000000000002
      vertex -16.37288957467498 3.2567702261443277 7.500000000000002
    endloop
  endfacet
  facet normal 0 0 0
    outer loop
      vertex -17.85640646055102 2.186779101618793e-15 5.999999999999998
      vertex -17.513300617405587 -3.4836120864397735 5.999999999999998
      vertex -16.37288957467498 -3.2567702261443237 7.500000000000002
    endloop
  endfacet
  facet normal 0 0 0
    outer loop
      vertex -17.85640646055102 2.186779101618793e-15 5.999999999999998
      vertex -16.37288957467498 -3.2567702261443237 7.500000000000002
      vertex -16.693653444659763 2.0443829257077764e-15 7.500000000000002
    endloop
  endfacet
  facet normal 0 0 0
    outer loop
      vertex -17.513300617405587 -3.4836120864397735 5.999999999999998
      vertex -16.4971684531054 -6.833350914029826 5.999999999999998
      vertex -15.422924740357695 -6.3883845989156995 7.500000000000002
    endloop
  endfacet
  facet normal 0 0 0
    outer loop
      vertex -17.513300617405587 -3.4836120864397735 5.999999999999998
      vertex -15.422924740357695 -6.3883845989156995 7.500000000000002
      vertex -16.37288957467498 -3.2567702261443237 7.500000000000002
    endloop
  endfacet
  facet normal 0 0 0
    outer loop
      vertex -16.4971684531054 -6.833350914029826 5.999999999999998
      vertex -14.847059356871025 -9.920487898181056 5.999999999999998
      vertex -13.880265557544305 -9.274496934198105 7.500000000000002
    endloop
  endfacet
  facet normal 0 0 0
    outer loop
      vertex -16.4971684531054 -6.833350914029826 5.999999999999998
      vertex -13.880265557544305 -9.274496934198105 7.500000000000002
      vertex -15.422924740357695 -6.3883845989156995 7.500000000000002
    endloop
  endfacet
  facet normal 0 0 0
    outer loop
      vertex -14.847059356871025 -9.920487898181056 5.999999999999998
      vertex -12.626386095878907 -12.626386095878903 5.999999999999998
      vertex -11.804195553497088 -11.804195553497085 7.500000000000002
    endloop
  endfacet
  facet normal 0 0 0
    outer loop
      vertex -14.847059356871025 -9.920487898181056 5.999999999999998
      vertex -11.804195553497088 -11.804195553497085 7.500000000000002
      vertex -13.880265557544305 -9.274496934198105 7.500000000000002
    endloop
  endfacet
  facet normal 0 0 0
    outer loop
      vertex -12.626386095878907 -12.626386095878903 5.999999999999998
      vertex -9.92048789818106 -14.847059356871021 5.999999999999998
      vertex -9.274496934198108 -13.880265557544302 7.500000000000002
    endloop
  endfacet
  facet normal 0 0 0
    outer loop
      vertex -12.626386095878907 -12.626386095878903 5.999999999999998
      vertex -9.274496934198108 -13.880265557544302 7.500000000000002
      vertex -11.804195553497088 -11.804195553497085 7.500000000000002
    endloop
  endfacet
  facet normal 0 0 0
    outer loop
      vertex -9.92048789818106 -14.847059356871021 5.999999999999998
      vertex -6.833350914029839 -16.497168453105395 5.999999999999998
      vertex -6.388384598915712 -15.42292474035769 7.500000000000002
    endloop
  endfacet
  facet normal 0 0 0
    outer loop
      vertex -9.92048789818106 -14.847059356871021 5.999999999999998
      vertex -6.388384598915712 -15.42292474035769 7.500000000000002
      vertex -9.274496934198108 -13.880265557544302 7.500000000000002
    endloop
  endfacet
  facet normal 0 0 0
    outer loop
      vertex -6.833350914029839 -16.497168453105395 5.999999999999998
      vertex -3.483612086439779 -17.513300617405587 5.999999999999998
      vertex -3.2567702261443285 -16.37288957467498 7.500000000000002
    endloop
  endfacet
  facet normal 0 0 0
    outer loop
      vertex -6.833350914029839 -16.497168453105395 5.999999999999998
      vertex -3.2567702261443285 -16.37288957467498 7.500000000000002
      vertex -6.388384598915712 -15.42292474035769 7.500000000000002
    endloop
  endfacet
  facet normal 0 0 0
    outer loop
      vertex -3.483612086439779 -17.513300617405587 5.999999999999998
      vertex -3.280168652428189e-15 -17.85640646055102 5.999999999999998
      vertex -3.0665743885616644e-15 -16.693653444659763 7.500000000000002
    endloop
  endfacet
  facet normal 0 0 0
    outer loop
      vertex -3.483612086439779 -17.513300617405587 5.999999999999998
      vertex -3.0665743885616644e-15 -16.693653444659763 7.500000000000002
      vertex -3.2567702261443285 -16.37288957467498 7.500000000000002
    endloop
  endfacet
  facet normal 0 0 0
    outer loop
      vertex -3.280168652428189e-15 -17.85640646055102 5.999999999999998
      vertex 3.4836120864397726 -17.513300617405587 5.999999999999998
      vertex 3.2567702261443228 -16.37288957467498 7.500000000000002
    endloop
  endfacet
  facet normal 0 0 0
    outer loop
      vertex -3.280168652428189e-15 -17.85640646055102 5.999999999999998
      vertex 3.2567702261443228 -16.37288957467498 7.500000000000002
      vertex -3.0665743885616644e-15 -16.693653444659763 7.500000000000002
    endloop
  endfacet
  facet normal 0 0 0
    outer loop
      vertex 3.4836120864397726 -17.513300617405587 5.999999999999998
      vertex 6.8333509140298325 -16.497168453105395 5.999999999999998
      vertex 6.388384598915706 -15.422924740357692 7.500000000000002
    endloop
  endfacet
  facet normal 0 0 0
    outer loop
      vertex 3.4836120864397726 -17.513300617405587 5.999999999999998
      vertex 6.388384598915706 -15.422924740357692 7.500000000000002
      vertex 3.2567702261443228 -16.37288957467498 7.500000000000002
    endloop
  endfacet
  facet normal 0 0 0
    outer loop
      vertex 6.8333509140298325 -16.497168453105395 5.999999999999998
      vertex 9.920487898181054 -14.847059356871025 5.999999999999998
      vertex 9.274496934198103 -13.880265557544305 7.500000000000002
    endloop
  endfacet
  facet normal 0 0 0
    outer loop
      vertex 6.8333509140298325 -16.497168453105395 5.999999999999998
      vertex 9.274496934198103 -13.880265557544305 7.500000000000002
      vertex 6.388384598915706 -15.422924740357692 7.500000000000002
    endloop
  endfacet
  facet normal 0 0 0
    outer loop
      vertex 9.920487898181054 -14.847059356871025 5.999999999999998
      vertex 12.626386095878901 -12.626386095878907 5.999999999999998
      vertex 11.804195553497083 -11.804195553497088 7.500000000000002
    endloop
  endfacet
  facet normal 0 0 0
    outer loop
      vertex 9.920487898181054 -14.847059356871025 5.999999999999998
      vertex 11.804195553497083 -11.804195553497088 7.500000000000002
      vertex 9.274496934198103 -13.880265557544305 7.500000000000002
    endloop
  endfacet
  facet normal 0 0 0
    outer loop
      vertex 12.626386095878901 -12.626386095878907 5.999999999999998
      vertex 14.847059356871021 -9.92048789818106 5.999999999999998
      vertex 13.880265557544302 -9.274496934198108 7.500000000000002
    endloop
  endfacet
  facet normal 0 0 0
    outer loop
      vertex 12.626386095878901 -12.626386095878907 5.999999999999998
      vertex 13.880265557544302 -9.274496934198108 7.500000000000002
      vertex 11.804195553497083 -11.804195553497088 7.500000000000002
    endloop
  endfacet
  facet normal 0 0 0
    outer loop
      vertex 14.847059356871021 -9.92048789818106 5.999999999999998
      vertex 16.497168453105395 -6.83335091402984 5.999999999999998
      vertex 15.42292474035769 -6.388384598915713 7.500000000000002
    endloop
  endfacet
  facet normal 0 0 0
    outer loop
      vertex 14.847059356871021 -9.92048789818106 5.999999999999998
      vertex 15.42292474035769 -6.388384598915713 7.500000000000002
      vertex 13.880265557544302 -9.274496934198108 7.500000000000002
    endloop
  endfacet
  facet normal 0 0 0
    outer loop
      vertex 16.497168453105395 -6.83335091402984 5.999999999999998
      vertex 17.513300617405587 -3.48361208643978 5.999999999999998
      vertex 16.37288957467498 -3.2567702261443294 7.500000000000002
    endloop
  endfacet
  facet normal 0 0 0
    outer loop
      vertex 16.497168453105395 -6.83335091402984 5.999999999999998
      vertex 16.37288957467498 -3.2567702261443294 7.500000000000002
      vertex 15.42292474035769 -6.388384598915713 7.500000000000002
    endloop
  endfacet
  facet normal 0 0 0
    outer loop
      vertex 17.513300617405587 -3.48361208643978 5.999999999999998
      vertex 17.85640646055102 0 5.999999999999998
      vertex 16.693653444659763 0 7.500000000000002
    endloop
  endfacet
  facet normal 0 0 0
    outer loop
      vertex 17.513300617405587 -3.48361208643978 5.999999999999998
      vertex 16.693653444659763 0 7.500000000000002
      vertex 16.37288957467498 -3.2567702261443294 7.500000000000002
    endloop
  endfacet
  facet normal 0 0 0
    outer loop
      vertex 16.693653444659763 0 7.500000000000002
      vertex 16.37288957467498 3.256770226144322 7.500000000000002
      vertex 15.019459884190102 2.9875563223280572 9
    endloop
  endfacet
  facet normal 0 0 0
    outer loop
      vertex 16.693653444659763 0 7.500000000000002
      vertex 15.019459884190102 2.9875563223280572 9
      vertex 15.313708498984761 0 9
    endloop
  endfacet
  facet normal 0 0 0
    outer loop
      vertex 16.37288957467498 3.256770226144322 7.500000000000002
      vertex 15.422924740357693 6.388384598915702 7.500000000000002
      vertex 14.14802184905616 5.8603025306299354 9
    endloop
  endfacet
  facet normal 0 0 0
    outer loop
      vertex 16.37288957467498 3.256770226144322 7.500000000000002
      vertex 14.14802184905616 5.8603025306299354 9
      vertex 15.019459884190102 2.9875563223280572 9
    endloop
  endfacet
  facet normal 0 0 0
    outer loop
      vertex 15.422924740357693 6.388384598915702 7.500000000000002
      vertex 13.880265557544302 9.274496934198108 7.500000000000002
      vertex 12.732883268565052 8.507840599175227 9
    endloop
  endfacet
  facet normal 0 0 0
    outer loop
      vertex 15.422924740357693 6.388384598915702 7.500000000000002
      vertex 12.732883268565052 8.507840599175227 9
      vertex 14.14802184905616 5.8603025306299354 9
    endloop
  endfacet
  facet normal 0 0 0
    outer loop
      vertex 13.880265557544302 9.274496934198108 7.500000000000002
      vertex 11.804195553497086 11.804195553497085 7.500000000000002
      vertex 10.828427124746192 10.82842712474619 9
    endloop
  endfacet
  facet normal 0 0 0
    outer loop
      vertex 13.880265557544302 9.274496934198108 7.500000000000002
      vertex 10.828427124746192 10.82842712474619 9
      vertex 12.732883268565052 8.507840599175227 9
    endloop
  endfacet
  facet normal 0 0 0
    outer loop
      vertex 11.804195553497086 11.804195553497085 7.500000000000002
      vertex 9.27449693419811 13.880265557544302 7.500000000000002
      vertex 8.507840599175228 12.732883268565052 9
    endloop
  endfacet
  facet normal 0 0 0
    outer loop
      vertex 11.804195553497086 11.804195553497085 7.500000000000002
      vertex 8.507840599175228 12.732883268565052 9
      vertex 10.828427124746192 10.82842712474619 9
    endloop
  endfacet
  facet normal 0 0 0
    outer loop
      vertex 9.27449693419811 13.880265557544302 7.500000000000002
      vertex 6.388384598915703 15.422924740357693 7.500000000000002
      vertex 5.860302530629936 14.14802184905616 9
    endloop
  endfacet
  facet normal 0 0 0
    outer loop
      vertex 9.27449693419811 13.880265557544302 7.500000000000002
      vertex 5.860302530629936 14.14802184905616 9
      vertex 8.507840599175228 12.732883268565052 9
    endloop
  endfacet
  facet normal 0 0 0
    outer loop
      vertex 6.388384598915703 15.422924740357693 7.500000000000002
      vertex 3.256770226144323 16.37288957467498 7.500000000000002
      vertex 2.987556322328058 15.019459884190102 9
    endloop
  endfacet
  facet normal 0 0 0
    outer loop
      vertex 6.388384598915703 15.422924740357693 7.500000000000002
      vertex 2.987556322328058 15.019459884190102 9
      vertex 5.860302530629936 14.14802184905616 9
    endloop
  endfacet
  facet normal 0 0 0
    outer loop
      vertex 3.256770226144323 16.37288957467498 7.500000000000002
      vertex 1.0221914628538882e-15 16.693653444659763 7.500000000000002
      vertex 9.376942048178653e-16 15.313708498984761 9
    endloop
  endfacet
  facet normal 0 0 0
    outer loop
      vertex 3.256770226144323 16.37288957467498 7.500000000000002
      vertex 9.376942048178653e-16 15.313708498984761 9
      vertex 2.987556322328058 15.019459884190102 9
    endloop
  endfacet
  facet normal 0 0 0
    outer loop
      vertex 1.0221914628538882e-15 16.693653444659763 7.500000000000002
      vertex -3.2567702261443205 16.37288957467498 7.500000000000002
      vertex -2.9875563223280563 15.019459884190102 9
    endloop
  endfacet
  facet normal 0 0 0
    outer loop
      vertex 1.0221914628538882e-15 16.693653444659763 7.500000000000002
      vertex -2.9875563223280563 15.019459884190102 9
      vertex 9.376942048178653e-16 15.313708498984761 9
    endloop
  endfacet
  facet normal 0 0 0
    outer loop
      vertex -3.2567702261443205 16.37288957467498 7.500000000000002
      vertex -6.388384598915701 15.422924740357693 7.500000000000002
      vertex -5.860302530629935 14.14802184905616 9
    endloop
  endfacet
  facet normal 0 0 0
    outer loop
      vertex -3.2567702261443205 16.37288957467498 7.500000000000002
      vertex -5.860302530629935 14.14802184905616 9
      vertex -2.9875563223280563 15.019459884190102 9
    endloop
  endfacet
  facet normal 0 0 0
    outer loop
      vertex -6.388384598915701 15.422924740357693 7.500000000000002
      vertex -9.274496934198105 13.880265557544304 7.500000000000002
      vertex -8.507840599175223 12.732883268565052 9
    endloop
  endfacet
  facet normal 0 0 0
    outer loop
      vertex -6.388384598915701 15.422924740357693 7.500000000000002
      vertex -8.507840599175223 12.732883268565052 9
      vertex -5.860302530629935 14.14802184905616 9
    endloop
  endfacet
  facet normal 0 0 0
    outer loop
      vertex -9.274496934198105 13.880265557544304 7.500000000000002
      vertex -11.804195553497085 11.804195553497086 7.500000000000002
      vertex -10.82842712474619 10.828427124746192 9
    endloop
  endfacet
  facet normal 0 0 0
    outer loop
      vertex -9.274496934198105 13.880265557544304 7.500000000000002
      vertex -10.82842712474619 10.828427124746192 9
      vertex -8.507840599175223 12.732883268565052 9
    endloop
  endfacet
  facet normal 0 0 0
    outer loop
      vertex -11.804195553497085 11.804195553497086 7.500000000000002
      vertex -13.880265557544304 9.274496934198108 7.500000000000002
      vertex -12.732883268565052 8.507840599175227 9
    endloop
  endfacet
  facet normal 0 0 0
    outer loop
      vertex -11.804195553497085 11.804195553497086 7.500000000000002
      vertex -12.732883268565052 8.507840599175227 9
      vertex -10.82842712474619 10.828427124746192 9
    endloop
  endfacet
  facet normal 0 0 0
    outer loop
      vertex -13.880265557544304 9.274496934198108 7.500000000000002
      vertex -15.422924740357693 6.388384598915704 7.500000000000002
      vertex -14.14802184905616 5.860302530629937 9
    endloop
  endfacet
  facet normal 0 0 0
    outer loop
      vertex -13.880265557544304 9.274496934198108 7.500000000000002
      vertex -14.14802184905616 5.860302530629937 9
      vertex -12.732883268565052 8.507840599175227 9
    endloop
  endfacet
  facet normal 0 0 0
    outer loop
      vertex -15.422924740357693 6.388384598915704 7.500000000000002
      vertex -16.37288957467498 3.2567702261443277 7.500000000000002
      vertex -15.019459884190102 2.9875563223280626 9
    endloop
  endfacet
  facet normal 0 0 0
    outer loop
      vertex -15.422924740357693 6.388384598915704 7.500000000000002
      vertex -15.019459884190102 2.9875563223280626 9
      vertex -14.14802184905616 5.860302530629937 9
    endloop
  endfacet
  facet normal 0 0 0
    outer loop
      vertex -16.37288957467498 3.2567702261443277 7.500000000000002
      vertex -16.693653444659763 2.0443829257077764e-15 7.500000000000002
      vertex -15.313708498984761 1.8753884096357306e-15 9
    endloop
  endfacet
  facet normal 0 0 0
    outer loop
      vertex -16.37288957467498 3.2567702261443277 7.500000000000002
      vertex -15.313708498984761 1.8753884096357306e-15 9
      vertex -15.019459884190102 2.9875563223280626 9
    endloop
  endfacet
  facet normal 0 0 0
    outer loop
      vertex -16.693653444659763 2.0443829257077764e-15 7.500000000000002
      vertex -16.37288957467498 -3.2567702261443237 7.500000000000002
      vertex -15.019459884190102 -2.9875563223280586 9
    endloop
  endfacet
  facet normal 0 0 0
    outer loop
      vertex -16.693653444659763 2.0443829257077764e-15 7.500000000000002
      vertex -15.019459884190102 -2.9875563223280586 9
      vertex -15.313708498984761 1.8753884096357306e-15 9
    endloop
  endfacet
  facet normal 0 0 0
    outer loop
      vertex -16.37288957467498 -3.2567702261443237 7.500000000000002
      vertex -15.422924740357695 -6.3883845989156995 7.500000000000002
      vertex -14.148021849056162 -5.860302530629933 9
    endloop
  endfacet
  facet normal 0 0 0
    outer loop
      vertex -16.37288957467498 -3.2567702261443237 7.500000000000002
      vertex -14.148021849056162 -5.860302530629933 9
      vertex -15.019459884190102 -2.9875563223280586 9
    endloop
  endfacet
  facet normal 0 0 0
    outer loop
      vertex -15.422924740357695 -6.3883845989156995 7.500000000000002
      vertex -13.880265557544305 -9.274496934198105 7.500000000000002
      vertex -12.732883268565054 -8.507840599175223 9
    endloop
  endfacet
  facet normal 0 0 0
    outer loop
      vertex -15.422924740357695 -6.3883845989156995 7.500000000000002
      vertex -12.732883268565054 -8.507840599175223 9
      vertex -14.148021849056162 -5.860302530629933 9
    endloop
  endfacet
  facet normal 0 0 0
    outer loop
      vertex -13.880265557544305 -9.274496934198105 7.500000000000002
      vertex -11.804195553497088 -11.804195553497085 7.500000000000002
      vertex -10.828427124746193 -10.82842712474619 9
    endloop
  endfacet
  facet normal 0 0 0
    outer loop
      vertex -13.880265557544305 -9.274496934198105 7.500000000000002
      vertex -10.828427124746193 -10.82842712474619 9
      vertex -12.732883268565054 -8.507840599175223 9
    endloop
  endfacet
  facet normal 0 0 0
    outer loop
      vertex -11.804195553497088 -11.804195553497085 7.500000000000002
      vertex -9.274496934198108 -13.880265557544302 7.500000000000002
      vertex -8.507840599175227 -12.732883268565052 9
    endloop
  endfacet
  facet normal 0 0 0
    outer loop
      vertex -11.804195553497088 -11.804195553497085 7.500000000000002
      vertex -8.507840599175227 -12.732883268565052 9
      vertex -10.828427124746193 -10.82842712474619 9
    endloop
  endfacet
  facet normal 0 0 0
    outer loop
      vertex -9.274496934198108 -13.880265557544302 7.500000000000002
      vertex -6.388384598915712 -15.42292474035769 7.500000000000002
      vertex -5.860302530629944 -14.148021849056157 9
    endloop
  endfacet
  facet normal 0 0 0
    outer loop
      vertex -9.274496934198108 -13.880265557544302 7.500000000000002
      vertex -5.860302530629944 -14.148021849056157 9
      vertex -8.507840599175227 -12.732883268565052 9
    endloop
  endfacet
  facet normal 0 0 0
    outer loop
      vertex -6.388384598915712 -15.42292474035769 7.500000000000002
      vertex -3.2567702261443285 -16.37288957467498 7.500000000000002
      vertex -2.9875563223280635 -15.0194598841901 9
    endloop
  endfacet
  facet normal 0 0 0
    outer loop
      vertex -6.388384598915712 -15.42292474035769 7.500000000000002
      vertex -2.9875563223280635 -15.0194598841901 9
      vertex -5.860302530629944 -14.148021849056157 9
    endloop
  endfacet
  facet normal 0 0 0
    outer loop
      vertex -3.2567702261443285 -16.37288957467498 7.500000000000002
      vertex -3.0665743885616644e-15 -16.693653444659763 7.500000000000002
      vertex -2.8130826144535958e-15 -15.313708498984761 9
    endloop
  endfacet
  facet normal 0 0 0
    outer loop
      vertex -3.2567702261443285 -16.37288957467498 7.500000000000002
      vertex -2.8130826144535958e-15 -15.313708498984761 9
      vertex -2.9875563223280635 -15.0194598841901 9
    endloop
  endfacet
  facet normal 0 0 0
    outer loop
      vertex -3.0665743885616644e-15 -16.693653444659763 7.500000000000002
      vertex 3.2567702261443228 -16.37288957467498 7.500000000000002
      vertex 2.9875563223280577 -15.019459884190102 9
    endloop
  endfacet
  facet normal 0 0 0
    outer loop
      vertex -3.0665743885616644e-15 -16.693653444659763 7.500000000000002
      vertex 2.9875563223280577 -15.019459884190102 9
      vertex -2.8130826144535958e-15 -15.313708498984761 9
    endloop
  endfacet
  facet normal 0 0 0
    outer loop
      vertex 3.2567702261443228 -16.37288957467498 7.500000000000002
      vertex 6.388384598915706 -15.422924740357692 7.500000000000002
      vertex 5.860302530629939 -14.148021849056159 9
    endloop
  endfacet
  facet normal 0 0 0
    outer loop
      vertex 3.2567702261443228 -16.37288957467498 7.500000000000002
      vertex 5.860302530629939 -14.148021849056159 9
      vertex 2.9875563223280577 -15.019459884190102 9
    endloop
  endfacet
  facet normal 0 0 0
    outer loop
      vertex 6.388384598915706 -15.422924740357692 7.500000000000002
      vertex 9.274496934198103 -13.880265557544305 7.500000000000002
      vertex 8.507840599175221 -12.732883268565054 9
    endloop
  endfacet
  facet normal 0 0 0
    outer loop
      vertex 6.388384598915706 -15.422924740357692 7.500000000000002
      vertex 8.507840599175221 -12.732883268565054 9
      vertex 5.860302530629939 -14.148021849056159 9
    endloop
  endfacet
  facet normal 0 0 0
    outer loop
      vertex 9.274496934198103 -13.880265557544305 7.500000000000002
      vertex 11.804195553497083 -11.804195553497088 7.500000000000002
      vertex 10.828427124746188 -10.828427124746193 9
    endloop
  endfacet
  facet normal 0 0 0
    outer loop
      vertex 9.274496934198103 -13.880265557544305 7.500000000000002
      vertex 10.828427124746188 -10.828427124746193 9
      vertex 8.507840599175221 -12.732883268565054 9
    endloop
  endfacet
  facet normal 0 0 0
    outer loop
      vertex 11.804195553497083 -11.804195553497088 7.500000000000002
      vertex 13.880265557544302 -9.274496934198108 7.500000000000002
      vertex 12.732883268565052 -8.507840599175227 9
    endloop
  endfacet
  facet normal 0 0 0
    outer loop
      vertex 11.804195553497083 -11.804195553497088 7.500000000000002
      vertex 12.732883268565052 -8.507840599175227 9
      vertex 10.828427124746188 -10.828427124746193 9
    endloop
  endfacet
  facet normal 0 0 0
    outer loop
      vertex 13.880265557544302 -9.274496934198108 7.500000000000002
      vertex 15.42292474035769 -6.388384598915713 7.500000000000002
      vertex 14.148021849056157 -5.860302530629944 9
    endloop
  endfacet
  facet normal 0 0 0
    outer loop
      vertex 13.880265557544302 -9.274496934198108 7.500000000000002
      vertex 14.148021849056157 -5.860302530629944 9
      vertex 12.732883268565052 -8.507840599175227 9
    endloop
  endfacet
  facet normal 0 0 0
    outer loop
      vertex 15.42292474035769 -6.388384598915713 7.500000000000002
      vertex 16.37288957467498 -3.2567702261443294 7.500000000000002
      vertex 15.0194598841901 -2.9875563223280643 9
    endloop
  endfacet
  facet normal 0 0 0
    outer loop
      vertex 15.42292474035769 -6.388384598915713 7.500000000000002
      vertex 15.0194598841901 -2.9875563223280643 9
      vertex 14.148021849056157 -5.860302530629944 9
    endloop
  endfacet
  facet normal 0 0 0
    outer loop
      vertex 16.37288957467498 -3.2567702261443294 7.500000000000002
      vertex 16.693653444659763 0 7.500000000000002
      vertex 15.313708498984761 0 9
    endloop
  endfacet
  facet normal 0 0 0
    outer loop
      vertex 16.37288957467498 -3.2567702261443294 7.500000000000002
      vertex 15.313708498984761 0 9
      vertex 15.0194598841901 -2.9875563223280643 9
    endloop
  endfacet
  facet normal 0 0 0
    outer loop
      vertex 15.313708498984761 0 9
      vertex 15.019459884190102 2.9875563223280572 9
      vertex 13.476169103196755 2.680576699525469 10.499999999999998
    endloop
  endfacet
  facet normal 0 0 0
    outer loop
      vertex 15.313708498984761 0 9
      vertex 13.476169103196755 2.680576699525469 10.499999999999998
      vertex 13.740182864139534 0 10.499999999999998
    endloop
  endfacet
  facet normal 0 0 0
    outer loop
      vertex 15.019459884190102 2.9875563223280572 9
      vertex 14.14802184905616 5.8603025306299354 9
      vertex 12.694273721140826 5.258140339772907 10.499999999999998
    endloop
  endfacet
  facet normal 0 0 0
    outer loop
      vertex 15.019459884190102 2.9875563223280572 9
      vertex 12.694273721140826 5.258140339772907 10.499999999999998
      vertex 13.476169103196755 2.680576699525469 10.499999999999998
    endloop
  endfacet
  facet normal 0 0 0
    outer loop
      vertex 14.14802184905616 5.8603025306299354 9
      vertex 12.732883268565052 8.507840599175227 9
      vertex 11.424544519012175 7.633636595561946 10.499999999999998
    endloop
  endfacet
  facet normal 0 0 0
    outer loop
      vertex 14.14802184905616 5.8603025306299354 9
      vertex 11.424544519012175 7.633636595561946 10.499999999999998
      vertex 12.694273721140826 5.258140339772907 10.499999999999998
    endloop
  endfacet
  facet normal 0 0 0
    outer loop
      vertex 12.732883268565052 8.507840599175227 9
      vertex 10.828427124746192 10.82842712474619 9
      vertex 9.715776477976265 9.715776477976263 10.499999999999998
    endloop
  endfacet
  facet normal 0 0 0
    outer loop
      vertex 12.732883268565052 8.507840599175227 9
      vertex 9.715776477976265 9.715776477976263 10.499999999999998
      vertex 11.424544519012175 7.633636595561946 10.499999999999998
    endloop
  endfacet
  facet normal 0 0 0
    outer loop
      vertex 10.828427124746192 10.82842712474619 9
      vertex 8.507840599175228 12.732883268565052 9
      vertex 7.633636595561947 11.424544519012175 10.499999999999998
    endloop
  endfacet
  facet normal 0 0 0
    outer loop
      vertex 10.828427124746192 10.82842712474619 9
      vertex 7.633636595561947 11.424544519012175 10.499999999999998
      vertex 9.715776477976265 9.715776477976263 10.499999999999998
    endloop
  endfacet
  facet normal 0 0 0
    outer loop
      vertex 8.507840599175228 12.732883268565052 9
      vertex 5.860302530629936 14.14802184905616 9
      vertex 5.258140339772908 12.694273721140826 10.499999999999998
    endloop
  endfacet
  facet normal 0 0 0
    outer loop
      vertex 8.507840599175228 12.732883268565052 9
      vertex 5.258140339772908 12.694273721140826 10.499999999999998
      vertex 7.633636595561947 11.424544519012175 10.499999999999998
    endloop
  endfacet
  facet normal 0 0 0
    outer loop
      vertex 5.860302530629936 14.14802184905616 9
      vertex 2.987556322328058 15.019459884190102 9
      vertex 2.6805766995254703 13.476169103196755 10.499999999999998
    endloop
  endfacet
  facet normal 0 0 0
    outer loop
      vertex 5.860302530629936 14.14802184905616 9
      vertex 2.6805766995254703 13.476169103196755 10.499999999999998
      vertex 5.258140339772908 12.694273721140826 10.499999999999998
    endloop
  endfacet
  facet normal 0 0 0
    outer loop
      vertex 2.987556322328058 15.019459884190102 9
      vertex 9.376942048178653e-16 15.313708498984761 9
      vertex 8.413435482133896e-16 13.740182864139534 10.499999999999998
    endloop
  endfacet
  facet normal 0 0 0
    outer loop
      vertex 2.987556322328058 15.019459884190102 9
      vertex 8.413435482133896e-16 13.740182864139534 10.499999999999998
      vertex 2.6805766995254703 13.476169103196755 10.499999999999998
    endloop
  endfacet
  facet normal 0 0 0
    outer loop
      vertex 9.376942048178653e-16 15.313708498984761 9
      vertex -2.9875563223280563 15.019459884190102 9
      vertex -2.680576699525468 13.476169103196755 10.499999999999998
    endloop
  endfacet
  facet normal 0 0 0
    outer loop
      vertex 9.376942048178653e-16 15.313708498984761 9
      vertex -2.680576699525468 13.476169103196755 10.499999999999998
      vertex 8.413435482133896e-16 13.740182864139534 10.499999999999998
    endloop
  endfacet
  facet normal 0 0 0
    outer loop
      vertex -2.9875563223280563 15.019459884190102 9
      vertex -5.860302530629935 14.14802184905616 9
      vertex -5.258140339772906 12.694273721140826 10.499999999999998
    endloop
  endfacet
  facet normal 0 0 0
    outer loop
      vertex -2.9875563223280563 15.019459884190102 9
      vertex -5.258140339772906 12.694273721140826 10.499999999999998
      vertex -2.680576699525468 13.476169103196755 10.499999999999998
    endloop
  endfacet
  facet normal 0 0 0
    outer loop
      vertex -5.860302530629935 14.14802184905616 9
      vertex -8.507840599175223 12.732883268565052 9
      vertex -7.633636595561943 11.424544519012175 10.499999999999998
    endloop
  endfacet
  facet normal 0 0 0
    outer loop
      vertex -5.860302530629935 14.14802184905616 9
      vertex -7.633636595561943 11.424544519012175 10.499999999999998
      vertex -5.258140339772906 12.694273721140826 10.499999999999998
    endloop
  endfacet
  facet normal 0 0 0
    outer loop
      vertex -8.507840599175223 12.732883268565052 9
      vertex -10.82842712474619 10.828427124746192 9
      vertex -9.715776477976263 9.715776477976265 10.499999999999998
    endloop
  endfacet
  facet normal 0 0 0
    outer loop
      vertex -8.507840599175223 12.732883268565052 9
      vertex -9.715776477976263 9.715776477976265 10.499999999999998
      vertex -7.633636595561943 11.424544519012175 10.499999999999998
    endloop
  endfacet
  facet normal 0 0 0
    outer loop
      vertex -10.82842712474619 10.828427124746192 9
      vertex -12.732883268565052 8.507840599175227 9
      vertex -11.424544519012175 7.633636595561946 10.499999999999998
    endloop
  endfacet
  facet normal 0 0 0
    outer loop
      vertex -10.82842712474619 10.828427124746192 9
      vertex -11.424544519012175 7.633636595561946 10.499999999999998
      vertex -9.715776477976263 9.715776477976265 10.499999999999998
    endloop
  endfacet
  facet normal 0 0 0
    outer loop
      vertex -12.732883268565052 8.507840599175227 9
      vertex -14.14802184905616 5.860302530629937 9
      vertex -12.694273721140826 5.2581403397729085 10.499999999999998
    endloop
  endfacet
  facet normal 0 0 0
    outer loop
      vertex -12.732883268565052 8.507840599175227 9
      vertex -12.694273721140826 5.2581403397729085 10.499999999999998
      vertex -11.424544519012175 7.633636595561946 10.499999999999998
    endloop
  endfacet
  facet normal 0 0 0
    outer loop
      vertex -14.14802184905616 5.860302530629937 9
      vertex -15.019459884190102 2.9875563223280626 9
      vertex -13.476169103196755 2.680576699525474 10.499999999999998
    endloop
  endfacet
  facet normal 0 0 0
    outer loop
      vertex -14.14802184905616 5.860302530629937 9
      vertex -13.476169103196755 2.680576699525474 10.499999999999998
      vertex -12.694273721140826 5.2581403397729085 10.499999999999998
    endloop
  endfacet
  facet normal 0 0 0
    outer loop
      vertex -15.019459884190102 2.9875563223280626 9
      vertex -15.313708498984761 1.8753884096357306e-15 9
      vertex -13.740182864139534 1.6826870964267793e-15 10.499999999999998
    endloop
  endfacet
  facet normal 0 0 0
    outer loop
      vertex -15.019459884190102 2.9875563223280626 9
      vertex -13.740182864139534 1.6826870964267793e-15 10.499999999999998
      vertex -13.476169103196755 2.680576699525474 10.499999999999998
    endloop
  endfacet
  facet normal 0 0 0
    outer loop
      vertex -15.313708498984761 1.8753884096357306e-15 9
      vertex -15.019459884190102 -2.9875563223280586 9
      vertex -13.476169103196755 -2.6805766995254707 10.499999999999998
    endloop
  endfacet
  facet normal 0 0 0
    outer loop
      vertex -15.313708498984761 1.8753884096357306e-15 9
      vertex -13.476169103196755 -2.6805766995254707 10.499999999999998
      vertex -13.740182864139534 1.6826870964267793e-15 10.499999999999998
    endloop
  endfacet
  facet normal 0 0 0
    outer loop
      vertex -15.019459884190102 -2.9875563223280586 9
      vertex -14.148021849056162 -5.860302530629933 9
      vertex -12.694273721140828 -5.258140339772905 10.499999999999998
    endloop
  endfacet
  facet normal 0 0 0
    outer loop
      vertex -15.019459884190102 -2.9875563223280586 9
      vertex -12.694273721140828 -5.258140339772905 10.499999999999998
      vertex -13.476169103196755 -2.6805766995254707 10.499999999999998
    endloop
  endfacet
  facet normal 0 0 0
    outer loop
      vertex -14.148021849056162 -5.860302530629933 9
      vertex -12.732883268565054 -8.507840599175223 9
      vertex -11.424544519012176 -7.633636595561943 10.499999999999998
    endloop
  endfacet
  facet normal 0 0 0
    outer loop
      vertex -14.148021849056162 -5.860302530629933 9
      vertex -11.424544519012176 -7.633636595561943 10.499999999999998
      vertex -12.694273721140828 -5.258140339772905 10.499999999999998
    endloop
  endfacet
  facet normal 0 0 0
    outer loop
      vertex -12.732883268565054 -8.507840599175223 9
      vertex -10.828427124746193 -10.82842712474619 9
      vertex -9.715776477976265 -9.715776477976263 10.499999999999998
    endloop
  endfacet
  facet normal 0 0 0
    outer loop
      vertex -12.732883268565054 -8.507840599175223 9
      vertex -9.715776477976265 -9.715776477976263 10.499999999999998
      vertex -11.424544519012176 -7.633636595561943 10.499999999999998
    endloop
  endfacet
  facet normal 0 0 0
    outer loop
      vertex -10.828427124746193 -10.82842712474619 9
      vertex -8.507840599175227 -12.732883268565052 9
      vertex -7.633636595561946 -11.424544519012175 10.499999999999998
    endloop
  endfacet
  facet normal 0 0 0
    outer loop
      vertex -10.828427124746193 -10.82842712474619 9
      vertex -7.633636595561946 -11.424544519012175 10.499999999999998
      vertex -9.715776477976265 -9.715776477976263 10.499999999999998
    endloop
  endfacet
  facet normal 0 0 0
    outer loop
      vertex -8.507840599175227 -12.732883268565052 9
      vertex -5.860302530629944 -14.148021849056157 9
      vertex -5.258140339772915 -12.694273721140823 10.499999999999998
    endloop
  endfacet
  facet normal 0 0 0
    outer loop
      vertex -8.507840599175227 -12.732883268565052 9
      vertex -5.258140339772915 -12.694273721140823 10.499999999999998
      vertex -7.633636595561946 -11.424544519012175 10.499999999999998
    endloop
  endfacet
  facet normal 0 0 0
    outer loop
      vertex -5.860302530629944 -14.148021849056157 9
      vertex -2.9875563223280635 -15.0194598841901 9
      vertex -2.6805766995254747 -13.476169103196753 10.499999999999998
    endloop
  endfacet
  facet normal 0 0 0
    outer loop
      vertex -5.860302530629944 -14.148021849056157 9
      vertex -2.6805766995254747 -13.476169103196753 10.499999999999998
      vertex -5.258140339772915 -12.694273721140823 10.499999999999998
    endloop
  endfacet
  facet normal 0 0 0
    outer loop
      vertex -2.9875563223280635 -15.0194598841901 9
      vertex -2.8130826144535958e-15 -15.313708498984761 9
      vertex -2.5240306446401686e-15 -13.740182864139534 10.499999999999998
    endloop
  endfacet
  facet normal 0 0 0
    outer loop
      vertex -2.9875563223280635 -15.0194598841901 9
      vertex -2.5240306446401686e-15 -13.740182864139534 10.499999999999998
      vertex -2.6805766995254747 -13.476169103196753 10.499999999999998
    endloop
  endfacet
  facet normal 0 0 0
    outer loop
      vertex -2.8130826144535958e-15 -15.313708498984761 9
      vertex 2.9875563223280577 -15.019459884190102 9
      vertex 2.68057669952547 -13.476169103196755 10.499999999999998
    endloop
  endfacet
  facet normal 0 0 0
    outer loop
      vertex -2.8130826144535958e-15 -15.313708498984761 9
      vertex 2.68057669952547 -13.476169103196755 10.499999999999998
      vertex -2.5240306446401686e-15 -13.740182864139534 10.499999999999998
    endloop
  endfacet
  facet normal 0 0 0
    outer loop
      vertex 2.9875563223280577 -15.019459884190102 9
      vertex 5.860302530629939 -14.148021849056159 9
      vertex 5.25814033977291 -12.694273721140824 10.499999999999998
    endloop
  endfacet
  facet normal 0 0 0
    outer loop
      vertex 2.9875563223280577 -15.019459884190102 9
      vertex 5.25814033977291 -12.694273721140824 10.499999999999998
      vertex 2.68057669952547 -13.476169103196755 10.499999999999998
    endloop
  endfacet
  facet normal 0 0 0
    outer loop
      vertex 5.860302530629939 -14.148021849056159 9
      vertex 8.507840599175221 -12.732883268565054 9
      vertex 7.633636595561941 -11.424544519012176 10.499999999999998
    endloop
  endfacet
  facet normal 0 0 0
    outer loop
      vertex 5.860302530629939 -14.148021849056159 9
      vertex 7.633636595561941 -11.424544519012176 10.499999999999998
      vertex 5.25814033977291 -12.694273721140824 10.499999999999998
    endloop
  endfacet
  facet normal 0 0 0
    outer loop
      vertex 8.507840599175221 -12.732883268565054 9
      vertex 10.828427124746188 -10.828427124746193 9
      vertex 9.715776477976261 -9.715776477976265 10.499999999999998
    endloop
  endfacet
  facet normal 0 0 0
    outer loop
      vertex 8.507840599175221 -12.732883268565054 9
      vertex 9.715776477976261 -9.715776477976265 10.499999999999998
      vertex 7.633636595561941 -11.424544519012176 10.499999999999998
    endloop
  endfacet
  facet normal 0 0 0
    outer loop
      vertex 10.828427124746188 -10.828427124746193 9
      vertex 12.732883268565052 -8.507840599175227 9
      vertex 11.424544519012175 -7.633636595561946 10.499999999999998
    endloop
  endfacet
  facet normal 0 0 0
    outer loop
      vertex 10.828427124746188 -10.828427124746193 9
      vertex 11.424544519012175 -7.633636595561946 10.499999999999998
      vertex 9.715776477976261 -9.715776477976265 10.499999999999998
    endloop
  endfacet
  facet normal 0 0 0
    outer loop
      vertex 12.732883268565052 -8.507840599175227 9
      vertex 14.148021849056157 -5.860302530629944 9
      vertex 12.694273721140823 -5.258140339772916 10.499999999999998
    endloop
  endfacet
  facet normal 0 0 0
    outer loop
      vertex 12.732883268565052 -8.507840599175227 9
      vertex 12.694273721140823 -5.258140339772916 10.499999999999998
      vertex 11.424544519012175 -7.633636595561946 10.499999999999998
    endloop
  endfacet
  facet normal 0 0 0
    outer loop
      vertex 14.148021849056157 -5.860302530629944 9
      vertex 15.0194598841901 -2.9875563223280643 9
      vertex 13.476169103196753 -2.6805766995254756 10.499999999999998
    endloop
  endfacet
  facet normal 0 0 0
    outer loop
      vertex 14.148021849056157 -5.860302530629944 9
      vertex 13.476169103196753 -2.6805766995254756 10.499999999999998
      vertex 12.694273721140823 -5.258140339772916 10.499999999999998
    endloop
  endfacet
  facet normal 0 0 0
    outer loop
      vertex 15.0194598841901 -2.9875563223280643 9
      vertex 15.313708498984761 0 9
      vertex 13.740182864139534 0 10.499999999999998
    endloop
  endfacet
  facet normal 0 0 0
    outer loop
      vertex 15.0194598841901 -2.9875563223280643 9
      vertex 13.740182864139534 0 10.499999999999998
      vertex 13.476169103196753 -2.6805766995254756 10.499999999999998
    endloop
  endfacet
  facet normal 0 0 0
    outer loop
      vertex 13.740182864139534 0 10.499999999999998
      vertex 13.476169103196755 2.680576699525469 10.499999999999998
      vertex 11.769423364838765 2.341083864193539 12.000000000000002
    endloop
  endfacet
  facet normal 0 0 0
    outer loop
      vertex 13.740182864139534 0 10.499999999999998
      vertex 11.769423364838765 2.341083864193539 12.000000000000002
      vertex 12 0 12.000000000000002
    endloop
  endfacet
  facet normal 0 0 0
    outer loop
      vertex 13.476169103196755 2.680576699525469 10.499999999999998
      vertex 12.694273721140826 5.258140339772907 10.499999999999998
      vertex 11.08655439013544 4.592201188381077 12.000000000000002
    endloop
  endfacet
  facet normal 0 0 0
    outer loop
      vertex 13.476169103196755 2.680576699525469 10.499999999999998
      vertex 11.08655439013544 4.592201188381077 12.000000000000002
      vertex 11.769423364838765 2.341083864193539 12.000000000000002
    endloop
  endfacet
  facet normal 0 0 0
    outer loop
      vertex 12.694273721140826 5.258140339772907 10.499999999999998
      vertex 11.424544519012175 7.633636595561946 10.499999999999998
      vertex 9.977635347630542 6.666842796235226 12.000000000000002
    endloop
  endfacet
  facet normal 0 0 0
    outer loop
      vertex 12.694273721140826 5.258140339772907 10.499999999999998
      vertex 9.977635347630542 6.666842796235226 12.000000000000002
      vertex 11.08655439013544 4.592201188381077 12.000000000000002
    endloop
  endfacet
  facet normal 0 0 0
    outer loop
      vertex 11.424544519012175 7.633636595561946 10.499999999999998
      vertex 9.715776477976265 9.715776477976263 10.499999999999998
      vertex 8.485281374238571 8.48528137423857 12.000000000000002
    endloop
  endfacet
  facet normal 0 0 0
    outer loop
      vertex 11.424544519012175 7.633636595561946 10.499999999999998
      vertex 8.485281374238571 8.48528137423857 12.000000000000002
      vertex 9.977635347630542 6.666842796235226 12.000000000000002
    endloop
  endfacet
  facet normal 0 0 0
    outer loop
      vertex 9.715776477976265 9.715776477976263 10.499999999999998
      vertex 7.633636595561947 11.424544519012175 10.499999999999998
      vertex 6.666842796235228 9.977635347630542 12.000000000000002
    endloop
  endfacet
  facet normal 0 0 0
    outer loop
      vertex 9.715776477976265 9.715776477976263 10.499999999999998
      vertex 6.666842796235228 9.977635347630542 12.000000000000002
      vertex 8.485281374238571 8.48528137423857 12.000000000000002
    endloop
  endfacet
  facet normal 0 0 0
    outer loop
      vertex 7.633636595561947 11.424544519012175 10.499999999999998
      vertex 5.258140339772908 12.694273721140826 10.499999999999998
      vertex 4.592201188381078 11.08655439013544 12.000000000000002
    endloop
  endfacet
  facet normal 0 0 0
    outer loop
      vertex 7.633636595561947 11.424544519012175 10.499999999999998
      vertex 4.592201188381078 11.08655439013544 12.000000000000002
      vertex 6.666842796235228 9.977635347630542 12.000000000000002
    endloop
  endfacet
  facet normal 0 0 0
    outer loop
      vertex 5.258140339772908 12.694273721140826 10.499999999999998
      vertex 2.6805766995254703 13.476169103196755 10.499999999999998
      vertex 2.34108386419354 11.769423364838765 12.000000000000002
    endloop
  endfacet
  facet normal 0 0 0
    outer loop
      vertex 5.258140339772908 12.694273721140826 10.499999999999998
      vertex 2.34108386419354 11.769423364838765 12.000000000000002
      vertex 4.592201188381078 11.08655439013544 12.000000000000002
    endloop
  endfacet
  facet normal 0 0 0
    outer loop
      vertex 2.6805766995254703 13.476169103196755 10.499999999999998
      vertex 8.413435482133896e-16 13.740182864139534 10.499999999999998
      vertex 7.347880794884119e-16 12 12.000000000000002
    endloop
  endfacet
  facet normal 0 0 0
    outer loop
      vertex 2.6805766995254703 13.476169103196755 10.499999999999998
      vertex 7.347880794884119e-16 12 12.000000000000002
      vertex 2.34108386419354 11.769423364838765 12.000000000000002
    endloop
  endfacet
  facet normal 0 0 0
    outer loop
      vertex 8.413435482133896e-16 13.740182864139534 10.499999999999998
      vertex -2.680576699525468 13.476169103196755 10.499999999999998
      vertex -2.3410838641935383 11.769423364838765 12.000000000000002
    endloop
  endfacet
  facet normal 0 0 0
    outer loop
      vertex 8.413435482133896e-16 13.740182864139534 10.499999999999998
      vertex -2.3410838641935383 11.769423364838765 12.000000000000002
      vertex 7.347880794884119e-16 12 12.000000000000002
    endloop
  endfacet
  facet normal 0 0 0
    outer loop
      vertex -2.680576699525468 13.476169103196755 10.499999999999998
      vertex -5.258140339772906 12.694273721140826 10.499999999999998
      vertex -4.592201188381077 11.08655439013544 12.000000000000002
    endloop
  endfacet
  facet normal 0 0 0
    outer loop
      vertex -2.680576699525468 13.476169103196755 10.499999999999998
      vertex -4.592201188381077 11.08655439013544 12.000000000000002
      vertex -2.3410838641935383 11.769423364838765 12.000000000000002
    endloop
  endfacet
  facet normal 0 0 0
    outer loop
      vertex -5.258140339772906 12.694273721140826 10.499999999999998
      vertex -7.633636595561943 11.424544519012175 10.499999999999998
      vertex -6.6668427962352235 9.977635347630544 12.000000000000002
    endloop
  endfacet
  facet normal 0 0 0
    outer loop
      vertex -5.258140339772906 12.694273721140826 10.499999999999998
      vertex -6.6668427962352235 9.977635347630544 12.000000000000002
      vertex -4.592201188381077 11.08655439013544 12.000000000000002
    endloop
  endfacet
  facet normal 0 0 0
    outer loop
      vertex -7.633636595561943 11.424544519012175 10.499999999999998
      vertex -9.715776477976263 9.715776477976265 10.499999999999998
      vertex -8.48528137423857 8.485281374238571 12.000000000000002
    endloop
  endfacet
  facet normal 0 0 0
    outer loop
      vertex -7.633636595561943 11.424544519012175 10.499999999999998
      vertex -8.48528137423857 8.485281374238571 12.000000000000002
      vertex -6.6668427962352235 9.977635347630544 12.000000000000002
    endloop
  endfacet
  facet normal 0 0 0
    outer loop
      vertex -9.715776477976263 9.715776477976265 10.499999999999998
      vertex -11.424544519012175 7.633636595561946 10.499999999999998
      vertex -9.977635347630544 6.666842796235226 12.000000000000002
    endloop
  endfacet
  facet normal 0 0 0
    outer loop
      vertex -9.715776477976263 9.715776477976265 10.499999999999998
      vertex -9.977635347630544 6.666842796235226 12.000000000000002
      vertex -8.48528137423857 8.485281374238571 12.000000000000002
    endloop
  endfacet
  facet normal 0 0 0
    outer loop
      vertex -11.424544519012175 7.633636595561946 10.499999999999998
      vertex -12.694273721140826 5.2581403397729085 10.499999999999998
      vertex -11.08655439013544 4.592201188381079 12.000000000000002
    endloop
  endfacet
  facet normal 0 0 0
    outer loop
      vertex -11.424544519012175 7.633636595561946 10.499999999999998
      vertex -11.08655439013544 4.592201188381079 12.000000000000002
      vertex -9.977635347630544 6.666842796235226 12.000000000000002
    endloop
  endfacet
  facet normal 0 0 0
    outer loop
      vertex -12.694273721140826 5.2581403397729085 10.499999999999998
      vertex -13.476169103196755 2.680576699525474 10.499999999999998
      vertex -11.769423364838765 2.341083864193543 12.000000000000002
    endloop
  endfacet
  facet normal 0 0 0
    outer loop
      vertex -12.694273721140826 5.2581403397729085 10.499999999999998
      vertex -11.769423364838765 2.341083864193543 12.000000000000002
      vertex -11.08655439013544 4.592201188381079 12.000000000000002
    endloop
  endfacet
  facet normal 0 0 0
    outer loop
      vertex -13.476169103196755 2.680576699525474 10.499999999999998
      vertex -13.740182864139534 1.6826870964267793e-15 10.499999999999998
      vertex -12 1.4695761589768238e-15 12.000000000000002
    endloop
  endfacet
  facet normal 0 0 0
    outer loop
      vertex -13.476169103196755 2.680576699525474 10.499999999999998
      vertex -12 1.4695761589768238e-15 12.000000000000002
      vertex -11.769423364838765 2.341083864193543 12.000000000000002
    endloop
  endfacet
  facet normal 0 0 0
    outer loop
      vertex -13.740182864139534 1.6826870964267793e-15 10.499999999999998
      vertex -13.476169103196755 -2.6805766995254707 10.499999999999998
      vertex -11.769423364838765 -2.34108386419354 12.000000000000002
    endloop
  endfacet
  facet normal 0 0 0
    outer loop
      vertex -13.740182864139534 1.6826870964267793e-15 10.499999999999998
      vertex -11.769423364838765 -2.34108386419354 12.000000000000002
      vertex -12 1.4695761589768238e-15 12.000000000000002
    endloop
  endfacet
  facet normal 0 0 0
    outer loop
      vertex -13.476169103196755 -2.6805766995254707 10.499999999999998
      vertex -12.694273721140828 -5.258140339772905 10.499999999999998
      vertex -11.086554390135442 -4.592201188381075 12.000000000000002
    endloop
  endfacet
  facet normal 0 0 0
    outer loop
      vertex -13.476169103196755 -2.6805766995254707 10.499999999999998
      vertex -11.086554390135442 -4.592201188381075 12.000000000000002
      vertex -11.769423364838765 -2.34108386419354 12.000000000000002
    endloop
  endfacet
  facet normal 0 0 0
    outer loop
      vertex -12.694273721140828 -5.258140339772905 10.499999999999998
      vertex -11.424544519012176 -7.633636595561943 10.499999999999998
      vertex -9.977635347630546 -6.6668427962352235 12.000000000000002
    endloop
  endfacet
  facet normal 0 0 0
    outer loop
      vertex -12.694273721140828 -5.258140339772905 10.499999999999998
      vertex -9.977635347630546 -6.6668427962352235 12.000000000000002
      vertex -11.086554390135442 -4.592201188381075 12.000000000000002
    endloop
  endfacet
  facet normal 0 0 0
    outer loop
      vertex -11.424544519012176 -7.633636595561943 10.499999999999998
      vertex -9.715776477976265 -9.715776477976263 10.499999999999998
      vertex -8.485281374238571 -8.48528137423857 12.000000000000002
    endloop
  endfacet
  facet normal 0 0 0
    outer loop
      vertex -11.424544519012176 -7.633636595561943 10.499999999999998
      vertex -8.485281374238571 -8.48528137423857 12.000000000000002
      vertex -9.977635347630546 -6.6668427962352235 12.000000000000002
    endloop
  endfacet
  facet normal 0 0 0
    outer loop
      vertex -9.715776477976265 -9.715776477976263 10.499999999999998
      vertex -7.633636595561946 -11.424544519012175 10.499999999999998
      vertex -6.666842796235226 -9.977635347630542 12.000000000000002
    endloop
  endfacet
  facet normal 0 0 0
    outer loop
      vertex -9.715776477976265 -9.715776477976263 10.499999999999998
      vertex -6.666842796235226 -9.977635347630542 12.000000000000002
      vertex -8.485281374238571 -8.48528137423857 12.000000000000002
    endloop
  endfacet
  facet normal 0 0 0
    outer loop
      vertex -7.633636595561946 -11.424544519012175 10.499999999999998
      vertex -5.258140339772915 -12.694273721140823 10.499999999999998
      vertex -4.592201188381084 -11.086554390135438 12.000000000000002
    endloop
  endfacet
  facet normal 0 0 0
    outer loop
      vertex -7.633636595561946 -11.424544519012175 10.499999999999998
      vertex -4.592201188381084 -11.086554390135438 12.000000000000002
      vertex -6.666842796235226 -9.977635347630542 12.000000000000002
    endloop
  endfacet
  facet normal 0 0 0
    outer loop
      vertex -5.258140339772915 -12.694273721140823 10.499999999999998
      vertex -2.6805766995254747 -13.476169103196753 10.499999999999998
      vertex -2.341083864193544 -11.769423364838763 12.000000000000002
    endloop
  endfacet
  facet normal 0 0 0
    outer loop
      vertex -5.258140339772915 -12.694273721140823 10.499999999999998
      vertex -2.341083864193544 -11.769423364838763 12.000000000000002
      vertex -4.592201188381084 -11.086554390135438 12.000000000000002
    endloop
  endfacet
  facet normal 0 0 0
    outer loop
      vertex -2.6805766995254747 -13.476169103196753 10.499999999999998
      vertex -2.5240306446401686e-15 -13.740182864139534 10.499999999999998
      vertex -2.204364238465236e-15 -12 12.000000000000002
    endloop
  endfacet
  facet normal 0 0 0
    outer loop
      vertex -2.6805766995254747 -13.476169103196753 10.499999999999998
      vertex -2.204364238465236e-15 -12 12.000000000000002
      vertex -2.341083864193544 -11.769423364838763 12.000000000000002
    endloop
  endfacet
  facet normal 0 0 0
    outer loop
      vertex -2.5240306446401686e-15 -13.740182864139534 10.499999999999998
      vertex 2.68057669952547 -13.476169103196755 10.499999999999998
      vertex 2.3410838641935396 -11.769423364838765 12.000000000000002
    endloop
  endfacet
  facet normal 0 0 0
    outer loop
      vertex -2.5240306446401686e-15 -13.740182864139534 10.499999999999998
      vertex 2.3410838641935396 -11.769423364838765 12.000000000000002
      vertex -2.204364238465236e-15 -12 12.000000000000002
    endloop
  endfacet
  facet normal 0 0 0
    outer loop
      vertex 2.68057669952547 -13.476169103196755 10.499999999999998
      vertex 5.25814033977291 -12.694273721140824 10.499999999999998
      vertex 4.59220118838108 -11.08655439013544 12.000000000000002
    endloop
  endfacet
  facet normal 0 0 0
    outer loop
      vertex 2.68057669952547 -13.476169103196755 10.499999999999998
      vertex 4.59220118838108 -11.08655439013544 12.000000000000002
      vertex 2.3410838641935396 -11.769423364838765 12.000000000000002
    endloop
  endfacet
  facet normal 0 0 0
    outer loop
      vertex 5.25814033977291 -12.694273721140824 10.499999999999998
      vertex 7.633636595561941 -11.424544519012176 10.499999999999998
      vertex 6.666842796235223 -9.977635347630546 12.000000000000002
    endloop
  endfacet
  facet normal 0 0 0
    outer loop
      vertex 5.25814033977291 -12.694273721140824 10.499999999999998
      vertex 6.666842796235223 -9.977635347630546 12.000000000000002
      vertex 4.59220118838108 -11.08655439013544 12.000000000000002
    endloop
  endfacet
  facet normal 0 0 0
    outer loop
      vertex 7.633636595561941 -11.424544519012176 10.499999999999998
      vertex 9.715776477976261 -9.715776477976265 10.499999999999998
      vertex 8.485281374238568 -8.485281374238571 12.000000000000002
    endloop
  endfacet
  facet normal 0 0 0
    outer loop
      vertex 7.633636595561941 -11.424544519012176 10.499999999999998
      vertex 8.485281374238568 -8.485281374238571 12.000000000000002
      vertex 6.666842796235223 -9.977635347630546 12.000000000000002
    endloop
  endfacet
  facet normal 0 0 0
    outer loop
      vertex 9.715776477976261 -9.715776477976265 10.499999999999998
      vertex 11.424544519012175 -7.633636595561946 10.499999999999998
      vertex 9.977635347630542 -6.666842796235226 12.000000000000002
    endloop
  endfacet
  facet normal 0 0 0
    outer loop
      vertex 9.715776477976261 -9.715776477976265 10.499999999999998
      vertex 9.977635347630542 -6.666842796235226 12.000000000000002
      vertex 8.485281374238568 -8.485281374238571 12.000000000000002
    endloop
  endfacet
  facet normal 0 0 0
    outer loop
      vertex 11.424544519012175 -7.633636595561946 10.499999999999998
      vertex 12.694273721140823 -5.258140339772916 10.499999999999998
      vertex 11.086554390135438 -4.592201188381084 12.000000000000002
    endloop
  endfacet
  facet normal 0 0 0
    outer loop
      vertex 11.424544519012175 -7.633636595561946 10.499999999999998
      vertex 11.086554390135438 -4.592201188381084 12.000000000000002
      vertex 9.977635347630542 -6.666842796235226 12.000000000000002
    endloop
  endfacet
  facet normal 0 0 0
    outer loop
      vertex 12.694273721140823 -5.258140339772916 10.499999999999998
      vertex 13.476169103196753 -2.6805766995254756 10.499999999999998
      vertex 11.769423364838763 -2.3410838641935445 12.000000000000002
    endloop
  endfacet
  facet normal 0 0 0
    outer loop
      vertex 12.694273721140823 -5.258140339772916 10.499999999999998
      vertex 11.769423364838763 -2.3410838641935445 12.000000000000002
      vertex 11.086554390135438 -4.592201188381084 12.000000000000002
    endloop
  endfacet
  facet normal 0 0 0
    outer loop
      vertex 13.476169103196753 -2.6805766995254756 10.499999999999998
      vertex 13.740182864139534 0 10.499999999999998
      vertex 12 0 12.000000000000002
    endloop
  endfacet
  facet normal 0 0 0
    outer loop
      vertex 13.476169103196753 -2.6805766995254756 10.499999999999998
      vertex 12 0 12.000000000000002
      vertex 11.769423364838763 -2.3410838641935445 12.000000000000002
    endloop
  endfacet
  facet normal 0 0 0
    outer loop
      vertex 12 0 12.000000000000002
      vertex 11.769423364838765 2.341083864193539 12.000000000000002
      vertex 9.928425561898766 1.9748866328699948 13.5
    endloop
  endfacet
  facet normal 0 0 0
    outer loop
      vertex 12 0 12.000000000000002
      vertex 9.928425561898766 1.9748866328699948 13.5
      vertex 10.122934917841437 0 13.5
    endloop
  endfacet
  facet normal 0 0 0
    outer loop
      vertex 11.769423364838765 2.341083864193539 12.000000000000002
      vertex 11.08655439013544 4.592201188381077 12.000000000000002
      vertex 9.352372379537528 3.873879479967979 13.5
    endloop
  endfacet
  facet normal 0 0 0
    outer loop
      vertex 11.769423364838765 2.341083864193539 12.000000000000002
      vertex 9.352372379537528 3.873879479967979 13.5
      vertex 9.928425561898766 1.9748866328699948 13.5
    endloop
  endfacet
  facet normal 0 0 0
    outer loop
      vertex 11.08655439013544 4.592201188381077 12.000000000000002
      vertex 9.977635347630542 6.666842796235226 12.000000000000002
      vertex 8.416912771501517 5.624001311147435 13.5
    endloop
  endfacet
  facet normal 0 0 0
    outer loop
      vertex 11.08655439013544 4.592201188381077 12.000000000000002
      vertex 8.416912771501517 5.624001311147435 13.5
      vertex 9.352372379537528 3.873879479967979 13.5
    endloop
  endfacet
  facet normal 0 0 0
    outer loop
      vertex 9.977635347630542 6.666842796235226 12.000000000000002
      vertex 8.485281374238571 8.48528137423857 12.000000000000002
      vertex 7.157995925915767 7.157995925915766 13.5
    endloop
  endfacet
  facet normal 0 0 0
    outer loop
      vertex 9.977635347630542 6.666842796235226 12.000000000000002
      vertex 7.157995925915767 7.157995925915766 13.5
      vertex 8.416912771501517 5.624001311147435 13.5
    endloop
  endfacet
  facet normal 0 0 0
    outer loop
      vertex 8.485281374238571 8.48528137423857 12.000000000000002
      vertex 6.666842796235228 9.977635347630542 12.000000000000002
      vertex 5.624001311147436 8.416912771501517 13.5
    endloop
  endfacet
  facet normal 0 0 0
    outer loop
      vertex 8.485281374238571 8.48528137423857 12.000000000000002
      vertex 5.624001311147436 8.416912771501517 13.5
      vertex 7.157995925915767 7.157995925915766 13.5
    endloop
  endfacet
  facet normal 0 0 0
    outer loop
      vertex 6.666842796235228 9.977635347630542 12.000000000000002
      vertex 4.592201188381078 11.08655439013544 12.000000000000002
      vertex 3.87387947996798 9.352372379537528 13.5
    endloop
  endfacet
  facet normal 0 0 0
    outer loop
      vertex 6.666842796235228 9.977635347630542 12.000000000000002
      vertex 3.87387947996798 9.352372379537528 13.5
      vertex 5.624001311147436 8.416912771501517 13.5
    endloop
  endfacet
  facet normal 0 0 0
    outer loop
      vertex 4.592201188381078 11.08655439013544 12.000000000000002
      vertex 2.34108386419354 11.769423364838765 12.000000000000002
      vertex 1.9748866328699957 9.928425561898766 13.5
    endloop
  endfacet
  facet normal 0 0 0
    outer loop
      vertex 4.592201188381078 11.08655439013544 12.000000000000002
      vertex 1.9748866328699957 9.928425561898766 13.5
      vertex 3.87387947996798 9.352372379537528 13.5
    endloop
  endfacet
  facet normal 0 0 0
    outer loop
      vertex 2.34108386419354 11.769423364838765 12.000000000000002
      vertex 7.347880794884119e-16 12 12.000000000000002
      vertex 6.198509922555745e-16 10.122934917841437 13.5
    endloop
  endfacet
  facet normal 0 0 0
    outer loop
      vertex 2.34108386419354 11.769423364838765 12.000000000000002
      vertex 6.198509922555745e-16 10.122934917841437 13.5
      vertex 1.9748866328699957 9.928425561898766 13.5
    endloop
  endfacet
  facet normal 0 0 0
    outer loop
      vertex 7.347880794884119e-16 12 12.000000000000002
      vertex -2.3410838641935383 11.769423364838765 12.000000000000002
      vertex -1.974886632869994 9.928425561898766 13.5
    endloop
  endfacet
  facet normal 0 0 0
    outer loop
      vertex 7.347880794884119e-16 12 12.000000000000002
      vertex -1.974886632869994 9.928425561898766 13.5
      vertex 6.198509922555745e-16 10.122934917841437 13.5
    endloop
  endfacet
  facet normal 0 0 0
    outer loop
      vertex -2.3410838641935383 11.769423364838765 12.000000000000002
      vertex -4.592201188381077 11.08655439013544 12.000000000000002
      vertex -3.8738794799679788 9.352372379537528 13.5
    endloop
  endfacet
  facet normal 0 0 0
    outer loop
      vertex -2.3410838641935383 11.769423364838765 12.000000000000002
      vertex -3.8738794799679788 9.352372379537528 13.5
      vertex -1.974886632869994 9.928425561898766 13.5
    endloop
  endfacet
  facet normal 0 0 0
    outer loop
      vertex -4.592201188381077 11.08655439013544 12.000000000000002
      vertex -6.6668427962352235 9.977635347630544 12.000000000000002
      vertex -5.624001311147433 8.416912771501519 13.5
    endloop
  endfacet
  facet normal 0 0 0
    outer loop
      vertex -4.592201188381077 11.08655439013544 12.000000000000002
      vertex -5.624001311147433 8.416912771501519 13.5
      vertex -3.8738794799679788 9.352372379537528 13.5
    endloop
  endfacet
  facet normal 0 0 0
    outer loop
      vertex -6.6668427962352235 9.977635347630544 12.000000000000002
      vertex -8.48528137423857 8.485281374238571 12.000000000000002
      vertex -7.157995925915766 7.157995925915767 13.5
    endloop
  endfacet
  facet normal 0 0 0
    outer loop
      vertex -6.6668427962352235 9.977635347630544 12.000000000000002
      vertex -7.157995925915766 7.157995925915767 13.5
      vertex -5.624001311147433 8.416912771501519 13.5
    endloop
  endfacet
  facet normal 0 0 0
    outer loop
      vertex -8.48528137423857 8.485281374238571 12.000000000000002
      vertex -9.977635347630544 6.666842796235226 12.000000000000002
      vertex -8.416912771501519 5.624001311147435 13.5
    endloop
  endfacet
  facet normal 0 0 0
    outer loop
      vertex -8.48528137423857 8.485281374238571 12.000000000000002
      vertex -8.416912771501519 5.624001311147435 13.5
      vertex -7.157995925915766 7.157995925915767 13.5
    endloop
  endfacet
  facet normal 0 0 0
    outer loop
      vertex -9.977635347630544 6.666842796235226 12.000000000000002
      vertex -11.08655439013544 4.592201188381079 12.000000000000002
      vertex -9.352372379537528 3.8738794799679805 13.5
    endloop
  endfacet
  facet normal 0 0 0
    outer loop
      vertex -9.977635347630544 6.666842796235226 12.000000000000002
      vertex -9.352372379537528 3.8738794799679805 13.5
      vertex -8.416912771501519 5.624001311147435 13.5
    endloop
  endfacet
  facet normal 0 0 0
    outer loop
      vertex -11.08655439013544 4.592201188381079 12.000000000000002
      vertex -11.769423364838765 2.341083864193543 12.000000000000002
      vertex -9.928425561898766 1.9748866328699983 13.5
    endloop
  endfacet
  facet normal 0 0 0
    outer loop
      vertex -11.08655439013544 4.592201188381079 12.000000000000002
      vertex -9.928425561898766 1.9748866328699983 13.5
      vertex -9.352372379537528 3.8738794799679805 13.5
    endloop
  endfacet
  facet normal 0 0 0
    outer loop
      vertex -11.769423364838765 2.341083864193543 12.000000000000002
      vertex -12 1.4695761589768238e-15 12.000000000000002
      vertex -10.122934917841437 1.239701984511149e-15 13.5
    endloop
  endfacet
  facet normal 0 0 0
    outer loop
      vertex -11.769423364838765 2.341083864193543 12.000000000000002
      vertex -10.122934917841437 1.239701984511149e-15 13.5
      vertex -9.928425561898766 1.9748866328699983 13.5
    endloop
  endfacet
  facet normal 0 0 0
    outer loop
      vertex -12 1.4695761589768238e-15 12.000000000000002
      vertex -11.769423364838765 -2.34108386419354 12.000000000000002
      vertex -9.928425561898766 -1.9748866328699959 13.5
    endloop
  endfacet
  facet normal 0 0 0
    outer loop
      vertex -12 1.4695761589768238e-15 12.000000000000002
      vertex -9.928425561898766 -1.9748866328699959 13.5
      vertex -10.122934917841437 1.239701984511149e-15 13.5
    endloop
  endfacet
  facet normal 0 0 0
    outer loop
      vertex -11.769423364838765 -2.34108386419354 12.000000000000002
      vertex -11.086554390135442 -4.592201188381075 12.000000000000002
      vertex -9.35237237953753 -3.873879479967978 13.5
    endloop
  endfacet
  facet normal 0 0 0
    outer loop
      vertex -11.769423364838765 -2.34108386419354 12.000000000000002
      vertex -9.35237237953753 -3.873879479967978 13.5
      vertex -9.928425561898766 -1.9748866328699959 13.5
    endloop
  endfacet
  facet normal 0 0 0
    outer loop
      vertex -11.086554390135442 -4.592201188381075 12.000000000000002
      vertex -9.977635347630546 -6.6668427962352235 12.000000000000002
      vertex -8.41691277150152 -5.624001311147433 13.5
    endloop
  endfacet
  facet normal 0 0 0
    outer loop
      vertex -11.086554390135442 -4.592201188381075 12.000000000000002
      vertex -8.41691277150152 -5.624001311147433 13.5
      vertex -9.35237237953753 -3.873879479967978 13.5
    endloop
  endfacet
  facet normal 0 0 0
    outer loop
      vertex -9.977635347630546 -6.6668427962352235 12.000000000000002
      vertex -8.485281374238571 -8.48528137423857 12.000000000000002
      vertex -7.157995925915769 -7.157995925915766 13.5
    endloop
  endfacet
  facet normal 0 0 0
    outer loop
      vertex -9.977635347630546 -6.6668427962352235 12.000000000000002
      vertex -7.157995925915769 -7.157995925915766 13.5
      vertex -8.41691277150152 -5.624001311147433 13.5
    endloop
  endfacet
  facet normal 0 0 0
    outer loop
      vertex -8.485281374238571 -8.48528137423857 12.000000000000002
      vertex -6.666842796235226 -9.977635347630542 12.000000000000002
      vertex -5.624001311147435 -8.416912771501517 13.5
    endloop
  endfacet
  facet normal 0 0 0
    outer loop
      vertex -8.485281374238571 -8.48528137423857 12.000000000000002
      vertex -5.624001311147435 -8.416912771501517 13.5
      vertex -7.157995925915769 -7.157995925915766 13.5
    endloop
  endfacet
  facet normal 0 0 0
    outer loop
      vertex -6.666842796235226 -9.977635347630542 12.000000000000002
      vertex -4.592201188381084 -11.086554390135438 12.000000000000002
      vertex -3.873879479967985 -9.352372379537526 13.5
    endloop
  endfacet
  facet normal 0 0 0
    outer loop
      vertex -6.666842796235226 -9.977635347630542 12.000000000000002
      vertex -3.873879479967985 -9.352372379537526 13.5
      vertex -5.624001311147435 -8.416912771501517 13.5
    endloop
  endfacet
  facet normal 0 0 0
    outer loop
      vertex -4.592201188381084 -11.086554390135438 12.000000000000002
      vertex -2.341083864193544 -11.769423364838763 12.000000000000002
      vertex -1.974886632869999 -9.928425561898765 13.5
    endloop
  endfacet
  facet normal 0 0 0
    outer loop
      vertex -4.592201188381084 -11.086554390135438 12.000000000000002
      vertex -1.974886632869999 -9.928425561898765 13.5
      vertex -3.873879479967985 -9.352372379537526 13.5
    endloop
  endfacet
  facet normal 0 0 0
    outer loop
      vertex -2.341083864193544 -11.769423364838763 12.000000000000002
      vertex -2.204364238465236e-15 -12 12.000000000000002
      vertex -1.8595529767667237e-15 -10.122934917841437 13.5
    endloop
  endfacet
  facet normal 0 0 0
    outer loop
      vertex -2.341083864193544 -11.769423364838763 12.000000000000002
      vertex -1.8595529767667237e-15 -10.122934917841437 13.5
      vertex -1.974886632869999 -9.928425561898765 13.5
    endloop
  endfacet
  facet normal 0 0 0
    outer loop
      vertex -2.204364238465236e-15 -12 12.000000000000002
      vertex 2.3410838641935396 -11.769423364838765 12.000000000000002
      vertex 1.9748866328699954 -9.928425561898766 13.5
    endloop
  endfacet
  facet normal 0 0 0
    outer loop
      vertex -2.204364238465236e-15 -12 12.000000000000002
      vertex 1.9748866328699954 -9.928425561898766 13.5
      vertex -1.8595529767667237e-15 -10.122934917841437 13.5
    endloop
  endfacet
  facet normal 0 0 0
    outer loop
      vertex 2.3410838641935396 -11.769423364838765 12.000000000000002
      vertex 4.59220118838108 -11.08655439013544 12.000000000000002
      vertex 3.8738794799679814 -9.352372379537528 13.5
    endloop
  endfacet
  facet normal 0 0 0
    outer loop
      vertex 2.3410838641935396 -11.769423364838765 12.000000000000002
      vertex 3.8738794799679814 -9.352372379537528 13.5
      vertex 1.9748866328699954 -9.928425561898766 13.5
    endloop
  endfacet
  facet normal 0 0 0
    outer loop
      vertex 4.59220118838108 -11.08655439013544 12.000000000000002
      vertex 6.666842796235223 -9.977635347630546 12.000000000000002
      vertex 5.624001311147431 -8.41691277150152 13.5
    endloop
  endfacet
  facet normal 0 0 0
    outer loop
      vertex 4.59220118838108 -11.08655439013544 12.000000000000002
      vertex 5.624001311147431 -8.41691277150152 13.5
      vertex 3.8738794799679814 -9.352372379537528 13.5
    endloop
  endfacet
  facet normal 0 0 0
    outer loop
      vertex 6.666842796235223 -9.977635347630546 12.000000000000002
      vertex 8.485281374238568 -8.485281374238571 12.000000000000002
      vertex 7.157995925915765 -7.157995925915769 13.5
    endloop
  endfacet
  facet normal 0 0 0
    outer loop
      vertex 6.666842796235223 -9.977635347630546 12.000000000000002
      vertex 7.157995925915765 -7.157995925915769 13.5
      vertex 5.624001311147431 -8.41691277150152 13.5
    endloop
  endfacet
  facet normal 0 0 0
    outer loop
      vertex 8.485281374238568 -8.485281374238571 12.000000000000002
      vertex 9.977635347630542 -6.666842796235226 12.000000000000002
      vertex 8.416912771501517 -5.624001311147435 13.5
    endloop
  endfacet
  facet normal 0 0 0
    outer loop
      vertex 8.485281374238568 -8.485281374238571 12.000000000000002
      vertex 8.416912771501517 -5.624001311147435 13.5
      vertex 7.157995925915765 -7.157995925915769 13.5
    endloop
  endfacet
  facet normal 0 0 0
    outer loop
      vertex 9.977635347630542 -6.666842796235226 12.000000000000002
      vertex 11.086554390135438 -4.592201188381084 12.000000000000002
      vertex 9.352372379537526 -3.8738794799679854 13.5
    endloop
  endfacet
  facet normal 0 0 0
    outer loop
      vertex 9.977635347630542 -6.666842796235226 12.000000000000002
      vertex 9.352372379537526 -3.8738794799679854 13.5
      vertex 8.416912771501517 -5.624001311147435 13.5
    endloop
  endfacet
  facet normal 0 0 0
    outer loop
      vertex 11.086554390135438 -4.592201188381084 12.000000000000002
      vertex 11.769423364838763 -2.3410838641935445 12.000000000000002
      vertex 9.928425561898765 -1.9748866328699997 13.5
    endloop
  endfacet
  facet normal 0 0 0
    outer loop
      vertex 11.086554390135438 -4.592201188381084 12.000000000000002
      vertex 9.928425561898765 -1.9748866328699997 13.5
      vertex 9.352372379537526 -3.8738794799679854 13.5
    endloop
  endfacet
  facet normal 0 0 0
    outer loop
      vertex 11.769423364838763 -2.3410838641935445 12.000000000000002
      vertex 12 0 12.000000000000002
      vertex 10.122934917841437 0 13.5
    endloop
  endfacet
  facet normal 0 0 0
    outer loop
      vertex 11.769423364838763 -2.3410838641935445 12.000000000000002
      vertex 10.122934917841437 0 13.5
      vertex 9.928425561898765 -1.9748866328699997 13.5
    endloop
  endfacet
  facet normal 0 0 0
    outer loop
      vertex 10.122934917841437 0 13.5
      vertex 9.928425561898766 1.9748866328699948 13.5
      vertex 7.98467567720608 1.5882507417118352 14.999999999999998
    endloop
  endfacet
  facet normal 0 0 0
    outer loop
      vertex 10.122934917841437 0 13.5
      vertex 7.98467567720608 1.5882507417118352 14.999999999999998
      vertex 8.141104721640335 0 14.999999999999998
    endloop
  endfacet
  facet normal 0 0 0
    outer loop
      vertex 9.928425561898766 1.9748866328699948 13.5
      vertex 9.352372379537528 3.873879479967979 13.5
      vertex 7.521400024354502 3.1154658981209624 14.999999999999998
    endloop
  endfacet
  facet normal 0 0 0
    outer loop
      vertex 9.928425561898766 1.9748866328699948 13.5
      vertex 7.521400024354502 3.1154658981209624 14.999999999999998
      vertex 7.98467567720608 1.5882507417118352 14.999999999999998
    endloop
  endfacet
  facet normal 0 0 0
    outer loop
      vertex 9.352372379537528 3.873879479967979 13.5
      vertex 8.416912771501517 5.624001311147435 13.5
      vertex 6.76908118661671 4.522955447238704 14.999999999999998
    endloop
  endfacet
  facet normal 0 0 0
    outer loop
      vertex 9.352372379537528 3.873879479967979 13.5
      vertex 6.76908118661671 4.522955447238704 14.999999999999998
      vertex 7.521400024354502 3.1154658981209624 14.999999999999998
    endloop
  endfacet
  facet normal 0 0 0
    outer loop
      vertex 8.416912771501517 5.624001311147435 13.5
      vertex 7.157995925915767 7.157995925915766 13.5
      vertex 5.756630355021702 5.756630355021701 14.999999999999998
    endloop
  endfacet
  facet normal 0 0 0
    outer loop
      vertex 8.416912771501517 5.624001311147435 13.5
      vertex 5.756630355021702 5.756630355021701 14.999999999999998
      vertex 6.76908118661671 4.522955447238704 14.999999999999998
    endloop
  endfacet
  facet normal 0 0 0
    outer loop
      vertex 7.157995925915767 7.157995925915766 13.5
      vertex 5.624001311147436 8.416912771501517 13.5
      vertex 4.522955447238705 6.76908118661671 14.999999999999998
    endloop
  endfacet
  facet normal 0 0 0
    outer loop
      vertex 7.157995925915767 7.157995925915766 13.5
      vertex 4.522955447238705 6.76908118661671 14.999999999999998
      vertex 5.756630355021702 5.756630355021701 14.999999999999998
    endloop
  endfacet
  facet normal 0 0 0
    outer loop
      vertex 5.624001311147436 8.416912771501517 13.5
      vertex 3.87387947996798 9.352372379537528 13.5
      vertex 3.115465898120963 7.521400024354502 14.999999999999998
    endloop
  endfacet
  facet normal 0 0 0
    outer loop
      vertex 5.624001311147436 8.416912771501517 13.5
      vertex 3.115465898120963 7.521400024354502 14.999999999999998
      vertex 4.522955447238705 6.76908118661671 14.999999999999998
    endloop
  endfacet
  facet normal 0 0 0
    outer loop
      vertex 3.87387947996798 9.352372379537528 13.5
      vertex 1.9748866328699957 9.928425561898766 13.5
      vertex 1.588250741711836 7.98467567720608 14.999999999999998
    endloop
  endfacet
  facet normal 0 0 0
    outer loop
      vertex 3.87387947996798 9.352372379537528 13.5
      vertex 1.588250741711836 7.98467567720608 14.999999999999998
      vertex 3.115465898120963 7.521400024354502 14.999999999999998
    endloop
  endfacet
  facet normal 0 0 0
    outer loop
      vertex 1.9748866328699957 9.928425561898766 13.5
      vertex 6.198509922555745e-16 10.122934917841437 13.5
      vertex 4.98498891944012e-16 8.141104721640335 14.999999999999998
    endloop
  endfacet
  facet normal 0 0 0
    outer loop
      vertex 1.9748866328699957 9.928425561898766 13.5
      vertex 4.98498891944012e-16 8.141104721640335 14.999999999999998
      vertex 1.588250741711836 7.98467567720608 14.999999999999998
    endloop
  endfacet
  facet normal 0 0 0
    outer loop
      vertex 6.198509922555745e-16 10.122934917841437 13.5
      vertex -1.974886632869994 9.928425561898766 13.5
      vertex -1.5882507417118348 7.98467567720608 14.999999999999998
    endloop
  endfacet
  facet normal 0 0 0
    outer loop
      vertex 6.198509922555745e-16 10.122934917841437 13.5
      vertex -1.5882507417118348 7.98467567720608 14.999999999999998
      vertex 4.98498891944012e-16 8.141104721640335 14.999999999999998
    endloop
  endfacet
  facet normal 0 0 0
    outer loop
      vertex -1.974886632869994 9.928425561898766 13.5
      vertex -3.8738794799679788 9.352372379537528 13.5
      vertex -3.115465898120962 7.521400024354502 14.999999999999998
    endloop
  endfacet
  facet normal 0 0 0
    outer loop
      vertex -1.974886632869994 9.928425561898766 13.5
      vertex -3.115465898120962 7.521400024354502 14.999999999999998
      vertex -1.5882507417118348 7.98467567720608 14.999999999999998
    endloop
  endfacet
  facet normal 0 0 0
    outer loop
      vertex -3.8738794799679788 9.352372379537528 13.5
      vertex -5.624001311147433 8.416912771501519 13.5
      vertex -4.522955447238703 6.769081186616711 14.999999999999998
    endloop
  endfacet
  facet normal 0 0 0
    outer loop
      vertex -3.8738794799679788 9.352372379537528 13.5
      vertex -4.522955447238703 6.769081186616711 14.999999999999998
      vertex -3.115465898120962 7.521400024354502 14.999999999999998
    endloop
  endfacet
  facet normal 0 0 0
    outer loop
      vertex -5.624001311147433 8.416912771501519 13.5
      vertex -7.157995925915766 7.157995925915767 13.5
      vertex -5.756630355021701 5.756630355021702 14.999999999999998
    endloop
  endfacet
  facet normal 0 0 0
    outer loop
      vertex -5.624001311147433 8.416912771501519 13.5
      vertex -5.756630355021701 5.756630355021702 14.999999999999998
      vertex -4.522955447238703 6.769081186616711 14.999999999999998
    endloop
  endfacet
  facet normal 0 0 0
    outer loop
      vertex -7.157995925915766 7.157995925915767 13.5
      vertex -8.416912771501519 5.624001311147435 13.5
      vertex -6.769081186616711 4.522955447238704 14.999999999999998
    endloop
  endfacet
  facet normal 0 0 0
    outer loop
      vertex -7.157995925915766 7.157995925915767 13.5
      vertex -6.769081186616711 4.522955447238704 14.999999999999998
      vertex -5.756630355021701 5.756630355021702 14.999999999999998
    endloop
  endfacet
  facet normal 0 0 0
    outer loop
      vertex -8.416912771501519 5.624001311147435 13.5
      vertex -9.352372379537528 3.8738794799679805 13.5
      vertex -7.521400024354502 3.1154658981209633 14.999999999999998
    endloop
  endfacet
  facet normal 0 0 0
    outer loop
      vertex -8.416912771501519 5.624001311147435 13.5
      vertex -7.521400024354502 3.1154658981209633 14.999999999999998
      vertex -6.769081186616711 4.522955447238704 14.999999999999998
    endloop
  endfacet
  facet normal 0 0 0
    outer loop
      vertex -9.352372379537528 3.8738794799679805 13.5
      vertex -9.928425561898766 1.9748866328699983 13.5
      vertex -7.98467567720608 1.588250741711838 14.999999999999998
    endloop
  endfacet
  facet normal 0 0 0
    outer loop
      vertex -9.352372379537528 3.8738794799679805 13.5
      vertex -7.98467567720608 1.588250741711838 14.999999999999998
      vertex -7.521400024354502 3.1154658981209633 14.999999999999998
    endloop
  endfacet
  facet normal 0 0 0
    outer loop
      vertex -9.928425561898766 1.9748866328699983 13.5
      vertex -10.122934917841437 1.239701984511149e-15 13.5
      vertex -8.141104721640335 9.96997783888024e-16 14.999999999999998
    endloop
  endfacet
  facet normal 0 0 0
    outer loop
      vertex -9.928425561898766 1.9748866328699983 13.5
      vertex -8.141104721640335 9.96997783888024e-16 14.999999999999998
      vertex -7.98467567720608 1.588250741711838 14.999999999999998
    endloop
  endfacet
  facet normal 0 0 0
    outer loop
      vertex -10.122934917841437 1.239701984511149e-15 13.5
      vertex -9.928425561898766 -1.9748866328699959 13.5
      vertex -7.98467567720608 -1.5882507417118361 14.999999999999998
    endloop
  endfacet
  facet normal 0 0 0
    outer loop
      vertex -10.122934917841437 1.239701984511149e-15 13.5
      vertex -7.98467567720608 -1.5882507417118361 14.999999999999998
      vertex -8.141104721640335 9.96997783888024e-16 14.999999999999998
    endloop
  endfacet
  facet normal 0 0 0
    outer loop
      vertex -9.928425561898766 -1.9748866328699959 13.5
      vertex -9.35237237953753 -3.873879479967978 13.5
      vertex -7.521400024354503 -3.115465898120961 14.999999999999998
    endloop
  endfacet
  facet normal 0 0 0
    outer loop
      vertex -9.928425561898766 -1.9748866328699959 13.5
      vertex -7.521400024354503 -3.115465898120961 14.999999999999998
      vertex -7.98467567720608 -1.5882507417118361 14.999999999999998
    endloop
  endfacet
  facet normal 0 0 0
    outer loop
      vertex -9.35237237953753 -3.873879479967978 13.5
      vertex -8.41691277150152 -5.624001311147433 13.5
      vertex -6.769081186616712 -4.522955447238703 14.999999999999998
    endloop
  endfacet
  facet normal 0 0 0
    outer loop
      vertex -9.35237237953753 -3.873879479967978 13.5
      vertex -6.769081186616712 -4.522955447238703 14.999999999999998
      vertex -7.521400024354503 -3.115465898120961 14.999999999999998
    endloop
  endfacet
  facet normal 0 0 0
    outer loop
      vertex -8.41691277150152 -5.624001311147433 13.5
      vertex -7.157995925915769 -7.157995925915766 13.5
      vertex -5.756630355021703 -5.756630355021701 14.999999999999998
    endloop
  endfacet
  facet normal 0 0 0
    outer loop
      vertex -8.41691277150152 -5.624001311147433 13.5
      vertex -5.756630355021703 -5.756630355021701 14.999999999999998
      vertex -6.769081186616712 -4.522955447238703 14.999999999999998
    endloop
  endfacet
  facet normal 0 0 0
    outer loop
      vertex -7.157995925915769 -7.157995925915766 13.5
      vertex -5.624001311147435 -8.416912771501517 13.5
      vertex -4.522955447238704 -6.76908118661671 14.999999999999998
    endloop
  endfacet
  facet normal 0 0 0
    outer loop
      vertex -7.157995925915769 -7.157995925915766 13.5
      vertex -4.522955447238704 -6.76908118661671 14.999999999999998
      vertex -5.756630355021703 -5.756630355021701 14.999999999999998
    endloop
  endfacet
  facet normal 0 0 0
    outer loop
      vertex -5.624001311147435 -8.416912771501517 13.5
      vertex -3.873879479967985 -9.352372379537526 13.5
      vertex -3.115465898120967 -7.5214000243545005 14.999999999999998
    endloop
  endfacet
  facet normal 0 0 0
    outer loop
      vertex -5.624001311147435 -8.416912771501517 13.5
      vertex -3.115465898120967 -7.5214000243545005 14.999999999999998
      vertex -4.522955447238704 -6.76908118661671 14.999999999999998
    endloop
  endfacet
  facet normal 0 0 0
    outer loop
      vertex -3.873879479967985 -9.352372379537526 13.5
      vertex -1.974886632869999 -9.928425561898765 13.5
      vertex -1.5882507417118386 -7.984675677206079 14.999999999999998
    endloop
  endfacet
  facet normal 0 0 0
    outer loop
      vertex -3.873879479967985 -9.352372379537526 13.5
      vertex -1.5882507417118386 -7.984675677206079 14.999999999999998
      vertex -3.115465898120967 -7.5214000243545005 14.999999999999998
    endloop
  endfacet
  facet normal 0 0 0
    outer loop
      vertex -1.974886632869999 -9.928425561898765 13.5
      vertex -1.8595529767667237e-15 -10.122934917841437 13.5
      vertex -1.495496675832036e-15 -8.141104721640335 14.999999999999998
    endloop
  endfacet
  facet normal 0 0 0
    outer loop
      vertex -1.974886632869999 -9.928425561898765 13.5
      vertex -1.495496675832036e-15 -8.141104721640335 14.999999999999998
      vertex -1.5882507417118386 -7.984675677206079 14.999999999999998
    endloop
  endfacet
  facet normal 0 0 0
    outer loop
      vertex -1.8595529767667237e-15 -10.122934917841437 13.5
      vertex 1.9748866328699954 -9.928425561898766 13.5
      vertex 1.5882507417118357 -7.98467567720608 14.999999999999998
    endloop
  endfacet
  facet normal 0 0 0
    outer loop
      vertex -1.8595529767667237e-15 -10.122934917841437 13.5
      vertex 1.5882507417118357 -7.98467567720608 14.999999999999998
      vertex -1.495496675832036e-15 -8.141104721640335 14.999999999999998
    endloop
  endfacet
  facet normal 0 0 0
    outer loop
      vertex 1.9748866328699954 -9.928425561898766 13.5
      vertex 3.8738794799679814 -9.352372379537528 13.5
      vertex 3.115465898120964 -7.521400024354501 14.999999999999998
    endloop
  endfacet
  facet normal 0 0 0
    outer loop
      vertex 1.9748866328699954 -9.928425561898766 13.5
      vertex 3.115465898120964 -7.521400024354501 14.999999999999998
      vertex 1.5882507417118357 -7.98467567720608 14.999999999999998
    endloop
  endfacet
  facet normal 0 0 0
    outer loop
      vertex 3.8738794799679814 -9.352372379537528 13.5
      vertex 5.624001311147431 -8.41691277150152 13.5
      vertex 4.522955447238702 -6.769081186616712 14.999999999999998
    endloop
  endfacet
  facet normal 0 0 0
    outer loop
      vertex 3.8738794799679814 -9.352372379537528 13.5
      vertex 4.522955447238702 -6.769081186616712 14.999999999999998
      vertex 3.115465898120964 -7.521400024354501 14.999999999999998
    endloop
  endfacet
  facet normal 0 0 0
    outer loop
      vertex 5.624001311147431 -8.41691277150152 13.5
      vertex 7.157995925915765 -7.157995925915769 13.5
      vertex 5.7566303550217 -5.756630355021703 14.999999999999998
    endloop
  endfacet
  facet normal 0 0 0
    outer loop
      vertex 5.624001311147431 -8.41691277150152 13.5
      vertex 5.7566303550217 -5.756630355021703 14.999999999999998
      vertex 4.522955447238702 -6.769081186616712 14.999999999999998
    endloop
  endfacet
  facet normal 0 0 0
    outer loop
      vertex 7.157995925915765 -7.157995925915769 13.5
      vertex 8.416912771501517 -5.624001311147435 13.5
      vertex 6.76908118661671 -4.522955447238704 14.999999999999998
    endloop
  endfacet
  facet normal 0 0 0
    outer loop
      vertex 7.157995925915765 -7.157995925915769 13.5
      vertex 6.76908118661671 -4.522955447238704 14.999999999999998
      vertex 5.7566303550217 -5.756630355021703 14.999999999999998
    endloop
  endfacet
  facet normal 0 0 0
    outer loop
      vertex 8.416912771501517 -5.624001311147435 13.5
      vertex 9.352372379537526 -3.8738794799679854 13.5
      vertex 7.5214000243545005 -3.1154658981209673 14.999999999999998
    endloop
  endfacet
  facet normal 0 0 0
    outer loop
      vertex 8.416912771501517 -5.624001311147435 13.5
      vertex 7.5214000243545005 -3.1154658981209673 14.999999999999998
      vertex 6.76908118661671 -4.522955447238704 14.999999999999998
    endloop
  endfacet
  facet normal 0 0 0
    outer loop
      vertex 9.352372379537526 -3.8738794799679854 13.5
      vertex 9.928425561898765 -1.9748866328699997 13.5
      vertex 7.984675677206079 -1.588250741711839 14.999999999999998
    endloop
  endfacet
  facet normal 0 0 0
    outer loop
      vertex 9.352372379537526 -3.8738794799679854 13.5
      vertex 7.984675677206079 -1.588250741711839 14.999999999999998
      vertex 7.5214000243545005 -3.1154658981209673 14.999999999999998
    endloop
  endfacet
  facet normal 0 0 0
    outer loop
      vertex 9.928425561898765 -1.9748866328699997 13.5
      vertex 10.122934917841437 0 13.5
      vertex 8.141104721640335 0 14.999999999999998
    endloop
  endfacet
  facet normal 0 0 0
    outer loop
      vertex 9.928425561898765 -1.9748866328699997 13.5
      vertex 8.141104721640335 0 14.999999999999998
      vertex 7.984675677206079 -1.588250741711839 14.999999999999998
    endloop
  endfacet
  facet normal 0 0 0
    outer loop
      vertex 8.141104721640335 0 14.999999999999998
      vertex 7.98467567720608 1.5882507417118352 14.999999999999998
      vertex 5.971431810197069 1.1877916380124955 16.5
    endloop
  endfacet
  facet normal 0 0 0
    outer loop
      vertex 8.141104721640335 0 14.999999999999998
      vertex 5.971431810197069 1.1877916380124955 16.5
      vertex 6.088419075520825 0 16.5
    endloop
  endfacet
  facet normal 0 0 0
    outer loop
      vertex 7.98467567720608 1.5882507417118352 14.999999999999998
      vertex 7.521400024354502 3.1154658981209624 14.999999999999998
      vertex 5.62496576922498 2.329937109497396 16.5
    endloop
  endfacet
  facet normal 0 0 0
    outer loop
      vertex 7.98467567720608 1.5882507417118352 14.999999999999998
      vertex 5.62496576922498 2.329937109497396 16.5
      vertex 5.971431810197069 1.1877916380124955 16.5
    endloop
  endfacet
  facet normal 0 0 0
    outer loop
      vertex 7.521400024354502 3.1154658981209624 14.999999999999998
      vertex 6.76908118661671 4.522955447238704 14.999999999999998
      vertex 5.062335448258722 3.3825444045080957 16.5
    endloop
  endfacet
  facet normal 0 0 0
    outer loop
      vertex 7.521400024354502 3.1154658981209624 14.999999999999998
      vertex 5.062335448258722 3.3825444045080957 16.5
      vertex 5.62496576922498 2.329937109497396 16.5
    endloop
  endfacet
  facet normal 0 0 0
    outer loop
      vertex 6.76908118661671 4.522955447238704 14.999999999999998
      vertex 5.756630355021702 5.756630355021701 14.999999999999998
      vertex 4.305162415006307 4.305162415006306 16.5
    endloop
  endfacet
  facet normal 0 0 0
    outer loop
      vertex 6.76908118661671 4.522955447238704 14.999999999999998
      vertex 4.305162415006307 4.305162415006306 16.5
      vertex 5.062335448258722 3.3825444045080957 16.5
    endloop
  endfacet
  facet normal 0 0 0
    outer loop
      vertex 5.756630355021702 5.756630355021701 14.999999999999998
      vertex 4.522955447238705 6.76908118661671 14.999999999999998
      vertex 3.3825444045080966 5.062335448258722 16.5
    endloop
  endfacet
  facet normal 0 0 0
    outer loop
      vertex 5.756630355021702 5.756630355021701 14.999999999999998
      vertex 3.3825444045080966 5.062335448258722 16.5
      vertex 4.305162415006307 4.305162415006306 16.5
    endloop
  endfacet
  facet normal 0 0 0
    outer loop
      vertex 4.522955447238705 6.76908118661671 14.999999999999998
      vertex 3.115465898120963 7.521400024354502 14.999999999999998
      vertex 2.3299371094973966 5.62496576922498 16.5
    endloop
  endfacet
  facet normal 0 0 0
    outer loop
      vertex 4.522955447238705 6.76908118661671 14.999999999999998
      vertex 2.3299371094973966 5.62496576922498 16.5
      vertex 3.3825444045080966 5.062335448258722 16.5
    endloop
  endfacet
  facet normal 0 0 0
    outer loop
      vertex 3.115465898120963 7.521400024354502 14.999999999999998
      vertex 1.588250741711836 7.98467567720608 14.999999999999998
      vertex 1.1877916380124962 5.971431810197069 16.5
    endloop
  endfacet
  facet normal 0 0 0
    outer loop
      vertex 3.115465898120963 7.521400024354502 14.999999999999998
      vertex 1.1877916380124962 5.971431810197069 16.5
      vertex 2.3299371094973966 5.62496576922498 16.5
    endloop
  endfacet
  facet normal 0 0 0
    outer loop
      vertex 1.588250741711836 7.98467567720608 14.999999999999998
      vertex 4.98498891944012e-16 8.141104721640335 14.999999999999998
      vertex 3.728081466352133e-16 6.088419075520825 16.5
    endloop
  endfacet
  facet normal 0 0 0
    outer loop
      vertex 1.588250741711836 7.98467567720608 14.999999999999998
      vertex 3.728081466352133e-16 6.088419075520825 16.5
      vertex 1.1877916380124962 5.971431810197069 16.5
    endloop
  endfacet
  facet normal 0 0 0
    outer loop
      vertex 4.98498891944012e-16 8.141104721640335 14.999999999999998
      vertex -1.5882507417118348 7.98467567720608 14.999999999999998
      vertex -1.1877916380124953 5.971431810197069 16.5
    endloop
  endfacet
  facet normal 0 0 0
    outer loop
      vertex 4.98498891944012e-16 8.141104721640335 14.999999999999998
      vertex -1.1877916380124953 5.971431810197069 16.5
      vertex 3.728081466352133e-16 6.088419075520825 16.5
    endloop
  endfacet
  facet normal 0 0 0
    outer loop
      vertex -1.5882507417118348 7.98467567720608 14.999999999999998
      vertex -3.115465898120962 7.521400024354502 14.999999999999998
      vertex -2.3299371094973957 5.62496576922498 16.5
    endloop
  endfacet
  facet normal 0 0 0
    outer loop
      vertex -1.5882507417118348 7.98467567720608 14.999999999999998
      vertex -2.3299371094973957 5.62496576922498 16.5
      vertex -1.1877916380124953 5.971431810197069 16.5
    endloop
  endfacet
  facet normal 0 0 0
    outer loop
      vertex -3.115465898120962 7.521400024354502 14.999999999999998
      vertex -4.522955447238703 6.769081186616711 14.999999999999998
      vertex -3.3825444045080943 5.062335448258722 16.5
    endloop
  endfacet
  facet normal 0 0 0
    outer loop
      vertex -3.115465898120962 7.521400024354502 14.999999999999998
      vertex -3.3825444045080943 5.062335448258722 16.5
      vertex -2.3299371094973957 5.62496576922498 16.5
    endloop
  endfacet
  facet normal 0 0 0
    outer loop
      vertex -4.522955447238703 6.769081186616711 14.999999999999998
      vertex -5.756630355021701 5.756630355021702 14.999999999999998
      vertex -4.305162415006306 4.305162415006307 16.5
    endloop
  endfacet
  facet normal 0 0 0
    outer loop
      vertex -4.522955447238703 6.769081186616711 14.999999999999998
      vertex -4.305162415006306 4.305162415006307 16.5
      vertex -3.3825444045080943 5.062335448258722 16.5
    endloop
  endfacet
  facet normal 0 0 0
    outer loop
      vertex -5.756630355021701 5.756630355021702 14.999999999999998
      vertex -6.769081186616711 4.522955447238704 14.999999999999998
      vertex -5.062335448258722 3.3825444045080957 16.5
    endloop
  endfacet
  facet normal 0 0 0
    outer loop
      vertex -5.756630355021701 5.756630355021702 14.999999999999998
      vertex -5.062335448258722 3.3825444045080957 16.5
      vertex -4.305162415006306 4.305162415006307 16.5
    endloop
  endfacet
  facet normal 0 0 0
    outer loop
      vertex -6.769081186616711 4.522955447238704 14.999999999999998
      vertex -7.521400024354502 3.1154658981209633 14.999999999999998
      vertex -5.62496576922498 2.3299371094973966 16.5
    endloop
  endfacet
  facet normal 0 0 0
    outer loop
      vertex -6.769081186616711 4.522955447238704 14.999999999999998
      vertex -5.62496576922498 2.3299371094973966 16.5
      vertex -5.062335448258722 3.3825444045080957 16.5
    endloop
  endfacet
  facet normal 0 0 0
    outer loop
      vertex -7.521400024354502 3.1154658981209633 14.999999999999998
      vertex -7.98467567720608 1.588250741711838 14.999999999999998
      vertex -5.971431810197069 1.1877916380124978 16.5
    endloop
  endfacet
  facet normal 0 0 0
    outer loop
      vertex -7.521400024354502 3.1154658981209633 14.999999999999998
      vertex -5.971431810197069 1.1877916380124978 16.5
      vertex -5.62496576922498 2.3299371094973966 16.5
    endloop
  endfacet
  facet normal 0 0 0
    outer loop
      vertex -7.98467567720608 1.588250741711838 14.999999999999998
      vertex -8.141104721640335 9.96997783888024e-16 14.999999999999998
      vertex -6.088419075520825 7.456162932704266e-16 16.5
    endloop
  endfacet
  facet normal 0 0 0
    outer loop
      vertex -7.98467567720608 1.588250741711838 14.999999999999998
      vertex -6.088419075520825 7.456162932704266e-16 16.5
      vertex -5.971431810197069 1.1877916380124978 16.5
    endloop
  endfacet
  facet normal 0 0 0
    outer loop
      vertex -8.141104721640335 9.96997783888024e-16 14.999999999999998
      vertex -7.98467567720608 -1.5882507417118361 14.999999999999998
      vertex -5.971431810197069 -1.1877916380124962 16.5
    endloop
  endfacet
  facet normal 0 0 0
    outer loop
      vertex -8.141104721640335 9.96997783888024e-16 14.999999999999998
      vertex -5.971431810197069 -1.1877916380124962 16.5
      vertex -6.088419075520825 7.456162932704266e-16 16.5
    endloop
  endfacet
  facet normal 0 0 0
    outer loop
      vertex -7.98467567720608 -1.5882507417118361 14.999999999999998
      vertex -7.521400024354503 -3.115465898120961 14.999999999999998
      vertex -5.624965769224981 -2.3299371094973953 16.5
    endloop
  endfacet
  facet normal 0 0 0
    outer loop
      vertex -7.98467567720608 -1.5882507417118361 14.999999999999998
      vertex -5.624965769224981 -2.3299371094973953 16.5
      vertex -5.971431810197069 -1.1877916380124962 16.5
    endloop
  endfacet
  facet normal 0 0 0
    outer loop
      vertex -7.521400024354503 -3.115465898120961 14.999999999999998
      vertex -6.769081186616712 -4.522955447238703 14.999999999999998
      vertex -5.062335448258723 -3.3825444045080943 16.5
    endloop
  endfacet
  facet normal 0 0 0
    outer loop
      vertex -7.521400024354503 -3.115465898120961 14.999999999999998
      vertex -5.062335448258723 -3.3825444045080943 16.5
      vertex -5.624965769224981 -2.3299371094973953 16.5
    endloop
  endfacet
  facet normal 0 0 0
    outer loop
      vertex -6.769081186616712 -4.522955447238703 14.999999999999998
      vertex -5.756630355021703 -5.756630355021701 14.999999999999998
      vertex -4.305162415006307 -4.305162415006306 16.5
    endloop
  endfacet
  facet normal 0 0 0
    outer loop
      vertex -6.769081186616712 -4.522955447238703 14.999999999999998
      vertex -4.305162415006307 -4.305162415006306 16.5
      vertex -5.062335448258723 -3.3825444045080943 16.5
    endloop
  endfacet
  facet normal 0 0 0
    outer loop
      vertex -5.756630355021703 -5.756630355021701 14.999999999999998
      vertex -4.522955447238704 -6.76908118661671 14.999999999999998
      vertex -3.3825444045080957 -5.062335448258722 16.5
    endloop
  endfacet
  facet normal 0 0 0
    outer loop
      vertex -5.756630355021703 -5.756630355021701 14.999999999999998
      vertex -3.3825444045080957 -5.062335448258722 16.5
      vertex -4.305162415006307 -4.305162415006306 16.5
    endloop
  endfacet
  facet normal 0 0 0
    outer loop
      vertex -4.522955447238704 -6.76908118661671 14.999999999999998
      vertex -3.115465898120967 -7.5214000243545005 14.999999999999998
      vertex -2.3299371094973997 -5.624965769224979 16.5
    endloop
  endfacet
  facet normal 0 0 0
    outer loop
      vertex -4.522955447238704 -6.76908118661671 14.999999999999998
      vertex -2.3299371094973997 -5.624965769224979 16.5
      vertex -3.3825444045080957 -5.062335448258722 16.5
    endloop
  endfacet
  facet normal 0 0 0
    outer loop
      vertex -3.115465898120967 -7.5214000243545005 14.999999999999998
      vertex -1.5882507417118386 -7.984675677206079 14.999999999999998
      vertex -1.1877916380124982 -5.9714318101970685 16.5
    endloop
  endfacet
  facet normal 0 0 0
    outer loop
      vertex -3.115465898120967 -7.5214000243545005 14.999999999999998
      vertex -1.1877916380124982 -5.9714318101970685 16.5
      vertex -2.3299371094973997 -5.624965769224979 16.5
    endloop
  endfacet
  facet normal 0 0 0
    outer loop
      vertex -1.5882507417118386 -7.984675677206079 14.999999999999998
      vertex -1.495496675832036e-15 -8.141104721640335 14.999999999999998
      vertex -1.1184244399056397e-15 -6.088419075520825 16.5
    endloop
  endfacet
  facet normal 0 0 0
    outer loop
      vertex -1.5882507417118386 -7.984675677206079 14.999999999999998
      vertex -1.1184244399056397e-15 -6.088419075520825 16.5
      vertex -1.1877916380124982 -5.9714318101970685 16.5
    endloop
  endfacet
  facet normal 0 0 0
    outer loop
      vertex -1.495496675832036e-15 -8.141104721640335 14.999999999999998
      vertex 1.5882507417118357 -7.98467567720608 14.999999999999998
      vertex 1.187791638012496 -5.971431810197069 16.5
    endloop
  endfacet
  facet normal 0 0 0
    outer loop
      vertex -1.495496675832036e-15 -8.141104721640335 14.999999999999998
      vertex 1.187791638012496 -5.971431810197069 16.5
      vertex -1.1184244399056397e-15 -6.088419075520825 16.5
    endloop
  endfacet
  facet normal 0 0 0
    outer loop
      vertex 1.5882507417118357 -7.98467567720608 14.999999999999998
      vertex 3.115465898120964 -7.521400024354501 14.999999999999998
      vertex 2.3299371094973975 -5.62496576922498 16.5
    endloop
  endfacet
  facet normal 0 0 0
    outer loop
      vertex 1.5882507417118357 -7.98467567720608 14.999999999999998
      vertex 2.3299371094973975 -5.62496576922498 16.5
      vertex 1.187791638012496 -5.971431810197069 16.5
    endloop
  endfacet
  facet normal 0 0 0
    outer loop
      vertex 3.115465898120964 -7.521400024354501 14.999999999999998
      vertex 4.522955447238702 -6.769081186616712 14.999999999999998
      vertex 3.382544404508094 -5.062335448258723 16.5
    endloop
  endfacet
  facet normal 0 0 0
    outer loop
      vertex 3.115465898120964 -7.521400024354501 14.999999999999998
      vertex 3.382544404508094 -5.062335448258723 16.5
      vertex 2.3299371094973975 -5.62496576922498 16.5
    endloop
  endfacet
  facet normal 0 0 0
    outer loop
      vertex 4.522955447238702 -6.769081186616712 14.999999999999998
      vertex 5.7566303550217 -5.756630355021703 14.999999999999998
      vertex 4.305162415006305 -4.305162415006307 16.5
    endloop
  endfacet
  facet normal 0 0 0
    outer loop
      vertex 4.522955447238702 -6.769081186616712 14.999999999999998
      vertex 4.305162415006305 -4.305162415006307 16.5
      vertex 3.382544404508094 -5.062335448258723 16.5
    endloop
  endfacet
  facet normal 0 0 0
    outer loop
      vertex 5.7566303550217 -5.756630355021703 14.999999999999998
      vertex 6.76908118661671 -4.522955447238704 14.999999999999998
      vertex 5.062335448258722 -3.3825444045080957 16.5
    endloop
  endfacet
  facet normal 0 0 0
    outer loop
      vertex 5.7566303550217 -5.756630355021703 14.999999999999998
      vertex 5.062335448258722 -3.3825444045080957 16.5
      vertex 4.305162415006305 -4.305162415006307 16.5
    endloop
  endfacet
  facet normal 0 0 0
    outer loop
      vertex 6.76908118661671 -4.522955447238704 14.999999999999998
      vertex 7.5214000243545005 -3.1154658981209673 14.999999999999998
      vertex 5.624965769224979 -2.3299371094973997 16.5
    endloop
  endfacet
  facet normal 0 0 0
    outer loop
      vertex 6.76908118661671 -4.522955447238704 14.999999999999998
      vertex 5.624965769224979 -2.3299371094973997 16.5
      vertex 5.062335448258722 -3.3825444045080957 16.5
    endloop
  endfacet
  facet normal 0 0 0
    outer loop
      vertex 7.5214000243545005 -3.1154658981209673 14.999999999999998
      vertex 7.984675677206079 -1.588250741711839 14.999999999999998
      vertex 5.9714318101970685 -1.1877916380124984 16.5
    endloop
  endfacet
  facet normal 0 0 0
    outer loop
      vertex 7.5214000243545005 -3.1154658981209673 14.999999999999998
      vertex 5.9714318101970685 -1.1877916380124984 16.5
      vertex 5.624965769224979 -2.3299371094973997 16.5
    endloop
  endfacet
  facet normal 0 0 0
    outer loop
      vertex 7.984675677206079 -1.588250741711839 14.999999999999998
      vertex 8.141104721640335 0 14.999999999999998
      vertex 6.088419075520825 0 16.5
    endloop
  endfacet
  facet normal 0 0 0
    outer loop
      vertex 7.984675677206079 -1.588250741711839 14.999999999999998
      vertex 6.088419075520825 0 16.5
      vertex 5.9714318101970685 -1.1877916380124984 16.5
    endloop
  endfacet
  facet normal 0 0 0
    outer loop
      vertex 6.088419075520825 0 16.5
      vertex 5.971431810197069 1.1877916380124955 16.5
      vertex 3.9231411216129235 0.7803612880645133 18
    endloop
  endfacet
  facet normal 0 0 0
    outer loop
      vertex 6.088419075520825 0 16.5
      vertex 3.9231411216129235 0.7803612880645133 18
      vertex 4.000000000000002 0 18
    endloop
  endfacet
  facet normal 0 0 0
    outer loop
      vertex 5.971431810197069 1.1877916380124955 16.5
      vertex 5.62496576922498 2.329937109497396 16.5
      vertex 3.6955181300451487 1.5307337294603598 18
    endloop
  endfacet
  facet normal 0 0 0
    outer loop
      vertex 5.971431810197069 1.1877916380124955 16.5
      vertex 3.6955181300451487 1.5307337294603598 18
      vertex 3.9231411216129235 0.7803612880645133 18
    endloop
  endfacet
  facet normal 0 0 0
    outer loop
      vertex 5.62496576922498 2.329937109497396 16.5
      vertex 5.062335448258722 3.3825444045080957 16.5
      vertex 3.3258784492101823 2.2222809320784096 18
    endloop
  endfacet
  facet normal 0 0 0
    outer loop
      vertex 5.62496576922498 2.329937109497396 16.5
      vertex 3.3258784492101823 2.2222809320784096 18
      vertex 3.6955181300451487 1.5307337294603598 18
    endloop
  endfacet
  facet normal 0 0 0
    outer loop
      vertex 5.062335448258722 3.3825444045080957 16.5
      vertex 4.305162415006307 4.305162415006306 16.5
      vertex 2.8284271247461916 2.828427124746191 18
    endloop
  endfacet
  facet normal 0 0 0
    outer loop
      vertex 5.062335448258722 3.3825444045080957 16.5
      vertex 2.8284271247461916 2.828427124746191 18
      vertex 3.3258784492101823 2.2222809320784096 18
    endloop
  endfacet
  facet normal 0 0 0
    outer loop
      vertex 4.305162415006307 4.305162415006306 16.5
      vertex 3.3825444045080966 5.062335448258722 16.5
      vertex 2.22228093207841 3.3258784492101823 18
    endloop
  endfacet
  facet normal 0 0 0
    outer loop
      vertex 4.305162415006307 4.305162415006306 16.5
      vertex 2.22228093207841 3.3258784492101823 18
      vertex 2.8284271247461916 2.828427124746191 18
    endloop
  endfacet
  facet normal 0 0 0
    outer loop
      vertex 3.3825444045080966 5.062335448258722 16.5
      vertex 2.3299371094973966 5.62496576922498 16.5
      vertex 1.53073372946036 3.6955181300451487 18
    endloop
  endfacet
  facet normal 0 0 0
    outer loop
      vertex 3.3825444045080966 5.062335448258722 16.5
      vertex 1.53073372946036 3.6955181300451487 18
      vertex 2.22228093207841 3.3258784492101823 18
    endloop
  endfacet
  facet normal 0 0 0
    outer loop
      vertex 2.3299371094973966 5.62496576922498 16.5
      vertex 1.1877916380124962 5.971431810197069 16.5
      vertex 0.7803612880645137 3.9231411216129235 18
    endloop
  endfacet
  facet normal 0 0 0
    outer loop
      vertex 2.3299371094973966 5.62496576922498 16.5
      vertex 0.7803612880645137 3.9231411216129235 18
      vertex 1.53073372946036 3.6955181300451487 18
    endloop
  endfacet
  facet normal 0 0 0
    outer loop
      vertex 1.1877916380124962 5.971431810197069 16.5
      vertex 3.728081466352133e-16 6.088419075520825 16.5
      vertex 2.4492935982947074e-16 4.000000000000002 18
    endloop
  endfacet
  facet normal 0 0 0
    outer loop
      vertex 1.1877916380124962 5.971431810197069 16.5
      vertex 2.4492935982947074e-16 4.000000000000002 18
      vertex 0.7803612880645137 3.9231411216129235 18
    endloop
  endfacet
  facet normal 0 0 0
    outer loop
      vertex 3.728081466352133e-16 6.088419075520825 16.5
      vertex -1.1877916380124953 5.971431810197069 16.5
      vertex -0.7803612880645131 3.9231411216129235 18
    endloop
  endfacet
  facet normal 0 0 0
    outer loop
      vertex 3.728081466352133e-16 6.088419075520825 16.5
      vertex -0.7803612880645131 3.9231411216129235 18
      vertex 2.4492935982947074e-16 4.000000000000002 18
    endloop
  endfacet
  facet normal 0 0 0
    outer loop
      vertex -1.1877916380124953 5.971431810197069 16.5
      vertex -2.3299371094973957 5.62496576922498 16.5
      vertex -1.5307337294603596 3.6955181300451487 18
    endloop
  endfacet
  facet normal 0 0 0
    outer loop
      vertex -1.1877916380124953 5.971431810197069 16.5
      vertex -1.5307337294603596 3.6955181300451487 18
      vertex -0.7803612880645131 3.9231411216129235 18
    endloop
  endfacet
  facet normal 0 0 0
    outer loop
      vertex -2.3299371094973957 5.62496576922498 16.5
      vertex -3.3825444045080943 5.062335448258722 16.5
      vertex -2.2222809320784087 3.3258784492101827 18
    endloop
  endfacet
  facet normal 0 0 0
    outer loop
      vertex -2.3299371094973957 5.62496576922498 16.5
      vertex -2.2222809320784087 3.3258784492101827 18
      vertex -1.5307337294603596 3.6955181300451487 18
    endloop
  endfacet
  facet normal 0 0 0
    outer loop
      vertex -3.3825444045080943 5.062335448258722 16.5
      vertex -4.305162415006306 4.305162415006307 16.5
      vertex -2.828427124746191 2.8284271247461916 18
    endloop
  endfacet
  facet normal 0 0 0
    outer loop
      vertex -3.3825444045080943 5.062335448258722 16.5
      vertex -2.828427124746191 2.8284271247461916 18
      vertex -2.2222809320784087 3.3258784492101827 18
    endloop
  endfacet
  facet normal 0 0 0
    outer loop
      vertex -4.305162415006306 4.305162415006307 16.5
      vertex -5.062335448258722 3.3825444045080957 16.5
      vertex -3.3258784492101827 2.2222809320784096 18
    endloop
  endfacet
  facet normal 0 0 0
    outer loop
      vertex -4.305162415006306 4.305162415006307 16.5
      vertex -3.3258784492101827 2.2222809320784096 18
      vertex -2.828427124746191 2.8284271247461916 18
    endloop
  endfacet
  facet normal 0 0 0
    outer loop
      vertex -5.062335448258722 3.3825444045080957 16.5
      vertex -5.62496576922498 2.3299371094973966 16.5
      vertex -3.6955181300451487 1.5307337294603602 18
    endloop
  endfacet
  facet normal 0 0 0
    outer loop
      vertex -5.062335448258722 3.3825444045080957 16.5
      vertex -3.6955181300451487 1.5307337294603602 18
      vertex -3.3258784492101827 2.2222809320784096 18
    endloop
  endfacet
  facet normal 0 0 0
    outer loop
      vertex -5.62496576922498 2.3299371094973966 16.5
      vertex -5.971431810197069 1.1877916380124978 16.5
      vertex -3.9231411216129235 0.7803612880645148 18
    endloop
  endfacet
  facet normal 0 0 0
    outer loop
      vertex -5.62496576922498 2.3299371094973966 16.5
      vertex -3.9231411216129235 0.7803612880645148 18
      vertex -3.6955181300451487 1.5307337294603602 18
    endloop
  endfacet
  facet normal 0 0 0
    outer loop
      vertex -5.971431810197069 1.1877916380124978 16.5
      vertex -6.088419075520825 7.456162932704266e-16 16.5
      vertex -4.000000000000002 4.898587196589415e-16 18
    endloop
  endfacet
  facet normal 0 0 0
    outer loop
      vertex -5.971431810197069 1.1877916380124978 16.5
      vertex -4.000000000000002 4.898587196589415e-16 18
      vertex -3.9231411216129235 0.7803612880645148 18
    endloop
  endfacet
  facet normal 0 0 0
    outer loop
      vertex -6.088419075520825 7.456162932704266e-16 16.5
      vertex -5.971431810197069 -1.1877916380124962 16.5
      vertex -3.9231411216129235 -0.7803612880645138 18
    endloop
  endfacet
  facet normal 0 0 0
    outer loop
      vertex -6.088419075520825 7.456162932704266e-16 16.5
      vertex -3.9231411216129235 -0.7803612880645138 18
      vertex -4.000000000000002 4.898587196589415e-16 18
    endloop
  endfacet
  facet normal 0 0 0
    outer loop
      vertex -5.971431810197069 -1.1877916380124962 16.5
      vertex -5.624965769224981 -2.3299371094973953 16.5
      vertex -3.695518130045149 -1.5307337294603591 18
    endloop
  endfacet
  facet normal 0 0 0
    outer loop
      vertex -5.971431810197069 -1.1877916380124962 16.5
      vertex -3.695518130045149 -1.5307337294603591 18
      vertex -3.9231411216129235 -0.7803612880645138 18
    endloop
  endfacet
  facet normal 0 0 0
    outer loop
      vertex -5.624965769224981 -2.3299371094973953 16.5
      vertex -5.062335448258723 -3.3825444045080943 16.5
      vertex -3.325878449210183 -2.2222809320784087 18
    endloop
  endfacet
  facet normal 0 0 0
    outer loop
      vertex -5.624965769224981 -2.3299371094973953 16.5
      vertex -3.325878449210183 -2.2222809320784087 18
      vertex -3.695518130045149 -1.5307337294603591 18
    endloop
  endfacet
  facet normal 0 0 0
    outer loop
      vertex -5.062335448258723 -3.3825444045080943 16.5
      vertex -4.305162415006307 -4.305162415006306 16.5
      vertex -2.828427124746192 -2.828427124746191 18
    endloop
  endfacet
  facet normal 0 0 0
    outer loop
      vertex -5.062335448258723 -3.3825444045080943 16.5
      vertex -2.828427124746192 -2.828427124746191 18
      vertex -3.325878449210183 -2.2222809320784087 18
    endloop
  endfacet
  facet normal 0 0 0
    outer loop
      vertex -4.305162415006307 -4.305162415006306 16.5
      vertex -3.3825444045080957 -5.062335448258722 16.5
      vertex -2.2222809320784096 -3.3258784492101823 18
    endloop
  endfacet
  facet normal 0 0 0
    outer loop
      vertex -4.305162415006307 -4.305162415006306 16.5
      vertex -2.2222809320784096 -3.3258784492101823 18
      vertex -2.828427124746192 -2.828427124746191 18
    endloop
  endfacet
  facet normal 0 0 0
    outer loop
      vertex -3.3825444045080957 -5.062335448258722 16.5
      vertex -2.3299371094973997 -5.624965769224979 16.5
      vertex -1.530733729460362 -3.695518130045148 18
    endloop
  endfacet
  facet normal 0 0 0
    outer loop
      vertex -3.3825444045080957 -5.062335448258722 16.5
      vertex -1.530733729460362 -3.695518130045148 18
      vertex -2.2222809320784096 -3.3258784492101823 18
    endloop
  endfacet
  facet normal 0 0 0
    outer loop
      vertex -2.3299371094973997 -5.624965769224979 16.5
      vertex -1.1877916380124982 -5.9714318101970685 16.5
      vertex -0.780361288064515 -3.923141121612923 18
    endloop
  endfacet
  facet normal 0 0 0
    outer loop
      vertex -2.3299371094973997 -5.624965769224979 16.5
      vertex -0.780361288064515 -3.923141121612923 18
      vertex -1.530733729460362 -3.695518130045148 18
    endloop
  endfacet
  facet normal 0 0 0
    outer loop
      vertex -1.1877916380124982 -5.9714318101970685 16.5
      vertex -1.1184244399056397e-15 -6.088419075520825 16.5
      vertex -7.347880794884122e-16 -4.000000000000002 18
    endloop
  endfacet
  facet normal 0 0 0
    outer loop
      vertex -1.1877916380124982 -5.9714318101970685 16.5
      vertex -7.347880794884122e-16 -4.000000000000002 18
      vertex -0.780361288064515 -3.923141121612923 18
    endloop
  endfacet
  facet normal 0 0 0
    outer loop
      vertex -1.1184244399056397e-15 -6.088419075520825 16.5
      vertex 1.187791638012496 -5.971431810197069 16.5
      vertex 0.7803612880645135 -3.9231411216129235 18
    endloop
  endfacet
  facet normal 0 0 0
    outer loop
      vertex -1.1184244399056397e-15 -6.088419075520825 16.5
      vertex 0.7803612880645135 -3.9231411216129235 18
      vertex -7.347880794884122e-16 -4.000000000000002 18
    endloop
  endfacet
  facet normal 0 0 0
    outer loop
      vertex 1.187791638012496 -5.971431810197069 16.5
      vertex 2.3299371094973975 -5.62496576922498 16.5
      vertex 1.5307337294603607 -3.6955181300451483 18
    endloop
  endfacet
  facet normal 0 0 0
    outer loop
      vertex 1.187791638012496 -5.971431810197069 16.5
      vertex 1.5307337294603607 -3.6955181300451483 18
      vertex 0.7803612880645135 -3.9231411216129235 18
    endloop
  endfacet
  facet normal 0 0 0
    outer loop
      vertex 2.3299371094973975 -5.62496576922498 16.5
      vertex 3.382544404508094 -5.062335448258723 16.5
      vertex 2.2222809320784083 -3.325878449210183 18
    endloop
  endfacet
  facet normal 0 0 0
    outer loop
      vertex 2.3299371094973975 -5.62496576922498 16.5
      vertex 2.2222809320784083 -3.325878449210183 18
      vertex 1.5307337294603607 -3.6955181300451483 18
    endloop
  endfacet
  facet normal 0 0 0
    outer loop
      vertex 3.382544404508094 -5.062335448258723 16.5
      vertex 4.305162415006305 -4.305162415006307 16.5
      vertex 2.8284271247461907 -2.828427124746192 18
    endloop
  endfacet
  facet normal 0 0 0
    outer loop
      vertex 3.382544404508094 -5.062335448258723 16.5
      vertex 2.8284271247461907 -2.828427124746192 18
      vertex 2.2222809320784083 -3.325878449210183 18
    endloop
  endfacet
  facet normal 0 0 0
    outer loop
      vertex 4.305162415006305 -4.305162415006307 16.5
      vertex 5.062335448258722 -3.3825444045080957 16.5
      vertex 3.3258784492101823 -2.2222809320784096 18
    endloop
  endfacet
  facet normal 0 0 0
    outer loop
      vertex 4.305162415006305 -4.305162415006307 16.5
      vertex 3.3258784492101823 -2.2222809320784096 18
      vertex 2.8284271247461907 -2.828427124746192 18
    endloop
  endfacet
  facet normal 0 0 0
    outer loop
      vertex 5.062335448258722 -3.3825444045080957 16.5
      vertex 5.624965769224979 -2.3299371094973997 16.5
      vertex 3.695518130045148 -1.5307337294603622 18
    endloop
  endfacet
  facet normal 0 0 0
    outer loop
      vertex 5.062335448258722 -3.3825444045080957 16.5
      vertex 3.695518130045148 -1.5307337294603622 18
      vertex 3.3258784492101823 -2.2222809320784096 18
    endloop
  endfacet
  facet normal 0 0 0
    outer loop
      vertex 5.624965769224979 -2.3299371094973997 16.5
      vertex 5.9714318101970685 -1.1877916380124984 16.5
      vertex 3.923141121612923 -0.7803612880645152 18
    endloop
  endfacet
  facet normal 0 0 0
    outer loop
      vertex 5.624965769224979 -2.3299371094973997 16.5
      vertex 3.923141121612923 -0.7803612880645152 18
      vertex 3.695518130045148 -1.5307337294603622 18
    endloop
  endfacet
  facet normal 0 0 0
    outer loop
      vertex 5.9714318101970685 -1.1877916380124984 16.5
      vertex 6.088419075520825 0 16.5
      vertex 4.000000000000002 0 18
    endloop
  endfacet
  facet normal 0 0 0
    outer loop
      vertex 5.9714318101970685 -1.1877916380124984 16.5
      vertex 4.000000000000002 0 18
      vertex 3.923141121612923 -0.7803612880645152 18
    endloop
  endfacet
  facet normal 0 0 0
    outer loop
      vertex 0 0 -18
      vertex 3.9231411216129217 0.780361288064513 -18
      vertex 4 0 -18
    endloop
  endfacet
  facet normal 0 0 0
    outer loop
      vertex 0 0 18
      vertex 4.000000000000002 0 18
      vertex 3.9231411216129235 0.7803612880645133 18
    endloop
  endfacet
  facet normal 0 0 0
    outer loop
      vertex 0 0 -18
      vertex 3.695518130045147 1.5307337294603591 -18
      vertex 3.9231411216129217 0.780361288064513 -18
    endloop
  endfacet
  facet normal 0 0 0
    outer loop
      vertex 0 0 18
      vertex 3.9231411216129235 0.7803612880645133 18
      vertex 3.6955181300451487 1.5307337294603598 18
    endloop
  endfacet
  facet normal 0 0 0
    outer loop
      vertex 0 0 -18
      vertex 3.325878449210181 2.2222809320784087 -18
      vertex 3.695518130045147 1.5307337294603591 -18
    endloop
  endfacet
  facet normal 0 0 0
    outer loop
      vertex 0 0 18
      vertex 3.6955181300451487 1.5307337294603598 18
      vertex 3.3258784492101823 2.2222809320784096 18
    endloop
  endfacet
  facet normal 0 0 0
    outer loop
      vertex 0 0 -18
      vertex 2.8284271247461903 2.82842712474619 -18
      vertex 3.325878449210181 2.2222809320784087 -18
    endloop
  endfacet
  facet normal 0 0 0
    outer loop
      vertex 0 0 18
      vertex 3.3258784492101823 2.2222809320784096 18
      vertex 2.8284271247461916 2.828427124746191 18
    endloop
  endfacet
  facet normal 0 0 0
    outer loop
      vertex 0 0 -18
      vertex 2.222280932078409 3.325878449210181 -18
      vertex 2.8284271247461903 2.82842712474619 -18
    endloop
  endfacet
  facet normal 0 0 0
    outer loop
      vertex 0 0 18
      vertex 2.8284271247461916 2.828427124746191 18
      vertex 2.22228093207841 3.3258784492101823 18
    endloop
  endfacet
  facet normal 0 0 0
    outer loop
      vertex 0 0 -18
      vertex 1.5307337294603593 3.695518130045147 -18
      vertex 2.222280932078409 3.325878449210181 -18
    endloop
  endfacet
  facet normal 0 0 0
    outer loop
      vertex 0 0 18
      vertex 2.22228093207841 3.3258784492101823 18
      vertex 1.53073372946036 3.6955181300451487 18
    endloop
  endfacet
  facet normal 0 0 0
    outer loop
      vertex 0 0 -18
      vertex 0.7803612880645133 3.9231411216129217 -18
      vertex 1.5307337294603593 3.695518130045147 -18
    endloop
  endfacet
  facet normal 0 0 0
    outer loop
      vertex 0 0 18
      vertex 1.53073372946036 3.6955181300451487 18
      vertex 0.7803612880645137 3.9231411216129235 18
    endloop
  endfacet
  facet normal 0 0 0
    outer loop
      vertex 0 0 -18
      vertex 2.4492935982947064e-16 4 -18
      vertex 0.7803612880645133 3.9231411216129217 -18
    endloop
  endfacet
  facet normal 0 0 0
    outer loop
      vertex 0 0 18
      vertex 0.7803612880645137 3.9231411216129235 18
      vertex 2.4492935982947074e-16 4.000000000000002 18
    endloop
  endfacet
  facet normal 0 0 0
    outer loop
      vertex 0 0 -18
      vertex -0.7803612880645128 3.9231411216129217 -18
      vertex 2.4492935982947064e-16 4 -18
    endloop
  endfacet
  facet normal 0 0 0
    outer loop
      vertex 0 0 18
      vertex 2.4492935982947074e-16 4.000000000000002 18
      vertex -0.7803612880645131 3.9231411216129235 18
    endloop
  endfacet
  facet normal 0 0 0
    outer loop
      vertex 0 0 -18
      vertex -1.530733729460359 3.695518130045147 -18
      vertex -0.7803612880645128 3.9231411216129217 -18
    endloop
  endfacet
  facet normal 0 0 0
    outer loop
      vertex 0 0 18
      vertex -0.7803612880645131 3.9231411216129235 18
      vertex -1.5307337294603596 3.6955181300451487 18
    endloop
  endfacet
  facet normal 0 0 0
    outer loop
      vertex 0 0 -18
      vertex -2.222280932078408 3.3258784492101814 -18
      vertex -1.530733729460359 3.695518130045147 -18
    endloop
  endfacet
  facet normal 0 0 0
    outer loop
      vertex 0 0 18
      vertex -1.5307337294603596 3.6955181300451487 18
      vertex -2.2222809320784087 3.3258784492101827 18
    endloop
  endfacet
  facet normal 0 0 0
    outer loop
      vertex 0 0 -18
      vertex -2.82842712474619 2.8284271247461903 -18
      vertex -2.222280932078408 3.3258784492101814 -18
    endloop
  endfacet
  facet normal 0 0 0
    outer loop
      vertex 0 0 18
      vertex -2.2222809320784087 3.3258784492101827 18
      vertex -2.828427124746191 2.8284271247461916 18
    endloop
  endfacet
  facet normal 0 0 0
    outer loop
      vertex 0 0 -18
      vertex -3.3258784492101814 2.2222809320784087 -18
      vertex -2.82842712474619 2.8284271247461903 -18
    endloop
  endfacet
  facet normal 0 0 0
    outer loop
      vertex 0 0 18
      vertex -2.828427124746191 2.8284271247461916 18
      vertex -3.3258784492101827 2.2222809320784096 18
    endloop
  endfacet
  facet normal 0 0 0
    outer loop
      vertex 0 0 -18
      vertex -3.695518130045147 1.5307337294603596 -18
      vertex -3.3258784492101814 2.2222809320784087 -18
    endloop
  endfacet
  facet normal 0 0 0
    outer loop
      vertex 0 0 18
      vertex -3.3258784492101827 2.2222809320784096 18
      vertex -3.6955181300451487 1.5307337294603602 18
    endloop
  endfacet
  facet normal 0 0 0
    outer loop
      vertex 0 0 -18
      vertex -3.9231411216129217 0.7803612880645144 -18
      vertex -3.695518130045147 1.5307337294603596 -18
    endloop
  endfacet
  facet normal 0 0 0
    outer loop
      vertex 0 0 18
      vertex -3.6955181300451487 1.5307337294603602 18
      vertex -3.9231411216129235 0.7803612880645148 18
    endloop
  endfacet
  facet normal 0 0 0
    outer loop
      vertex 0 0 -18
      vertex -4 4.898587196589413e-16 -18
      vertex -3.9231411216129217 0.7803612880645144 -18
    endloop
  endfacet
  facet normal 0 0 0
    outer loop
      vertex 0 0 18
      vertex -3.9231411216129235 0.7803612880645148 18
      vertex -4.000000000000002 4.898587196589415e-16 18
    endloop
  endfacet
  facet normal 0 0 0
    outer loop
      vertex 0 0 -18
      vertex -3.9231411216129217 -0.7803612880645134 -18
      vertex -4 4.898587196589413e-16 -18
    endloop
  endfacet
  facet normal 0 0 0
    outer loop
      vertex 0 0 18
      vertex -4.000000000000002 4.898587196589415e-16 18
      vertex -3.9231411216129235 -0.7803612880645138 18
    endloop
  endfacet
  facet normal 0 0 0
    outer loop
      vertex 0 0 -18
      vertex -3.6955181300451474 -1.5307337294603585 -18
      vertex -3.9231411216129217 -0.7803612880645134 -18
    endloop
  endfacet
  facet normal 0 0 0
    outer loop
      vertex 0 0 18
      vertex -3.9231411216129235 -0.7803612880645138 18
      vertex -3.695518130045149 -1.5307337294603591 18
    endloop
  endfacet
  facet normal 0 0 0
    outer loop
      vertex 0 0 -18
      vertex -3.325878449210182 -2.222280932078408 -18
      vertex -3.6955181300451474 -1.5307337294603585 -18
    endloop
  endfacet
  facet normal 0 0 0
    outer loop
      vertex 0 0 18
      vertex -3.695518130045149 -1.5307337294603591 18
      vertex -3.325878449210183 -2.2222809320784087 18
    endloop
  endfacet
  facet normal 0 0 0
    outer loop
      vertex 0 0 -18
      vertex -2.8284271247461907 -2.82842712474619 -18
      vertex -3.325878449210182 -2.222280932078408 -18
    endloop
  endfacet
  facet normal 0 0 0
    outer loop
      vertex 0 0 18
      vertex -3.325878449210183 -2.2222809320784087 18
      vertex -2.828427124746192 -2.828427124746191 18
    endloop
  endfacet
  facet normal 0 0 0
    outer loop
      vertex 0 0 -18
      vertex -2.2222809320784087 -3.325878449210181 -18
      vertex -2.8284271247461907 -2.82842712474619 -18
    endloop
  endfacet
  facet normal 0 0 0
    outer loop
      vertex 0 0 18
      vertex -2.828427124746192 -2.828427124746191 18
      vertex -2.2222809320784096 -3.3258784492101823 18
    endloop
  endfacet
  facet normal 0 0 0
    outer loop
      vertex 0 0 -18
      vertex -1.5307337294603613 -3.695518130045146 -18
      vertex -2.2222809320784087 -3.325878449210181 -18
    endloop
  endfacet
  facet normal 0 0 0
    outer loop
      vertex 0 0 18
      vertex -2.2222809320784096 -3.3258784492101823 18
      vertex -1.530733729460362 -3.695518130045148 18
    endloop
  endfacet
  facet normal 0 0 0
    outer loop
      vertex 0 0 -18
      vertex -0.7803612880645147 -3.9231411216129213 -18
      vertex -1.5307337294603613 -3.695518130045146 -18
    endloop
  endfacet
  facet normal 0 0 0
    outer loop
      vertex 0 0 18
      vertex -1.530733729460362 -3.695518130045148 18
      vertex -0.780361288064515 -3.923141121612923 18
    endloop
  endfacet
  facet normal 0 0 0
    outer loop
      vertex 0 0 -18
      vertex -7.347880794884119e-16 -4 -18
      vertex -0.7803612880645147 -3.9231411216129213 -18
    endloop
  endfacet
  facet normal 0 0 0
    outer loop
      vertex 0 0 18
      vertex -0.780361288064515 -3.923141121612923 18
      vertex -7.347880794884122e-16 -4.000000000000002 18
    endloop
  endfacet
  facet normal 0 0 0
    outer loop
      vertex 0 0 -18
      vertex 0.7803612880645132 -3.9231411216129217 -18
      vertex -7.347880794884119e-16 -4 -18
    endloop
  endfacet
  facet normal 0 0 0
    outer loop
      vertex 0 0 18
      vertex -7.347880794884122e-16 -4.000000000000002 18
      vertex 0.7803612880645135 -3.9231411216129235 18
    endloop
  endfacet
  facet normal 0 0 0
    outer loop
      vertex 0 0 -18
      vertex 1.53073372946036 -3.6955181300451465 -18
      vertex 0.7803612880645132 -3.9231411216129217 -18
    endloop
  endfacet
  facet normal 0 0 0
    outer loop
      vertex 0 0 18
      vertex 0.7803612880645135 -3.9231411216129235 18
      vertex 1.5307337294603607 -3.6955181300451483 18
    endloop
  endfacet
  facet normal 0 0 0
    outer loop
      vertex 0 0 -18
      vertex 2.2222809320784074 -3.325878449210182 -18
      vertex 1.53073372946036 -3.6955181300451465 -18
    endloop
  endfacet
  facet normal 0 0 0
    outer loop
      vertex 0 0 18
      vertex 1.5307337294603607 -3.6955181300451483 18
      vertex 2.2222809320784083 -3.325878449210183 18
    endloop
  endfacet
  facet normal 0 0 0
    outer loop
      vertex 0 0 -18
      vertex 2.8284271247461894 -2.8284271247461907 -18
      vertex 2.2222809320784074 -3.325878449210182 -18
    endloop
  endfacet
  facet normal 0 0 0
    outer loop
      vertex 0 0 18
      vertex 2.2222809320784083 -3.325878449210183 18
      vertex 2.8284271247461907 -2.828427124746192 18
    endloop
  endfacet
  facet normal 0 0 0
    outer loop
      vertex 0 0 -18
      vertex 3.325878449210181 -2.2222809320784087 -18
      vertex 2.8284271247461894 -2.8284271247461907 -18
    endloop
  endfacet
  facet normal 0 0 0
    outer loop
      vertex 0 0 18
      vertex 2.8284271247461907 -2.828427124746192 18
      vertex 3.3258784492101823 -2.2222809320784096 18
    endloop
  endfacet
  facet normal 0 0 0
    outer loop
      vertex 0 0 -18
      vertex 3.695518130045146 -1.5307337294603616 -18
      vertex 3.325878449210181 -2.2222809320784087 -18
    endloop
  endfacet
  facet normal 0 0 0
    outer loop
      vertex 0 0 18
      vertex 3.3258784492101823 -2.2222809320784096 18
      vertex 3.695518130045148 -1.5307337294603622 18
    endloop
  endfacet
  facet normal 0 0 0
    outer loop
      vertex 0 0 -18
      vertex 3.9231411216129213 -0.7803612880645149 -18
      vertex 3.695518130045146 -1.5307337294603616 -18
    endloop
  endfacet
  facet normal 0 0 0
    outer loop
      vertex 0 0 18
      vertex 3.695518130045148 -1.5307337294603622 18
      vertex 3.923141121612923 -0.7803612880645152 18
    endloop
  endfacet
  facet normal 0 0 0
    outer loop
      vertex 0 0 -18
      vertex 4 0 -18
      vertex 3.9231411216129213 -0.7803612880645149 -18
    endloop
  endfacet
  facet normal 0 0 0
    outer loop
      vertex 0 0 18
      vertex 3.923141121612923 -0.7803612880645152 18
      vertex 4.000000000000002 0 18
    endloop
  endfacet
endsolid symmetric_smooth
