solid tall_spindle
  facet normal 0 0 0
    outer loop
      vertex 3 0 -32
      vertex 2.9423558412096913 0.5852709660483848 -32
      vertex 4.4785738576478025 0.8908437285093718 -29.333333333333332
    endloop
  endfacet
  facet normal 0 0 0
    outer loop
      vertex 3 0 -32
      vertex 4.4785738576478025 0.8908437285093718 -29.333333333333332
      vertex 4.566314306640619 0 -29.333333333333332
    endloop
  endfacet
  facet normal 0 0 0
    outer loop
      vertex 2.9423558412096913 0.5852709660483848 -32
      vertex 2.77163859753386 1.1480502970952693 -32
      vertex 4.218724326918736 1.7474528321230471 -29.333333333333332
    endloop
  endfacet
  facet normal 0 0 0
    outer loop
      vertex 2.9423558412096913 0.5852709660483848 -32
      vertex 4.218724326918736 1.7474528321230471 -29.333333333333332
      vertex 4.4785738576478025 0.8908437285093718 -29.333333333333332
    endloop
  endfacet
  facet normal 0 0 0
    outer loop
      vertex 2.77163859753386 1.1480502970952693 -32
      vertex 2.4944088369076356 1.6667106990588065 -32
      vertex 3.796751586194041 2.5369083033810718 -29.333333333333332
    endloop
  endfacet
  facet normal 0 0 0
    outer loop
      vertex 2.77163859753386 1.1480502970952693 -32
      vertex 3.796751586194041 2.5369083033810718 -29.333333333333332
      vertex 4.218724326918736 1.7474528321230471 -29.333333333333332
    endloop
  endfacet
  facet normal 0 0 0
    outer loop
      vertex 2.4944088369076356 1.6667106990588065 -32
      vertex 2.121320343559643 2.1213203435596424 -32
      vertex 3.22887181125473 3.2288718112547294 -29.333333333333332
    endloop
  endfacet
  facet normal 0 0 0
    outer loop
      vertex 2.4944088369076356 1.6667106990588065 -32
      vertex 3.22887181125473 3.2288718112547294 -29.333333333333332
      vertex 3.796751586194041 2.5369083033810718 -29.333333333333332
    endloop
  endfacet
  facet normal 0 0 0
    outer loop
      vertex 2.121320343559643 2.1213203435596424 -32
      vertex 1.666710699058807 2.4944088369076356 -32
      vertex 2.536908303381072 3.796751586194041 -29.333333333333332
    endloop
  endfacet
  facet normal 0 0 0
    outer loop
      vertex 2.121320343559643 2.1213203435596424 -32
      vertex 2.536908303381072 3.796751586194041 -29.333333333333332
      vertex 3.22887181125473 3.2288718112547294 -29.333333333333332
    endloop
  endfacet
  facet normal 0 0 0
    outer loop
      vertex 1.666710699058807 2.4944088369076356 -32
      vertex 1.1480502970952695 2.77163859753386 -32
      vertex 1.7474528321230474 4.218724326918736 -29.333333333333332
    endloop
  endfacet
  facet normal 0 0 0
    outer loop
      vertex 1.666710699058807 2.4944088369076356 -32
      vertex 1.7474528321230474 4.218724326918736 -29.333333333333332
      vertex 2.536908303381072 3.796751586194041 -29.333333333333332
    endloop
  endfacet
  facet normal 0 0 0
    outer loop
      vertex 1.1480502970952695 2.77163859753386 -32
      vertex 0.585270966048385 2.9423558412096913 -32
      vertex 0.8908437285093721 4.4785738576478025 -29.333333333333332
    endloop
  endfacet
  facet normal 0 0 0
    outer loop
      vertex 1.1480502970952695 2.77163859753386 -32
      vertex 0.8908437285093721 4.4785738576478025 -29.333333333333332
      vertex 1.7474528321230474 4.218724326918736 -29.333333333333332
    endloop
  endfacet
  facet normal 0 0 0
    outer loop
      vertex 0.585270966048385 2.9423558412096913 -32
      vertex 1.8369701987210297e-16 3 -32
      vertex 2.7960610997641e-16 4.566314306640619 -29.333333333333332
    endloop
  endfacet
  facet normal 0 0 0
    outer loop
      vertex 0.585270966048385 2.9423558412096913 -32
      vertex 2.7960610997641e-16 4.566314306640619 -29.333333333333332
      vertex 0.8908437285093721 4.4785738576478025 -29.333333333333332
    endloop
  endfacet
  facet normal 0 0 0
    outer loop
      vertex 1.8369701987210297e-16 3 -32
      vertex -0.5852709660483846 2.9423558412096913 -32
      vertex -0.8908437285093714 4.4785738576478025 -29.333333333333332
    endloop
  endfacet
  facet normal 0 0 0
    outer loop
      vertex 1.8369701987210297e-16 3 -32
      vertex -0.8908437285093714 4.4785738576478025 -29.333333333333332
      vertex 2.7960610997641e-16 4.566314306640619 -29.333333333333332
    endloop
  endfacet
  facet normal 0 0 0
    outer loop
      vertex -0.5852709660483846 2.9423558412096913 -32
      vertex -1.1480502970952693 2.77163859753386 -32
      vertex -1.747452832123047 4.218724326918736 -29.333333333333332
    endloop
  endfacet
  facet normal 0 0 0
    outer loop
      vertex -0.5852709660483846 2.9423558412096913 -32
      vertex -1.747452832123047 4.218724326918736 -29.333333333333332
      vertex -0.8908437285093714 4.4785738576478025 -29.333333333333332
    endloop
  endfacet
  facet normal 0 0 0
    outer loop
      vertex -1.1480502970952693 2.77163859753386 -32
      vertex -1.6667106990588059 2.494408836907636 -32
      vertex -2.536908303381071 3.7967515861940417 -29.333333333333332
    endloop
  endfacet
  facet normal 0 0 0
    outer loop
      vertex -1.1480502970952693 2.77163859753386 -32
      vertex -2.536908303381071 3.7967515861940417 -29.333333333333332
      vertex -1.747452832123047 4.218724326918736 -29.333333333333332
    endloop
  endfacet
  facet normal 0 0 0
    outer loop
      vertex -1.6667106990588059 2.494408836907636 -32
      vertex -2.1213203435596424 2.121320343559643 -32
      vertex -3.2288718112547294 3.22887181125473 -29.333333333333332
    endloop
  endfacet
  facet normal 0 0 0
    outer loop
      vertex -1.6667106990588059 2.494408836907636 -32
      vertex -3.2288718112547294 3.22887181125473 -29.333333333333332
      vertex -2.536908303381071 3.7967515861940417 -29.333333333333332
    endloop
  endfacet
  facet normal 0 0 0
    outer loop
      vertex -2.1213203435596424 2.121320343559643 -32
      vertex -2.494408836907636 1.6667106990588065 -32
      vertex -3.7967515861940417 2.5369083033810718 -29.333333333333332
    endloop
  endfacet
  facet normal 0 0 0
    outer loop
      vertex -2.1213203435596424 2.121320343559643 -32
      vertex -3.7967515861940417 2.5369083033810718 -29.333333333333332
      vertex -3.2288718112547294 3.22887181125473 -29.333333333333332
    endloop
  endfacet
  facet normal 0 0 0
    outer loop
      vertex -2.494408836907636 1.6667106990588065 -32
      vertex -2.77163859753386 1.1480502970952697 -32
      vertex -4.218724326918736 1.7474528321230476 -29.333333333333332
    endloop
  endfacet
  facet normal 0 0 0
    outer loop
      vertex -2.494408836907636 1.6667106990588065 -32
      vertex -4.218724326918736 1.7474528321230476 -29.333333333333332
      vertex -3.7967515861940417 2.5369083033810718 -29.333333333333332
    endloop
  endfacet
  facet normal 0 0 0
    outer loop
      vertex -2.77163859753386 1.1480502970952697 -32
      vertex -2.9423558412096913 0.5852709660483858 -32
      vertex -4.4785738576478025 0.8908437285093733 -29.333333333333332
    endloop
  endfacet
  facet normal 0 0 0
    outer loop
      vertex -2.77163859753386 1.1480502970952697 -32
      vertex -4.4785738576478025 0.8908437285093733 -29.333333333333332
      vertex -4.218724326918736 1.7474528321230476 -29.333333333333332
    endloop
  endfacet
  facet normal 0 0 0
    outer loop
      vertex -2.9423558412096913 0.5852709660483858 -32
      vertex -3 3.6739403974420594e-16 -32
      vertex -4.566314306640619 5.5921221995282e-16 -29.333333333333332
    endloop
  endfacet
  facet normal 0 0 0
    outer loop
      vertex -2.9423558412096913 0.5852709660483858 -32
      vertex -4.566314306640619 5.5921221995282e-16 -29.333333333333332
      vertex -4.4785738576478025 0.8908437285093733 -29.333333333333332
    endloop
  endfacet
  facet normal 0 0 0
    outer loop
      vertex -3 3.6739403974420594e-16 -32
      vertex -2.9423558412096913 -0.585270966048385 -32
      vertex -4.4785738576478025 -0.8908437285093722 -29.333333333333332
    endloop
  endfacet
  facet normal 0 0 0
    outer loop
      vertex -3 3.6739403974420594e-16 -32
      vertex -4.4785738576478025 -0.8908437285093722 -29.333333333333332
      vertex -4.566314306640619 5.5921221995282e-16 -29.333333333333332
    endloop
  endfacet
  facet normal 0 0 0
    outer loop
      vertex -2.9423558412096913 -0.585270966048385 -32
      vertex -2.7716385975338604 -1.1480502970952688 -32
      vertex -4.218724326918736 -1.7474528321230463 -29.333333333333332
    endloop
  endfacet
  facet normal 0 0 0
    outer loop
      vertex -2.9423558412096913 -0.585270966048385 -32
      vertex -4.218724326918736 -1.7474528321230463 -29.333333333333332
      vertex -4.4785738576478025 -0.8908437285093722 -29.333333333333332
    endloop
  endfacet
  facet normal 0 0 0
    outer loop
      vertex -2.7716385975338604 -1.1480502970952688 -32
      vertex -2.4944088369076365 -1.6667106990588059 -32
      vertex -3.796751586194042 -2.536908303381071 -29.333333333333332
    endloop
  endfacet
  facet normal 0 0 0
    outer loop
      vertex -2.7716385975338604 -1.1480502970952688 -32
      vertex -3.796751586194042 -2.536908303381071 -29.333333333333332
      vertex -4.218724326918736 -1.7474528321230463 -29.333333333333332
    endloop
  endfacet
  facet normal 0 0 0
    outer loop
      vertex -2.4944088369076365 -1.6667106990588059 -32
      vertex -2.121320343559643 -2.1213203435596424 -32
      vertex -3.2288718112547303 -3.2288718112547294 -29.333333333333332
    endloop
  endfacet
  facet normal 0 0 0
    outer loop
      vertex -2.4944088369076365 -1.6667106990588059 -32
      vertex -3.2288718112547303 -3.2288718112547294 -29.333333333333332
      vertex -3.796751586194042 -2.536908303381071 -29.333333333333332
    endloop
  endfacet
  facet normal 0 0 0
    outer loop
      vertex -2.121320343559643 -2.1213203435596424 -32
      vertex -1.6667106990588065 -2.4944088369076356 -32
      vertex -2.5369083033810718 -3.796751586194041 -29.333333333333332
    endloop
  endfacet
  facet normal 0 0 0
    outer loop
      vertex -2.121320343559643 -2.1213203435596424 -32
      vertex -2.5369083033810718 -3.796751586194041 -29.333333333333332
      vertex -3.2288718112547303 -3.2288718112547294 -29.333333333333332
    endloop
  endfacet
  facet normal 0 0 0
    outer loop
      vertex -1.6667106990588065 -2.4944088369076356 -32
      vertex -1.148050297095271 -2.7716385975338595 -32
      vertex -1.7474528321230496 -4.218724326918735 -29.333333333333332
    endloop
  endfacet
  facet normal 0 0 0
    outer loop
      vertex -1.6667106990588065 -2.4944088369076356 -32
      vertex -1.7474528321230496 -4.218724326918735 -29.333333333333332
      vertex -2.5369083033810718 -3.796751586194041 -29.333333333333332
    endloop
  endfacet
  facet normal 0 0 0
    outer loop
      vertex -1.148050297095271 -2.7716385975338595 -32
      vertex -0.585270966048386 -2.942355841209691 -32
      vertex -0.8908437285093737 -4.478573857647802 -29.333333333333332
    endloop
  endfacet
  facet normal 0 0 0
    outer loop
      vertex -1.148050297095271 -2.7716385975338595 -32
      vertex -0.8908437285093737 -4.478573857647802 -29.333333333333332
      vertex -1.7474528321230496 -4.218724326918735 -29.333333333333332
    endloop
  endfacet
  facet normal 0 0 0
    outer loop
      vertex -0.585270966048386 -2.942355841209691 -32
      vertex -5.51091059616309e-16 -3 -32
      vertex -8.388183299292299e-16 -4.566314306640619 -29.333333333333332
    endloop
  endfacet
  facet normal 0 0 0
    outer loop
      vertex -0.585270966048386 -2.942355841209691 -32
      vertex -8.388183299292299e-16 -4.566314306640619 -29.333333333333332
      vertex -0.8908437285093737 -4.478573857647802 -29.333333333333332
    endloop
  endfacet
  facet normal 0 0 0
    outer loop
      vertex -5.51091059616309e-16 -3 -32
      vertex 0.5852709660483849 -2.9423558412096913 -32
      vertex 0.890843728509372 -4.4785738576478025 -29.333333333333332
    endloop
  endfacet
  facet normal 0 0 0
    outer loop
      vertex -5.51091059616309e-16 -3 -32
      vertex 0.890843728509372 -4.4785738576478025 -29.333333333333332
      vertex -8.388183299292299e-16 -4.566314306640619 -29.333333333333332
    endloop
  endfacet
  facet normal 0 0 0
    outer loop
      vertex 0.5852709660483849 -2.9423558412096913 -32
      vertex 1.14805029709527 -2.77163859753386 -32
      vertex 1.747452832123048 -4.218724326918735 -29.333333333333332
    endloop
  endfacet
  facet normal 0 0 0
    outer loop
      vertex 0.5852709660483849 -2.9423558412096913 -32
      vertex 1.747452832123048 -4.218724326918735 -29.333333333333332
      vertex 0.890843728509372 -4.4785738576478025 -29.333333333333332
    endloop
  endfacet
  facet normal 0 0 0
    outer loop
      vertex 1.14805029709527 -2.77163859753386 -32
      vertex 1.6667106990588056 -2.4944088369076365 -32
      vertex 2.5369083033810704 -3.796751586194042 -29.333333333333332
    endloop
  endfacet
  facet normal 0 0 0
    outer loop
      vertex 1.14805029709527 -2.77163859753386 -32
      vertex 2.5369083033810704 -3.796751586194042 -29.333333333333332
      vertex 1.747452832123048 -4.218724326918735 -29.333333333333332
    endloop
  endfacet
  facet normal 0 0 0
    outer loop
      vertex 1.6667106990588056 -2.4944088369076365 -32
      vertex 2.121320343559642 -2.121320343559643 -32
      vertex 3.228871811254729 -3.2288718112547303 -29.333333333333332
    endloop
  endfacet
  facet normal 0 0 0
    outer loop
      vertex 1.6667106990588056 -2.4944088369076365 -32
      vertex 3.228871811254729 -3.2288718112547303 -29.333333333333332
      vertex 2.5369083033810704 -3.796751586194042 -29.333333333333332
    endloop
  endfacet
  facet normal 0 0 0
    outer loop
      vertex 2.121320343559642 -2.121320343559643 -32
      vertex 2.4944088369076356 -1.6667106990588065 -32
      vertex 3.796751586194041 -2.5369083033810718 -29.333333333333332
    endloop
  endfacet
  facet normal 0 0 0
    outer loop
      vertex 2.121320343559642 -2.121320343559643 -32
      vertex 3.796751586194041 -2.5369083033810718 -29.333333333333332
      vertex 3.228871811254729 -3.2288718112547303 -29.333333333333332
    endloop
  endfacet
  facet normal 0 0 0
    outer loop
      vertex 2.4944088369076356 -1.6667106990588065 -32
      vertex 2.7716385975338595 -1.148050297095271 -32
      vertex 4.218724326918735 -1.7474528321230498 -29.333333333333332
    endloop
  endfacet
  facet normal 0 0 0
    outer loop
      vertex 2.4944088369076356 -1.6667106990588065 -32
      vertex 4.218724326918735 -1.7474528321230498 -29.333333333333332
      vertex 3.796751586194041 -2.5369083033810718 -29.333333333333332
    endloop
  endfacet
  facet normal 0 0 0
    outer loop
      vertex 2.7716385975338595 -1.148050297095271 -32
      vertex 2.942355841209691 -0.5852709660483861 -32
      vertex 4.478573857647802 -0.8908437285093739 -29.333333333333332
    endloop
  endfacet
  facet normal 0 0 0
    outer loop
      vertex 2.7716385975338595 -1.148050297095271 -32
      vertex 4.478573857647802 -0.8908437285093739 -29.333333333333332
      vertex 4.218724326918735 -1.7474528321230498 -29.333333333333332
    endloop
  endfacet
  facet normal 0 0 0
    outer loop
      vertex 2.942355841209691 -0.5852709660483861 -32
      vertex 3 0 -32
      vertex 4.566314306640619 0 -29.333333333333332
    endloop
  endfacet
  facet normal 0 0 0
    outer loop
      vertex 2.942355841209691 -0.5852709660483861 -32
      vertex 4.566314306640619 0 -29.333333333333332
      vertex 4.478573857647802 -0.8908437285093739 -29.333333333333332
    endloop
  endfacet
  facet normal 0 0 0
    outer loop
      vertex 4.566314306640619 0 -29.333333333333332
      vertex 4.4785738576478025 0.8908437285093718 -29.333333333333332
      vertex 5.988506757904557 1.191188056283876 -26.666666666666668
    endloop
  endfacet
  facet normal 0 0 0
    outer loop
      vertex 4.566314306640619 0 -29.333333333333332
      vertex 5.988506757904557 1.191188056283876 -26.666666666666668
      vertex 6.105828541230249 0 -26.666666666666668
    endloop
  endfacet
  facet normal 0 0 0
    outer loop
      vertex 4.4785738576478025 0.8908437285093718 -29.333333333333332
      vertex 4.218724326918736 1.7474528321230471 -29.333333333333332
      vertex 5.641050018265874 2.336599423590721 -26.666666666666668
    endloop
  endfacet
  facet normal 0 0 0
    outer loop
      vertex 4.4785738576478025 0.8908437285093718 -29.333333333333332
      vertex 5.641050018265874 2.336599423590721 -26.666666666666668
      vertex 5.988506757904557 1.191188056283876 -26.666666666666668
    endloop
  endfacet
  facet normal 0 0 0
    outer loop
      vertex 4.218724326918736 1.7474528321230471 -29.333333333333332
      vertex 3.796751586194041 2.5369083033810718 -29.333333333333332
      vertex 5.07681088996253 3.392216585429027 -26.666666666666668
    endloop
  endfacet
  facet normal 0 0 0
    outer loop
      vertex 4.218724326918736 1.7474528321230471 -29.333333333333332
      vertex 5.07681088996253 3.392216585429027 -26.666666666666668
      vertex 5.641050018265874 2.336599423590721 -26.666666666666668
    endloop
  endfacet
  facet normal 0 0 0
    outer loop
      vertex 3.796751586194041 2.5369083033810718 -29.333333333333332
      vertex 3.22887181125473 3.2288718112547294 -29.333333333333332
      vertex 4.317472766266275 4.317472766266274 -26.666666666666668
    endloop
  endfacet
  facet normal 0 0 0
    outer loop
      vertex 3.796751586194041 2.5369083033810718 -29.333333333333332
      vertex 4.317472766266275 4.317472766266274 -26.666666666666668
      vertex 5.07681088996253 3.392216585429027 -26.666666666666668
    endloop
  endfacet
  facet normal 0 0 0
    outer loop
      vertex 3.22887181125473 3.2288718112547294 -29.333333333333332
      vertex 2.536908303381072 3.796751586194041 -29.333333333333332
      vertex 3.392216585429028 5.07681088996253 -26.666666666666668
    endloop
  endfacet
  facet normal 0 0 0
    outer loop
      vertex 3.22887181125473 3.2288718112547294 -29.333333333333332
      vertex 3.392216585429028 5.07681088996253 -26.666666666666668
      vertex 4.317472766266275 4.317472766266274 -26.666666666666668
    endloop
  endfacet
  facet normal 0 0 0
    outer loop
      vertex 2.536908303381072 3.796751586194041 -29.333333333333332
      vertex 1.7474528321230474 4.218724326918736 -29.333333333333332
      vertex 2.3365994235907213 5.641050018265874 -26.666666666666668
    endloop
  endfacet
  facet normal 0 0 0
    outer loop
      vertex 2.536908303381072 3.796751586194041 -29.333333333333332
      vertex 2.3365994235907213 5.641050018265874 -26.666666666666668
      vertex 3.392216585429028 5.07681088996253 -26.666666666666668
    endloop
  endfacet
  facet normal 0 0 0
    outer loop
      vertex 1.7474528321230474 4.218724326918736 -29.333333333333332
      vertex 0.8908437285093721 4.4785738576478025 -29.333333333333332
      vertex 1.1911880562838764 5.988506757904557 -26.666666666666668
    endloop
  endfacet
  facet normal 0 0 0
    outer loop
      vertex 1.7474528321230474 4.218724326918736 -29.333333333333332
      vertex 1.1911880562838764 5.988506757904557 -26.666666666666668
      vertex 2.3365994235907213 5.641050018265874 -26.666666666666668
    endloop
  endfacet
  facet normal 0 0 0
    outer loop
      vertex 0.8908437285093721 4.4785738576478025 -29.333333333333332
      vertex 2.7960610997641e-16 4.566314306640619 -29.333333333333332
      vertex 3.7387416895800885e-16 6.105828541230249 -26.666666666666668
    endloop
  endfacet
  facet normal 0 0 0
    outer loop
      vertex 0.8908437285093721 4.4785738576478025 -29.333333333333332
      vertex 3.7387416895800885e-16 6.105828541230249 -26.666666666666668
      vertex 1.1911880562838764 5.988506757904557 -26.666666666666668
    endloop
  endfacet
  facet normal 0 0 0
    outer loop
      vertex 2.7960610997641e-16 4.566314306640619 -29.333333333333332
      vertex -0.8908437285093714 4.4785738576478025 -29.333333333333332
      vertex -1.1911880562838755 5.988506757904557 -26.666666666666668
    endloop
  endfacet
  facet normal 0 0 0
    outer loop
      vertex 2.7960610997641e-16 4.566314306640619 -29.333333333333332
      vertex -1.1911880562838755 5.988506757904557 -26.666666666666668
      vertex 3.7387416895800885e-16 6.105828541230249 -26.666666666666668
    endloop
  endfacet
  facet normal 0 0 0
    outer loop
      vertex -0.8908437285093714 4.4785738576478025 -29.333333333333332
      vertex -1.747452832123047 4.218724326918736 -29.333333333333332
      vertex -2.3365994235907204 5.641050018265874 -26.666666666666668
    endloop
  endfacet
  facet normal 0 0 0
    outer loop
      vertex -0.8908437285093714 4.4785738576478025 -29.333333333333332
      vertex -2.3365994235907204 5.641050018265874 -26.666666666666668
      vertex -1.1911880562838755 5.988506757904557 -26.666666666666668
    endloop
  endfacet
  facet normal 0 0 0
    outer loop
      vertex -1.747452832123047 4.218724326918736 -29.333333333333332
      vertex -2.536908303381071 3.7967515861940417 -29.333333333333332
      vertex -3.3922165854290256 5.076810889962531 -26.666666666666668
    endloop
  endfacet
  facet normal 0 0 0
    outer loop
      vertex -1.747452832123047 4.218724326918736 -29.333333333333332
      vertex -3.3922165854290256 5.076810889962531 -26.666666666666668
      vertex -2.3365994235907204 5.641050018265874 -26.666666666666668
    endloop
  endfacet
  facet normal 0 0 0
    outer loop
      vertex -2.536908303381071 3.7967515861940417 -29.333333333333332
      vertex -3.2288718112547294 3.22887181125473 -29.333333333333332
      vertex -4.317472766266274 4.317472766266275 -26.666666666666668
    endloop
  endfacet
  facet normal 0 0 0
    outer loop
      vertex -2.536908303381071 3.7967515861940417 -29.333333333333332
      vertex -4.317472766266274 4.317472766266275 -26.666666666666668
      vertex -3.3922165854290256 5.076810889962531 -26.666666666666668
    endloop
  endfacet
  facet normal 0 0 0
    outer loop
      vertex -3.2288718112547294 3.22887181125473 -29.333333333333332
      vertex -3.7967515861940417 2.5369083033810718 -29.333333333333332
      vertex -5.076810889962531 3.392216585429027 -26.666666666666668
    endloop
  endfacet
  facet normal 0 0 0
    outer loop
      vertex -3.2288718112547294 3.22887181125473 -29.333333333333332
      vertex -5.076810889962531 3.392216585429027 -26.666666666666668
      vertex -4.317472766266274 4.317472766266275 -26.666666666666668
    endloop
  endfacet
  facet normal 0 0 0
    outer loop
      vertex -3.7967515861940417 2.5369083033810718 -29.333333333333332
      vertex -4.218724326918736 1.7474528321230476 -29.333333333333332
      vertex -5.641050018265874 2.3365994235907213 -26.666666666666668
    endloop
  endfacet
  facet normal 0 0 0
    outer loop
      vertex -3.7967515861940417 2.5369083033810718 -29.333333333333332
      vertex -5.641050018265874 2.3365994235907213 -26.666666666666668
      vertex -5.076810889962531 3.392216585429027 -26.666666666666668
    endloop
  endfacet
  facet normal 0 0 0
    outer loop
      vertex -4.218724326918736 1.7474528321230476 -29.333333333333332
      vertex -4.4785738576478025 0.8908437285093733 -29.333333333333332
      vertex -5.988506757904557 1.1911880562838781 -26.666666666666668
    endloop
  endfacet
  facet normal 0 0 0
    outer loop
      vertex -4.218724326918736 1.7474528321230476 -29.333333333333332
      vertex -5.988506757904557 1.1911880562838781 -26.666666666666668
      vertex -5.641050018265874 2.3365994235907213 -26.666666666666668
    endloop
  endfacet
  facet normal 0 0 0
    outer loop
      vertex -4.4785738576478025 0.8908437285093733 -29.333333333333332
      vertex -4.566314306640619 5.5921221995282e-16 -29.333333333333332
      vertex -6.105828541230249 7.477483379160177e-16 -26.666666666666668
    endloop
  endfacet
  facet normal 0 0 0
    outer loop
      vertex -4.4785738576478025 0.8908437285093733 -29.333333333333332
      vertex -6.105828541230249 7.477483379160177e-16 -26.666666666666668
      vertex -5.988506757904557 1.1911880562838781 -26.666666666666668
    endloop
  endfacet
  facet normal 0 0 0
    outer loop
      vertex -4.566314306640619 5.5921221995282e-16 -29.333333333333332
      vertex -4.4785738576478025 -0.8908437285093722 -29.333333333333332
      vertex -5.988506757904557 -1.1911880562838766 -26.666666666666668
    endloop
  endfacet
  facet normal 0 0 0
    outer loop
      vertex -4.566314306640619 5.5921221995282e-16 -29.333333333333332
      vertex -5.988506757904557 -1.1911880562838766 -26.666666666666668
      vertex -6.105828541230249 7.477483379160177e-16 -26.666666666666668
    endloop
  endfacet
  facet normal 0 0 0
    outer loop
      vertex -4.4785738576478025 -0.8908437285093722 -29.333333333333332
      vertex -4.218724326918736 -1.7474528321230463 -29.333333333333332
      vertex -5.641050018265875 -2.33659942359072 -26.666666666666668
    endloop
  endfacet
  facet normal 0 0 0
    outer loop
      vertex -4.4785738576478025 -0.8908437285093722 -29.333333333333332
      vertex -5.641050018265875 -2.33659942359072 -26.666666666666668
      vertex -5.988506757904557 -1.1911880562838766 -26.666666666666668
    endloop
  endfacet
  facet normal 0 0 0
    outer loop
      vertex -4.218724326918736 -1.7474528321230463 -29.333333333333332
      vertex -3.796751586194042 -2.536908303381071 -29.333333333333332
      vertex -5.076810889962532 -3.3922165854290256 -26.666666666666668
    endloop
  endfacet
  facet normal 0 0 0
    outer loop
      vertex -4.218724326918736 -1.7474528321230463 -29.333333333333332
      vertex -5.076810889962532 -3.3922165854290256 -26.666666666666668
      vertex -5.641050018265875 -2.33659942359072 -26.666666666666668
    endloop
  endfacet
  facet normal 0 0 0
    outer loop
      vertex -3.796751586194042 -2.536908303381071 -29.333333333333332
      vertex -3.2288718112547303 -3.2288718112547294 -29.333333333333332
      vertex -4.317472766266275 -4.317472766266274 -26.666666666666668
    endloop
  endfacet
  facet normal 0 0 0
    outer loop
      vertex -3.796751586194042 -2.536908303381071 -29.333333333333332
      vertex -4.317472766266275 -4.317472766266274 -26.666666666666668
      vertex -5.076810889962532 -3.3922165854290256 -26.666666666666668
    endloop
  endfacet
  facet normal 0 0 0
    outer loop
      vertex -3.2288718112547303 -3.2288718112547294 -29.333333333333332
      vertex -2.5369083033810718 -3.796751586194041 -29.333333333333332
      vertex -3.392216585429027 -5.07681088996253 -26.666666666666668
    endloop
  endfacet
  facet normal 0 0 0
    outer loop
      vertex -3.2288718112547303 -3.2288718112547294 -29.333333333333332
      vertex -3.392216585429027 -5.07681088996253 -26.666666666666668
      vertex -4.317472766266275 -4.317472766266274 -26.666666666666668
    endloop
  endfacet
  facet normal 0 0 0
    outer loop
      vertex -2.5369083033810718 -3.796751586194041 -29.333333333333332
      vertex -1.7474528321230496 -4.218724326918735 -29.333333333333332
      vertex -2.336599423590724 -5.641050018265873 -26.666666666666668
    endloop
  endfacet
  facet normal 0 0 0
    outer loop
      vertex -2.5369083033810718 -3.796751586194041 -29.333333333333332
      vertex -2.336599423590724 -5.641050018265873 -26.666666666666668
      vertex -3.392216585429027 -5.07681088996253 -26.666666666666668
    endloop
  endfacet
  facet normal 0 0 0
    outer loop
      vertex -1.7474528321230496 -4.218724326918735 -29.333333333333332
      vertex -0.8908437285093737 -4.478573857647802 -29.333333333333332
      vertex -1.1911880562838784 -5.988506757904556 -26.666666666666668
    endloop
  endfacet
  facet normal 0 0 0
    outer loop
      vertex -1.7474528321230496 -4.218724326918735 -29.333333333333332
      vertex -1.1911880562838784 -5.988506757904556 -26.666666666666668
      vertex -2.336599423590724 -5.641050018265873 -26.666666666666668
    endloop
  endfacet
  facet normal 0 0 0
    outer loop
      vertex -0.8908437285093737 -4.478573857647802 -29.333333333333332
      vertex -8.388183299292299e-16 -4.566314306640619 -29.333333333333332
      vertex -1.1216225068740265e-15 -6.105828541230249 -26.666666666666668
    endloop
  endfacet
  facet normal 0 0 0
    outer loop
      vertex -0.8908437285093737 -4.478573857647802 -29.333333333333332
      vertex -1.1216225068740265e-15 -6.105828541230249 -26.666666666666668
      vertex -1.1911880562838784 -5.988506757904556 -26.666666666666668
    endloop
  endfacet
  facet normal 0 0 0
    outer loop
      vertex -8.388183299292299e-16 -4.566314306640619 -29.333333333333332
      vertex 0.890843728509372 -4.4785738576478025 -29.333333333333332
      vertex 1.1911880562838761 -5.988506757904557 -26.666666666666668
    endloop
  endfacet
  facet normal 0 0 0
    outer loop
      vertex -8.388183299292299e-16 -4.566314306640619 -29.333333333333332
      vertex 1.1911880562838761 -5.988506757904557 -26.666666666666668
      vertex -1.1216225068740265e-15 -6.105828541230249 -26.666666666666668
    endloop
  endfacet
  facet normal 0 0 0
    outer loop
      vertex 0.890843728509372 -4.4785738576478025 -29.333333333333332
      vertex 1.747452832123048 -4.218724326918735 -29.333333333333332
      vertex 2.336599423590722 -5.641050018265873 -26.666666666666668
    endloop
  endfacet
  facet normal 0 0 0
    outer loop
      vertex 0.890843728509372 -4.4785738576478025 -29.333333333333332
      vertex 2.336599423590722 -5.641050018265873 -26.666666666666668
      vertex 1.1911880562838761 -5.988506757904557 -26.666666666666668
    endloop
  endfacet
  facet normal 0 0 0
    outer loop
      vertex 1.747452832123048 -4.218724326918735 -29.333333333333332
      vertex 2.5369083033810704 -3.796751586194042 -29.333333333333332
      vertex 3.392216585429025 -5.076810889962532 -26.666666666666668
    endloop
  endfacet
  facet normal 0 0 0
    outer loop
      vertex 1.747452832123048 -4.218724326918735 -29.333333333333332
      vertex 3.392216585429025 -5.076810889962532 -26.666666666666668
      vertex 2.336599423590722 -5.641050018265873 -26.666666666666668
    endloop
  endfacet
  facet normal 0 0 0
    outer loop
      vertex 2.5369083033810704 -3.796751586194042 -29.333333333333332
      vertex 3.228871811254729 -3.2288718112547303 -29.333333333333332
      vertex 4.317472766266273 -4.317472766266275 -26.666666666666668
    endloop
  endfacet
  facet normal 0 0 0
    outer loop
      vertex 2.5369083033810704 -3.796751586194042 -29.333333333333332
      vertex 4.317472766266273 -4.317472766266275 -26.666666666666668
      vertex 3.392216585429025 -5.076810889962532 -26.666666666666668
    endloop
  endfacet
  facet normal 0 0 0
    outer loop
      vertex 3.228871811254729 -3.2288718112547303 -29.333333333333332
      vertex 3.796751586194041 -2.5369083033810718 -29.333333333333332
      vertex 5.07681088996253 -3.392216585429027 -26.666666666666668
    endloop
  endfacet
  facet normal 0 0 0
    outer loop
      vertex 3.228871811254729 -3.2288718112547303 -29.333333333333332
      vertex 5.07681088996253 -3.392216585429027 -26.666666666666668
      vertex 4.317472766266273 -4.317472766266275 -26.666666666666668
    endloop
  endfacet
  facet normal 0 0 0
    outer loop
      vertex 3.796751586194041 -2.5369083033810718 -29.333333333333332
      vertex 4.218724326918735 -1.7474528321230498 -29.333333333333332
      vertex 5.641050018265873 -2.3365994235907244 -26.666666666666668
    endloop
  endfacet
  facet normal 0 0 0
    outer loop
      vertex 3.796751586194041 -2.5369083033810718 -29.333333333333332
      vertex 5.641050018265873 -2.3365994235907244 -26.666666666666668
      vertex 5.07681088996253 -3.392216585429027 -26.666666666666668
    endloop
  endfacet
  facet normal 0 0 0
    outer loop
      vertex 4.218724326918735 -1.7474528321230498 -29.333333333333332
      vertex 4.478573857647802 -0.8908437285093739 -29.333333333333332
      vertex 5.988506757904556 -1.1911880562838788 -26.666666666666668
    endloop
  endfacet
  facet normal 0 0 0
    outer loop
      vertex 4.218724326918735 -1.7474528321230498 -29.333333333333332
      vertex 5.988506757904556 -1.1911880562838788 -26.666666666666668
      vertex 5.641050018265873 -2.3365994235907244 -26.666666666666668
    endloop
  endfacet
  facet normal 0 0 0
    outer loop
      vertex 4.478573857647802 -0.8908437285093739 -29.333333333333332
      vertex 4.566314306640619 0 -29.333333333333332
      vertex 6.105828541230249 0 -26.666666666666668
    endloop
  endfacet
  facet normal 0 0 0
    outer loop
      vertex 4.478573857647802 -0.8908437285093739 -29.333333333333332
      vertex 6.105828541230249 0 -26.666666666666668
      vertex 5.988506757904556 -1.1911880562838788 -26.666666666666668
    endloop
  endfacet
  facet normal 0 0 0
    outer loop
      vertex 6.105828541230249 0 -26.666666666666668
      vertex 5.988506757904557 1.191188056283876 -26.666666666666668
      vertex 7.446319171424074 1.481164974652496 -24
    endloop
  endfacet
  facet normal 0 0 0
    outer loop
      vertex 6.105828541230249 0 -26.666666666666668
      vertex 7.446319171424074 1.481164974652496 -24
      vertex 7.592201188381077 0 -24
    endloop
  endfacet
  facet normal 0 0 0
    outer loop
      vertex 5.988506757904557 1.191188056283876 -26.666666666666668
      vertex 5.641050018265874 2.336599423590721 -26.666666666666668
      vertex 7.014279284653145 2.905409609975984 -24
    endloop
  endfacet
  facet normal 0 0 0
    outer loop
      vertex 5.988506757904557 1.191188056283876 -26.666666666666668
      vertex 7.014279284653145 2.905409609975984 -24
      vertex 7.446319171424074 1.481164974652496 -24
    endloop
  endfacet
  facet normal 0 0 0
    outer loop
      vertex 5.641050018265874 2.336599423590721 -26.666666666666668
      vertex 5.07681088996253 3.392216585429027 -26.666666666666668
      vertex 6.312684578626137 4.218000983360576 -24
    endloop
  endfacet
  facet normal 0 0 0
    outer loop
      vertex 5.641050018265874 2.336599423590721 -26.666666666666668
      vertex 6.312684578626137 4.218000983360576 -24
      vertex 7.014279284653145 2.905409609975984 -24
    endloop
  endfacet
  facet normal 0 0 0
    outer loop
      vertex 5.07681088996253 3.392216585429027 -26.666666666666668
      vertex 4.317472766266275 4.317472766266274 -26.666666666666668
      vertex 5.368496944436825 5.368496944436824 -24
    endloop
  endfacet
  facet normal 0 0 0
    outer loop
      vertex 5.07681088996253 3.392216585429027 -26.666666666666668
      vertex 5.368496944436825 5.368496944436824 -24
      vertex 6.312684578626137 4.218000983360576 -24
    endloop
  endfacet
  facet normal 0 0 0
    outer loop
      vertex 4.317472766266275 4.317472766266274 -26.666666666666668
      vertex 3.392216585429028 5.07681088996253 -26.666666666666668
      vertex 4.218000983360576 6.312684578626137 -24
    endloop
  endfacet
  facet normal 0 0 0
    outer loop
      vertex 4.317472766266275 4.317472766266274 -26.666666666666668
      vertex 4.218000983360576 6.312684578626137 -24
      vertex 5.368496944436825 5.368496944436824 -24
    endloop
  endfacet
  facet normal 0 0 0
    outer loop
      vertex 3.392216585429028 5.07681088996253 -26.666666666666668
      vertex 2.3365994235907213 5.641050018265874 -26.666666666666668
      vertex 2.9054096099759845 7.014279284653145 -24
    endloop
  endfacet
  facet normal 0 0 0
    outer loop
      vertex 3.392216585429028 5.07681088996253 -26.666666666666668
      vertex 2.9054096099759845 7.014279284653145 -24
      vertex 4.218000983360576 6.312684578626137 -24
    endloop
  endfacet
  facet normal 0 0 0
    outer loop
      vertex 2.3365994235907213 5.641050018265874 -26.666666666666668
      vertex 1.1911880562838764 5.988506757904557 -26.666666666666668
      vertex 1.4811649746524966 7.446319171424074 -24
    endloop
  endfacet
  facet normal 0 0 0
    outer loop
      vertex 2.3365994235907213 5.641050018265874 -26.666666666666668
      vertex 1.4811649746524966 7.446319171424074 -24
      vertex 2.9054096099759845 7.014279284653145 -24
    endloop
  endfacet
  facet normal 0 0 0
    outer loop
      vertex 1.1911880562838764 5.988506757904557 -26.666666666666668
      vertex 3.7387416895800885e-16 6.105828541230249 -26.666666666666668
      vertex 4.648882441916808e-16 7.592201188381077 -24
    endloop
  endfacet
  facet normal 0 0 0
    outer loop
      vertex 1.1911880562838764 5.988506757904557 -26.666666666666668
      vertex 4.648882441916808e-16 7.592201188381077 -24
      vertex 1.4811649746524966 7.446319171424074 -24
    endloop
  endfacet
  facet normal 0 0 0
    outer loop
      vertex 3.7387416895800885e-16 6.105828541230249 -26.666666666666668
      vertex -1.1911880562838755 5.988506757904557 -26.666666666666668
      vertex -1.4811649746524955 7.446319171424074 -24
    endloop
  endfacet
  facet normal 0 0 0
    outer loop
      vertex 3.7387416895800885e-16 6.105828541230249 -26.666666666666668
      vertex -1.4811649746524955 7.446319171424074 -24
      vertex 4.648882441916808e-16 7.592201188381077 -24
    endloop
  endfacet
  facet normal 0 0 0
    outer loop
      vertex -1.1911880562838755 5.988506757904557 -26.666666666666668
      vertex -2.3365994235907204 5.641050018265874 -26.666666666666668
      vertex -2.9054096099759836 7.014279284653145 -24
    endloop
  endfacet
  facet normal 0 0 0
    outer loop
      vertex -1.1911880562838755 5.988506757904557 -26.666666666666668
      vertex -2.9054096099759836 7.014279284653145 -24
      vertex -1.4811649746524955 7.446319171424074 -24
    endloop
  endfacet
  facet normal 0 0 0
    outer loop
      vertex -2.3365994235907204 5.641050018265874 -26.666666666666668
      vertex -3.3922165854290256 5.076810889962531 -26.666666666666668
      vertex -4.218000983360574 6.312684578626138 -24
    endloop
  endfacet
  facet normal 0 0 0
    outer loop
      vertex -2.3365994235907204 5.641050018265874 -26.666666666666668
      vertex -4.218000983360574 6.312684578626138 -24
      vertex -2.9054096099759836 7.014279284653145 -24
    endloop
  endfacet
  facet normal 0 0 0
    outer loop
      vertex -3.3922165854290256 5.076810889962531 -26.666666666666668
      vertex -4.317472766266274 4.317472766266275 -26.666666666666668
      vertex -5.368496944436824 5.368496944436825 -24
    endloop
  endfacet
  facet normal 0 0 0
    outer loop
      vertex -3.3922165854290256 5.076810889962531 -26.666666666666668
      vertex -5.368496944436824 5.368496944436825 -24
      vertex -4.218000983360574 6.312684578626138 -24
    endloop
  endfacet
  facet normal 0 0 0
    outer loop
      vertex -4.317472766266274 4.317472766266275 -26.666666666666668
      vertex -5.076810889962531 3.392216585429027 -26.666666666666668
      vertex -6.312684578626138 4.218000983360576 -24
    endloop
  endfacet
  facet normal 0 0 0
    outer loop
      vertex -4.317472766266274 4.317472766266275 -26.666666666666668
      vertex -6.312684578626138 4.218000983360576 -24
      vertex -5.368496944436824 5.368496944436825 -24
    endloop
  endfacet
  facet normal 0 0 0
    outer loop
      vertex -5.076810889962531 3.392216585429027 -26.666666666666668
      vertex -5.641050018265874 2.3365994235907213 -26.666666666666668
      vertex -7.014279284653145 2.905409609975985 -24
    endloop
  endfacet
  facet normal 0 0 0
    outer loop
      vertex -5.076810889962531 3.392216585429027 -26.666666666666668
      vertex -7.014279284653145 2.905409609975985 -24
      vertex -6.312684578626138 4.218000983360576 -24
    endloop
  endfacet
  facet normal 0 0 0
    outer loop
      vertex -5.641050018265874 2.3365994235907213 -26.666666666666668
      vertex -5.988506757904557 1.1911880562838781 -26.666666666666668
      vertex -7.446319171424074 1.4811649746524986 -24
    endloop
  endfacet
  facet normal 0 0 0
    outer loop
      vertex -5.641050018265874 2.3365994235907213 -26.666666666666668
      vertex -7.446319171424074 1.4811649746524986 -24
      vertex -7.014279284653145 2.905409609975985 -24
    endloop
  endfacet
  facet normal 0 0 0
    outer loop
      vertex -5.988506757904557 1.1911880562838781 -26.666666666666668
      vertex -6.105828541230249 7.477483379160177e-16 -26.666666666666668
      vertex -7.592201188381077 9.297764883833616e-16 -24
    endloop
  endfacet
  facet normal 0 0 0
    outer loop
      vertex -5.988506757904557 1.1911880562838781 -26.666666666666668
      vertex -7.592201188381077 9.297764883833616e-16 -24
      vertex -7.446319171424074 1.4811649746524986 -24
    endloop
  endfacet
  facet normal 0 0 0
    outer loop
      vertex -6.105828541230249 7.477483379160177e-16 -26.666666666666668
      vertex -5.988506757904557 -1.1911880562838766 -26.666666666666668
      vertex -7.446319171424074 -1.4811649746524969 -24
    endloop
  endfacet
  facet normal 0 0 0
    outer loop
      vertex -6.105828541230249 7.477483379160177e-16 -26.666666666666668
      vertex -7.446319171424074 -1.4811649746524969 -24
      vertex -7.592201188381077 9.297764883833616e-16 -24
    endloop
  endfacet
  facet normal 0 0 0
    outer loop
      vertex -5.988506757904557 -1.1911880562838766 -26.666666666666668
      vertex -5.641050018265875 -2.33659942359072 -26.666666666666668
      vertex -7.014279284653146 -2.9054096099759827 -24
    endloop
  endfacet
  facet normal 0 0 0
    outer loop
      vertex -5.988506757904557 -1.1911880562838766 -26.666666666666668
      vertex -7.014279284653146 -2.9054096099759827 -24
      vertex -7.446319171424074 -1.4811649746524969 -24
    endloop
  endfacet
  facet normal 0 0 0
    outer loop
      vertex -5.641050018265875 -2.33659942359072 -26.666666666666668
      vertex -5.076810889962532 -3.3922165854290256 -26.666666666666668
      vertex -6.312684578626139 -4.218000983360574 -24
    endloop
  endfacet
  facet normal 0 0 0
    outer loop
      vertex -5.641050018265875 -2.33659942359072 -26.666666666666668
      vertex -6.312684578626139 -4.218000983360574 -24
      vertex -7.014279284653146 -2.9054096099759827 -24
    endloop
  endfacet
  facet normal 0 0 0
    outer loop
      vertex -5.076810889962532 -3.3922165854290256 -26.666666666666668
      vertex -4.317472766266275 -4.317472766266274 -26.666666666666668
      vertex -5.368496944436826 -5.368496944436824 -24
    endloop
  endfacet
  facet normal 0 0 0
    outer loop
      vertex -5.076810889962532 -3.3922165854290256 -26.666666666666668
      vertex -5.368496944436826 -5.368496944436824 -24
      vertex -6.312684578626139 -4.218000983360574 -24
    endloop
  endfacet
  facet normal 0 0 0
    outer loop
      vertex -4.317472766266275 -4.317472766266274 -26.666666666666668
      vertex -3.392216585429027 -5.07681088996253 -26.666666666666668
      vertex -4.218000983360576 -6.312684578626137 -24
    endloop
  endfacet
  facet normal 0 0 0
    outer loop
      vertex -4.317472766266275 -4.317472766266274 -26.666666666666668
      vertex -4.218000983360576 -6.312684578626137 -24
      vertex -5.368496944436826 -5.368496944436824 -24
    endloop
  endfacet
  facet normal 0 0 0
    outer loop
      vertex -3.392216585429027 -5.07681088996253 -26.666666666666668
      vertex -2.336599423590724 -5.641050018265873 -26.666666666666668
      vertex -2.9054096099759885 -7.014279284653144 -24
    endloop
  endfacet
  facet normal 0 0 0
    outer loop
      vertex -3.392216585429027 -5.07681088996253 -26.666666666666668
      vertex -2.9054096099759885 -7.014279284653144 -24
      vertex -4.218000983360576 -6.312684578626137 -24
    endloop
  endfacet
  facet normal 0 0 0
    outer loop
      vertex -2.336599423590724 -5.641050018265873 -26.666666666666668
      vertex -1.1911880562838784 -5.988506757904556 -26.666666666666668
      vertex -1.481164974652499 -7.446319171424073 -24
    endloop
  endfacet
  facet normal 0 0 0
    outer loop
      vertex -2.336599423590724 -5.641050018265873 -26.666666666666668
      vertex -1.481164974652499 -7.446319171424073 -24
      vertex -2.9054096099759885 -7.014279284653144 -24
    endloop
  endfacet
  facet normal 0 0 0
    outer loop
      vertex -1.1911880562838784 -5.988506757904556 -26.666666666666668
      vertex -1.1216225068740265e-15 -6.105828541230249 -26.666666666666668
      vertex -1.3946647325750426e-15 -7.592201188381077 -24
    endloop
  endfacet
  facet normal 0 0 0
    outer loop
      vertex -1.1911880562838784 -5.988506757904556 -26.666666666666668
      vertex -1.3946647325750426e-15 -7.592201188381077 -24
      vertex -1.481164974652499 -7.446319171424073 -24
    endloop
  endfacet
  facet normal 0 0 0
    outer loop
      vertex -1.1216225068740265e-15 -6.105828541230249 -26.666666666666668
      vertex 1.1911880562838761 -5.988506757904557 -26.666666666666668
      vertex 1.4811649746524964 -7.446319171424074 -24
    endloop
  endfacet
  facet normal 0 0 0
    outer loop
      vertex -1.1216225068740265e-15 -6.105828541230249 -26.666666666666668
      vertex 1.4811649746524964 -7.446319171424074 -24
      vertex -1.3946647325750426e-15 -7.592201188381077 -24
    endloop
  endfacet
  facet normal 0 0 0
    outer loop
      vertex 1.1911880562838761 -5.988506757904557 -26.666666666666668
      vertex 2.336599423590722 -5.641050018265873 -26.666666666666668
      vertex 2.905409609975986 -7.014279284653145 -24
    endloop
  endfacet
  facet normal 0 0 0
    outer loop
      vertex 1.1911880562838761 -5.988506757904557 -26.666666666666668
      vertex 2.905409609975986 -7.014279284653145 -24
      vertex 1.4811649746524964 -7.446319171424074 -24
    endloop
  endfacet
  facet normal 0 0 0
    outer loop
      vertex 2.336599423590722 -5.641050018265873 -26.666666666666668
      vertex 3.392216585429025 -5.076810889962532 -26.666666666666668
      vertex 4.218000983360573 -6.312684578626139 -24
    endloop
  endfacet
  facet normal 0 0 0
    outer loop
      vertex 2.336599423590722 -5.641050018265873 -26.666666666666668
      vertex 4.218000983360573 -6.312684578626139 -24
      vertex 2.905409609975986 -7.014279284653145 -24
    endloop
  endfacet
  facet normal 0 0 0
    outer loop
      vertex 3.392216585429025 -5.076810889962532 -26.666666666666668
      vertex 4.317472766266273 -4.317472766266275 -26.666666666666668
      vertex 5.368496944436823 -5.368496944436826 -24
    endloop
  endfacet
  facet normal 0 0 0
    outer loop
      vertex 3.392216585429025 -5.076810889962532 -26.666666666666668
      vertex 5.368496944436823 -5.368496944436826 -24
      vertex 4.218000983360573 -6.312684578626139 -24
    endloop
  endfacet
  facet normal 0 0 0
    outer loop
      vertex 4.317472766266273 -4.317472766266275 -26.666666666666668
      vertex 5.07681088996253 -3.392216585429027 -26.666666666666668
      vertex 6.312684578626137 -4.218000983360576 -24
    endloop
  endfacet
  facet normal 0 0 0
    outer loop
      vertex 4.317472766266273 -4.317472766266275 -26.666666666666668
      vertex 6.312684578626137 -4.218000983360576 -24
      vertex 5.368496944436823 -5.368496944436826 -24
    endloop
  endfacet
  facet normal 0 0 0
    outer loop
      vertex 5.07681088996253 -3.392216585429027 -26.666666666666668
      vertex 5.641050018265873 -2.3365994235907244 -26.666666666666668
      vertex 7.014279284653144 -2.905409609975989 -24
    endloop
  endfacet
  facet normal 0 0 0
    outer loop
      vertex 5.07681088996253 -3.392216585429027 -26.666666666666668
      vertex 7.014279284653144 -2.905409609975989 -24
      vertex 6.312684578626137 -4.218000983360576 -24
    endloop
  endfacet
  facet normal 0 0 0
    outer loop
      vertex 5.641050018265873 -2.3365994235907244 -26.666666666666668
      vertex 5.988506757904556 -1.1911880562838788 -26.666666666666668
      vertex 7.446319171424073 -1.4811649746524995 -24
    endloop
  endfacet
  facet normal 0 0 0
    outer loop
      vertex 5.641050018265873 -2.3365994235907244 -26.666666666666668
      vertex 7.446319171424073 -1.4811649746524995 -24
      vertex 7.014279284653144 -2.905409609975989 -24
    endloop
  endfacet
  facet normal 0 0 0
    outer loop
      vertex 5.988506757904556 -1.1911880562838788 -26.666666666666668
      vertex 6.105828541230249 0 -26.666666666666668
      vertex 7.592201188381077 0 -24
    endloop
  endfacet
  facet normal 0 0 0
    outer loop
      vertex 5.988506757904556 -1.1911880562838788 -26.666666666666668
      vertex 7.592201188381077 0 -24
      vertex 7.446319171424073 -1.4811649746524995 -24
    endloop
  endfacet
  facet normal 0 0 0
    outer loop
      vertex 7.592201188381077 0 -24
      vertex 7.446319171424074 1.481164974652496 -24
      vertex 8.827067523629074 1.7558128981451542 -21.333333333333336
    endloop
  endfacet
  facet normal 0 0 0
    outer loop
      vertex 7.592201188381077 0 -24
      vertex 8.827067523629074 1.7558128981451542 -21.333333333333336
      vertex 9 0 -21.333333333333336
    endloop
  endfacet
  facet normal 0 0 0
    outer loop
      vertex 7.446319171424074 1.481164974652496 -24
      vertex 7.014279284653145 2.905409609975984 -24
      vertex 8.31491579260158 3.444150891285808 -21.333333333333336
    endloop
  endfacet
  facet normal 0 0 0
    outer loop
      vertex 7.446319171424074 1.481164974652496 -24
      vertex 8.31491579260158 3.444150891285808 -21.333333333333336
      vertex 8.827067523629074 1.7558128981451542 -21.333333333333336
    endloop
  endfacet
  facet normal 0 0 0
    outer loop
      vertex 7.014279284653145 2.905409609975984 -24
      vertex 6.312684578626137 4.218000983360576 -24
      vertex 7.483226510722907 5.00013209717642 -21.333333333333336
    endloop
  endfacet
  facet normal 0 0 0
    outer loop
      vertex 7.014279284653145 2.905409609975984 -24
      vertex 7.483226510722907 5.00013209717642 -21.333333333333336
      vertex 8.31491579260158 3.444150891285808 -21.333333333333336
    endloop
  endfacet
  facet normal 0 0 0
    outer loop
      vertex 6.312684578626137 4.218000983360576 -24
      vertex 5.368496944436825 5.368496944436824 -24
      vertex 6.3639610306789285 6.363961030678928 -21.333333333333336
    endloop
  endfacet
  facet normal 0 0 0
    outer loop
      vertex 6.312684578626137 4.218000983360576 -24
      vertex 6.3639610306789285 6.363961030678928 -21.333333333333336
      vertex 7.483226510722907 5.00013209717642 -21.333333333333336
    endloop
  endfacet
  facet normal 0 0 0
    outer loop
      vertex 5.368496944436825 5.368496944436824 -24
      vertex 4.218000983360576 6.312684578626137 -24
      vertex 5.0001320971764205 7.483226510722907 -21.333333333333336
    endloop
  endfacet
  facet normal 0 0 0
    outer loop
      vertex 5.368496944436825 5.368496944436824 -24
      vertex 5.0001320971764205 7.483226510722907 -21.333333333333336
      vertex 6.3639610306789285 6.363961030678928 -21.333333333333336
    endloop
  endfacet
  facet normal 0 0 0
    outer loop
      vertex 4.218000983360576 6.312684578626137 -24
      vertex 2.9054096099759845 7.014279284653145 -24
      vertex 3.4441508912858083 8.31491579260158 -21.333333333333336
    endloop
  endfacet
  facet normal 0 0 0
    outer loop
      vertex 4.218000983360576 6.312684578626137 -24
      vertex 3.4441508912858083 8.31491579260158 -21.333333333333336
      vertex 5.0001320971764205 7.483226510722907 -21.333333333333336
    endloop
  endfacet
  facet normal 0 0 0
    outer loop
      vertex 2.9054096099759845 7.014279284653145 -24
      vertex 1.4811649746524966 7.446319171424074 -24
      vertex 1.755812898145155 8.827067523629074 -21.333333333333336
    endloop
  endfacet
  facet normal 0 0 0
    outer loop
      vertex 2.9054096099759845 7.014279284653145 -24
      vertex 1.755812898145155 8.827067523629074 -21.333333333333336
      vertex 3.4441508912858083 8.31491579260158 -21.333333333333336
    endloop
  endfacet
  facet normal 0 0 0
    outer loop
      vertex 1.4811649746524966 7.446319171424074 -24
      vertex 4.648882441916808e-16 7.592201188381077 -24
      vertex 5.51091059616309e-16 9 -21.333333333333336
    endloop
  endfacet
  facet normal 0 0 0
    outer loop
      vertex 1.4811649746524966 7.446319171424074 -24
      vertex 5.51091059616309e-16 9 -21.333333333333336
      vertex 1.755812898145155 8.827067523629074 -21.333333333333336
    endloop
  endfacet
  facet normal 0 0 0
    outer loop
      vertex 4.648882441916808e-16 7.592201188381077 -24
      vertex -1.4811649746524955 7.446319171424074 -24
      vertex -1.7558128981451537 8.827067523629074 -21.333333333333336
    endloop
  endfacet
  facet normal 0 0 0
    outer loop
      vertex 4.648882441916808e-16 7.592201188381077 -24
      vertex -1.7558128981451537 8.827067523629074 -21.333333333333336
      vertex 5.51091059616309e-16 9 -21.333333333333336
    endloop
  endfacet
  facet normal 0 0 0
    outer loop
      vertex -1.4811649746524955 7.446319171424074 -24
      vertex -2.9054096099759836 7.014279284653145 -24
      vertex -3.4441508912858074 8.31491579260158 -21.333333333333336
    endloop
  endfacet
  facet normal 0 0 0
    outer loop
      vertex -1.4811649746524955 7.446319171424074 -24
      vertex -3.4441508912858074 8.31491579260158 -21.333333333333336
      vertex -1.7558128981451537 8.827067523629074 -21.333333333333336
    endloop
  endfacet
  facet normal 0 0 0
    outer loop
      vertex -2.9054096099759836 7.014279284653145 -24
      vertex -4.218000983360574 6.312684578626138 -24
      vertex -5.000132097176418 7.483226510722908 -21.333333333333336
    endloop
  endfacet
  facet normal 0 0 0
    outer loop
      vertex -2.9054096099759836 7.014279284653145 -24
      vertex -5.000132097176418 7.483226510722908 -21.333333333333336
      vertex -3.4441508912858074 8.31491579260158 -21.333333333333336
    endloop
  endfacet
  facet normal 0 0 0
    outer loop
      vertex -4.218000983360574 6.312684578626138 -24
      vertex -5.368496944436824 5.368496944436825 -24
      vertex -6.363961030678928 6.3639610306789285 -21.333333333333336
    endloop
  endfacet
  facet normal 0 0 0
    outer loop
      vertex -4.218000983360574 6.312684578626138 -24
      vertex -6.363961030678928 6.3639610306789285 -21.333333333333336
      vertex -5.000132097176418 7.483226510722908 -21.333333333333336
    endloop
  endfacet
  facet normal 0 0 0
    outer loop
      vertex -5.368496944436824 5.368496944436825 -24
      vertex -6.312684578626138 4.218000983360576 -24
      vertex -7.483226510722908 5.00013209717642 -21.333333333333336
    endloop
  endfacet
  facet normal 0 0 0
    outer loop
      vertex -5.368496944436824 5.368496944436825 -24
      vertex -7.483226510722908 5.00013209717642 -21.333333333333336
      vertex -6.363961030678928 6.3639610306789285 -21.333333333333336
    endloop
  endfacet
  facet normal 0 0 0
    outer loop
      vertex -6.312684578626138 4.218000983360576 -24
      vertex -7.014279284653145 2.905409609975985 -24
      vertex -8.31491579260158 3.444150891285809 -21.333333333333336
    endloop
  endfacet
  facet normal 0 0 0
    outer loop
      vertex -6.312684578626138 4.218000983360576 -24
      vertex -8.31491579260158 3.444150891285809 -21.333333333333336
      vertex -7.483226510722908 5.00013209717642 -21.333333333333336
    endloop
  endfacet
  facet normal 0 0 0
    outer loop
      vertex -7.014279284653145 2.905409609975985 -24
      vertex -7.446319171424074 1.4811649746524986 -24
      vertex -8.827067523629074 1.7558128981451575 -21.333333333333336
    endloop
  endfacet
  facet normal 0 0 0
    outer loop
      vertex -7.014279284653145 2.905409609975985 -24
      vertex -8.827067523629074 1.7558128981451575 -21.333333333333336
      vertex -8.31491579260158 3.444150891285809 -21.333333333333336
    endloop
  endfacet
  facet normal 0 0 0
    outer loop
      vertex -7.446319171424074 1.4811649746524986 -24
      vertex -7.592201188381077 9.297764883833616e-16 -24
      vertex -9 1.102182119232618e-15 -21.333333333333336
    endloop
  endfacet
  facet normal 0 0 0
    outer loop
      vertex -7.446319171424074 1.4811649746524986 -24
      vertex -9 1.102182119232618e-15 -21.333333333333336
      vertex -8.827067523629074 1.7558128981451575 -21.333333333333336
    endloop
  endfacet
  facet normal 0 0 0
    outer loop
      vertex -7.592201188381077 9.297764883833616e-16 -24
      vertex -7.446319171424074 -1.4811649746524969 -24
      vertex -8.827067523629074 -1.7558128981451553 -21.333333333333336
    endloop
  endfacet
  facet normal 0 0 0
    outer loop
      vertex -7.592201188381077 9.297764883833616e-16 -24
      vertex -8.827067523629074 -1.7558128981451553 -21.333333333333336
      vertex -9 1.102182119232618e-15 -21.333333333333336
    endloop
  endfacet
  facet normal 0 0 0
    outer loop
      vertex -7.446319171424074 -1.4811649746524969 -24
      vertex -7.014279284653146 -2.9054096099759827 -24
      vertex -8.314915792601582 -3.4441508912858065 -21.333333333333336
    endloop
  endfacet
  facet normal 0 0 0
    outer loop
      vertex -7.446319171424074 -1.4811649746524969 -24
      vertex -8.314915792601582 -3.4441508912858065 -21.333333333333336
      vertex -8.827067523629074 -1.7558128981451553 -21.333333333333336
    endloop
  endfacet
  facet normal 0 0 0
    outer loop
      vertex -7.014279284653146 -2.9054096099759827 -24
      vertex -6.312684578626139 -4.218000983360574 -24
      vertex -7.4832265107229095 -5.000132097176418 -21.333333333333336
    endloop
  endfacet
  facet normal 0 0 0
    outer loop
      vertex -7.014279284653146 -2.9054096099759827 -24
      vertex -7.4832265107229095 -5.000132097176418 -21.333333333333336
      vertex -8.314915792601582 -3.4441508912858065 -21.333333333333336
    endloop
  endfacet
  facet normal 0 0 0
    outer loop
      vertex -6.312684578626139 -4.218000983360574 -24
      vertex -5.368496944436826 -5.368496944436824 -24
      vertex -6.363961030678929 -6.363961030678928 -21.333333333333336
    endloop
  endfacet
  facet normal 0 0 0
    outer loop
      vertex -6.312684578626139 -4.218000983360574 -24
      vertex -6.363961030678929 -6.363961030678928 -21.333333333333336
      vertex -7.4832265107229095 -5.000132097176418 -21.333333333333336
    endloop
  endfacet
  facet normal 0 0 0
    outer loop
      vertex -5.368496944436826 -5.368496944436824 -24
      vertex -4.218000983360576 -6.312684578626137 -24
      vertex -5.00013209717642 -7.483226510722907 -21.333333333333336
    endloop
  endfacet
  facet normal 0 0 0
    outer loop
      vertex -5.368496944436826 -5.368496944436824 -24
      vertex -5.00013209717642 -7.483226510722907 -21.333333333333336
      vertex -6.363961030678929 -6.363961030678928 -21.333333333333336
    endloop
  endfacet
  facet normal 0 0 0
    outer loop
      vertex -4.218000983360576 -6.312684578626137 -24
      vertex -2.9054096099759885 -7.014279284653144 -24
      vertex -3.444150891285813 -8.314915792601578 -21.333333333333336
    endloop
  endfacet
  facet normal 0 0 0
    outer loop
      vertex -4.218000983360576 -6.312684578626137 -24
      vertex -3.444150891285813 -8.314915792601578 -21.333333333333336
      vertex -5.00013209717642 -7.483226510722907 -21.333333333333336
    endloop
  endfacet
  facet normal 0 0 0
    outer loop
      vertex -2.9054096099759885 -7.014279284653144 -24
      vertex -1.481164974652499 -7.446319171424073 -24
      vertex -1.755812898145158 -8.827067523629072 -21.333333333333336
    endloop
  endfacet
  facet normal 0 0 0
    outer loop
      vertex -2.9054096099759885 -7.014279284653144 -24
      vertex -1.755812898145158 -8.827067523629072 -21.333333333333336
      vertex -3.444150891285813 -8.314915792601578 -21.333333333333336
    endloop
  endfacet
  facet normal 0 0 0
    outer loop
      vertex -1.481164974652499 -7.446319171424073 -24
      vertex -1.3946647325750426e-15 -7.592201188381077 -24
      vertex -1.6532731788489267e-15 -9 -21.333333333333336
    endloop
  endfacet
  facet normal 0 0 0
    outer loop
      vertex -1.481164974652499 -7.446319171424073 -24
      vertex -1.6532731788489267e-15 -9 -21.333333333333336
      vertex -1.755812898145158 -8.827067523629072 -21.333333333333336
    endloop
  endfacet
  facet normal 0 0 0
    outer loop
      vertex -1.3946647325750426e-15 -7.592201188381077 -24
      vertex 1.4811649746524964 -7.446319171424074 -24
      vertex 1.7558128981451548 -8.827067523629074 -21.333333333333336
    endloop
  endfacet
  facet normal 0 0 0
    outer loop
      vertex -1.3946647325750426e-15 -7.592201188381077 -24
      vertex 1.7558128981451548 -8.827067523629074 -21.333333333333336
      vertex -1.6532731788489267e-15 -9 -21.333333333333336
    endloop
  endfacet
  facet normal 0 0 0
    outer loop
      vertex 1.4811649746524964 -7.446319171424074 -24
      vertex 2.905409609975986 -7.014279284653145 -24
      vertex 3.44415089128581 -8.31491579260158 -21.333333333333336
    endloop
  endfacet
  facet normal 0 0 0
    outer loop
      vertex 1.4811649746524964 -7.446319171424074 -24
      vertex 3.44415089128581 -8.31491579260158 -21.333333333333336
      vertex 1.7558128981451548 -8.827067523629074 -21.333333333333336
    endloop
  endfacet
  facet normal 0 0 0
    outer loop
      vertex 2.905409609975986 -7.014279284653145 -24
      vertex 4.218000983360573 -6.312684578626139 -24
      vertex 5.000132097176417 -7.4832265107229095 -21.333333333333336
    endloop
  endfacet
  facet normal 0 0 0
    outer loop
      vertex 2.905409609975986 -7.014279284653145 -24
      vertex 5.000132097176417 -7.4832265107229095 -21.333333333333336
      vertex 3.44415089128581 -8.31491579260158 -21.333333333333336
    endloop
  endfacet
  facet normal 0 0 0
    outer loop
      vertex 4.218000983360573 -6.312684578626139 -24
      vertex 5.368496944436823 -5.368496944436826 -24
      vertex 6.363961030678926 -6.363961030678929 -21.333333333333336
    endloop
  endfacet
  facet normal 0 0 0
    outer loop
      vertex 4.218000983360573 -6.312684578626139 -24
      vertex 6.363961030678926 -6.363961030678929 -21.333333333333336
      vertex 5.000132097176417 -7.4832265107229095 -21.333333333333336
    endloop
  endfacet
  facet normal 0 0 0
    outer loop
      vertex 5.368496944436823 -5.368496944436826 -24
      vertex 6.312684578626137 -4.218000983360576 -24
      vertex 7.483226510722907 -5.00013209717642 -21.333333333333336
    endloop
  endfacet
  facet normal 0 0 0
    outer loop
      vertex 5.368496944436823 -5.368496944436826 -24
      vertex 7.483226510722907 -5.00013209717642 -21.333333333333336
      vertex 6.363961030678926 -6.363961030678929 -21.333333333333336
    endloop
  endfacet
  facet normal 0 0 0
    outer loop
      vertex 6.312684578626137 -4.218000983360576 -24
      vertex 7.014279284653144 -2.905409609975989 -24
      vertex 8.314915792601578 -3.4441508912858136 -21.333333333333336
    endloop
  endfacet
  facet normal 0 0 0
    outer loop
      vertex 6.312684578626137 -4.218000983360576 -24
      vertex 8.314915792601578 -3.4441508912858136 -21.333333333333336
      vertex 7.483226510722907 -5.00013209717642 -21.333333333333336
    endloop
  endfacet
  facet normal 0 0 0
    outer loop
      vertex 7.014279284653144 -2.905409609975989 -24
      vertex 7.446319171424073 -1.4811649746524995 -24
      vertex 8.827067523629072 -1.7558128981451584 -21.333333333333336
    endloop
  endfacet
  facet normal 0 0 0
    outer loop
      vertex 7.014279284653144 -2.905409609975989 -24
      vertex 8.827067523629072 -1.7558128981451584 -21.333333333333336
      vertex 8.314915792601578 -3.4441508912858136 -21.333333333333336
    endloop
  endfacet
  facet normal 0 0 0
    outer loop
      vertex 7.446319171424073 -1.4811649746524995 -24
      vertex 7.592201188381077 0 -24
      vertex 9 0 -21.333333333333336
    endloop
  endfacet
  facet normal 0 0 0
    outer loop
      vertex 7.446319171424073 -1.4811649746524995 -24
      vertex 9 0 -21.333333333333336
      vertex 8.827067523629072 -1.7558128981451584 -21.333333333333336
    endloop
  endfacet
  facet normal 0 0 0
    outer loop
      vertex 9 0 -21.333333333333336
      vertex 8.827067523629074 1.7558128981451542 -21.333333333333336
      vertex 10.107126827397565 2.0104325246441013 -18.666666666666664
    endloop
  endfacet
  facet normal 0 0 0
    outer loop
      vertex 9 0 -21.333333333333336
      vertex 10.107126827397565 2.0104325246441013 -18.666666666666664
      vertex 10.305137148104649 0 -18.666666666666664
    endloop
  endfacet
  facet normal 0 0 0
    outer loop
      vertex 8.827067523629074 1.7558128981451542 -21.333333333333336
      vertex 8.31491579260158 3.444150891285808 -21.333333333333336
      vertex 9.520705290855618 3.9436052548296794 -18.666666666666664
    endloop
  endfacet
  facet normal 0 0 0
    outer loop
      vertex 8.827067523629074 1.7558128981451542 -21.333333333333336
      vertex 9.520705290855618 3.9436052548296794 -18.666666666666664
      vertex 10.107126827397565 2.0104325246441013 -18.666666666666664
    endloop
  endfacet
  facet normal 0 0 0
    outer loop
      vertex 8.31491579260158 3.444150891285808 -21.333333333333336
      vertex 7.483226510722907 5.00013209717642 -21.333333333333336
      vertex 8.56840838925913 5.725227446671458 -18.666666666666664
    endloop
  endfacet
  facet normal 0 0 0
    outer loop
      vertex 8.31491579260158 3.444150891285808 -21.333333333333336
      vertex 8.56840838925913 5.725227446671458 -18.666666666666664
      vertex 9.520705290855618 3.9436052548296794 -18.666666666666664
    endloop
  endfacet
  facet normal 0 0 0
    outer loop
      vertex 7.483226510722907 5.00013209717642 -21.333333333333336
      vertex 6.3639610306789285 6.363961030678928 -21.333333333333336
      vertex 7.286832358482196 7.2868323584821955 -18.666666666666664
    endloop
  endfacet
  facet normal 0 0 0
    outer loop
      vertex 7.483226510722907 5.00013209717642 -21.333333333333336
      vertex 7.286832358482196 7.2868323584821955 -18.666666666666664
      vertex 8.56840838925913 5.725227446671458 -18.666666666666664
    endloop
  endfacet
  facet normal 0 0 0
    outer loop
      vertex 6.3639610306789285 6.363961030678928 -21.333333333333336
      vertex 5.0001320971764205 7.483226510722907 -21.333333333333336
      vertex 5.725227446671459 8.56840838925913 -18.666666666666664
    endloop
  endfacet
  facet normal 0 0 0
    outer loop
      vertex 6.3639610306789285 6.363961030678928 -21.333333333333336
      vertex 5.725227446671459 8.56840838925913 -18.666666666666664
      vertex 7.286832358482196 7.2868323584821955 -18.666666666666664
    endloop
  endfacet
  facet normal 0 0 0
    outer loop
      vertex 5.0001320971764205 7.483226510722907 -21.333333333333336
      vertex 3.4441508912858083 8.31491579260158 -21.333333333333336
      vertex 3.9436052548296803 9.520705290855618 -18.666666666666664
    endloop
  endfacet
  facet normal 0 0 0
    outer loop
      vertex 5.0001320971764205 7.483226510722907 -21.333333333333336
      vertex 3.9436052548296803 9.520705290855618 -18.666666666666664
      vertex 5.725227446671459 8.56840838925913 -18.666666666666664
    endloop
  endfacet
  facet normal 0 0 0
    outer loop
      vertex 3.4441508912858083 8.31491579260158 -21.333333333333336
      vertex 1.755812898145155 8.827067523629074 -21.333333333333336
      vertex 2.010432524644102 10.107126827397565 -18.666666666666664
    endloop
  endfacet
  facet normal 0 0 0
    outer loop
      vertex 3.4441508912858083 8.31491579260158 -21.333333333333336
      vertex 2.010432524644102 10.107126827397565 -18.666666666666664
      vertex 3.9436052548296803 9.520705290855618 -18.666666666666664
    endloop
  endfacet
  facet normal 0 0 0
    outer loop
      vertex 1.755812898145155 8.827067523629074 -21.333333333333336
      vertex 5.51091059616309e-16 9 -21.333333333333336
      vertex 6.310076611600421e-16 10.305137148104649 -18.666666666666664
    endloop
  endfacet
  facet normal 0 0 0
    outer loop
      vertex 1.755812898145155 8.827067523629074 -21.333333333333336
      vertex 6.310076611600421e-16 10.305137148104649 -18.666666666666664
      vertex 2.010432524644102 10.107126827397565 -18.666666666666664
    endloop
  endfacet
  facet normal 0 0 0
    outer loop
      vertex 5.51091059616309e-16 9 -21.333333333333336
      vertex -1.7558128981451537 8.827067523629074 -21.333333333333336
      vertex -2.010432524644101 10.107126827397565 -18.666666666666664
    endloop
  endfacet
  facet normal 0 0 0
    outer loop
      vertex 5.51091059616309e-16 9 -21.333333333333336
      vertex -2.010432524644101 10.107126827397565 -18.666666666666664
      vertex 6.310076611600421e-16 10.305137148104649 -18.666666666666664
    endloop
  endfacet
  facet normal 0 0 0
    outer loop
      vertex -1.7558128981451537 8.827067523629074 -21.333333333333336
      vertex -3.4441508912858074 8.31491579260158 -21.333333333333336
      vertex -3.943605254829679 9.520705290855618 -18.666666666666664
    endloop
  endfacet
  facet normal 0 0 0
    outer loop
      vertex -1.7558128981451537 8.827067523629074 -21.333333333333336
      vertex -3.943605254829679 9.520705290855618 -18.666666666666664
      vertex -2.010432524644101 10.107126827397565 -18.666666666666664
    endloop
  endfacet
  facet normal 0 0 0
    outer loop
      vertex -3.4441508912858074 8.31491579260158 -21.333333333333336
      vertex -5.000132097176418 7.483226510722908 -21.333333333333336
      vertex -5.725227446671456 8.56840838925913 -18.666666666666664
    endloop
  endfacet
  facet normal 0 0 0
    outer loop
      vertex -3.4441508912858074 8.31491579260158 -21.333333333333336
      vertex -5.725227446671456 8.56840838925913 -18.666666666666664
      vertex -3.943605254829679 9.520705290855618 -18.666666666666664
    endloop
  endfacet
  facet normal 0 0 0
    outer loop
      vertex -5.000132097176418 7.483226510722908 -21.333333333333336
      vertex -6.363961030678928 6.3639610306789285 -21.333333333333336
      vertex -7.2868323584821955 7.286832358482196 -18.666666666666664
    endloop
  endfacet
  facet normal 0 0 0
    outer loop
      vertex -5.000132097176418 7.483226510722908 -21.333333333333336
      vertex -7.2868323584821955 7.286832358482196 -18.666666666666664
      vertex -5.725227446671456 8.56840838925913 -18.666666666666664
    endloop
  endfacet
  facet normal 0 0 0
    outer loop
      vertex -6.363961030678928 6.3639610306789285 -21.333333333333336
      vertex -7.483226510722908 5.00013209717642 -21.333333333333336
      vertex -8.56840838925913 5.725227446671458 -18.666666666666664
    endloop
  endfacet
  facet normal 0 0 0
    outer loop
      vertex -6.363961030678928 6.3639610306789285 -21.333333333333336
      vertex -8.56840838925913 5.725227446671458 -18.666666666666664
      vertex -7.2868323584821955 7.286832358482196 -18.666666666666664
    endloop
  endfacet
  facet normal 0 0 0
    outer loop
      vertex -7.483226510722908 5.00013209717642 -21.333333333333336
      vertex -8.31491579260158 3.444150891285809 -21.333333333333336
      vertex -9.520705290855618 3.9436052548296807 -18.666666666666664
    endloop
  endfacet
  facet normal 0 0 0
    outer loop
      vertex -7.483226510722908 5.00013209717642 -21.333333333333336
      vertex -9.520705290855618 3.9436052548296807 -18.666666666666664
      vertex -8.56840838925913 5.725227446671458 -18.666666666666664
    endloop
  endfacet
  facet normal 0 0 0
    outer loop
      vertex -8.31491579260158 3.444150891285809 -21.333333333333336
      vertex -8.827067523629074 1.7558128981451575 -21.333333333333336
      vertex -10.107126827397565 2.0104325246441053 -18.666666666666664
    endloop
  endfacet
  facet normal 0 0 0
    outer loop
      vertex -8.31491579260158 3.444150891285809 -21.333333333333336
      vertex -10.107126827397565 2.0104325246441053 -18.666666666666664
      vertex -9.520705290855618 3.9436052548296807 -18.666666666666664
    endloop
  endfacet
  facet normal 0 0 0
    outer loop
      vertex -8.827067523629074 1.7558128981451575 -21.333333333333336
      vertex -9 1.102182119232618e-15 -21.333333333333336
      vertex -10.305137148104649 1.2620153223200843e-15 -18.666666666666664
    endloop
  endfacet
  facet normal 0 0 0
    outer loop
      vertex -8.827067523629074 1.7558128981451575 -21.333333333333336
      vertex -10.305137148104649 1.2620153223200843e-15 -18.666666666666664
      vertex -10.107126827397565 2.0104325246441053 -18.666666666666664
    endloop
  endfacet
  facet normal 0 0 0
    outer loop
      vertex -9 1.102182119232618e-15 -21.333333333333336
      vertex -8.827067523629074 -1.7558128981451553 -21.333333333333336
      vertex -10.107126827397565 -2.0104325246441026 -18.666666666666664
    endloop
  endfacet
  facet normal 0 0 0
    outer loop
      vertex -9 1.102182119232618e-15 -21.333333333333336
      vertex -10.107126827397565 -2.0104325246441026 -18.666666666666664
      vertex -10.305137148104649 1.2620153223200843e-15 -18.666666666666664
    endloop
  endfacet
  facet normal 0 0 0
    outer loop
      vertex -8.827067523629074 -1.7558128981451553 -21.333333333333336
      vertex -8.314915792601582 -3.4441508912858065 -21.333333333333336
      vertex -9.520705290855618 -3.943605254829678 -18.666666666666664
    endloop
  endfacet
  facet normal 0 0 0
    outer loop
      vertex -8.827067523629074 -1.7558128981451553 -21.333333333333336
      vertex -9.520705290855618 -3.943605254829678 -18.666666666666664
      vertex -10.107126827397565 -2.0104325246441026 -18.666666666666664
    endloop
  endfacet
  facet normal 0 0 0
    outer loop
      vertex -8.314915792601582 -3.4441508912858065 -21.333333333333336
      vertex -7.4832265107229095 -5.000132097176418 -21.333333333333336
      vertex -8.568408389259131 -5.725227446671456 -18.666666666666664
    endloop
  endfacet
  facet normal 0 0 0
    outer loop
      vertex -8.314915792601582 -3.4441508912858065 -21.333333333333336
      vertex -8.568408389259131 -5.725227446671456 -18.666666666666664
      vertex -9.520705290855618 -3.943605254829678 -18.666666666666664
    endloop
  endfacet
  facet normal 0 0 0
    outer loop
      vertex -7.4832265107229095 -5.000132097176418 -21.333333333333336
      vertex -6.363961030678929 -6.363961030678928 -21.333333333333336
      vertex -7.286832358482198 -7.2868323584821955 -18.666666666666664
    endloop
  endfacet
  facet normal 0 0 0
    outer loop
      vertex -7.4832265107229095 -5.000132097176418 -21.333333333333336
      vertex -7.286832358482198 -7.2868323584821955 -18.666666666666664
      vertex -8.568408389259131 -5.725227446671456 -18.666666666666664
    endloop
  endfacet
  facet normal 0 0 0
    outer loop
      vertex -6.363961030678929 -6.363961030678928 -21.333333333333336
      vertex -5.00013209717642 -7.483226510722907 -21.333333333333336
      vertex -5.725227446671458 -8.56840838925913 -18.666666666666664
    endloop
  endfacet
  facet normal 0 0 0
    outer loop
      vertex -6.363961030678929 -6.363961030678928 -21.333333333333336
      vertex -5.725227446671458 -8.56840838925913 -18.666666666666664
      vertex -7.286832358482198 -7.2868323584821955 -18.666666666666664
    endloop
  endfacet
  facet normal 0 0 0
    outer loop
      vertex -5.00013209717642 -7.483226510722907 -21.333333333333336
      vertex -3.444150891285813 -8.314915792601578 -21.333333333333336
      vertex -3.943605254829685 -9.520705290855615 -18.666666666666664
    endloop
  endfacet
  facet normal 0 0 0
    outer loop
      vertex -5.00013209717642 -7.483226510722907 -21.333333333333336
      vertex -3.943605254829685 -9.520705290855615 -18.666666666666664
      vertex -5.725227446671458 -8.56840838925913 -18.666666666666664
    endloop
  endfacet
  facet normal 0 0 0
    outer loop
      vertex -3.444150891285813 -8.314915792601578 -21.333333333333336
      vertex -1.755812898145158 -8.827067523629072 -21.333333333333336
      vertex -2.0104325246441057 -10.107126827397563 -18.666666666666664
    endloop
  endfacet
  facet normal 0 0 0
    outer loop
      vertex -3.444150891285813 -8.314915792601578 -21.333333333333336
      vertex -2.0104325246441057 -10.107126827397563 -18.666666666666664
      vertex -3.943605254829685 -9.520705290855615 -18.666666666666664
    endloop
  endfacet
  facet normal 0 0 0
    outer loop
      vertex -1.755812898145158 -8.827067523629072 -21.333333333333336
      vertex -1.6532731788489267e-15 -9 -21.333333333333336
      vertex -1.893022983480126e-15 -10.305137148104649 -18.666666666666664
    endloop
  endfacet
  facet normal 0 0 0
    outer loop
      vertex -1.755812898145158 -8.827067523629072 -21.333333333333336
      vertex -1.893022983480126e-15 -10.305137148104649 -18.666666666666664
      vertex -2.0104325246441057 -10.107126827397563 -18.666666666666664
    endloop
  endfacet
  facet normal 0 0 0
    outer loop
      vertex -1.6532731788489267e-15 -9 -21.333333333333336
      vertex 1.7558128981451548 -8.827067523629074 -21.333333333333336
      vertex 2.010432524644102 -10.107126827397565 -18.666666666666664
    endloop
  endfacet
  facet normal 0 0 0
    outer loop
      vertex -1.6532731788489267e-15 -9 -21.333333333333336
      vertex 2.010432524644102 -10.107126827397565 -18.666666666666664
      vertex -1.893022983480126e-15 -10.305137148104649 -18.666666666666664
    endloop
  endfacet
  facet normal 0 0 0
    outer loop
      vertex 1.7558128981451548 -8.827067523629074 -21.333333333333336
      vertex 3.44415089128581 -8.31491579260158 -21.333333333333336
      vertex 3.943605254829682 -9.520705290855616 -18.666666666666664
    endloop
  endfacet
  facet normal 0 0 0
    outer loop
      vertex 1.7558128981451548 -8.827067523629074 -21.333333333333336
      vertex 3.943605254829682 -9.520705290855616 -18.666666666666664
      vertex 2.010432524644102 -10.107126827397565 -18.666666666666664
    endloop
  endfacet
  facet normal 0 0 0
    outer loop
      vertex 3.44415089128581 -8.31491579260158 -21.333333333333336
      vertex 5.000132097176417 -7.4832265107229095 -21.333333333333336
      vertex 5.725227446671455 -8.568408389259131 -18.666666666666664
    endloop
  endfacet
  facet normal 0 0 0
    outer loop
      vertex 3.44415089128581 -8.31491579260158 -21.333333333333336
      vertex 5.725227446671455 -8.568408389259131 -18.666666666666664
      vertex 3.943605254829682 -9.520705290855616 -18.666666666666664
    endloop
  endfacet
  facet normal 0 0 0
    outer loop
      vertex 5.000132097176417 -7.4832265107229095 -21.333333333333336
      vertex 6.363961030678926 -6.363961030678929 -21.333333333333336
      vertex 7.286832358482195 -7.286832358482198 -18.666666666666664
    endloop
  endfacet
  facet normal 0 0 0
    outer loop
      vertex 5.000132097176417 -7.4832265107229095 -21.333333333333336
      vertex 7.286832358482195 -7.286832358482198 -18.666666666666664
      vertex 5.725227446671455 -8.568408389259131 -18.666666666666664
    endloop
  endfacet
  facet normal 0 0 0
    outer loop
      vertex 6.363961030678926 -6.363961030678929 -21.333333333333336
      vertex 7.483226510722907 -5.00013209717642 -21.333333333333336
      vertex 8.56840838925913 -5.725227446671458 -18.666666666666664
    endloop
  endfacet
  facet normal 0 0 0
    outer loop
      vertex 6.363961030678926 -6.363961030678929 -21.333333333333336
      vertex 8.56840838925913 -5.725227446671458 -18.666666666666664
      vertex 7.286832358482195 -7.286832358482198 -18.666666666666664
    endloop
  endfacet
  facet normal 0 0 0
    outer loop
      vertex 7.483226510722907 -5.00013209717642 -21.333333333333336
      vertex 8.314915792601578 -3.4441508912858136 -21.333333333333336
      vertex 9.520705290855615 -3.943605254829686 -18.666666666666664
    endloop
  endfacet
  facet normal 0 0 0
    outer loop
      vertex 7.483226510722907 -5.00013209717642 -21.333333333333336
      vertex 9.520705290855615 -3.943605254829686 -18.666666666666664
      vertex 8.56840838925913 -5.725227446671458 -18.666666666666664
    endloop
  endfacet
  facet normal 0 0 0
    outer loop
      vertex 8.314915792601578 -3.4441508912858136 -21.333333333333336
      vertex 8.827067523629072 -1.7558128981451584 -21.333333333333336
      vertex 10.107126827397563 -2.010432524644106 -18.666666666666664
    endloop
  endfacet
  facet normal 0 0 0
    outer loop
      vertex 8.314915792601578 -3.4441508912858136 -21.333333333333336
      vertex 10.107126827397563 -2.010432524644106 -18.666666666666664
      vertex 9.520705290855615 -3.943605254829686 -18.666666666666664
    endloop
  endfacet
  facet normal 0 0 0
    outer loop
      vertex 8.827067523629072 -1.7558128981451584 -21.333333333333336
      vertex 9 0 -21.333333333333336
      vertex 10.305137148104649 0 -18.666666666666664
    endloop
  endfacet
  facet normal 0 0 0
    outer loop
      vertex 8.827067523629072 -1.7558128981451584 -21.333333333333336
      vertex 10.305137148104649 0 -18.666666666666664
      vertex 10.107126827397563 -2.010432524644106 -18.666666666666664
    endloop
  endfacet
  facet normal 0 0 0
    outer loop
      vertex 10.305137148104649 0 -18.666666666666664
      vertex 10.107126827397565 2.0104325246441013 -18.666666666666664
      vertex 11.264594913142576 2.2406672417460425 -16
    endloop
  endfacet
  facet normal 0 0 0
    outer loop
      vertex 10.305137148104649 0 -18.666666666666664
      vertex 11.264594913142576 2.2406672417460425 -16
      vertex 11.48528137423857 0 -16
    endloop
  endfacet
  facet normal 0 0 0
    outer loop
      vertex 10.107126827397565 2.0104325246441013 -18.666666666666664
      vertex 9.520705290855618 3.9436052548296794 -18.666666666666664
      vertex 10.611016386792118 4.395226897972451 -16
    endloop
  endfacet
  facet normal 0 0 0
    outer loop
      vertex 10.107126827397565 2.0104325246441013 -18.666666666666664
      vertex 10.611016386792118 4.395226897972451 -16
      vertex 11.264594913142576 2.2406672417460425 -16
    endloop
  endfacet
  facet normal 0 0 0
    outer loop
      vertex 9.520705290855618 3.9436052548296794 -18.666666666666664
      vertex 8.56840838925913 5.725227446671458 -18.666666666666664
      vertex 9.549662451423787 6.380880449381419 -16
    endloop
  endfacet
  facet normal 0 0 0
    outer loop
      vertex 9.520705290855618 3.9436052548296794 -18.666666666666664
      vertex 9.549662451423787 6.380880449381419 -16
      vertex 10.611016386792118 4.395226897972451 -16
    endloop
  endfacet
  facet normal 0 0 0
    outer loop
      vertex 8.56840838925913 5.725227446671458 -18.666666666666664
      vertex 7.286832358482196 7.2868323584821955 -18.666666666666664
      vertex 8.121320343559642 8.121320343559642 -16
    endloop
  endfacet
  facet normal 0 0 0
    outer loop
      vertex 8.56840838925913 5.725227446671458 -18.666666666666664
      vertex 8.121320343559642 8.121320343559642 -16
      vertex 9.549662451423787 6.380880449381419 -16
    endloop
  endfacet
  facet normal 0 0 0
    outer loop
      vertex 7.286832358482196 7.2868323584821955 -18.666666666666664
      vertex 5.725227446671459 8.56840838925913 -18.666666666666664
      vertex 6.38088044938142 9.549662451423787 -16
    endloop
  endfacet
  facet normal 0 0 0
    outer loop
      vertex 7.286832358482196 7.2868323584821955 -18.666666666666664
      vertex 6.38088044938142 9.549662451423787 -16
      vertex 8.121320343559642 8.121320343559642 -16
    endloop
  endfacet
  facet normal 0 0 0
    outer loop
      vertex 5.725227446671459 8.56840838925913 -18.666666666666664
      vertex 3.9436052548296803 9.520705290855618 -18.666666666666664
      vertex 4.395226897972452 10.611016386792118 -16
    endloop
  endfacet
  facet normal 0 0 0
    outer loop
      vertex 5.725227446671459 8.56840838925913 -18.666666666666664
      vertex 4.395226897972452 10.611016386792118 -16
      vertex 6.38088044938142 9.549662451423787 -16
    endloop
  endfacet
  facet normal 0 0 0
    outer loop
      vertex 3.9436052548296803 9.520705290855618 -18.666666666666664
      vertex 2.010432524644102 10.107126827397565 -18.666666666666664
      vertex 2.2406672417460434 11.264594913142576 -16
    endloop
  endfacet
  facet normal 0 0 0
    outer loop
      vertex 3.9436052548296803 9.520705290855618 -18.666666666666664
      vertex 2.2406672417460434 11.264594913142576 -16
      vertex 4.395226897972452 10.611016386792118 -16
    endloop
  endfacet
  facet normal 0 0 0
    outer loop
      vertex 2.010432524644102 10.107126827397565 -18.666666666666664
      vertex 6.310076611600421e-16 10.305137148104649 -18.666666666666664
      vertex 7.032706536133989e-16 11.48528137423857 -16
    endloop
  endfacet
  facet normal 0 0 0
    outer loop
      vertex 2.010432524644102 10.107126827397565 -18.666666666666664
      vertex 7.032706536133989e-16 11.48528137423857 -16
      vertex 2.2406672417460434 11.264594913142576 -16
    endloop
  endfacet
  facet normal 0 0 0
    outer loop
      vertex 6.310076611600421e-16 10.305137148104649 -18.666666666666664
      vertex -2.010432524644101 10.107126827397565 -18.666666666666664
      vertex -2.240667241746042 11.264594913142576 -16
    endloop
  endfacet
  facet normal 0 0 0
    outer loop
      vertex 6.310076611600421e-16 10.305137148104649 -18.666666666666664
      vertex -2.240667241746042 11.264594913142576 -16
      vertex 7.032706536133989e-16 11.48528137423857 -16
    endloop
  endfacet
  facet normal 0 0 0
    outer loop
      vertex -2.010432524644101 10.107126827397565 -18.666666666666664
      vertex -3.943605254829679 9.520705290855618 -18.666666666666664
      vertex -4.39522689797245 10.611016386792118 -16
    endloop
  endfacet
  facet normal 0 0 0
    outer loop
      vertex -2.010432524644101 10.107126827397565 -18.666666666666664
      vertex -4.39522689797245 10.611016386792118 -16
      vertex -2.240667241746042 11.264594913142576 -16
    endloop
  endfacet
  facet normal 0 0 0
    outer loop
      vertex -3.943605254829679 9.520705290855618 -18.666666666666664
      vertex -5.725227446671456 8.56840838925913 -18.666666666666664
      vertex -6.380880449381416 9.549662451423789 -16
    endloop
  endfacet
  facet normal 0 0 0
    outer loop
      vertex -3.943605254829679 9.520705290855618 -18.666666666666664
      vertex -6.380880449381416 9.549662451423789 -16
      vertex -4.39522689797245 10.611016386792118 -16
    endloop
  endfacet
  facet normal 0 0 0
    outer loop
      vertex -5.725227446671456 8.56840838925913 -18.666666666666664
      vertex -7.2868323584821955 7.286832358482196 -18.666666666666664
      vertex -8.121320343559642 8.121320343559642 -16
    endloop
  endfacet
  facet normal 0 0 0
    outer loop
      vertex -5.725227446671456 8.56840838925913 -18.666666666666664
      vertex -8.121320343559642 8.121320343559642 -16
      vertex -6.380880449381416 9.549662451423789 -16
    endloop
  endfacet
  facet normal 0 0 0
    outer loop
      vertex -7.2868323584821955 7.286832358482196 -18.666666666666664
      vertex -8.56840838925913 5.725227446671458 -18.666666666666664
      vertex -9.549662451423789 6.380880449381419 -16
    endloop
  endfacet
  facet normal 0 0 0
    outer loop
      vertex -7.2868323584821955 7.286832358482196 -18.666666666666664
      vertex -9.549662451423789 6.380880449381419 -16
      vertex -8.121320343559642 8.121320343559642 -16
    endloop
  endfacet
  facet normal 0 0 0
    outer loop
      vertex -8.56840838925913 5.725227446671458 -18.666666666666664
      vertex -9.520705290855618 3.9436052548296807 -18.666666666666664
      vertex -10.611016386792118 4.395226897972452 -16
    endloop
  endfacet
  facet normal 0 0 0
    outer loop
      vertex -8.56840838925913 5.725227446671458 -18.666666666666664
      vertex -10.611016386792118 4.395226897972452 -16
      vertex -9.549662451423789 6.380880449381419 -16
    endloop
  endfacet
  facet normal 0 0 0
    outer loop
      vertex -9.520705290855618 3.9436052548296807 -18.666666666666664
      vertex -10.107126827397565 2.0104325246441053 -18.666666666666664
      vertex -11.264594913142576 2.2406672417460465 -16
    endloop
  endfacet
  facet normal 0 0 0
    outer loop
      vertex -9.520705290855618 3.9436052548296807 -18.666666666666664
      vertex -11.264594913142576 2.2406672417460465 -16
      vertex -10.611016386792118 4.395226897972452 -16
    endloop
  endfacet
  facet normal 0 0 0
    outer loop
      vertex -10.107126827397565 2.0104325246441053 -18.666666666666664
      vertex -10.305137148104649 1.2620153223200843e-15 -18.666666666666664
      vertex -11.48528137423857 1.4065413072267979e-15 -16
    endloop
  endfacet
  facet normal 0 0 0
    outer loop
      vertex -10.107126827397565 2.0104325246441053 -18.666666666666664
      vertex -11.48528137423857 1.4065413072267979e-15 -16
      vertex -11.264594913142576 2.2406672417460465 -16
    endloop
  endfacet
  facet normal 0 0 0
    outer loop
      vertex -10.305137148104649 1.2620153223200843e-15 -18.666666666666664
      vertex -10.107126827397565 -2.0104325246441026 -18.666666666666664
      vertex -11.264594913142576 -2.240667241746044 -16
    endloop
  endfacet
  facet normal 0 0 0
    outer loop
      vertex -10.305137148104649 1.2620153223200843e-15 -18.666666666666664
      vertex -11.264594913142576 -2.240667241746044 -16
      vertex -11.48528137423857 1.4065413072267979e-15 -16
    endloop
  endfacet
  facet normal 0 0 0
    outer loop
      vertex -10.107126827397565 -2.0104325246441026 -18.666666666666664
      vertex -9.520705290855618 -3.943605254829678 -18.666666666666664
      vertex -10.61101638679212 -4.395226897972449 -16
    endloop
  endfacet
  facet normal 0 0 0
    outer loop
      vertex -10.107126827397565 -2.0104325246441026 -18.666666666666664
      vertex -10.61101638679212 -4.395226897972449 -16
      vertex -11.264594913142576 -2.240667241746044 -16
    endloop
  endfacet
  facet normal 0 0 0
    outer loop
      vertex -9.520705290855618 -3.943605254829678 -18.666666666666664
      vertex -8.568408389259131 -5.725227446671456 -18.666666666666664
      vertex -9.54966245142379 -6.380880449381416 -16
    endloop
  endfacet
  facet normal 0 0 0
    outer loop
      vertex -9.520705290855618 -3.943605254829678 -18.666666666666664
      vertex -9.54966245142379 -6.380880449381416 -16
      vertex -10.61101638679212 -4.395226897972449 -16
    endloop
  endfacet
  facet normal 0 0 0
    outer loop
      vertex -8.568408389259131 -5.725227446671456 -18.666666666666664
      vertex -7.286832358482198 -7.2868323584821955 -18.666666666666664
      vertex -8.121320343559644 -8.121320343559642 -16
    endloop
  endfacet
  facet normal 0 0 0
    outer loop
      vertex -8.568408389259131 -5.725227446671456 -18.666666666666664
      vertex -8.121320343559644 -8.121320343559642 -16
      vertex -9.54966245142379 -6.380880449381416 -16
    endloop
  endfacet
  facet normal 0 0 0
    outer loop
      vertex -7.286832358482198 -7.2868323584821955 -18.666666666666664
      vertex -5.725227446671458 -8.56840838925913 -18.666666666666664
      vertex -6.380880449381419 -9.549662451423787 -16
    endloop
  endfacet
  facet normal 0 0 0
    outer loop
      vertex -7.286832358482198 -7.2868323584821955 -18.666666666666664
      vertex -6.380880449381419 -9.549662451423787 -16
      vertex -8.121320343559644 -8.121320343559642 -16
    endloop
  endfacet
  facet normal 0 0 0
    outer loop
      vertex -5.725227446671458 -8.56840838925913 -18.666666666666664
      vertex -3.943605254829685 -9.520705290855615 -18.666666666666664
      vertex -4.395226897972457 -10.611016386792116 -16
    endloop
  endfacet
  facet normal 0 0 0
    outer loop
      vertex -5.725227446671458 -8.56840838925913 -18.666666666666664
      vertex -4.395226897972457 -10.611016386792116 -16
      vertex -6.380880449381419 -9.549662451423787 -16
    endloop
  endfacet
  facet normal 0 0 0
    outer loop
      vertex -3.943605254829685 -9.520705290855615 -18.666666666666664
      vertex -2.0104325246441057 -10.107126827397563 -18.666666666666664
      vertex -2.2406672417460474 -11.264594913142574 -16
    endloop
  endfacet
  facet normal 0 0 0
    outer loop
      vertex -3.943605254829685 -9.520705290855615 -18.666666666666664
      vertex -2.2406672417460474 -11.264594913142574 -16
      vertex -4.395226897972457 -10.611016386792116 -16
    endloop
  endfacet
  facet normal 0 0 0
    outer loop
      vertex -2.0104325246441057 -10.107126827397563 -18.666666666666664
      vertex -1.893022983480126e-15 -10.305137148104649 -18.666666666666664
      vertex -2.1098119608401967e-15 -11.48528137423857 -16
    endloop
  endfacet
  facet normal 0 0 0
    outer loop
      vertex -2.0104325246441057 -10.107126827397563 -18.666666666666664
      vertex -2.1098119608401967e-15 -11.48528137423857 -16
      vertex -2.2406672417460474 -11.264594913142574 -16
    endloop
  endfacet
  facet normal 0 0 0
    outer loop
      vertex -1.893022983480126e-15 -10.305137148104649 -18.666666666666664
      vertex 2.010432524644102 -10.107126827397565 -18.666666666666664
      vertex 2.240667241746043 -11.264594913142576 -16
    endloop
  endfacet
  facet normal 0 0 0
    outer loop
      vertex -1.893022983480126e-15 -10.305137148104649 -18.666666666666664
      vertex 2.240667241746043 -11.264594913142576 -16
      vertex -2.1098119608401967e-15 -11.48528137423857 -16
    endloop
  endfacet
  facet normal 0 0 0
    outer loop
      vertex 2.010432524644102 -10.107126827397565 -18.666666666666664
      vertex 3.943605254829682 -9.520705290855616 -18.666666666666664
      vertex 4.395226897972454 -10.611016386792118 -16
    endloop
  endfacet
  facet normal 0 0 0
    outer loop
      vertex 2.010432524644102 -10.107126827397565 -18.666666666666664
      vertex 4.395226897972454 -10.611016386792118 -16
      vertex 2.240667241746043 -11.264594913142576 -16
    endloop
  endfacet
  facet normal 0 0 0
    outer loop
      vertex 3.943605254829682 -9.520705290855616 -18.666666666666664
      vertex 5.725227446671455 -8.568408389259131 -18.666666666666664
      vertex 6.380880449381415 -9.54966245142379 -16
    endloop
  endfacet
  facet normal 0 0 0
    outer loop
      vertex 3.943605254829682 -9.520705290855616 -18.666666666666664
      vertex 6.380880449381415 -9.54966245142379 -16
      vertex 4.395226897972454 -10.611016386792118 -16
    endloop
  endfacet
  facet normal 0 0 0
    outer loop
      vertex 5.725227446671455 -8.568408389259131 -18.666666666666664
      vertex 7.286832358482195 -7.286832358482198 -18.666666666666664
      vertex 8.12132034355964 -8.121320343559644 -16
    endloop
  endfacet
  facet normal 0 0 0
    outer loop
      vertex 5.725227446671455 -8.568408389259131 -18.666666666666664
      vertex 8.12132034355964 -8.121320343559644 -16
      vertex 6.380880449381415 -9.54966245142379 -16
    endloop
  endfacet
  facet normal 0 0 0
    outer loop
      vertex 7.286832358482195 -7.286832358482198 -18.666666666666664
      vertex 8.56840838925913 -5.725227446671458 -18.666666666666664
      vertex 9.549662451423787 -6.380880449381419 -16
    endloop
  endfacet
  facet normal 0 0 0
    outer loop
      vertex 7.286832358482195 -7.286832358482198 -18.666666666666664
      vertex 9.549662451423787 -6.380880449381419 -16
      vertex 8.12132034355964 -8.121320343559644 -16
    endloop
  endfacet
  facet normal 0 0 0
    outer loop
      vertex 8.56840838925913 -5.725227446671458 -18.666666666666664
      vertex 9.520705290855615 -3.943605254829686 -18.666666666666664
      vertex 10.611016386792116 -4.395226897972458 -16
    endloop
  endfacet
  facet normal 0 0 0
    outer loop
      vertex 8.56840838925913 -5.725227446671458 -18.666666666666664
      vertex 10.611016386792116 -4.395226897972458 -16
      vertex 9.549662451423787 -6.380880449381419 -16
    endloop
  endfacet
  facet normal 0 0 0
    outer loop
      vertex 9.520705290855615 -3.943605254829686 -18.666666666666664
      vertex 10.107126827397563 -2.010432524644106 -18.666666666666664
      vertex 11.264594913142574 -2.240667241746048 -16
    endloop
  endfacet
  facet normal 0 0 0
    outer loop
      vertex 9.520705290855615 -3.943605254829686 -18.666666666666664
      vertex 11.264594913142574 -2.240667241746048 -16
      vertex 10.611016386792116 -4.395226897972458 -16
    endloop
  endfacet
  facet normal 0 0 0
    outer loop
      vertex 10.107126827397563 -2.010432524644106 -18.666666666666664
      vertex 10.305137148104649 0 -18.666666666666664
      vertex 11.48528137423857 0 -16
    endloop
  endfacet
  facet normal 0 0 0
    outer loop
      vertex 10.107126827397563 -2.010432524644106 -18.666666666666664
      vertex 11.48528137423857 0 -16
      vertex 11.264594913142574 -2.240667241746048 -16
    endloop
  endfacet
  facet normal 0 0 0
    outer loop
      vertex 11.48528137423857 0 -16
      vertex 11.264594913142576 2.2406672417460425 -16
      vertex 12.279667181006236 2.4425776696082413 -13.333333333333332
    endloop
  endfacet
  facet normal 0 0 0
    outer loop
      vertex 11.48528137423857 0 -16
      vertex 12.279667181006236 2.4425776696082413 -13.333333333333332
      vertex 12.520240083494823 0 -13.333333333333332
    endloop
  endfacet
  facet normal 0 0 0
    outer loop
      vertex 11.264594913142576 2.2406672417460425 -16
      vertex 10.611016386792118 4.395226897972451 -16
      vertex 11.56719355526827 4.791288449186777 -13.333333333333332
    endloop
  endfacet
  facet normal 0 0 0
    outer loop
      vertex 11.264594913142576 2.2406672417460425 -16
      vertex 11.56719355526827 4.791288449186777 -13.333333333333332
      vertex 12.279667181006236 2.4425776696082413 -13.333333333333332
    endloop
  endfacet
  facet normal 0 0 0
    outer loop
      vertex 10.611016386792118 4.395226897972451 -16
      vertex 9.549662451423787 6.380880449381419 -16
      vertex 10.410199168158227 6.955872700648582 -13.333333333333332
    endloop
  endfacet
  facet normal 0 0 0
    outer loop
      vertex 10.611016386792118 4.395226897972451 -16
      vertex 10.410199168158227 6.955872700648582 -13.333333333333332
      vertex 11.56719355526827 4.791288449186777 -13.333333333333332
    endloop
  endfacet
  facet normal 0 0 0
    outer loop
      vertex 9.549662451423787 6.380880449381419 -16
      vertex 8.121320343559642 8.121320343559642 -16
      vertex 8.853146665122816 8.853146665122814 -13.333333333333332
    endloop
  endfacet
  facet normal 0 0 0
    outer loop
      vertex 9.549662451423787 6.380880449381419 -16
      vertex 8.853146665122816 8.853146665122814 -13.333333333333332
      vertex 10.410199168158227 6.955872700648582 -13.333333333333332
    endloop
  endfacet
  facet normal 0 0 0
    outer loop
      vertex 8.121320343559642 8.121320343559642 -16
      vertex 6.38088044938142 9.549662451423787 -16
      vertex 6.955872700648584 10.410199168158227 -13.333333333333332
    endloop
  endfacet
  facet normal 0 0 0
    outer loop
      vertex 8.121320343559642 8.121320343559642 -16
      vertex 6.955872700648584 10.410199168158227 -13.333333333333332
      vertex 8.853146665122816 8.853146665122814 -13.333333333333332
    endloop
  endfacet
  facet normal 0 0 0
    outer loop
      vertex 6.38088044938142 9.549662451423787 -16
      vertex 4.395226897972452 10.611016386792118 -16
      vertex 4.791288449186778 11.56719355526827 -13.333333333333332
    endloop
  endfacet
  facet normal 0 0 0
    outer loop
      vertex 6.38088044938142 9.549662451423787 -16
      vertex 4.791288449186778 11.56719355526827 -13.333333333333332
      vertex 6.955872700648584 10.410199168158227 -13.333333333333332
    endloop
  endfacet
  facet normal 0 0 0
    outer loop
      vertex 4.395226897972452 10.611016386792118 -16
      vertex 2.2406672417460434 11.264594913142576 -16
      vertex 2.4425776696082426 12.279667181006236 -13.333333333333332
    endloop
  endfacet
  facet normal 0 0 0
    outer loop
      vertex 4.395226897972452 10.611016386792118 -16
      vertex 2.4425776696082426 12.279667181006236 -13.333333333333332
      vertex 4.791288449186778 11.56719355526827 -13.333333333333332
    endloop
  endfacet
  facet normal 0 0 0
    outer loop
      vertex 2.2406672417460434 11.264594913142576 -16
      vertex 7.032706536133989e-16 11.48528137423857 -16
      vertex 7.666435971404162e-16 12.520240083494823 -13.333333333333332
    endloop
  endfacet
  facet normal 0 0 0
    outer loop
      vertex 2.2406672417460434 11.264594913142576 -16
      vertex 7.666435971404162e-16 12.520240083494823 -13.333333333333332
      vertex 2.4425776696082426 12.279667181006236 -13.333333333333332
    endloop
  endfacet
  facet normal 0 0 0
    outer loop
      vertex 7.032706536133989e-16 11.48528137423857 -16
      vertex -2.240667241746042 11.264594913142576 -16
      vertex -2.442577669608241 12.279667181006236 -13.333333333333332
    endloop
  endfacet
  facet normal 0 0 0
    outer loop
      vertex 7.032706536133989e-16 11.48528137423857 -16
      vertex -2.442577669608241 12.279667181006236 -13.333333333333332
      vertex 7.666435971404162e-16 12.520240083494823 -13.333333333333332
    endloop
  endfacet
  facet normal 0 0 0
    outer loop
      vertex -2.240667241746042 11.264594913142576 -16
      vertex -4.39522689797245 10.611016386792118 -16
      vertex -4.791288449186776 11.56719355526827 -13.333333333333332
    endloop
  endfacet
  facet normal 0 0 0
    outer loop
      vertex -2.240667241746042 11.264594913142576 -16
      vertex -4.791288449186776 11.56719355526827 -13.333333333333332
      vertex -2.442577669608241 12.279667181006236 -13.333333333333332
    endloop
  endfacet
  facet normal 0 0 0
    outer loop
      vertex -4.39522689797245 10.611016386792118 -16
      vertex -6.380880449381416 9.549662451423789 -16
      vertex -6.955872700648579 10.410199168158229 -13.333333333333332
    endloop
  endfacet
  facet normal 0 0 0
    outer loop
      vertex -4.39522689797245 10.611016386792118 -16
      vertex -6.955872700648579 10.410199168158229 -13.333333333333332
      vertex -4.791288449186776 11.56719355526827 -13.333333333333332
    endloop
  endfacet
  facet normal 0 0 0
    outer loop
      vertex -6.380880449381416 9.549662451423789 -16
      vertex -8.121320343559642 8.121320343559642 -16
      vertex -8.853146665122814 8.853146665122816 -13.333333333333332
    endloop
  endfacet
  facet normal 0 0 0
    outer loop
      vertex -6.380880449381416 9.549662451423789 -16
      vertex -8.853146665122814 8.853146665122816 -13.333333333333332
      vertex -6.955872700648579 10.410199168158229 -13.333333333333332
    endloop
  endfacet
  facet normal 0 0 0
    outer loop
      vertex -8.121320343559642 8.121320343559642 -16
      vertex -9.549662451423789 6.380880449381419 -16
      vertex -10.410199168158229 6.955872700648582 -13.333333333333332
    endloop
  endfacet
  facet normal 0 0 0
    outer loop
      vertex -8.121320343559642 8.121320343559642 -16
      vertex -10.410199168158229 6.955872700648582 -13.333333333333332
      vertex -8.853146665122814 8.853146665122816 -13.333333333333332
    endloop
  endfacet
  facet normal 0 0 0
    outer loop
      vertex -9.549662451423789 6.380880449381419 -16
      vertex -10.611016386792118 4.395226897972452 -16
      vertex -11.56719355526827 4.791288449186778 -13.333333333333332
    endloop
  endfacet
  facet normal 0 0 0
    outer loop
      vertex -9.549662451423789 6.380880449381419 -16
      vertex -11.56719355526827 4.791288449186778 -13.333333333333332
      vertex -10.410199168158229 6.955872700648582 -13.333333333333332
    endloop
  endfacet
  facet normal 0 0 0
    outer loop
      vertex -10.611016386792118 4.395226897972452 -16
      vertex -11.264594913142576 2.2406672417460465 -16
      vertex -12.279667181006236 2.4425776696082457 -13.333333333333332
    endloop
  endfacet
  facet normal 0 0 0
    outer loop
      vertex -10.611016386792118 4.395226897972452 -16
      vertex -12.279667181006236 2.4425776696082457 -13.333333333333332
      vertex -11.56719355526827 4.791288449186778 -13.333333333333332
    endloop
  endfacet
  facet normal 0 0 0
    outer loop
      vertex -11.264594913142576 2.2406672417460465 -16
      vertex -11.48528137423857 1.4065413072267979e-15 -16
      vertex -12.520240083494823 1.5332871942808324e-15 -13.333333333333332
    endloop
  endfacet
  facet normal 0 0 0
    outer loop
      vertex -11.264594913142576 2.2406672417460465 -16
      vertex -12.520240083494823 1.5332871942808324e-15 -13.333333333333332
      vertex -12.279667181006236 2.4425776696082457 -13.333333333333332
    endloop
  endfacet
  facet normal 0 0 0
    outer loop
      vertex -11.48528137423857 1.4065413072267979e-15 -16
      vertex -11.264594913142576 -2.240667241746044 -16
      vertex -12.279667181006236 -2.4425776696082426 -13.333333333333332
    endloop
  endfacet
  facet normal 0 0 0
    outer loop
      vertex -11.48528137423857 1.4065413072267979e-15 -16
      vertex -12.279667181006236 -2.4425776696082426 -13.333333333333332
      vertex -12.520240083494823 1.5332871942808324e-15 -13.333333333333332
    endloop
  endfacet
  facet normal 0 0 0
    outer loop
      vertex -11.264594913142576 -2.240667241746044 -16
      vertex -10.61101638679212 -4.395226897972449 -16
      vertex -11.567193555268272 -4.791288449186775 -13.333333333333332
    endloop
  endfacet
  facet normal 0 0 0
    outer loop
      vertex -11.264594913142576 -2.240667241746044 -16
      vertex -11.567193555268272 -4.791288449186775 -13.333333333333332
      vertex -12.279667181006236 -2.4425776696082426 -13.333333333333332
    endloop
  endfacet
  facet normal 0 0 0
    outer loop
      vertex -10.61101638679212 -4.395226897972449 -16
      vertex -9.54966245142379 -6.380880449381416 -16
      vertex -10.410199168158229 -6.955872700648579 -13.333333333333332
    endloop
  endfacet
  facet normal 0 0 0
    outer loop
      vertex -10.61101638679212 -4.395226897972449 -16
      vertex -10.410199168158229 -6.955872700648579 -13.333333333333332
      vertex -11.567193555268272 -4.791288449186775 -13.333333333333332
    endloop
  endfacet
  facet normal 0 0 0
    outer loop
      vertex -9.54966245142379 -6.380880449381416 -16
      vertex -8.121320343559644 -8.121320343559642 -16
      vertex -8.853146665122818 -8.853146665122814 -13.333333333333332
    endloop
  endfacet
  facet normal 0 0 0
    outer loop
      vertex -9.54966245142379 -6.380880449381416 -16
      vertex -8.853146665122818 -8.853146665122814 -13.333333333333332
      vertex -10.410199168158229 -6.955872700648579 -13.333333333333332
    endloop
  endfacet
  facet normal 0 0 0
    outer loop
      vertex -8.121320343559644 -8.121320343559642 -16
      vertex -6.380880449381419 -9.549662451423787 -16
      vertex -6.955872700648582 -10.410199168158227 -13.333333333333332
    endloop
  endfacet
  facet normal 0 0 0
    outer loop
      vertex -8.121320343559644 -8.121320343559642 -16
      vertex -6.955872700648582 -10.410199168158227 -13.333333333333332
      vertex -8.853146665122818 -8.853146665122814 -13.333333333333332
    endloop
  endfacet
  facet normal 0 0 0
    outer loop
      vertex -6.380880449381419 -9.549662451423787 -16
      vertex -4.395226897972457 -10.611016386792116 -16
      vertex -4.791288449186784 -11.567193555268268 -13.333333333333332
    endloop
  endfacet
  facet normal 0 0 0
    outer loop
      vertex -6.380880449381419 -9.549662451423787 -16
      vertex -4.791288449186784 -11.567193555268268 -13.333333333333332
      vertex -6.955872700648582 -10.410199168158227 -13.333333333333332
    endloop
  endfacet
  facet normal 0 0 0
    outer loop
      vertex -4.395226897972457 -10.611016386792116 -16
      vertex -2.2406672417460474 -11.264594913142574 -16
      vertex -2.4425776696082466 -12.279667181006234 -13.333333333333332
    endloop
  endfacet
  facet normal 0 0 0
    outer loop
      vertex -4.395226897972457 -10.611016386792116 -16
      vertex -2.4425776696082466 -12.279667181006234 -13.333333333333332
      vertex -4.791288449186784 -11.567193555268268 -13.333333333333332
    endloop
  endfacet
  facet normal 0 0 0
    outer loop
      vertex -2.2406672417460474 -11.264594913142574 -16
      vertex -2.1098119608401967e-15 -11.48528137423857 -16
      vertex -2.2999307914212486e-15 -12.520240083494823 -13.333333333333332
    endloop
  endfacet
  facet normal 0 0 0
    outer loop
      vertex -2.2406672417460474 -11.264594913142574 -16
      vertex -2.2999307914212486e-15 -12.520240083494823 -13.333333333333332
      vertex -2.4425776696082466 -12.279667181006234 -13.333333333333332
    endloop
  endfacet
  facet normal 0 0 0
    outer loop
      vertex -2.1098119608401967e-15 -11.48528137423857 -16
      vertex 2.240667241746043 -11.264594913142576 -16
      vertex 2.442577669608242 -12.279667181006236 -13.333333333333332
    endloop
  endfacet
  facet normal 0 0 0
    outer loop
      vertex -2.1098119608401967e-15 -11.48528137423857 -16
      vertex 2.442577669608242 -12.279667181006236 -13.333333333333332
      vertex -2.2999307914212486e-15 -12.520240083494823 -13.333333333333332
    endloop
  endfacet
  facet normal 0 0 0
    outer loop
      vertex 2.240667241746043 -11.264594913142576 -16
      vertex 4.395226897972454 -10.611016386792118 -16
      vertex 4.79128844918678 -11.56719355526827 -13.333333333333332
    endloop
  endfacet
  facet normal 0 0 0
    outer loop
      vertex 2.240667241746043 -11.264594913142576 -16
      vertex 4.79128844918678 -11.56719355526827 -13.333333333333332
      vertex 2.442577669608242 -12.279667181006236 -13.333333333333332
    endloop
  endfacet
  facet normal 0 0 0
    outer loop
      vertex 4.395226897972454 -10.611016386792118 -16
      vertex 6.380880449381415 -9.54966245142379 -16
      vertex 6.955872700648578 -10.410199168158229 -13.333333333333332
    endloop
  endfacet
  facet normal 0 0 0
    outer loop
      vertex 4.395226897972454 -10.611016386792118 -16
      vertex 6.955872700648578 -10.410199168158229 -13.333333333333332
      vertex 4.79128844918678 -11.56719355526827 -13.333333333333332
    endloop
  endfacet
  facet normal 0 0 0
    outer loop
      vertex 6.380880449381415 -9.54966245142379 -16
      vertex 8.12132034355964 -8.121320343559644 -16
      vertex 8.853146665122813 -8.853146665122818 -13.333333333333332
    endloop
  endfacet
  facet normal 0 0 0
    outer loop
      vertex 6.380880449381415 -9.54966245142379 -16
      vertex 8.853146665122813 -8.853146665122818 -13.333333333333332
      vertex 6.955872700648578 -10.410199168158229 -13.333333333333332
    endloop
  endfacet
  facet normal 0 0 0
    outer loop
      vertex 8.12132034355964 -8.121320343559644 -16
      vertex 9.549662451423787 -6.380880449381419 -16
      vertex 10.410199168158227 -6.955872700648582 -13.333333333333332
    endloop
  endfacet
  facet normal 0 0 0
    outer loop
      vertex 8.12132034355964 -8.121320343559644 -16
      vertex 10.410199168158227 -6.955872700648582 -13.333333333333332
      vertex 8.853146665122813 -8.853146665122818 -13.333333333333332
    endloop
  endfacet
  facet normal 0 0 0
    outer loop
      vertex 9.549662451423787 -6.380880449381419 -16
      vertex 10.611016386792116 -4.395226897972458 -16
      vertex 11.567193555268268 -4.791288449186784 -13.333333333333332
    endloop
  endfacet
  facet normal 0 0 0
    outer loop
      vertex 9.549662451423787 -6.380880449381419 -16
      vertex 11.567193555268268 -4.791288449186784 -13.333333333333332
      vertex 10.410199168158227 -6.955872700648582 -13.333333333333332
    endloop
  endfacet
  facet normal 0 0 0
    outer loop
      vertex 10.611016386792116 -4.395226897972458 -16
      vertex 11.264594913142574 -2.240667241746048 -16
      vertex 12.279667181006234 -2.4425776696082475 -13.333333333333332
    endloop
  endfacet
  facet normal 0 0 0
    outer loop
      vertex 10.611016386792116 -4.395226897972458 -16
      vertex 12.279667181006234 -2.4425776696082475 -13.333333333333332
      vertex 11.567193555268268 -4.791288449186784 -13.333333333333332
    endloop
  endfacet
  facet normal 0 0 0
    outer loop
      vertex 11.264594913142574 -2.240667241746048 -16
      vertex 11.48528137423857 0 -16
      vertex 12.520240083494823 0 -13.333333333333332
    endloop
  endfacet
  facet normal 0 0 0
    outer loop
      vertex 11.264594913142574 -2.240667241746048 -16
      vertex 12.520240083494823 0 -13.333333333333332
      vertex 12.279667181006234 -2.4425776696082475 -13.333333333333332
    endloop
  endfacet
  facet normal 0 0 0
    outer loop
      vertex 12.520240083494823 0 -13.333333333333332
      vertex 12.279667181006236 2.4425776696082413 -13.333333333333332
      vertex 13.13497546305419 2.6127090648298283 -10.666666666666668
    endloop
  endfacet
  facet normal 0 0 0
    outer loop
      vertex 12.520240083494823 0 -13.333333333333332
      vertex 13.13497546305419 2.6127090648298283 -10.666666666666668
      vertex 13.392304845413264 0 -10.666666666666668
    endloop
  endfacet
  facet normal 0 0 0
    outer loop
      vertex 12.279667181006236 2.4425776696082413 -13.333333333333332
      vertex 11.56719355526827 4.791288449186777 -13.333333333333332
      vertex 12.372876339829046 5.125013185522371 -10.666666666666668
    endloop
  endfacet
  facet normal 0 0 0
    outer loop
      vertex 12.279667181006236 2.4425776696082413 -13.333333333333332
      vertex 12.372876339829046 5.125013185522371 -10.666666666666668
      vertex 13.13497546305419 2.6127090648298283 -10.666666666666668
    endloop
  endfacet
  facet normal 0 0 0
    outer loop
      vertex 11.56719355526827 4.791288449186777 -13.333333333333332
      vertex 10.410199168158227 6.955872700648582 -13.333333333333332
      vertex 11.135294517653264 7.440365923635794 -10.666666666666668
    endloop
  endfacet
  facet normal 0 0 0
    outer loop
      vertex 11.56719355526827 4.791288449186777 -13.333333333333332
      vertex 11.135294517653264 7.440365923635794 -10.666666666666668
      vertex 12.372876339829046 5.125013185522371 -10.666666666666668
    endloop
  endfacet
  facet normal 0 0 0
    outer loop
      vertex 10.410199168158227 6.955872700648582 -13.333333333333332
      vertex 8.853146665122816 8.853146665122814 -13.333333333333332
      vertex 9.469789571909178 9.469789571909176 -10.666666666666668
    endloop
  endfacet
  facet normal 0 0 0
    outer loop
      vertex 10.410199168158227 6.955872700648582 -13.333333333333332
      vertex 9.469789571909178 9.469789571909176 -10.666666666666668
      vertex 11.135294517653264 7.440365923635794 -10.666666666666668
    endloop
  endfacet
  facet normal 0 0 0
    outer loop
      vertex 8.853146665122816 8.853146665122814 -13.333333333333332
      vertex 6.955872700648584 10.410199168158227 -13.333333333333332
      vertex 7.440365923635796 11.135294517653264 -10.666666666666668
    endloop
  endfacet
  facet normal 0 0 0
    outer loop
      vertex 8.853146665122816 8.853146665122814 -13.333333333333332
      vertex 7.440365923635796 11.135294517653264 -10.666666666666668
      vertex 9.469789571909178 9.469789571909176 -10.666666666666668
    endloop
  endfacet
  facet normal 0 0 0
    outer loop
      vertex 6.955872700648584 10.410199168158227 -13.333333333333332
      vertex 4.791288449186778 11.56719355526827 -13.333333333333332
      vertex 5.125013185522372 12.372876339829046 -10.666666666666668
    endloop
  endfacet
  facet normal 0 0 0
    outer loop
      vertex 6.955872700648584 10.410199168158227 -13.333333333333332
      vertex 5.125013185522372 12.372876339829046 -10.666666666666668
      vertex 7.440365923635796 11.135294517653264 -10.666666666666668
    endloop
  endfacet
  facet normal 0 0 0
    outer loop
      vertex 4.791288449186778 11.56719355526827 -13.333333333333332
      vertex 2.4425776696082426 12.279667181006236 -13.333333333333332
      vertex 2.6127090648298292 13.13497546305419 -10.666666666666668
    endloop
  endfacet
  facet normal 0 0 0
    outer loop
      vertex 4.791288449186778 11.56719355526827 -13.333333333333332
      vertex 2.6127090648298292 13.13497546305419 -10.666666666666668
      vertex 5.125013185522372 12.372876339829046 -10.666666666666668
    endloop
  endfacet
  facet normal 0 0 0
    outer loop
      vertex 2.4425776696082426 12.279667181006236 -13.333333333333332
      vertex 7.666435971404162e-16 12.520240083494823 -13.333333333333332
      vertex 8.200421631070471e-16 13.392304845413264 -10.666666666666668
    endloop
  endfacet
  facet normal 0 0 0
    outer loop
      vertex 2.4425776696082426 12.279667181006236 -13.333333333333332
      vertex 8.200421631070471e-16 13.392304845413264 -10.666666666666668
      vertex 2.6127090648298292 13.13497546305419 -10.666666666666668
    endloop
  endfacet
  facet normal 0 0 0
    outer loop
      vertex 7.666435971404162e-16 12.520240083494823 -13.333333333333332
      vertex -2.442577669608241 12.279667181006236 -13.333333333333332
      vertex -2.6127090648298275 13.13497546305419 -10.666666666666668
    endloop
  endfacet
  facet normal 0 0 0
    outer loop
      vertex 7.666435971404162e-16 12.520240083494823 -13.333333333333332
      vertex -2.6127090648298275 13.13497546305419 -10.666666666666668
      vertex 8.200421631070471e-16 13.392304845413264 -10.666666666666668
    endloop
  endfacet
  facet normal 0 0 0
    outer loop
      vertex -2.442577669608241 12.279667181006236 -13.333333333333332
      vertex -4.791288449186776 11.56719355526827 -13.333333333333332
      vertex -5.12501318552237 12.372876339829046 -10.666666666666668
    endloop
  endfacet
  facet normal 0 0 0
    outer loop
      vertex -2.442577669608241 12.279667181006236 -13.333333333333332
      vertex -5.12501318552237 12.372876339829046 -10.666666666666668
      vertex -2.6127090648298275 13.13497546305419 -10.666666666666668
    endloop
  endfacet
  facet normal 0 0 0
    outer loop
      vertex -4.791288449186776 11.56719355526827 -13.333333333333332
      vertex -6.955872700648579 10.410199168158229 -13.333333333333332
      vertex -7.440365923635792 11.135294517653266 -10.666666666666668
    endloop
  endfacet
  facet normal 0 0 0
    outer loop
      vertex -4.791288449186776 11.56719355526827 -13.333333333333332
      vertex -7.440365923635792 11.135294517653266 -10.666666666666668
      vertex -5.12501318552237 12.372876339829046 -10.666666666666668
    endloop
  endfacet
  facet normal 0 0 0
    outer loop
      vertex -6.955872700648579 10.410199168158229 -13.333333333333332
      vertex -8.853146665122814 8.853146665122816 -13.333333333333332
      vertex -9.469789571909176 9.469789571909178 -10.666666666666668
    endloop
  endfacet
  facet normal 0 0 0
    outer loop
      vertex -6.955872700648579 10.410199168158229 -13.333333333333332
      vertex -9.469789571909176 9.469789571909178 -10.666666666666668
      vertex -7.440365923635792 11.135294517653266 -10.666666666666668
    endloop
  endfacet
  facet normal 0 0 0
    outer loop
      vertex -8.853146665122814 8.853146665122816 -13.333333333333332
      vertex -10.410199168158229 6.955872700648582 -13.333333333333332
      vertex -11.135294517653266 7.440365923635794 -10.666666666666668
    endloop
  endfacet
  facet normal 0 0 0
    outer loop
      vertex -8.853146665122814 8.853146665122816 -13.333333333333332
      vertex -11.135294517653266 7.440365923635794 -10.666666666666668
      vertex -9.469789571909176 9.469789571909178 -10.666666666666668
    endloop
  endfacet
  facet normal 0 0 0
    outer loop
      vertex -10.410199168158229 6.955872700648582 -13.333333333333332
      vertex -11.56719355526827 4.791288449186778 -13.333333333333332
      vertex -12.372876339829046 5.125013185522373 -10.666666666666668
    endloop
  endfacet
  facet normal 0 0 0
    outer loop
      vertex -10.410199168158229 6.955872700648582 -13.333333333333332
      vertex -12.372876339829046 5.125013185522373 -10.666666666666668
      vertex -11.135294517653266 7.440365923635794 -10.666666666666668
    endloop
  endfacet
  facet normal 0 0 0
    outer loop
      vertex -11.56719355526827 4.791288449186778 -13.333333333333332
      vertex -12.279667181006236 2.4425776696082457 -13.333333333333332
      vertex -13.13497546305419 2.6127090648298332 -10.666666666666668
    endloop
  endfacet
  facet normal 0 0 0
    outer loop
      vertex -11.56719355526827 4.791288449186778 -13.333333333333332
      vertex -13.13497546305419 2.6127090648298332 -10.666666666666668
      vertex -12.372876339829046 5.125013185522373 -10.666666666666668
    endloop
  endfacet
  facet normal 0 0 0
    outer loop
      vertex -12.279667181006236 2.4425776696082457 -13.333333333333332
      vertex -12.520240083494823 1.5332871942808324e-15 -13.333333333333332
      vertex -13.392304845413264 1.6400843262140942e-15 -10.666666666666668
    endloop
  endfacet
  facet normal 0 0 0
    outer loop
      vertex -12.279667181006236 2.4425776696082457 -13.333333333333332
      vertex -13.392304845413264 1.6400843262140942e-15 -10.666666666666668
      vertex -13.13497546305419 2.6127090648298332 -10.666666666666668
    endloop
  endfacet
  facet normal 0 0 0
    outer loop
      vertex -12.520240083494823 1.5332871942808324e-15 -13.333333333333332
      vertex -12.279667181006236 -2.4425776696082426 -13.333333333333332
      vertex -13.13497546305419 -2.6127090648298297 -10.666666666666668
    endloop
  endfacet
  facet normal 0 0 0
    outer loop
      vertex -12.520240083494823 1.5332871942808324e-15 -13.333333333333332
      vertex -13.13497546305419 -2.6127090648298297 -10.666666666666668
      vertex -13.392304845413264 1.6400843262140942e-15 -10.666666666666668
    endloop
  endfacet
  facet normal 0 0 0
    outer loop
      vertex -12.279667181006236 -2.4425776696082426 -13.333333333333332
      vertex -11.567193555268272 -4.791288449186775 -13.333333333333332
      vertex -12.372876339829048 -5.125013185522369 -10.666666666666668
    endloop
  endfacet
  facet normal 0 0 0
    outer loop
      vertex -12.279667181006236 -2.4425776696082426 -13.333333333333332
      vertex -12.372876339829048 -5.125013185522369 -10.666666666666668
      vertex -13.13497546305419 -2.6127090648298297 -10.666666666666668
    endloop
  endfacet
  facet normal 0 0 0
    outer loop
      vertex -11.567193555268272 -4.791288449186775 -13.333333333333332
      vertex -10.410199168158229 -6.955872700648579 -13.333333333333332
      vertex -11.135294517653268 -7.440365923635792 -10.666666666666668
    endloop
  endfacet
  facet normal 0 0 0
    outer loop
      vertex -11.567193555268272 -4.791288449186775 -13.333333333333332
      vertex -11.135294517653268 -7.440365923635792 -10.666666666666668
      vertex -12.372876339829048 -5.125013185522369 -10.666666666666668
    endloop
  endfacet
  facet normal 0 0 0
    outer loop
      vertex -10.410199168158229 -6.955872700648579 -13.333333333333332
      vertex -8.853146665122818 -8.853146665122814 -13.333333333333332
      vertex -9.46978957190918 -9.469789571909176 -10.666666666666668
    endloop
  endfacet
  facet normal 0 0 0
    outer loop
      vertex -10.410199168158229 -6.955872700648579 -13.333333333333332
      vertex -9.46978957190918 -9.469789571909176 -10.666666666666668
      vertex -11.135294517653268 -7.440365923635792 -10.666666666666668
    endloop
  endfacet
  facet normal 0 0 0
    outer loop
      vertex -8.853146665122818 -8.853146665122814 -13.333333333333332
      vertex -6.955872700648582 -10.410199168158227 -13.333333333333332
      vertex -7.440365923635794 -11.135294517653264 -10.666666666666668
    endloop
  endfacet
  facet normal 0 0 0
    outer loop
      vertex -8.853146665122818 -8.853146665122814 -13.333333333333332
      vertex -7.440365923635794 -11.135294517653264 -10.666666666666668
      vertex -9.46978957190918 -9.469789571909176 -10.666666666666668
    endloop
  endfacet
  facet normal 0 0 0
    outer loop
      vertex -6.955872700648582 -10.410199168158227 -13.333333333333332
      vertex -4.791288449186784 -11.567193555268268 -13.333333333333332
      vertex -5.125013185522379 -12.372876339829043 -10.666666666666668
    endloop
  endfacet
  facet normal 0 0 0
    outer loop
      vertex -6.955872700648582 -10.410199168158227 -13.333333333333332
      vertex -5.125013185522379 -12.372876339829043 -10.666666666666668
      vertex -7.440365923635794 -11.135294517653264 -10.666666666666668
    endloop
  endfacet
  facet normal 0 0 0
    outer loop
      vertex -4.791288449186784 -11.567193555268268 -13.333333333333332
      vertex -2.4425776696082466 -12.279667181006234 -13.333333333333332
      vertex -2.612709064829834 -13.134975463054188 -10.666666666666668
    endloop
  endfacet
  facet normal 0 0 0
    outer loop
      vertex -4.791288449186784 -11.567193555268268 -13.333333333333332
      vertex -2.612709064829834 -13.134975463054188 -10.666666666666668
      vertex -5.125013185522379 -12.372876339829043 -10.666666666666668
    endloop
  endfacet
  facet normal 0 0 0
    outer loop
      vertex -2.4425776696082466 -12.279667181006234 -13.333333333333332
      vertex -2.2999307914212486e-15 -12.520240083494823 -13.333333333333332
      vertex -2.4601264893211413e-15 -13.392304845413264 -10.666666666666668
    endloop
  endfacet
  facet normal 0 0 0
    outer loop
      vertex -2.4425776696082466 -12.279667181006234 -13.333333333333332
      vertex -2.4601264893211413e-15 -13.392304845413264 -10.666666666666668
      vertex -2.612709064829834 -13.134975463054188 -10.666666666666668
    endloop
  endfacet
  facet normal 0 0 0
    outer loop
      vertex -2.2999307914212486e-15 -12.520240083494823 -13.333333333333332
      vertex 2.442577669608242 -12.279667181006236 -13.333333333333332
      vertex 2.6127090648298292 -13.13497546305419 -10.666666666666668
    endloop
  endfacet
  facet normal 0 0 0
    outer loop
      vertex -2.2999307914212486e-15 -12.520240083494823 -13.333333333333332
      vertex 2.6127090648298292 -13.13497546305419 -10.666666666666668
      vertex -2.4601264893211413e-15 -13.392304845413264 -10.666666666666668
    endloop
  endfacet
  facet normal 0 0 0
    outer loop
      vertex 2.442577669608242 -12.279667181006236 -13.333333333333332
      vertex 4.79128844918678 -11.56719355526827 -13.333333333333332
      vertex 5.125013185522374 -12.372876339829045 -10.666666666666668
    endloop
  endfacet
  facet normal 0 0 0
    outer loop
      vertex 2.442577669608242 -12.279667181006236 -13.333333333333332
      vertex 5.125013185522374 -12.372876339829045 -10.666666666666668
      vertex 2.6127090648298292 -13.13497546305419 -10.666666666666668
    endloop
  endfacet
  facet normal 0 0 0
    outer loop
      vertex 4.79128844918678 -11.56719355526827 -13.333333333333332
      vertex 6.955872700648578 -10.410199168158229 -13.333333333333332
      vertex 7.44036592363579 -11.135294517653268 -10.666666666666668
    endloop
  endfacet
  facet normal 0 0 0
    outer loop
      vertex 4.79128844918678 -11.56719355526827 -13.333333333333332
      vertex 7.44036592363579 -11.135294517653268 -10.666666666666668
      vertex 5.125013185522374 -12.372876339829045 -10.666666666666668
    endloop
  endfacet
  facet normal 0 0 0
    outer loop
      vertex 6.955872700648578 -10.410199168158229 -13.333333333333332
      vertex 8.853146665122813 -8.853146665122818 -13.333333333333332
      vertex 9.469789571909175 -9.46978957190918 -10.666666666666668
    endloop
  endfacet
  facet normal 0 0 0
    outer loop
      vertex 6.955872700648578 -10.410199168158229 -13.333333333333332
      vertex 9.469789571909175 -9.46978957190918 -10.666666666666668
      vertex 7.44036592363579 -11.135294517653268 -10.666666666666668
    endloop
  endfacet
  facet normal 0 0 0
    outer loop
      vertex 8.853146665122813 -8.853146665122818 -13.333333333333332
      vertex 10.410199168158227 -6.955872700648582 -13.333333333333332
      vertex 11.135294517653264 -7.440365923635794 -10.666666666666668
    endloop
  endfacet
  facet normal 0 0 0
    outer loop
      vertex 8.853146665122813 -8.853146665122818 -13.333333333333332
      vertex 11.135294517653264 -7.440365923635794 -10.666666666666668
      vertex 9.469789571909175 -9.46978957190918 -10.666666666666668
    endloop
  endfacet
  facet normal 0 0 0
    outer loop
      vertex 10.410199168158227 -6.955872700648582 -13.333333333333332
      vertex 11.567193555268268 -4.791288449186784 -13.333333333333332
      vertex 12.372876339829043 -5.125013185522379 -10.666666666666668
    endloop
  endfacet
  facet normal 0 0 0
    outer loop
      vertex 10.410199168158227 -6.955872700648582 -13.333333333333332
      vertex 12.372876339829043 -5.125013185522379 -10.666666666666668
      vertex 11.135294517653264 -7.440365923635794 -10.666666666666668
    endloop
  endfacet
  facet normal 0 0 0
    outer loop
      vertex 11.567193555268268 -4.791288449186784 -13.333333333333332
      vertex 12.279667181006234 -2.4425776696082475 -13.333333333333332
      vertex 13.134975463054188 -2.6127090648298346 -10.666666666666668
    endloop
  endfacet
  facet normal 0 0 0
    outer loop
      vertex 11.567193555268268 -4.791288449186784 -13.333333333333332
      vertex 13.134975463054188 -2.6127090648298346 -10.666666666666668
      vertex 12.372876339829043 -5.125013185522379 -10.666666666666668
    endloop
  endfacet
  facet normal 0 0 0
    outer loop
      vertex 12.279667181006234 -2.4425776696082475 -13.333333333333332
      vertex 12.520240083494823 0 -13.333333333333332
      vertex 13.392304845413264 0 -10.666666666666668
    endloop
  endfacet
  facet normal 0 0 0
    outer loop
      vertex 12.279667181006234 -2.4425776696082475 -13.333333333333332
      vertex 13.392304845413264 0 -10.666666666666668
      vertex 13.134975463054188 -2.6127090648298346 -10.666666666666668
    endloop
  endfacet
  facet normal 0 0 0
    outer loop
      vertex 13.392304845413264 0 -10.666666666666668
      vertex 13.13497546305419 2.6127090648298283 -10.666666666666668
      vertex 13.815885197444343 2.7481504320692283 -8
    endloop
  endfacet
  facet normal 0 0 0
    outer loop
      vertex 13.392304845413264 0 -10.666666666666668
      vertex 13.815885197444343 2.7481504320692283 -8
      vertex 14.08655439013544 0 -8
    endloop
  endfacet
  facet normal 0 0 0
    outer loop
      vertex 13.13497546305419 2.6127090648298283 -10.666666666666668
      vertex 12.372876339829046 5.125013185522371 -10.666666666666668
      vertex 13.014279284653144 5.3906909842145545 -8
    endloop
  endfacet
  facet normal 0 0 0
    outer loop
      vertex 13.13497546305419 2.6127090648298283 -10.666666666666668
      vertex 13.014279284653144 5.3906909842145545 -8
      vertex 13.815885197444343 2.7481504320692283 -8
    endloop
  endfacet
  facet normal 0 0 0
    outer loop
      vertex 12.372876339829046 5.125013185522371 -10.666666666666668
      vertex 11.135294517653264 7.440365923635794 -10.666666666666668
      vertex 11.71254191744463 7.826070304970846 -8
    endloop
  endfacet
  facet normal 0 0 0
    outer loop
      vertex 12.372876339829046 5.125013185522371 -10.666666666666668
      vertex 11.71254191744463 7.826070304970846 -8
      vertex 13.014279284653144 5.3906909842145545 -8
    endloop
  endfacet
  facet normal 0 0 0
    outer loop
      vertex 11.135294517653264 7.440365923635794 -10.666666666666668
      vertex 9.469789571909178 9.469789571909176 -10.666666666666668
      vertex 9.960698132817901 9.9606981328179 -8
    endloop
  endfacet
  facet normal 0 0 0
    outer loop
      vertex 11.135294517653264 7.440365923635794 -10.666666666666668
      vertex 9.960698132817901 9.9606981328179 -8
      vertex 11.71254191744463 7.826070304970846 -8
    endloop
  endfacet
  facet normal 0 0 0
    outer loop
      vertex 9.469789571909178 9.469789571909176 -10.666666666666668
      vertex 7.440365923635796 11.135294517653264 -10.666666666666668
      vertex 7.826070304970848 11.71254191744463 -8
    endloop
  endfacet
  facet normal 0 0 0
    outer loop
      vertex 9.469789571909178 9.469789571909176 -10.666666666666668
      vertex 7.826070304970848 11.71254191744463 -8
      vertex 9.960698132817901 9.9606981328179 -8
    endloop
  endfacet
  facet normal 0 0 0
    outer loop
      vertex 7.440365923635796 11.135294517653264 -10.666666666666668
      vertex 5.125013185522372 12.372876339829046 -10.666666666666668
      vertex 5.390690984214555 13.014279284653144 -8
    endloop
  endfacet
  facet normal 0 0 0
    outer loop
      vertex 7.440365923635796 11.135294517653264 -10.666666666666668
      vertex 5.390690984214555 13.014279284653144 -8
      vertex 7.826070304970848 11.71254191744463 -8
    endloop
  endfacet
  facet normal 0 0 0
    outer loop
      vertex 5.125013185522372 12.372876339829046 -10.666666666666668
      vertex 2.6127090648298292 13.13497546305419 -10.666666666666668
      vertex 2.748150432069229 13.815885197444343 -8
    endloop
  endfacet
  facet normal 0 0 0
    outer loop
      vertex 5.125013185522372 12.372876339829046 -10.666666666666668
      vertex 2.748150432069229 13.815885197444343 -8
      vertex 5.390690984214555 13.014279284653144 -8
    endloop
  endfacet
  facet normal 0 0 0
    outer loop
      vertex 2.6127090648298292 13.13497546305419 -10.666666666666668
      vertex 8.200421631070471e-16 13.392304845413264 -10.666666666666668
      vertex 8.625526872447231e-16 14.08655439013544 -8
    endloop
  endfacet
  facet normal 0 0 0
    outer loop
      vertex 2.6127090648298292 13.13497546305419 -10.666666666666668
      vertex 8.625526872447231e-16 14.08655439013544 -8
      vertex 2.748150432069229 13.815885197444343 -8
    endloop
  endfacet
  facet normal 0 0 0
    outer loop
      vertex 8.200421631070471e-16 13.392304845413264 -10.666666666666668
      vertex -2.6127090648298275 13.13497546305419 -10.666666666666668
      vertex -2.7481504320692274 13.815885197444343 -8
    endloop
  endfacet
  facet normal 0 0 0
    outer loop
      vertex 8.200421631070471e-16 13.392304845413264 -10.666666666666668
      vertex -2.7481504320692274 13.815885197444343 -8
      vertex 8.625526872447231e-16 14.08655439013544 -8
    endloop
  endfacet
  facet normal 0 0 0
    outer loop
      vertex -2.6127090648298275 13.13497546305419 -10.666666666666668
      vertex -5.12501318552237 12.372876339829046 -10.666666666666668
      vertex -5.390690984214554 13.014279284653144 -8
    endloop
  endfacet
  facet normal 0 0 0
    outer loop
      vertex -2.6127090648298275 13.13497546305419 -10.666666666666668
      vertex -5.390690984214554 13.014279284653144 -8
      vertex -2.7481504320692274 13.815885197444343 -8
    endloop
  endfacet
  facet normal 0 0 0
    outer loop
      vertex -5.12501318552237 12.372876339829046 -10.666666666666668
      vertex -7.440365923635792 11.135294517653266 -10.666666666666668
      vertex -7.826070304970843 11.712541917444632 -8
    endloop
  endfacet
  facet normal 0 0 0
    outer loop
      vertex -5.12501318552237 12.372876339829046 -10.666666666666668
      vertex -7.826070304970843 11.712541917444632 -8
      vertex -5.390690984214554 13.014279284653144 -8
    endloop
  endfacet
  facet normal 0 0 0
    outer loop
      vertex -7.440365923635792 11.135294517653266 -10.666666666666668
      vertex -9.469789571909176 9.469789571909178 -10.666666666666668
      vertex -9.9606981328179 9.960698132817901 -8
    endloop
  endfacet
  facet normal 0 0 0
    outer loop
      vertex -7.440365923635792 11.135294517653266 -10.666666666666668
      vertex -9.9606981328179 9.960698132817901 -8
      vertex -7.826070304970843 11.712541917444632 -8
    endloop
  endfacet
  facet normal 0 0 0
    outer loop
      vertex -9.469789571909176 9.469789571909178 -10.666666666666668
      vertex -11.135294517653266 7.440365923635794 -10.666666666666668
      vertex -11.712541917444632 7.826070304970846 -8
    endloop
  endfacet
  facet normal 0 0 0
    outer loop
      vertex -9.469789571909176 9.469789571909178 -10.666666666666668
      vertex -11.712541917444632 7.826070304970846 -8
      vertex -9.9606981328179 9.960698132817901 -8
    endloop
  endfacet
  facet normal 0 0 0
    outer loop
      vertex -11.135294517653266 7.440365923635794 -10.666666666666668
      vertex -12.372876339829046 5.125013185522373 -10.666666666666668
      vertex -13.014279284653144 5.390690984214555 -8
    endloop
  endfacet
  facet normal 0 0 0
    outer loop
      vertex -11.135294517653266 7.440365923635794 -10.666666666666668
      vertex -13.014279284653144 5.390690984214555 -8
      vertex -11.712541917444632 7.826070304970846 -8
    endloop
  endfacet
  facet normal 0 0 0
    outer loop
      vertex -12.372876339829046 5.125013185522373 -10.666666666666668
      vertex -13.13497546305419 2.6127090648298332 -10.666666666666668
      vertex -13.815885197444343 2.748150432069233 -8
    endloop
  endfacet
  facet normal 0 0 0
    outer loop
      vertex -12.372876339829046 5.125013185522373 -10.666666666666668
      vertex -13.815885197444343 2.748150432069233 -8
      vertex -13.014279284653144 5.390690984214555 -8
    endloop
  endfacet
  facet normal 0 0 0
    outer loop
      vertex -13.13497546305419 2.6127090648298332 -10.666666666666668
      vertex -13.392304845413264 1.6400843262140942e-15 -10.666666666666668
      vertex -14.08655439013544 1.7251053744894463e-15 -8
    endloop
  endfacet
  facet normal 0 0 0
    outer loop
      vertex -13.13497546305419 2.6127090648298332 -10.666666666666668
      vertex -14.08655439013544 1.7251053744894463e-15 -8
      vertex -13.815885197444343 2.748150432069233 -8
    endloop
  endfacet
  facet normal 0 0 0
    outer loop
      vertex -13.392304845413264 1.6400843262140942e-15 -10.666666666666668
      vertex -13.13497546305419 -2.6127090648298297 -10.666666666666668
      vertex -13.815885197444343 -2.7481504320692296 -8
    endloop
  endfacet
  facet normal 0 0 0
    outer loop
      vertex -13.392304845413264 1.6400843262140942e-15 -10.666666666666668
      vertex -13.815885197444343 -2.7481504320692296 -8
      vertex -14.08655439013544 1.7251053744894463e-15 -8
    endloop
  endfacet
  facet normal 0 0 0
    outer loop
      vertex -13.13497546305419 -2.6127090648298297 -10.666666666666668
      vertex -12.372876339829048 -5.125013185522369 -10.666666666666668
      vertex -13.014279284653146 -5.390690984214552 -8
    endloop
  endfacet
  facet normal 0 0 0
    outer loop
      vertex -13.13497546305419 -2.6127090648298297 -10.666666666666668
      vertex -13.014279284653146 -5.390690984214552 -8
      vertex -13.815885197444343 -2.7481504320692296 -8
    endloop
  endfacet
  facet normal 0 0 0
    outer loop
      vertex -12.372876339829048 -5.125013185522369 -10.666666666666668
      vertex -11.135294517653268 -7.440365923635792 -10.666666666666668
      vertex -11.712541917444634 -7.826070304970843 -8
    endloop
  endfacet
  facet normal 0 0 0
    outer loop
      vertex -12.372876339829048 -5.125013185522369 -10.666666666666668
      vertex -11.712541917444634 -7.826070304970843 -8
      vertex -13.014279284653146 -5.390690984214552 -8
    endloop
  endfacet
  facet normal 0 0 0
    outer loop
      vertex -11.135294517653268 -7.440365923635792 -10.666666666666668
      vertex -9.46978957190918 -9.469789571909176 -10.666666666666668
      vertex -9.960698132817903 -9.9606981328179 -8
    endloop
  endfacet
  facet normal 0 0 0
    outer loop
      vertex -11.135294517653268 -7.440365923635792 -10.666666666666668
      vertex -9.960698132817903 -9.9606981328179 -8
      vertex -11.712541917444634 -7.826070304970843 -8
    endloop
  endfacet
  facet normal 0 0 0
    outer loop
      vertex -9.46978957190918 -9.469789571909176 -10.666666666666668
      vertex -7.440365923635794 -11.135294517653264 -10.666666666666668
      vertex -7.826070304970846 -11.71254191744463 -8
    endloop
  endfacet
  facet normal 0 0 0
    outer loop
      vertex -9.46978957190918 -9.469789571909176 -10.666666666666668
      vertex -7.826070304970846 -11.71254191744463 -8
      vertex -9.960698132817903 -9.9606981328179 -8
    endloop
  endfacet
  facet normal 0 0 0
    outer loop
      vertex -7.440365923635794 -11.135294517653264 -10.666666666666668
      vertex -5.125013185522379 -12.372876339829043 -10.666666666666668
      vertex -5.390690984214562 -13.01427928465314 -8
    endloop
  endfacet
  facet normal 0 0 0
    outer loop
      vertex -7.440365923635794 -11.135294517653264 -10.666666666666668
      vertex -5.390690984214562 -13.01427928465314 -8
      vertex -7.826070304970846 -11.71254191744463 -8
    endloop
  endfacet
  facet normal 0 0 0
    outer loop
      vertex -5.125013185522379 -12.372876339829043 -10.666666666666668
      vertex -2.612709064829834 -13.134975463054188 -10.666666666666668
      vertex -2.748150432069234 -13.815885197444343 -8
    endloop
  endfacet
  facet normal 0 0 0
    outer loop
      vertex -5.125013185522379 -12.372876339829043 -10.666666666666668
      vertex -2.748150432069234 -13.815885197444343 -8
      vertex -5.390690984214562 -13.01427928465314 -8
    endloop
  endfacet
  facet normal 0 0 0
    outer loop
      vertex -2.612709064829834 -13.134975463054188 -10.666666666666668
      vertex -2.4601264893211413e-15 -13.392304845413264 -10.666666666666668
      vertex -2.5876580617341694e-15 -14.08655439013544 -8
    endloop
  endfacet
  facet normal 0 0 0
    outer loop
      vertex -2.612709064829834 -13.134975463054188 -10.666666666666668
      vertex -2.5876580617341694e-15 -14.08655439013544 -8
      vertex -2.748150432069234 -13.815885197444343 -8
    endloop
  endfacet
  facet normal 0 0 0
    outer loop
      vertex -2.4601264893211413e-15 -13.392304845413264 -10.666666666666668
      vertex 2.6127090648298292 -13.13497546305419 -10.666666666666668
      vertex 2.7481504320692287 -13.815885197444343 -8
    endloop
  endfacet
  facet normal 0 0 0
    outer loop
      vertex -2.4601264893211413e-15 -13.392304845413264 -10.666666666666668
      vertex 2.7481504320692287 -13.815885197444343 -8
      vertex -2.5876580617341694e-15 -14.08655439013544 -8
    endloop
  endfacet
  facet normal 0 0 0
    outer loop
      vertex 2.6127090648298292 -13.13497546305419 -10.666666666666668
      vertex 5.125013185522374 -12.372876339829045 -10.666666666666668
      vertex 5.390690984214557 -13.014279284653142 -8
    endloop
  endfacet
  facet normal 0 0 0
    outer loop
      vertex 2.6127090648298292 -13.13497546305419 -10.666666666666668
      vertex 5.390690984214557 -13.014279284653142 -8
      vertex 2.7481504320692287 -13.815885197444343 -8
    endloop
  endfacet
  facet normal 0 0 0
    outer loop
      vertex 5.125013185522374 -12.372876339829045 -10.666666666666668
      vertex 7.44036592363579 -11.135294517653268 -10.666666666666668
      vertex 7.826070304970842 -11.712541917444634 -8
    endloop
  endfacet
  facet normal 0 0 0
    outer loop
      vertex 5.125013185522374 -12.372876339829045 -10.666666666666668
      vertex 7.826070304970842 -11.712541917444634 -8
      vertex 5.390690984214557 -13.014279284653142 -8
    endloop
  endfacet
  facet normal 0 0 0
    outer loop
      vertex 7.44036592363579 -11.135294517653268 -10.666666666666668
      vertex 9.469789571909175 -9.46978957190918 -10.666666666666668
      vertex 9.960698132817898 -9.960698132817903 -8
    endloop
  endfacet
  facet normal 0 0 0
    outer loop
      vertex 7.44036592363579 -11.135294517653268 -10.666666666666668
      vertex 9.960698132817898 -9.960698132817903 -8
      vertex 7.826070304970842 -11.712541917444634 -8
    endloop
  endfacet
  facet normal 0 0 0
    outer loop
      vertex 9.469789571909175 -9.46978957190918 -10.666666666666668
      vertex 11.135294517653264 -7.440365923635794 -10.666666666666668
      vertex 11.71254191744463 -7.826070304970846 -8
    endloop
  endfacet
  facet normal 0 0 0
    outer loop
      vertex 9.469789571909175 -9.46978957190918 -10.666666666666668
      vertex 11.71254191744463 -7.826070304970846 -8
      vertex 9.960698132817898 -9.960698132817903 -8
    endloop
  endfacet
  facet normal 0 0 0
    outer loop
      vertex 11.135294517653264 -7.440365923635794 -10.666666666666668
      vertex 12.372876339829043 -5.125013185522379 -10.666666666666668
      vertex 13.01427928465314 -5.3906909842145625 -8
    endloop
  endfacet
  facet normal 0 0 0
    outer loop
      vertex 11.135294517653264 -7.440365923635794 -10.666666666666668
      vertex 13.01427928465314 -5.3906909842145625 -8
      vertex 11.71254191744463 -7.826070304970846 -8
    endloop
  endfacet
  facet normal 0 0 0
    outer loop
      vertex 12.372876339829043 -5.125013185522379 -10.666666666666668
      vertex 13.134975463054188 -2.6127090648298346 -10.666666666666668
      vertex 13.815885197444343 -2.7481504320692345 -8
    endloop
  endfacet
  facet normal 0 0 0
    outer loop
      vertex 12.372876339829043 -5.125013185522379 -10.666666666666668
      vertex 13.815885197444343 -2.7481504320692345 -8
      vertex 13.01427928465314 -5.3906909842145625 -8
    endloop
  endfacet
  facet normal 0 0 0
    outer loop
      vertex 13.134975463054188 -2.6127090648298346 -10.666666666666668
      vertex 13.392304845413264 0 -10.666666666666668
      vertex 14.08655439013544 0 -8
    endloop
  endfacet
  facet normal 0 0 0
    outer loop
      vertex 13.134975463054188 -2.6127090648298346 -10.666666666666668
      vertex 14.08655439013544 0 -8
      vertex 13.815885197444343 -2.7481504320692345 -8
    endloop
  endfacet
  facet normal 0 0 0
    outer loop
      vertex 14.08655439013544 0 -8
      vertex 13.815885197444343 2.7481504320692283 -8
      vertex 14.310745829837442 2.846584331981534 -5.333333333333332
    endloop
  endfacet
  facet normal 0 0 0
    outer loop
      vertex 14.08655439013544 0 -8
      vertex 14.310745829837442 2.846584331981534 -5.333333333333332
      vertex 14.59110991546882 0 -5.333333333333332
    endloop
  endfacet
  facet normal 0 0 0
    outer loop
      vertex 13.815885197444343 2.7481504320692283 -8
      vertex 13.014279284653144 5.3906909842145545 -8
      vertex 13.480427807524133 5.5837760244679036 -5.333333333333332
    endloop
  endfacet
  facet normal 0 0 0
    outer loop
      vertex 13.815885197444343 2.7481504320692283 -8
      vertex 13.480427807524133 5.5837760244679036 -5.333333333333332
      vertex 14.310745829837442 2.846584331981534 -5.333333333333332
    endloop
  endfacet
  facet normal 0 0 0
    outer loop
      vertex 13.014279284653144 5.3906909842145545 -8
      vertex 11.71254191744463 7.826070304970846 -8
      vertex 12.132064504478684 8.10638633575164 -5.333333333333332
    endloop
  endfacet
  facet normal 0 0 0
    outer loop
      vertex 13.014279284653144 5.3906909842145545 -8
      vertex 12.132064504478684 8.10638633575164 -5.333333333333332
      vertex 13.480427807524133 5.5837760244679036 -5.333333333333332
    endloop
  endfacet
  facet normal 0 0 0
    outer loop
      vertex 11.71254191744463 7.826070304970846 -8
      vertex 9.960698132817901 9.9606981328179 -8
      vertex 10.317472766266276 10.317472766266274 -5.333333333333332
    endloop
  endfacet
  facet normal 0 0 0
    outer loop
      vertex 11.71254191744463 7.826070304970846 -8
      vertex 10.317472766266276 10.317472766266274 -5.333333333333332
      vertex 12.132064504478684 8.10638633575164 -5.333333333333332
    endloop
  endfacet
  facet normal 0 0 0
    outer loop
      vertex 9.960698132817901 9.9606981328179 -8
      vertex 7.826070304970848 11.71254191744463 -8
      vertex 8.106386335751642 12.132064504478684 -5.333333333333332
    endloop
  endfacet
  facet normal 0 0 0
    outer loop
      vertex 9.960698132817901 9.9606981328179 -8
      vertex 8.106386335751642 12.132064504478684 -5.333333333333332
      vertex 10.317472766266276 10.317472766266274 -5.333333333333332
    endloop
  endfacet
  facet normal 0 0 0
    outer loop
      vertex 7.826070304970848 11.71254191744463 -8
      vertex 5.390690984214555 13.014279284653144 -8
      vertex 5.5837760244679036 13.480427807524133 -5.333333333333332
    endloop
  endfacet
  facet normal 0 0 0
    outer loop
      vertex 7.826070304970848 11.71254191744463 -8
      vertex 5.5837760244679036 13.480427807524133 -5.333333333333332
      vertex 8.106386335751642 12.132064504478684 -5.333333333333332
    endloop
  endfacet
  facet normal 0 0 0
    outer loop
      vertex 5.390690984214555 13.014279284653144 -8
      vertex 2.748150432069229 13.815885197444343 -8
      vertex 2.846584331981535 14.310745829837442 -5.333333333333332
    endloop
  endfacet
  facet normal 0 0 0
    outer loop
      vertex 5.390690984214555 13.014279284653144 -8
      vertex 2.846584331981535 14.310745829837442 -5.333333333333332
      vertex 5.5837760244679036 13.480427807524133 -5.333333333333332
    endloop
  endfacet
  facet normal 0 0 0
    outer loop
      vertex 2.748150432069229 13.815885197444343 -8
      vertex 8.625526872447231e-16 14.08655439013544 -8
      vertex 8.934478026993049e-16 14.59110991546882 -5.333333333333332
    endloop
  endfacet
  facet normal 0 0 0
    outer loop
      vertex 2.748150432069229 13.815885197444343 -8
      vertex 8.934478026993049e-16 14.59110991546882 -5.333333333333332
      vertex 2.846584331981535 14.310745829837442 -5.333333333333332
    endloop
  endfacet
  facet normal 0 0 0
    outer loop
      vertex 8.625526872447231e-16 14.08655439013544 -8
      vertex -2.7481504320692274 13.815885197444343 -8
      vertex -2.846584331981533 14.310745829837442 -5.333333333333332
    endloop
  endfacet
  facet normal 0 0 0
    outer loop
      vertex 8.625526872447231e-16 14.08655439013544 -8
      vertex -2.846584331981533 14.310745829837442 -5.333333333333332
      vertex 8.934478026993049e-16 14.59110991546882 -5.333333333333332
    endloop
  endfacet
  facet normal 0 0 0
    outer loop
      vertex -2.7481504320692274 13.815885197444343 -8
      vertex -5.390690984214554 13.014279284653144 -8
      vertex -5.583776024467903 13.480427807524133 -5.333333333333332
    endloop
  endfacet
  facet normal 0 0 0
    outer loop
      vertex -2.7481504320692274 13.815885197444343 -8
      vertex -5.583776024467903 13.480427807524133 -5.333333333333332
      vertex -2.846584331981533 14.310745829837442 -5.333333333333332
    endloop
  endfacet
  facet normal 0 0 0
    outer loop
      vertex -5.390690984214554 13.014279284653144 -8
      vertex -7.826070304970843 11.712541917444632 -8
      vertex -8.106386335751637 12.132064504478684 -5.333333333333332
    endloop
  endfacet
  facet normal 0 0 0
    outer loop
      vertex -5.390690984214554 13.014279284653144 -8
      vertex -8.106386335751637 12.132064504478684 -5.333333333333332
      vertex -5.583776024467903 13.480427807524133 -5.333333333333332
    endloop
  endfacet
  facet normal 0 0 0
    outer loop
      vertex -7.826070304970843 11.712541917444632 -8
      vertex -9.9606981328179 9.960698132817901 -8
      vertex -10.317472766266274 10.317472766266276 -5.333333333333332
    endloop
  endfacet
  facet normal 0 0 0
    outer loop
      vertex -7.826070304970843 11.712541917444632 -8
      vertex -10.317472766266274 10.317472766266276 -5.333333333333332
      vertex -8.106386335751637 12.132064504478684 -5.333333333333332
    endloop
  endfacet
  facet normal 0 0 0
    outer loop
      vertex -9.9606981328179 9.960698132817901 -8
      vertex -11.712541917444632 7.826070304970846 -8
      vertex -12.132064504478684 8.10638633575164 -5.333333333333332
    endloop
  endfacet
  facet normal 0 0 0
    outer loop
      vertex -9.9606981328179 9.960698132817901 -8
      vertex -12.132064504478684 8.10638633575164 -5.333333333333332
      vertex -10.317472766266274 10.317472766266276 -5.333333333333332
    endloop
  endfacet
  facet normal 0 0 0
    outer loop
      vertex -11.712541917444632 7.826070304970846 -8
      vertex -13.014279284653144 5.390690984214555 -8
      vertex -13.480427807524133 5.583776024467904 -5.333333333333332
    endloop
  endfacet
  facet normal 0 0 0
    outer loop
      vertex -11.712541917444632 7.826070304970846 -8
      vertex -13.480427807524133 5.583776024467904 -5.333333333333332
      vertex -12.132064504478684 8.10638633575164 -5.333333333333332
    endloop
  endfacet
  facet normal 0 0 0
    outer loop
      vertex -13.014279284653144 5.390690984214555 -8
      vertex -13.815885197444343 2.748150432069233 -8
      vertex -14.310745829837442 2.846584331981539 -5.333333333333332
    endloop
  endfacet
  facet normal 0 0 0
    outer loop
      vertex -13.014279284653144 5.390690984214555 -8
      vertex -14.310745829837442 2.846584331981539 -5.333333333333332
      vertex -13.480427807524133 5.583776024467904 -5.333333333333332
    endloop
  endfacet
  facet normal 0 0 0
    outer loop
      vertex -13.815885197444343 2.748150432069233 -8
      vertex -14.08655439013544 1.7251053744894463e-15 -8
      vertex -14.59110991546882 1.7868956053986097e-15 -5.333333333333332
    endloop
  endfacet
  facet normal 0 0 0
    outer loop
      vertex -13.815885197444343 2.748150432069233 -8
      vertex -14.59110991546882 1.7868956053986097e-15 -5.333333333333332
      vertex -14.310745829837442 2.846584331981539 -5.333333333333332
    endloop
  endfacet
  facet normal 0 0 0
    outer loop
      vertex -14.08655439013544 1.7251053744894463e-15 -8
      vertex -13.815885197444343 -2.7481504320692296 -8
      vertex -14.310745829837442 -2.8465843319815356 -5.333333333333332
    endloop
  endfacet
  facet normal 0 0 0
    outer loop
      vertex -14.08655439013544 1.7251053744894463e-15 -8
      vertex -14.310745829837442 -2.8465843319815356 -5.333333333333332
      vertex -14.59110991546882 1.7868956053986097e-15 -5.333333333333332
    endloop
  endfacet
  facet normal 0 0 0
    outer loop
      vertex -13.815885197444343 -2.7481504320692296 -8
      vertex -13.014279284653146 -5.390690984214552 -8
      vertex -13.480427807524135 -5.583776024467901 -5.333333333333332
    endloop
  endfacet
  facet normal 0 0 0
    outer loop
      vertex -13.815885197444343 -2.7481504320692296 -8
      vertex -13.480427807524135 -5.583776024467901 -5.333333333333332
      vertex -14.310745829837442 -2.8465843319815356 -5.333333333333332
    endloop
  endfacet
  facet normal 0 0 0
    outer loop
      vertex -13.014279284653146 -5.390690984214552 -8
      vertex -11.712541917444634 -7.826070304970843 -8
      vertex -12.132064504478686 -8.106386335751637 -5.333333333333332
    endloop
  endfacet
  facet normal 0 0 0
    outer loop
      vertex -13.014279284653146 -5.390690984214552 -8
      vertex -12.132064504478686 -8.106386335751637 -5.333333333333332
      vertex -13.480427807524135 -5.583776024467901 -5.333333333333332
    endloop
  endfacet
  facet normal 0 0 0
    outer loop
      vertex -11.712541917444634 -7.826070304970843 -8
      vertex -9.960698132817903 -9.9606981328179 -8
      vertex -10.317472766266278 -10.317472766266274 -5.333333333333332
    endloop
  endfacet
  facet normal 0 0 0
    outer loop
      vertex -11.712541917444634 -7.826070304970843 -8
      vertex -10.317472766266278 -10.317472766266274 -5.333333333333332
      vertex -12.132064504478686 -8.106386335751637 -5.333333333333332
    endloop
  endfacet
  facet normal 0 0 0
    outer loop
      vertex -9.960698132817903 -9.9606981328179 -8
      vertex -7.826070304970846 -11.71254191744463 -8
      vertex -8.10638633575164 -12.132064504478684 -5.333333333333332
    endloop
  endfacet
  facet normal 0 0 0
    outer loop
      vertex -9.960698132817903 -9.9606981328179 -8
      vertex -8.10638633575164 -12.132064504478684 -5.333333333333332
      vertex -10.317472766266278 -10.317472766266274 -5.333333333333332
    endloop
  endfacet
  facet normal 0 0 0
    outer loop
      vertex -7.826070304970846 -11.71254191744463 -8
      vertex -5.390690984214562 -13.01427928465314 -8
      vertex -5.5837760244679115 -13.480427807524132 -5.333333333333332
    endloop
  endfacet
  facet normal 0 0 0
    outer loop
      vertex -7.826070304970846 -11.71254191744463 -8
      vertex -5.5837760244679115 -13.480427807524132 -5.333333333333332
      vertex -8.10638633575164 -12.132064504478684 -5.333333333333332
    endloop
  endfacet
  facet normal 0 0 0
    outer loop
      vertex -5.390690984214562 -13.01427928465314 -8
      vertex -2.748150432069234 -13.815885197444343 -8
      vertex -2.84658433198154 -14.31074582983744 -5.333333333333332
    endloop
  endfacet
  facet normal 0 0 0
    outer loop
      vertex -5.390690984214562 -13.01427928465314 -8
      vertex -2.84658433198154 -14.31074582983744 -5.333333333333332
      vertex -5.5837760244679115 -13.480427807524132 -5.333333333333332
    endloop
  endfacet
  facet normal 0 0 0
    outer loop
      vertex -2.748150432069234 -13.815885197444343 -8
      vertex -2.5876580617341694e-15 -14.08655439013544 -8
      vertex -2.6803434080979146e-15 -14.59110991546882 -5.333333333333332
    endloop
  endfacet
  facet normal 0 0 0
    outer loop
      vertex -2.748150432069234 -13.815885197444343 -8
      vertex -2.6803434080979146e-15 -14.59110991546882 -5.333333333333332
      vertex -2.84658433198154 -14.31074582983744 -5.333333333333332
    endloop
  endfacet
  facet normal 0 0 0
    outer loop
      vertex -2.5876580617341694e-15 -14.08655439013544 -8
      vertex 2.7481504320692287 -13.815885197444343 -8
      vertex 2.8465843319815347 -14.310745829837442 -5.333333333333332
    endloop
  endfacet
  facet normal 0 0 0
    outer loop
      vertex -2.5876580617341694e-15 -14.08655439013544 -8
      vertex 2.8465843319815347 -14.310745829837442 -5.333333333333332
      vertex -2.6803434080979146e-15 -14.59110991546882 -5.333333333333332
    endloop
  endfacet
  facet normal 0 0 0
    outer loop
      vertex 2.7481504320692287 -13.815885197444343 -8
      vertex 5.390690984214557 -13.014279284653142 -8
      vertex 5.583776024467906 -13.480427807524132 -5.333333333333332
    endloop
  endfacet
  facet normal 0 0 0
    outer loop
      vertex 2.7481504320692287 -13.815885197444343 -8
      vertex 5.583776024467906 -13.480427807524132 -5.333333333333332
      vertex 2.8465843319815347 -14.310745829837442 -5.333333333333332
    endloop
  endfacet
  facet normal 0 0 0
    outer loop
      vertex 5.390690984214557 -13.014279284653142 -8
      vertex 7.826070304970842 -11.712541917444634 -8
      vertex 8.106386335751635 -12.132064504478686 -5.333333333333332
    endloop
  endfacet
  facet normal 0 0 0
    outer loop
      vertex 5.390690984214557 -13.014279284653142 -8
      vertex 8.106386335751635 -12.132064504478686 -5.333333333333332
      vertex 5.583776024467906 -13.480427807524132 -5.333333333333332
    endloop
  endfacet
  facet normal 0 0 0
    outer loop
      vertex 7.826070304970842 -11.712541917444634 -8
      vertex 9.960698132817898 -9.960698132817903 -8
      vertex 10.317472766266272 -10.317472766266278 -5.333333333333332
    endloop
  endfacet
  facet normal 0 0 0
    outer loop
      vertex 7.826070304970842 -11.712541917444634 -8
      vertex 10.317472766266272 -10.317472766266278 -5.333333333333332
      vertex 8.106386335751635 -12.132064504478686 -5.333333333333332
    endloop
  endfacet
  facet normal 0 0 0
    outer loop
      vertex 9.960698132817898 -9.960698132817903 -8
      vertex 11.71254191744463 -7.826070304970846 -8
      vertex 12.132064504478684 -8.10638633575164 -5.333333333333332
    endloop
  endfacet
  facet normal 0 0 0
    outer loop
      vertex 9.960698132817898 -9.960698132817903 -8
      vertex 12.132064504478684 -8.10638633575164 -5.333333333333332
      vertex 10.317472766266272 -10.317472766266278 -5.333333333333332
    endloop
  endfacet
  facet normal 0 0 0
    outer loop
      vertex 11.71254191744463 -7.826070304970846 -8
      vertex 13.01427928465314 -5.3906909842145625 -8
      vertex 13.480427807524132 -5.583776024467912 -5.333333333333332
    endloop
  endfacet
  facet normal 0 0 0
    outer loop
      vertex 11.71254191744463 -7.826070304970846 -8
      vertex 13.480427807524132 -5.583776024467912 -5.333333333333332
      vertex 12.132064504478684 -8.10638633575164 -5.333333333333332
    endloop
  endfacet
  facet normal 0 0 0
    outer loop
      vertex 13.01427928465314 -5.3906909842145625 -8
      vertex 13.815885197444343 -2.7481504320692345 -8
      vertex 14.31074582983744 -2.846584331981541 -5.333333333333332
    endloop
  endfacet
  facet normal 0 0 0
    outer loop
      vertex 13.01427928465314 -5.3906909842145625 -8
      vertex 14.31074582983744 -2.846584331981541 -5.333333333333332
      vertex 13.480427807524132 -5.583776024467912 -5.333333333333332
    endloop
  endfacet
  facet normal 0 0 0
    outer loop
      vertex 13.815885197444343 -2.7481504320692345 -8
      vertex 14.08655439013544 0 -8
      vertex 14.59110991546882 0 -5.333333333333332
    endloop
  endfacet
  facet normal 0 0 0
    outer loop
      vertex 13.815885197444343 -2.7481504320692345 -8
      vertex 14.59110991546882 0 -5.333333333333332
      vertex 14.31074582983744 -2.846584331981541 -5.333333333333332
    endloop
  endfacet
  facet normal 0 0 0
    outer loop
      vertex 14.59110991546882 0 -5.333333333333332
      vertex 14.310745829837442 2.846584331981534 -5.333333333333332
      vertex 14.611090157611946 2.906326533248212 -2.666666666666668
    endloop
  endfacet
  facet normal 0 0 0
    outer loop
      vertex 14.59110991546882 0 -5.333333333333332
      vertex 14.611090157611946 2.906326533248212 -2.666666666666668
      vertex 14.897338336485724 0 -2.666666666666668
    endloop
  endfacet
  facet normal 0 0 0
    outer loop
      vertex 14.310745829837442 2.846584331981534 -5.333333333333332
      vertex 13.480427807524133 5.5837760244679036 -5.333333333333332
      vertex 13.7633459779749 5.700964567710394 -2.666666666666668
    endloop
  endfacet
  facet normal 0 0 0
    outer loop
      vertex 14.310745829837442 2.846584331981534 -5.333333333333332
      vertex 13.7633459779749 5.700964567710394 -2.666666666666668
      vertex 14.611090157611946 2.906326533248212 -2.666666666666668
    endloop
  endfacet
  facet normal 0 0 0
    outer loop
      vertex 13.480427807524133 5.5837760244679036 -5.333333333333332
      vertex 12.132064504478684 8.10638633575164 -5.333333333333332
      vertex 12.38668413097763 8.276517730973227 -2.666666666666668
    endloop
  endfacet
  facet normal 0 0 0
    outer loop
      vertex 13.480427807524133 5.5837760244679036 -5.333333333333332
      vertex 12.38668413097763 8.276517730973227 -2.666666666666668
      vertex 13.7633459779749 5.700964567710394 -2.666666666666668
    endloop
  endfacet
  facet normal 0 0 0
    outer loop
      vertex 12.132064504478684 8.10638633575164 -5.333333333333332
      vertex 10.317472766266276 10.317472766266274 -5.333333333333332
      vertex 10.534008959359378 10.534008959359376 -2.666666666666668
    endloop
  endfacet
  facet normal 0 0 0
    outer loop
      vertex 12.132064504478684 8.10638633575164 -5.333333333333332
      vertex 10.534008959359378 10.534008959359376 -2.666666666666668
      vertex 12.38668413097763 8.276517730973227 -2.666666666666668
    endloop
  endfacet
  facet normal 0 0 0
    outer loop
      vertex 10.317472766266276 10.317472766266274 -5.333333333333332
      vertex 8.106386335751642 12.132064504478684 -5.333333333333332
      vertex 8.276517730973229 12.38668413097763 -2.666666666666668
    endloop
  endfacet
  facet normal 0 0 0
    outer loop
      vertex 10.317472766266276 10.317472766266274 -5.333333333333332
      vertex 8.276517730973229 12.38668413097763 -2.666666666666668
      vertex 10.534008959359378 10.534008959359376 -2.666666666666668
    endloop
  endfacet
  facet normal 0 0 0
    outer loop
      vertex 8.106386335751642 12.132064504478684 -5.333333333333332
      vertex 5.5837760244679036 13.480427807524133 -5.333333333333332
      vertex 5.700964567710394 13.7633459779749 -2.666666666666668
    endloop
  endfacet
  facet normal 0 0 0
    outer loop
      vertex 8.106386335751642 12.132064504478684 -5.333333333333332
      vertex 5.700964567710394 13.7633459779749 -2.666666666666668
      vertex 8.276517730973229 12.38668413097763 -2.666666666666668
    endloop
  endfacet
  facet normal 0 0 0
    outer loop
      vertex 5.5837760244679036 13.480427807524133 -5.333333333333332
      vertex 2.846584331981535 14.310745829837442 -5.333333333333332
      vertex 2.9063265332482136 14.611090157611946 -2.666666666666668
    endloop
  endfacet
  facet normal 0 0 0
    outer loop
      vertex 5.5837760244679036 13.480427807524133 -5.333333333333332
      vertex 2.9063265332482136 14.611090157611946 -2.666666666666668
      vertex 5.700964567710394 13.7633459779749 -2.666666666666668
    endloop
  endfacet
  facet normal 0 0 0
    outer loop
      vertex 2.846584331981535 14.310745829837442 -5.333333333333332
      vertex 8.934478026993049e-16 14.59110991546882 -5.333333333333332
      vertex 9.121988854796199e-16 14.897338336485724 -2.666666666666668
    endloop
  endfacet
  facet normal 0 0 0
    outer loop
      vertex 2.846584331981535 14.310745829837442 -5.333333333333332
      vertex 9.121988854796199e-16 14.897338336485724 -2.666666666666668
      vertex 2.9063265332482136 14.611090157611946 -2.666666666666668
    endloop
  endfacet
  facet normal 0 0 0
    outer loop
      vertex 8.934478026993049e-16 14.59110991546882 -5.333333333333332
      vertex -2.846584331981533 14.310745829837442 -5.333333333333332
      vertex -2.9063265332482113 14.611090157611946 -2.666666666666668
    endloop
  endfacet
  facet normal 0 0 0
    outer loop
      vertex 8.934478026993049e-16 14.59110991546882 -5.333333333333332
      vertex -2.9063265332482113 14.611090157611946 -2.666666666666668
      vertex 9.121988854796199e-16 14.897338336485724 -2.666666666666668
    endloop
  endfacet
  facet normal 0 0 0
    outer loop
      vertex -2.846584331981533 14.310745829837442 -5.333333333333332
      vertex -5.583776024467903 13.480427807524133 -5.333333333333332
      vertex -5.700964567710393 13.7633459779749 -2.666666666666668
    endloop
  endfacet
  facet normal 0 0 0
    outer loop
      vertex -2.846584331981533 14.310745829837442 -5.333333333333332
      vertex -5.700964567710393 13.7633459779749 -2.666666666666668
      vertex -2.9063265332482113 14.611090157611946 -2.666666666666668
    endloop
  endfacet
  facet normal 0 0 0
    outer loop
      vertex -5.583776024467903 13.480427807524133 -5.333333333333332
      vertex -8.106386335751637 12.132064504478684 -5.333333333333332
      vertex -8.276517730973223 12.386684130977631 -2.666666666666668
    endloop
  endfacet
  facet normal 0 0 0
    outer loop
      vertex -5.583776024467903 13.480427807524133 -5.333333333333332
      vertex -8.276517730973223 12.386684130977631 -2.666666666666668
      vertex -5.700964567710393 13.7633459779749 -2.666666666666668
    endloop
  endfacet
  facet normal 0 0 0
    outer loop
      vertex -8.106386335751637 12.132064504478684 -5.333333333333332
      vertex -10.317472766266274 10.317472766266276 -5.333333333333332
      vertex -10.534008959359376 10.534008959359378 -2.666666666666668
    endloop
  endfacet
  facet normal 0 0 0
    outer loop
      vertex -8.106386335751637 12.132064504478684 -5.333333333333332
      vertex -10.534008959359376 10.534008959359378 -2.666666666666668
      vertex -8.276517730973223 12.386684130977631 -2.666666666666668
    endloop
  endfacet
  facet normal 0 0 0
    outer loop
      vertex -10.317472766266274 10.317472766266276 -5.333333333333332
      vertex -12.132064504478684 8.10638633575164 -5.333333333333332
      vertex -12.386684130977631 8.276517730973227 -2.666666666666668
    endloop
  endfacet
  facet normal 0 0 0
    outer loop
      vertex -10.317472766266274 10.317472766266276 -5.333333333333332
      vertex -12.386684130977631 8.276517730973227 -2.666666666666668
      vertex -10.534008959359376 10.534008959359378 -2.666666666666668
    endloop
  endfacet
  facet normal 0 0 0
    outer loop
      vertex -12.132064504478684 8.10638633575164 -5.333333333333332
      vertex -13.480427807524133 5.583776024467904 -5.333333333333332
      vertex -13.7633459779749 5.700964567710395 -2.666666666666668
    endloop
  endfacet
  facet normal 0 0 0
    outer loop
      vertex -12.132064504478684 8.10638633575164 -5.333333333333332
      vertex -13.7633459779749 5.700964567710395 -2.666666666666668
      vertex -12.386684130977631 8.276517730973227 -2.666666666666668
    endloop
  endfacet
  facet normal 0 0 0
    outer loop
      vertex -13.480427807524133 5.583776024467904 -5.333333333333332
      vertex -14.310745829837442 2.846584331981539 -5.333333333333332
      vertex -14.611090157611946 2.9063265332482175 -2.666666666666668
    endloop
  endfacet
  facet normal 0 0 0
    outer loop
      vertex -13.480427807524133 5.583776024467904 -5.333333333333332
      vertex -14.611090157611946 2.9063265332482175 -2.666666666666668
      vertex -13.7633459779749 5.700964567710395 -2.666666666666668
    endloop
  endfacet
  facet normal 0 0 0
    outer loop
      vertex -14.310745829837442 2.846584331981539 -5.333333333333332
      vertex -14.59110991546882 1.7868956053986097e-15 -5.333333333333332
      vertex -14.897338336485724 1.8243977709592397e-15 -2.666666666666668
    endloop
  endfacet
  facet normal 0 0 0
    outer loop
      vertex -14.310745829837442 2.846584331981539 -5.333333333333332
      vertex -14.897338336485724 1.8243977709592397e-15 -2.666666666666668
      vertex -14.611090157611946 2.9063265332482175 -2.666666666666668
    endloop
  endfacet
  facet normal 0 0 0
    outer loop
      vertex -14.59110991546882 1.7868956053986097e-15 -5.333333333333332
      vertex -14.310745829837442 -2.8465843319815356 -5.333333333333332
      vertex -14.611090157611946 -2.906326533248214 -2.666666666666668
    endloop
  endfacet
  facet normal 0 0 0
    outer loop
      vertex -14.59110991546882 1.7868956053986097e-15 -5.333333333333332
      vertex -14.611090157611946 -2.906326533248214 -2.666666666666668
      vertex -14.897338336485724 1.8243977709592397e-15 -2.666666666666668
    endloop
  endfacet
  facet normal 0 0 0
    outer loop
      vertex -14.310745829837442 -2.8465843319815356 -5.333333333333332
      vertex -13.480427807524135 -5.583776024467901 -5.333333333333332
      vertex -13.763345977974902 -5.7009645677103915 -2.666666666666668
    endloop
  endfacet
  facet normal 0 0 0
    outer loop
      vertex -14.310745829837442 -2.8465843319815356 -5.333333333333332
      vertex -13.763345977974902 -5.7009645677103915 -2.666666666666668
      vertex -14.611090157611946 -2.906326533248214 -2.666666666666668
    endloop
  endfacet
  facet normal 0 0 0
    outer loop
      vertex -13.480427807524135 -5.583776024467901 -5.333333333333332
      vertex -12.132064504478686 -8.106386335751637 -5.333333333333332
      vertex -12.386684130977633 -8.276517730973223 -2.666666666666668
    endloop
  endfacet
  facet normal 0 0 0
    outer loop
      vertex -13.480427807524135 -5.583776024467901 -5.333333333333332
      vertex -12.386684130977633 -8.276517730973223 -2.666666666666668
      vertex -13.763345977974902 -5.7009645677103915 -2.666666666666668
    endloop
  endfacet
  facet normal 0 0 0
    outer loop
      vertex -12.132064504478686 -8.106386335751637 -5.333333333333332
      vertex -10.317472766266278 -10.317472766266274 -5.333333333333332
      vertex -10.53400895935938 -10.534008959359376 -2.666666666666668
    endloop
  endfacet
  facet normal 0 0 0
    outer loop
      vertex -12.132064504478686 -8.106386335751637 -5.333333333333332
      vertex -10.53400895935938 -10.534008959359376 -2.666666666666668
      vertex -12.386684130977633 -8.276517730973223 -2.666666666666668
    endloop
  endfacet
  facet normal 0 0 0
    outer loop
      vertex -10.317472766266278 -10.317472766266274 -5.333333333333332
      vertex -8.10638633575164 -12.132064504478684 -5.333333333333332
      vertex -8.276517730973227 -12.38668413097763 -2.666666666666668
    endloop
  endfacet
  facet normal 0 0 0
    outer loop
      vertex -10.317472766266278 -10.317472766266274 -5.333333333333332
      vertex -8.276517730973227 -12.38668413097763 -2.666666666666668
      vertex -10.53400895935938 -10.534008959359376 -2.666666666666668
    endloop
  endfacet
  facet normal 0 0 0
    outer loop
      vertex -8.10638633575164 -12.132064504478684 -5.333333333333332
      vertex -5.5837760244679115 -13.480427807524132 -5.333333333333332
      vertex -5.700964567710402 -13.763345977974897 -2.666666666666668
    endloop
  endfacet
  facet normal 0 0 0
    outer loop
      vertex -8.10638633575164 -12.132064504478684 -5.333333333333332
      vertex -5.700964567710402 -13.763345977974897 -2.666666666666668
      vertex -8.276517730973227 -12.38668413097763 -2.666666666666668
    endloop
  endfacet
  facet normal 0 0 0
    outer loop
      vertex -5.5837760244679115 -13.480427807524132 -5.333333333333332
      vertex -2.84658433198154 -14.31074582983744 -5.333333333333332
      vertex -2.9063265332482184 -14.611090157611944 -2.666666666666668
    endloop
  endfacet
  facet normal 0 0 0
    outer loop
      vertex -5.5837760244679115 -13.480427807524132 -5.333333333333332
      vertex -2.9063265332482184 -14.611090157611944 -2.666666666666668
      vertex -5.700964567710402 -13.763345977974897 -2.666666666666668
    endloop
  endfacet
  facet normal 0 0 0
    outer loop
      vertex -2.84658433198154 -14.31074582983744 -5.333333333333332
      vertex -2.6803434080979146e-15 -14.59110991546882 -5.333333333333332
      vertex -2.7365966564388596e-15 -14.897338336485724 -2.666666666666668
    endloop
  endfacet
  facet normal 0 0 0
    outer loop
      vertex -2.84658433198154 -14.31074582983744 -5.333333333333332
      vertex -2.7365966564388596e-15 -14.897338336485724 -2.666666666666668
      vertex -2.9063265332482184 -14.611090157611944 -2.666666666666668
    endloop
  endfacet
  facet normal 0 0 0
    outer loop
      vertex -2.6803434080979146e-15 -14.59110991546882 -5.333333333333332
      vertex 2.8465843319815347 -14.310745829837442 -5.333333333333332
      vertex 2.906326533248213 -14.611090157611946 -2.666666666666668
    endloop
  endfacet
  facet normal 0 0 0
    outer loop
      vertex -2.6803434080979146e-15 -14.59110991546882 -5.333333333333332
      vertex 2.906326533248213 -14.611090157611946 -2.666666666666668
      vertex -2.7365966564388596e-15 -14.897338336485724 -2.666666666666668
    endloop
  endfacet
  facet normal 0 0 0
    outer loop
      vertex 2.8465843319815347 -14.310745829837442 -5.333333333333332
      vertex 5.583776024467906 -13.480427807524132 -5.333333333333332
      vertex 5.700964567710397 -13.763345977974899 -2.666666666666668
    endloop
  endfacet
  facet normal 0 0 0
    outer loop
      vertex 2.8465843319815347 -14.310745829837442 -5.333333333333332
      vertex 5.700964567710397 -13.763345977974899 -2.666666666666668
      vertex 2.906326533248213 -14.611090157611946 -2.666666666666668
    endloop
  endfacet
  facet normal 0 0 0
    outer loop
      vertex 5.583776024467906 -13.480427807524132 -5.333333333333332
      vertex 8.106386335751635 -12.132064504478686 -5.333333333333332
      vertex 8.276517730973222 -12.386684130977633 -2.666666666666668
    endloop
  endfacet
  facet normal 0 0 0
    outer loop
      vertex 5.583776024467906 -13.480427807524132 -5.333333333333332
      vertex 8.276517730973222 -12.386684130977633 -2.666666666666668
      vertex 5.700964567710397 -13.763345977974899 -2.666666666666668
    endloop
  endfacet
  facet normal 0 0 0
    outer loop
      vertex 8.106386335751635 -12.132064504478686 -5.333333333333332
      vertex 10.317472766266272 -10.317472766266278 -5.333333333333332
      vertex 10.534008959359374 -10.53400895935938 -2.666666666666668
    endloop
  endfacet
  facet normal 0 0 0
    outer loop
      vertex 8.106386335751635 -12.132064504478686 -5.333333333333332
      vertex 10.534008959359374 -10.53400895935938 -2.666666666666668
      vertex 8.276517730973222 -12.386684130977633 -2.666666666666668
    endloop
  endfacet
  facet normal 0 0 0
    outer loop
      vertex 10.317472766266272 -10.317472766266278 -5.333333333333332
      vertex 12.132064504478684 -8.10638633575164 -5.333333333333332
      vertex 12.38668413097763 -8.276517730973227 -2.666666666666668
    endloop
  endfacet
  facet normal 0 0 0
    outer loop
      vertex 10.317472766266272 -10.317472766266278 -5.333333333333332
      vertex 12.38668413097763 -8.276517730973227 -2.666666666666668
      vertex 10.534008959359374 -10.53400895935938 -2.666666666666668
    endloop
  endfacet
  facet normal 0 0 0
    outer loop
      vertex 12.132064504478684 -8.10638633575164 -5.333333333333332
      vertex 13.480427807524132 -5.583776024467912 -5.333333333333332
      vertex 13.763345977974897 -5.700964567710403 -2.666666666666668
    endloop
  endfacet
  facet normal 0 0 0
    outer loop
      vertex 12.132064504478684 -8.10638633575164 -5.333333333333332
      vertex 13.763345977974897 -5.700964567710403 -2.666666666666668
      vertex 12.38668413097763 -8.276517730973227 -2.666666666666668
    endloop
  endfacet
  facet normal 0 0 0
    outer loop
      vertex 13.480427807524132 -5.583776024467912 -5.333333333333332
      vertex 14.31074582983744 -2.846584331981541 -5.333333333333332
      vertex 14.611090157611944 -2.9063265332482193 -2.666666666666668
    endloop
  endfacet
  facet normal 0 0 0
    outer loop
      vertex 13.480427807524132 -5.583776024467912 -5.333333333333332
      vertex 14.611090157611944 -2.9063265332482193 -2.666666666666668
      vertex 13.763345977974897 -5.700964567710403 -2.666666666666668
    endloop
  endfacet
  facet normal 0 0 0
    outer loop
      vertex 14.31074582983744 -2.846584331981541 -5.333333333333332
      vertex 14.59110991546882 0 -5.333333333333332
      vertex 14.897338336485724 0 -2.666666666666668
    endloop
  endfacet
  facet normal 0 0 0
    outer loop
      vertex 14.31074582983744 -2.846584331981541 -5.333333333333332
      vertex 14.897338336485724 0 -2.666666666666668
      vertex 14.611090157611944 -2.9063265332482193 -2.666666666666668
    endloop
  endfacet
  facet normal 0 0 0
    outer loop
      vertex 14.897338336485724 0 -2.666666666666668
      vertex 14.611090157611946 2.906326533248212 -2.666666666666668
      vertex 14.711779206048456 2.9263548302419236 0
    endloop
  endfacet
  facet normal 0 0 0
    outer loop
      vertex 14.897338336485724 0 -2.666666666666668
      vertex 14.711779206048456 2.9263548302419236 0
      vertex 15 0 0
    endloop
  endfacet
  facet normal 0 0 0
    outer loop
      vertex 14.611090157611946 2.906326533248212 -2.666666666666668
      vertex 13.7633459779749 5.700964567710394 -2.666666666666668
      vertex 13.858192987669302 5.740251485476347 0
    endloop
  endfacet
  facet normal 0 0 0
    outer loop
      vertex 14.611090157611946 2.906326533248212 -2.666666666666668
      vertex 13.858192987669302 5.740251485476347 0
      vertex 14.711779206048456 2.9263548302419236 0
    endloop
  endfacet
  facet normal 0 0 0
    outer loop
      vertex 13.7633459779749 5.700964567710394 -2.666666666666668
      vertex 12.38668413097763 8.276517730973227 -2.666666666666668
      vertex 12.472044184538179 8.333553495294034 0
    endloop
  endfacet
  facet normal 0 0 0
    outer loop
      vertex 13.7633459779749 5.700964567710394 -2.666666666666668
      vertex 12.472044184538179 8.333553495294034 0
      vertex 13.858192987669302 5.740251485476347 0
    endloop
  endfacet
  facet normal 0 0 0
    outer loop
      vertex 12.38668413097763 8.276517730973227 -2.666666666666668
      vertex 10.534008959359378 10.534008959359376 -2.666666666666668
      vertex 10.606601717798213 10.606601717798211 0
    endloop
  endfacet
  facet normal 0 0 0
    outer loop
      vertex 12.38668413097763 8.276517730973227 -2.666666666666668
      vertex 10.606601717798213 10.606601717798211 0
      vertex 12.472044184538179 8.333553495294034 0
    endloop
  endfacet
  facet normal 0 0 0
    outer loop
      vertex 10.534008959359378 10.534008959359376 -2.666666666666668
      vertex 8.276517730973229 12.38668413097763 -2.666666666666668
      vertex 8.333553495294034 12.472044184538179 0
    endloop
  endfacet
  facet normal 0 0 0
    outer loop
      vertex 10.534008959359378 10.534008959359376 -2.666666666666668
      vertex 8.333553495294034 12.472044184538179 0
      vertex 10.606601717798213 10.606601717798211 0
    endloop
  endfacet
  facet normal 0 0 0
    outer loop
      vertex 8.276517730973229 12.38668413097763 -2.666666666666668
      vertex 5.700964567710394 13.7633459779749 -2.666666666666668
      vertex 5.740251485476348 13.858192987669302 0
    endloop
  endfacet
  facet normal 0 0 0
    outer loop
      vertex 8.276517730973229 12.38668413097763 -2.666666666666668
      vertex 5.740251485476348 13.858192987669302 0
      vertex 8.333553495294034 12.472044184538179 0
    endloop
  endfacet
  facet normal 0 0 0
    outer loop
      vertex 5.700964567710394 13.7633459779749 -2.666666666666668
      vertex 2.9063265332482136 14.611090157611946 -2.666666666666668
      vertex 2.926354830241925 14.711779206048456 0
    endloop
  endfacet
  facet normal 0 0 0
    outer loop
      vertex 5.700964567710394 13.7633459779749 -2.666666666666668
      vertex 2.926354830241925 14.711779206048456 0
      vertex 5.740251485476348 13.858192987669302 0
    endloop
  endfacet
  facet normal 0 0 0
    outer loop
      vertex 2.9063265332482136 14.611090157611946 -2.666666666666668
      vertex 9.121988854796199e-16 14.897338336485724 -2.666666666666668
      vertex 9.18485099360515e-16 15 0
    endloop
  endfacet
  facet normal 0 0 0
    outer loop
      vertex 2.9063265332482136 14.611090157611946 -2.666666666666668
      vertex 9.18485099360515e-16 15 0
      vertex 2.926354830241925 14.711779206048456 0
    endloop
  endfacet
  facet normal 0 0 0
    outer loop
      vertex 9.121988854796199e-16 14.897338336485724 -2.666666666666668
      vertex -2.9063265332482113 14.611090157611946 -2.666666666666668
      vertex -2.926354830241923 14.711779206048456 0
    endloop
  endfacet
  facet normal 0 0 0
    outer loop
      vertex 9.121988854796199e-16 14.897338336485724 -2.666666666666668
      vertex -2.926354830241923 14.711779206048456 0
      vertex 9.18485099360515e-16 15 0
    endloop
  endfacet
  facet normal 0 0 0
    outer loop
      vertex -2.9063265332482113 14.611090157611946 -2.666666666666668
      vertex -5.700964567710393 13.7633459779749 -2.666666666666668
      vertex -5.740251485476346 13.858192987669302 0
    endloop
  endfacet
  facet normal 0 0 0
    outer loop
      vertex -2.9063265332482113 14.611090157611946 -2.666666666666668
      vertex -5.740251485476346 13.858192987669302 0
      vertex -2.926354830241923 14.711779206048456 0
    endloop
  endfacet
  facet normal 0 0 0
    outer loop
      vertex -5.700964567710393 13.7633459779749 -2.666666666666668
      vertex -8.276517730973223 12.386684130977631 -2.666666666666668
      vertex -8.33355349529403 12.47204418453818 0
    endloop
  endfacet
  facet normal 0 0 0
    outer loop
      vertex -5.700964567710393 13.7633459779749 -2.666666666666668
      vertex -8.33355349529403 12.47204418453818 0
      vertex -5.740251485476346 13.858192987669302 0
    endloop
  endfacet
  facet normal 0 0 0
    outer loop
      vertex -8.276517730973223 12.386684130977631 -2.666666666666668
      vertex -10.534008959359376 10.534008959359378 -2.666666666666668
      vertex -10.606601717798211 10.606601717798213 0
    endloop
  endfacet
  facet normal 0 0 0
    outer loop
      vertex -8.276517730973223 12.386684130977631 -2.666666666666668
      vertex -10.606601717798211 10.606601717798213 0
      vertex -8.33355349529403 12.47204418453818 0
    endloop
  endfacet
  facet normal 0 0 0
    outer loop
      vertex -10.534008959359376 10.534008959359378 -2.666666666666668
      vertex -12.386684130977631 8.276517730973227 -2.666666666666668
      vertex -12.47204418453818 8.333553495294034 0
    endloop
  endfacet
  facet normal 0 0 0
    outer loop
      vertex -10.534008959359376 10.534008959359378 -2.666666666666668
      vertex -12.47204418453818 8.333553495294034 0
      vertex -10.606601717798211 10.606601717798213 0
    endloop
  endfacet
  facet normal 0 0 0
    outer loop
      vertex -12.386684130977631 8.276517730973227 -2.666666666666668
      vertex -13.7633459779749 5.700964567710395 -2.666666666666668
      vertex -13.858192987669302 5.740251485476349 0
    endloop
  endfacet
  facet normal 0 0 0
    outer loop
      vertex -12.386684130977631 8.276517730973227 -2.666666666666668
      vertex -13.858192987669302 5.740251485476349 0
      vertex -12.47204418453818 8.333553495294034 0
    endloop
  endfacet
  facet normal 0 0 0
    outer loop
      vertex -13.7633459779749 5.700964567710395 -2.666666666666668
      vertex -14.611090157611946 2.9063265332482175 -2.666666666666668
      vertex -14.711779206048456 2.9263548302419293 0
    endloop
  endfacet
  facet normal 0 0 0
    outer loop
      vertex -13.7633459779749 5.700964567710395 -2.666666666666668
      vertex -14.711779206048456 2.9263548302419293 0
      vertex -13.858192987669302 5.740251485476349 0
    endloop
  endfacet
  facet normal 0 0 0
    outer loop
      vertex -14.611090157611946 2.9063265332482175 -2.666666666666668
      vertex -14.897338336485724 1.8243977709592397e-15 -2.666666666666668
      vertex -15 1.83697019872103e-15 0
    endloop
  endfacet
  facet normal 0 0 0
    outer loop
      vertex -14.611090157611946 2.9063265332482175 -2.666666666666668
      vertex -15 1.83697019872103e-15 0
      vertex -14.711779206048456 2.9263548302419293 0
    endloop
  endfacet
  facet normal 0 0 0
    outer loop
      vertex -14.897338336485724 1.8243977709592397e-15 -2.666666666666668
      vertex -14.611090157611946 -2.906326533248214 -2.666666666666668
      vertex -14.711779206048456 -2.9263548302419253 0
    endloop
  endfacet
  facet normal 0 0 0
    outer loop
      vertex -14.897338336485724 1.8243977709592397e-15 -2.666666666666668
      vertex -14.711779206048456 -2.9263548302419253 0
      vertex -15 1.83697019872103e-15 0
    endloop
  endfacet
  facet normal 0 0 0
    outer loop
      vertex -14.611090157611946 -2.906326533248214 -2.666666666666668
      vertex -13.763345977974902 -5.7009645677103915 -2.666666666666668
      vertex -13.858192987669304 -5.740251485476344 0
    endloop
  endfacet
  facet normal 0 0 0
    outer loop
      vertex -14.611090157611946 -2.906326533248214 -2.666666666666668
      vertex -13.858192987669304 -5.740251485476344 0
      vertex -14.711779206048456 -2.9263548302419253 0
    endloop
  endfacet
  facet normal 0 0 0
    outer loop
      vertex -13.763345977974902 -5.7009645677103915 -2.666666666666668
      vertex -12.386684130977633 -8.276517730973223 -2.666666666666668
      vertex -12.472044184538182 -8.33355349529403 0
    endloop
  endfacet
  facet normal 0 0 0
    outer loop
      vertex -13.763345977974902 -5.7009645677103915 -2.666666666666668
      vertex -12.472044184538182 -8.33355349529403 0
      vertex -13.858192987669304 -5.740251485476344 0
    endloop
  endfacet
  facet normal 0 0 0
    outer loop
      vertex -12.386684130977633 -8.276517730973223 -2.666666666666668
      vertex -10.53400895935938 -10.534008959359376 -2.666666666666668
      vertex -10.606601717798215 -10.606601717798211 0
    endloop
  endfacet
  facet normal 0 0 0
    outer loop
      vertex -12.386684130977633 -8.276517730973223 -2.666666666666668
      vertex -10.606601717798215 -10.606601717798211 0
      vertex -12.472044184538182 -8.33355349529403 0
    endloop
  endfacet
  facet normal 0 0 0
    outer loop
      vertex -10.53400895935938 -10.534008959359376 -2.666666666666668
      vertex -8.276517730973227 -12.38668413097763 -2.666666666666668
      vertex -8.333553495294034 -12.472044184538179 0
    endloop
  endfacet
  facet normal 0 0 0
    outer loop
      vertex -10.53400895935938 -10.534008959359376 -2.666666666666668
      vertex -8.333553495294034 -12.472044184538179 0
      vertex -10.606601717798215 -10.606601717798211 0
    endloop
  endfacet
  facet normal 0 0 0
    outer loop
      vertex -8.276517730973227 -12.38668413097763 -2.666666666666668
      vertex -5.700964567710402 -13.763345977974897 -2.666666666666668
      vertex -5.740251485476355 -13.858192987669298 0
    endloop
  endfacet
  facet normal 0 0 0
    outer loop
      vertex -8.276517730973227 -12.38668413097763 -2.666666666666668
      vertex -5.740251485476355 -13.858192987669298 0
      vertex -8.333553495294034 -12.472044184538179 0
    endloop
  endfacet
  facet normal 0 0 0
    outer loop
      vertex -5.700964567710402 -13.763345977974897 -2.666666666666668
      vertex -2.9063265332482184 -14.611090157611944 -2.666666666666668
      vertex -2.9263548302419298 -14.711779206048455 0
    endloop
  endfacet
  facet normal 0 0 0
    outer loop
      vertex -5.700964567710402 -13.763345977974897 -2.666666666666668
      vertex -2.9263548302419298 -14.711779206048455 0
      vertex -5.740251485476355 -13.858192987669298 0
    endloop
  endfacet
  facet normal 0 0 0
    outer loop
      vertex -2.9063265332482184 -14.611090157611944 -2.666666666666668
      vertex -2.7365966564388596e-15 -14.897338336485724 -2.666666666666668
      vertex -2.7554552980815444e-15 -15 0
    endloop
  endfacet
  facet normal 0 0 0
    outer loop
      vertex -2.9063265332482184 -14.611090157611944 -2.666666666666668
      vertex -2.7554552980815444e-15 -15 0
      vertex -2.9263548302419298 -14.711779206048455 0
    endloop
  endfacet
  facet normal 0 0 0
    outer loop
      vertex -2.7365966564388596e-15 -14.897338336485724 -2.666666666666668
      vertex 2.906326533248213 -14.611090157611946 -2.666666666666668
      vertex 2.9263548302419244 -14.711779206048456 0
    endloop
  endfacet
  facet normal 0 0 0
    outer loop
      vertex -2.7365966564388596e-15 -14.897338336485724 -2.666666666666668
      vertex 2.9263548302419244 -14.711779206048456 0
      vertex -2.7554552980815444e-15 -15 0
    endloop
  endfacet
  facet normal 0 0 0
    outer loop
      vertex 2.906326533248213 -14.611090157611946 -2.666666666666668
      vertex 5.700964567710397 -13.763345977974899 -2.666666666666668
      vertex 5.7402514854763504 -13.8581929876693 0
    endloop
  endfacet
  facet normal 0 0 0
    outer loop
      vertex 2.906326533248213 -14.611090157611946 -2.666666666666668
      vertex 5.7402514854763504 -13.8581929876693 0
      vertex 2.9263548302419244 -14.711779206048456 0
    endloop
  endfacet
  facet normal 0 0 0
    outer loop
      vertex 5.700964567710397 -13.763345977974899 -2.666666666666668
      vertex 8.276517730973222 -12.386684130977633 -2.666666666666668
      vertex 8.333553495294028 -12.472044184538182 0
    endloop
  endfacet
  facet normal 0 0 0
    outer loop
      vertex 5.700964567710397 -13.763345977974899 -2.666666666666668
      vertex 8.333553495294028 -12.472044184538182 0
      vertex 5.7402514854763504 -13.8581929876693 0
    endloop
  endfacet
  facet normal 0 0 0
    outer loop
      vertex 8.276517730973222 -12.386684130977633 -2.666666666666668
      vertex 10.534008959359374 -10.53400895935938 -2.666666666666668
      vertex 10.60660171779821 -10.606601717798215 0
    endloop
  endfacet
  facet normal 0 0 0
    outer loop
      vertex 8.276517730973222 -12.386684130977633 -2.666666666666668
      vertex 10.60660171779821 -10.606601717798215 0
      vertex 8.333553495294028 -12.472044184538182 0
    endloop
  endfacet
  facet normal 0 0 0
    outer loop
      vertex 10.534008959359374 -10.53400895935938 -2.666666666666668
      vertex 12.38668413097763 -8.276517730973227 -2.666666666666668
      vertex 12.472044184538179 -8.333553495294034 0
    endloop
  endfacet
  facet normal 0 0 0
    outer loop
      vertex 10.534008959359374 -10.53400895935938 -2.666666666666668
      vertex 12.472044184538179 -8.333553495294034 0
      vertex 10.60660171779821 -10.606601717798215 0
    endloop
  endfacet
  facet normal 0 0 0
    outer loop
      vertex 12.38668413097763 -8.276517730973227 -2.666666666666668
      vertex 13.763345977974897 -5.700964567710403 -2.666666666666668
      vertex 13.858192987669298 -5.740251485476356 0
    endloop
  endfacet
  facet normal 0 0 0
    outer loop
      vertex 12.38668413097763 -8.276517730973227 -2.666666666666668
      vertex 13.858192987669298 -5.740251485476356 0
      vertex 12.472044184538179 -8.333553495294034 0
    endloop
  endfacet
  facet normal 0 0 0
    outer loop
      vertex 13.763345977974897 -5.700964567710403 -2.666666666666668
      vertex 14.611090157611944 -2.9063265332482193 -2.666666666666668
      vertex 14.711779206048455 -2.9263548302419307 0
    endloop
  endfacet
  facet normal 0 0 0
    outer loop
      vertex 13.763345977974897 -5.700964567710403 -2.666666666666668
      vertex 14.711779206048455 -2.9263548302419307 0
      vertex 13.858192987669298 -5.740251485476356 0
    endloop
  endfacet
  facet normal 0 0 0
    outer loop
      vertex 14.611090157611944 -2.9063265332482193 -2.666666666666668
      vertex 14.897338336485724 0 -2.666666666666668
      vertex 15 0 0
    endloop
  endfacet
  facet normal 0 0 0
    outer loop
      vertex 14.611090157611944 -2.9063265332482193 -2.666666666666668
      vertex 15 0 0
      vertex 14.711779206048455 -2.9263548302419307 0
    endloop
  endfacet
  facet normal 0 0 0
    outer loop
      vertex 15 0 0
      vertex 14.711779206048456 2.9263548302419236 0
      vertex 14.611090157611947 2.9063265332482127 2.6666666666666643
    endloop
  endfacet
  facet normal 0 0 0
    outer loop
      vertex 15 0 0
      vertex 14.611090157611947 2.9063265332482127 2.6666666666666643
      vertex 14.897338336485726 0 2.6666666666666643
    endloop
  endfacet
  facet normal 0 0 0
    outer loop
      vertex 14.711779206048456 2.9263548302419236 0
      vertex 13.858192987669302 5.740251485476347 0
      vertex 13.763345977974902 5.700964567710394 2.6666666666666643
    endloop
  endfacet
  facet normal 0 0 0
    outer loop
      vertex 14.711779206048456 2.9263548302419236 0
      vertex 13.763345977974902 5.700964567710394 2.6666666666666643
      vertex 14.611090157611947 2.9063265332482127 2.6666666666666643
    endloop
  endfacet
  facet normal 0 0 0
    outer loop
      vertex 13.858192987669302 5.740251485476347 0
      vertex 12.472044184538179 8.333553495294034 0
      vertex 12.386684130977631 8.276517730973227 2.6666666666666643
    endloop
  endfacet
  facet normal 0 0 0
    outer loop
      vertex 13.858192987669302 5.740251485476347 0
      vertex 12.386684130977631 8.276517730973227 2.6666666666666643
      vertex 13.763345977974902 5.700964567710394 2.6666666666666643
    endloop
  endfacet
  facet normal 0 0 0
    outer loop
      vertex 12.472044184538179 8.333553495294034 0
      vertex 10.606601717798213 10.606601717798211 0
      vertex 10.53400895935938 10.534008959359378 2.6666666666666643
    endloop
  endfacet
  facet normal 0 0 0
    outer loop
      vertex 12.472044184538179 8.333553495294034 0
      vertex 10.53400895935938 10.534008959359378 2.6666666666666643
      vertex 12.386684130977631 8.276517730973227 2.6666666666666643
    endloop
  endfacet
  facet normal 0 0 0
    outer loop
      vertex 10.606601717798213 10.606601717798211 0
      vertex 8.333553495294034 12.472044184538179 0
      vertex 8.276517730973229 12.386684130977631 2.6666666666666643
    endloop
  endfacet
  facet normal 0 0 0
    outer loop
      vertex 10.606601717798213 10.606601717798211 0
      vertex 8.276517730973229 12.386684130977631 2.6666666666666643
      vertex 10.53400895935938 10.534008959359378 2.6666666666666643
    endloop
  endfacet
  facet normal 0 0 0
    outer loop
      vertex 8.333553495294034 12.472044184538179 0
      vertex 5.740251485476348 13.858192987669302 0
      vertex 5.700964567710395 13.763345977974902 2.6666666666666643
    endloop
  endfacet
  facet normal 0 0 0
    outer loop
      vertex 8.333553495294034 12.472044184538179 0
      vertex 5.700964567710395 13.763345977974902 2.6666666666666643
      vertex 8.276517730973229 12.386684130977631 2.6666666666666643
    endloop
  endfacet
  facet normal 0 0 0
    outer loop
      vertex 5.740251485476348 13.858192987669302 0
      vertex 2.926354830241925 14.711779206048456 0
      vertex 2.906326533248214 14.611090157611947 2.6666666666666643
    endloop
  endfacet
  facet normal 0 0 0
    outer loop
      vertex 5.740251485476348 13.858192987669302 0
      vertex 2.906326533248214 14.611090157611947 2.6666666666666643
      vertex 5.700964567710395 13.763345977974902 2.6666666666666643
    endloop
  endfacet
  facet normal 0 0 0
    outer loop
      vertex 2.926354830241925 14.711779206048456 0
      vertex 9.18485099360515e-16 15 0
      vertex 9.1219888547962e-16 14.897338336485726 2.6666666666666643
    endloop
  endfacet
  facet normal 0 0 0
    outer loop
      vertex 2.926354830241925 14.711779206048456 0
      vertex 9.1219888547962e-16 14.897338336485726 2.6666666666666643
      vertex 2.906326533248214 14.611090157611947 2.6666666666666643
    endloop
  endfacet
  facet normal 0 0 0
    outer loop
      vertex 9.18485099360515e-16 15 0
      vertex -2.926354830241923 14.711779206048456 0
      vertex -2.9063265332482118 14.611090157611947 2.6666666666666643
    endloop
  endfacet
  facet normal 0 0 0
    outer loop
      vertex 9.18485099360515e-16 15 0
      vertex -2.9063265332482118 14.611090157611947 2.6666666666666643
      vertex 9.1219888547962e-16 14.897338336485726 2.6666666666666643
    endloop
  endfacet
  facet normal 0 0 0
    outer loop
      vertex -2.926354830241923 14.711779206048456 0
      vertex -5.740251485476346 13.858192987669302 0
      vertex -5.700964567710393 13.763345977974902 2.6666666666666643
    endloop
  endfacet
  facet normal 0 0 0
    outer loop
      vertex -2.926354830241923 14.711779206048456 0
      vertex -5.700964567710393 13.763345977974902 2.6666666666666643
      vertex -2.9063265332482118 14.611090157611947 2.6666666666666643
    endloop
  endfacet
  facet normal 0 0 0
    outer loop
      vertex -5.740251485476346 13.858192987669302 0
      vertex -8.33355349529403 12.47204418453818 0
      vertex -8.276517730973223 12.386684130977633 2.6666666666666643
    endloop
  endfacet
  facet normal 0 0 0
    outer loop
      vertex -5.740251485476346 13.858192987669302 0
      vertex -8.276517730973223 12.386684130977633 2.6666666666666643
      vertex -5.700964567710393 13.763345977974902 2.6666666666666643
    endloop
  endfacet
  facet normal 0 0 0
    outer loop
      vertex -8.33355349529403 12.47204418453818 0
      vertex -10.606601717798211 10.606601717798213 0
      vertex -10.534008959359378 10.53400895935938 2.6666666666666643
    endloop
  endfacet
  facet normal 0 0 0
    outer loop
      vertex -8.33355349529403 12.47204418453818 0
      vertex -10.534008959359378 10.53400895935938 2.6666666666666643
      vertex -8.276517730973223 12.386684130977633 2.6666666666666643
    endloop
  endfacet
  facet normal 0 0 0
    outer loop
      vertex -10.606601717798211 10.606601717798213 0
      vertex -12.47204418453818 8.333553495294034 0
      vertex -12.386684130977633 8.276517730973227 2.6666666666666643
    endloop
  endfacet
  facet normal 0 0 0
    outer loop
      vertex -10.606601717798211 10.606601717798213 0
      vertex -12.386684130977633 8.276517730973227 2.6666666666666643
      vertex -10.534008959359378 10.53400895935938 2.6666666666666643
    endloop
  endfacet
  facet normal 0 0 0
    outer loop
      vertex -12.47204418453818 8.333553495294034 0
      vertex -13.858192987669302 5.740251485476349 0
      vertex -13.763345977974902 5.700964567710396 2.6666666666666643
    endloop
  endfacet
  facet normal 0 0 0
    outer loop
      vertex -12.47204418453818 8.333553495294034 0
      vertex -13.763345977974902 5.700964567710396 2.6666666666666643
      vertex -12.386684130977633 8.276517730973227 2.6666666666666643
    endloop
  endfacet
  facet normal 0 0 0
    outer loop
      vertex -13.858192987669302 5.740251485476349 0
      vertex -14.711779206048456 2.9263548302419293 0
      vertex -14.611090157611947 2.906326533248218 2.6666666666666643
    endloop
  endfacet
  facet normal 0 0 0
    outer loop
      vertex -13.858192987669302 5.740251485476349 0
      vertex -14.611090157611947 2.906326533248218 2.6666666666666643
      vertex -13.763345977974902 5.700964567710396 2.6666666666666643
    endloop
  endfacet
  facet normal 0 0 0
    outer loop
      vertex -14.711779206048456 2.9263548302419293 0
      vertex -15 1.83697019872103e-15 0
      vertex -14.897338336485726 1.82439777095924e-15 2.6666666666666643
    endloop
  endfacet
  facet normal 0 0 0
    outer loop
      vertex -14.711779206048456 2.9263548302419293 0
      vertex -14.897338336485726 1.82439777095924e-15 2.6666666666666643
      vertex -14.611090157611947 2.906326533248218 2.6666666666666643
    endloop
  endfacet
  facet normal 0 0 0
    outer loop
      vertex -15 1.83697019872103e-15 0
      vertex -14.711779206048456 -2.9263548302419253 0
      vertex -14.611090157611947 -2.9063265332482144 2.6666666666666643
    endloop
  endfacet
  facet normal 0 0 0
    outer loop
      vertex -15 1.83697019872103e-15 0
      vertex -14.611090157611947 -2.9063265332482144 2.6666666666666643
      vertex -14.897338336485726 1.82439777095924e-15 2.6666666666666643
    endloop
  endfacet
  facet normal 0 0 0
    outer loop
      vertex -14.711779206048456 -2.9263548302419253 0
      vertex -13.858192987669304 -5.740251485476344 0
      vertex -13.763345977974904 -5.7009645677103915 2.6666666666666643
    endloop
  endfacet
  facet normal 0 0 0
    outer loop
      vertex -14.711779206048456 -2.9263548302419253 0
      vertex -13.763345977974904 -5.7009645677103915 2.6666666666666643
      vertex -14.611090157611947 -2.9063265332482144 2.6666666666666643
    endloop
  endfacet
  facet normal 0 0 0
    outer loop
      vertex -13.858192987669304 -5.740251485476344 0
      vertex -12.472044184538182 -8.33355349529403 0
      vertex -12.386684130977635 -8.276517730973223 2.6666666666666643
    endloop
  endfacet
  facet normal 0 0 0
    outer loop
      vertex -13.858192987669304 -5.740251485476344 0
      vertex -12.386684130977635 -8.276517730973223 2.6666666666666643
      vertex -13.763345977974904 -5.7009645677103915 2.6666666666666643
    endloop
  endfacet
  facet normal 0 0 0
    outer loop
      vertex -12.472044184538182 -8.33355349529403 0
      vertex -10.606601717798215 -10.606601717798211 0
      vertex -10.534008959359381 -10.534008959359378 2.6666666666666643
    endloop
  endfacet
  facet normal 0 0 0
    outer loop
      vertex -12.472044184538182 -8.33355349529403 0
      vertex -10.534008959359381 -10.534008959359378 2.6666666666666643
      vertex -12.386684130977635 -8.276517730973223 2.6666666666666643
    endloop
  endfacet
  facet normal 0 0 0
    outer loop
      vertex -10.606601717798215 -10.606601717798211 0
      vertex -8.333553495294034 -12.472044184538179 0
      vertex -8.276517730973227 -12.386684130977631 2.6666666666666643
    endloop
  endfacet
  facet normal 0 0 0
    outer loop
      vertex -10.606601717798215 -10.606601717798211 0
      vertex -8.276517730973227 -12.386684130977631 2.6666666666666643
      vertex -10.534008959359381 -10.534008959359378 2.6666666666666643
    endloop
  endfacet
  facet normal 0 0 0
    outer loop
      vertex -8.333553495294034 -12.472044184538179 0
      vertex -5.740251485476355 -13.858192987669298 0
      vertex -5.700964567710403 -13.763345977974899 2.6666666666666643
    endloop
  endfacet
  facet normal 0 0 0
    outer loop
      vertex -8.333553495294034 -12.472044184538179 0
      vertex -5.700964567710403 -13.763345977974899 2.6666666666666643
      vertex -8.276517730973227 -12.386684130977631 2.6666666666666643
    endloop
  endfacet
  facet normal 0 0 0
    outer loop
      vertex -5.740251485476355 -13.858192987669298 0
      vertex -2.9263548302419298 -14.711779206048455 0
      vertex -2.906326533248219 -14.611090157611946 2.6666666666666643
    endloop
  endfacet
  facet normal 0 0 0
    outer loop
      vertex -5.740251485476355 -13.858192987669298 0
      vertex -2.906326533248219 -14.611090157611946 2.6666666666666643
      vertex -5.700964567710403 -13.763345977974899 2.6666666666666643
    endloop
  endfacet
  facet normal 0 0 0
    outer loop
      vertex -2.9263548302419298 -14.711779206048455 0
      vertex -2.7554552980815444e-15 -15 0
      vertex -2.73659665643886e-15 -14.897338336485726 2.6666666666666643
    endloop
  endfacet
  facet normal 0 0 0
    outer loop
      vertex -2.9263548302419298 -14.711779206048455 0
      vertex -2.73659665643886e-15 -14.897338336485726 2.6666666666666643
      vertex -2.906326533248219 -14.611090157611946 2.6666666666666643
    endloop
  endfacet
  facet normal 0 0 0
    outer loop
      vertex -2.7554552980815444e-15 -15 0
      vertex 2.9263548302419244 -14.711779206048456 0
      vertex 2.9063265332482136 -14.611090157611947 2.6666666666666643
    endloop
  endfacet
  facet normal 0 0 0
    outer loop
      vertex -2.7554552980815444e-15 -15 0
      vertex 2.9063265332482136 -14.611090157611947 2.6666666666666643
      vertex -2.73659665643886e-15 -14.897338336485726 2.6666666666666643
    endloop
  endfacet
  facet normal 0 0 0
    outer loop
      vertex 2.9263548302419244 -14.711779206048456 0
      vertex 5.7402514854763504 -13.8581929876693 0
      vertex 5.700964567710398 -13.7633459779749 2.6666666666666643
    endloop
  endfacet
  facet normal 0 0 0
    outer loop
      vertex 2.9263548302419244 -14.711779206048456 0
      vertex 5.700964567710398 -13.7633459779749 2.6666666666666643
      vertex 2.9063265332482136 -14.611090157611947 2.6666666666666643
    endloop
  endfacet
  facet normal 0 0 0
    outer loop
      vertex 5.7402514854763504 -13.8581929876693 0
      vertex 8.333553495294028 -12.472044184538182 0
      vertex 8.276517730973222 -12.386684130977635 2.6666666666666643
    endloop
  endfacet
  facet normal 0 0 0
    outer loop
      vertex 5.7402514854763504 -13.8581929876693 0
      vertex 8.276517730973222 -12.386684130977635 2.6666666666666643
      vertex 5.700964567710398 -13.7633459779749 2.6666666666666643
    endloop
  endfacet
  facet normal 0 0 0
    outer loop
      vertex 8.333553495294028 -12.472044184538182 0
      vertex 10.60660171779821 -10.606601717798215 0
      vertex 10.534008959359376 -10.534008959359381 2.6666666666666643
    endloop
  endfacet
  facet normal 0 0 0
    outer loop
      vertex 8.333553495294028 -12.472044184538182 0
      vertex 10.534008959359376 -10.534008959359381 2.6666666666666643
      vertex 8.276517730973222 -12.386684130977635 2.6666666666666643
    endloop
  endfacet
  facet normal 0 0 0
    outer loop
      vertex 10.60660171779821 -10.606601717798215 0
      vertex 12.472044184538179 -8.333553495294034 0
      vertex 12.386684130977631 -8.276517730973227 2.6666666666666643
    endloop
  endfacet
  facet normal 0 0 0
    outer loop
      vertex 10.60660171779821 -10.606601717798215 0
      vertex 12.386684130977631 -8.276517730973227 2.6666666666666643
      vertex 10.534008959359376 -10.534008959359381 2.6666666666666643
    endloop
  endfacet
  facet normal 0 0 0
    outer loop
      vertex 12.472044184538179 -8.333553495294034 0
      vertex 13.858192987669298 -5.740251485476356 0
      vertex 13.763345977974899 -5.700964567710404 2.6666666666666643
    endloop
  endfacet
  facet normal 0 0 0
    outer loop
      vertex 12.472044184538179 -8.333553495294034 0
      vertex 13.763345977974899 -5.700964567710404 2.6666666666666643
      vertex 12.386684130977631 -8.276517730973227 2.6666666666666643
    endloop
  endfacet
  facet normal 0 0 0
    outer loop
      vertex 13.858192987669298 -5.740251485476356 0
      vertex 14.711779206048455 -2.9263548302419307 0
      vertex 14.611090157611946 -2.9063265332482198 2.6666666666666643
    endloop
  endfacet
  facet normal 0 0 0
    outer loop
      vertex 13.858192987669298 -5.740251485476356 0
      vertex 14.611090157611946 -2.9063265332482198 2.6666666666666643
      vertex 13.763345977974899 -5.700964567710404 2.6666666666666643
    endloop
  endfacet
  facet normal 0 0 0
    outer loop
      vertex 14.711779206048455 -2.9263548302419307 0
      vertex 15 0 0
      vertex 14.897338336485726 0 2.6666666666666643
    endloop
  endfacet
  facet normal 0 0 0
    outer loop
      vertex 14.711779206048455 -2.9263548302419307 0
      vertex 14.897338336485726 0 2.6666666666666643
      vertex 14.611090157611946 -2.9063265332482198 2.6666666666666643
    endloop
  endfacet
  facet normal 0 0 0
    outer loop
      vertex 14.897338336485726 0 2.6666666666666643
      vertex 14.611090157611947 2.9063265332482127 2.6666666666666643
      vertex 14.310745829837442 2.846584331981534 5.333333333333336
    endloop
  endfacet
  facet normal 0 0 0
    outer loop
      vertex 14.897338336485726 0 2.6666666666666643
      vertex 14.310745829837442 2.846584331981534 5.333333333333336
      vertex 14.59110991546882 0 5.333333333333336
    endloop
  endfacet
  facet normal 0 0 0
    outer loop
      vertex 14.611090157611947 2.9063265332482127 2.6666666666666643
      vertex 13.763345977974902 5.700964567710394 2.6666666666666643
      vertex 13.480427807524133 5.5837760244679036 5.333333333333336
    endloop
  endfacet
  facet normal 0 0 0
    outer loop
      vertex 14.611090157611947 2.9063265332482127 2.6666666666666643
      vertex 13.480427807524133 5.5837760244679036 5.333333333333336
      vertex 14.310745829837442 2.846584331981534 5.333333333333336
    endloop
  endfacet
  facet normal 0 0 0
    outer loop
      vertex 13.763345977974902 5.700964567710394 2.6666666666666643
      vertex 12.386684130977631 8.276517730973227 2.6666666666666643
      vertex 12.132064504478684 8.10638633575164 5.333333333333336
    endloop
  endfacet
  facet normal 0 0 0
    outer loop
      vertex 13.763345977974902 5.700964567710394 2.6666666666666643
      vertex 12.132064504478684 8.10638633575164 5.333333333333336
      vertex 13.480427807524133 5.5837760244679036 5.333333333333336
    endloop
  endfacet
  facet normal 0 0 0
    outer loop
      vertex 12.386684130977631 8.276517730973227 2.6666666666666643
      vertex 10.53400895935938 10.534008959359378 2.6666666666666643
      vertex 10.317472766266276 10.317472766266274 5.333333333333336
    endloop
  endfacet
  facet normal 0 0 0
    outer loop
      vertex 12.386684130977631 8.276517730973227 2.6666666666666643
      vertex 10.317472766266276 10.317472766266274 5.333333333333336
      vertex 12.132064504478684 8.10638633575164 5.333333333333336
    endloop
  endfacet
  facet normal 0 0 0
    outer loop
      vertex 10.53400895935938 10.534008959359378 2.6666666666666643
      vertex 8.276517730973229 12.386684130977631 2.6666666666666643
      vertex 8.106386335751642 12.132064504478684 5.333333333333336
    endloop
  endfacet
  facet normal 0 0 0
    outer loop
      vertex 10.53400895935938 10.534008959359378 2.6666666666666643
      vertex 8.106386335751642 12.132064504478684 5.333333333333336
      vertex 10.317472766266276 10.317472766266274 5.333333333333336
    endloop
  endfacet
  facet normal 0 0 0
    outer loop
      vertex 8.276517730973229 12.386684130977631 2.6666666666666643
      vertex 5.700964567710395 13.763345977974902 2.6666666666666643
      vertex 5.5837760244679036 13.480427807524133 5.333333333333336
    endloop
  endfacet
  facet normal 0 0 0
    outer loop
      vertex 8.276517730973229 12.386684130977631 2.6666666666666643
      vertex 5.5837760244679036 13.480427807524133 5.333333333333336
      vertex 8.106386335751642 12.132064504478684 5.333333333333336
    endloop
  endfacet
  facet normal 0 0 0
    outer loop
      vertex 5.700964567710395 13.763345977974902 2.6666666666666643
      vertex 2.906326533248214 14.611090157611947 2.6666666666666643
      vertex 2.846584331981535 14.310745829837442 5.333333333333336
    endloop
  endfacet
  facet normal 0 0 0
    outer loop
      vertex 5.700964567710395 13.763345977974902 2.6666666666666643
      vertex 2.846584331981535 14.310745829837442 5.333333333333336
      vertex 5.5837760244679036 13.480427807524133 5.333333333333336
    endloop
  endfacet
  facet normal 0 0 0
    outer loop
      vertex 2.906326533248214 14.611090157611947 2.6666666666666643
      vertex 9.1219888547962e-16 14.897338336485726 2.6666666666666643
      vertex 8.934478026993049e-16 14.59110991546882 5.333333333333336
    endloop
  endfacet
  facet normal 0 0 0
    outer loop
      vertex 2.906326533248214 14.611090157611947 2.6666666666666643
      vertex 8.934478026993049e-16 14.59110991546882 5.333333333333336
      vertex 2.846584331981535 14.310745829837442 5.333333333333336
    endloop
  endfacet
  facet normal 0 0 0
    outer loop
      vertex 9.1219888547962e-16 14.897338336485726 2.6666666666666643
      vertex -2.9063265332482118 14.611090157611947 2.6666666666666643
      vertex -2.846584331981533 14.310745829837442 5.333333333333336
    endloop
  endfacet
  facet normal 0 0 0
    outer loop
      vertex 9.1219888547962e-16 14.897338336485726 2.6666666666666643
      vertex -2.846584331981533 14.310745829837442 5.333333333333336
      vertex 8.934478026993049e-16 14.59110991546882 5.333333333333336
    endloop
  endfacet
  facet normal 0 0 0
    outer loop
      vertex -2.9063265332482118 14.611090157611947 2.6666666666666643
      vertex -5.700964567710393 13.763345977974902 2.6666666666666643
      vertex -5.583776024467903 13.480427807524133 5.333333333333336
    endloop
  endfacet
  facet normal 0 0 0
    outer loop
      vertex -2.9063265332482118 14.611090157611947 2.6666666666666643
      vertex -5.583776024467903 13.480427807524133 5.333333333333336
      vertex -2.846584331981533 14.310745829837442 5.333333333333336
    endloop
  endfacet
  facet normal 0 0 0
    outer loop
      vertex -5.700964567710393 13.763345977974902 2.6666666666666643
      vertex -8.276517730973223 12.386684130977633 2.6666666666666643
      vertex -8.106386335751637 12.132064504478684 5.333333333333336
    endloop
  endfacet
  facet normal 0 0 0
    outer loop
      vertex -5.700964567710393 13.763345977974902 2.6666666666666643
      vertex -8.106386335751637 12.132064504478684 5.333333333333336
      vertex -5.583776024467903 13.480427807524133 5.333333333333336
    endloop
  endfacet
  facet normal 0 0 0
    outer loop
      vertex -8.276517730973223 12.386684130977633 2.6666666666666643
      vertex -10.534008959359378 10.53400895935938 2.6666666666666643
      vertex -10.317472766266274 10.317472766266276 5.333333333333336
    endloop
  endfacet
  facet normal 0 0 0
    outer loop
      vertex -8.276517730973223 12.386684130977633 2.6666666666666643
      vertex -10.317472766266274 10.317472766266276 5.333333333333336
      vertex -8.106386335751637 12.132064504478684 5.333333333333336
    endloop
  endfacet
  facet normal 0 0 0
    outer loop
      vertex -10.534008959359378 10.53400895935938 2.6666666666666643
      vertex -12.386684130977633 8.276517730973227 2.6666666666666643
      vertex -12.132064504478684 8.10638633575164 5.333333333333336
    endloop
  endfacet
  facet normal 0 0 0
    outer loop
      vertex -10.534008959359378 10.53400895935938 2.6666666666666643
      vertex -12.132064504478684 8.10638633575164 5.333333333333336
      vertex -10.317472766266274 10.317472766266276 5.333333333333336
    endloop
  endfacet
  facet normal 0 0 0
    outer loop
      vertex -12.386684130977633 8.276517730973227 2.6666666666666643
      vertex -13.763345977974902 5.700964567710396 2.6666666666666643
      vertex -13.480427807524133 5.583776024467904 5.333333333333336
    endloop
  endfacet
  facet normal 0 0 0
    outer loop
      vertex -12.386684130977633 8.276517730973227 2.6666666666666643
      vertex -13.480427807524133 5.583776024467904 5.333333333333336
      vertex -12.132064504478684 8.10638633575164 5.333333333333336
    endloop
  endfacet
  facet normal 0 0 0
    outer loop
      vertex -13.763345977974902 5.700964567710396 2.6666666666666643
      vertex -14.611090157611947 2.906326533248218 2.6666666666666643
      vertex -14.310745829837442 2.846584331981539 5.333333333333336
    endloop
  endfacet
  facet normal 0 0 0
    outer loop
      vertex -13.763345977974902 5.700964567710396 2.6666666666666643
      vertex -14.310745829837442 2.846584331981539 5.333333333333336
      vertex -13.480427807524133 5.583776024467904 5.333333333333336
    endloop
  endfacet
  facet normal 0 0 0
    outer loop
      vertex -14.611090157611947 2.906326533248218 2.6666666666666643
      vertex -14.897338336485726 1.82439777095924e-15 2.6666666666666643
      vertex -14.59110991546882 1.7868956053986097e-15 5.333333333333336
    endloop
  endfacet
  facet normal 0 0 0
    outer loop
      vertex -14.611090157611947 2.906326533248218 2.6666666666666643
      vertex -14.59110991546882 1.7868956053986097e-15 5.333333333333336
      vertex -14.310745829837442 2.846584331981539 5.333333333333336
    endloop
  endfacet
  facet normal 0 0 0
    outer loop
      vertex -14.897338336485726 1.82439777095924e-15 2.6666666666666643
      vertex -14.611090157611947 -2.9063265332482144 2.6666666666666643
      vertex -14.310745829837442 -2.8465843319815356 5.333333333333336
    endloop
  endfacet
  facet normal 0 0 0
    outer loop
      vertex -14.897338336485726 1.82439777095924e-15 2.6666666666666643
      vertex -14.310745829837442 -2.8465843319815356 5.333333333333336
      vertex -14.59110991546882 1.7868956053986097e-15 5.333333333333336
    endloop
  endfacet
  facet normal 0 0 0
    outer loop
      vertex -14.611090157611947 -2.9063265332482144 2.6666666666666643
      vertex -13.763345977974904 -5.7009645677103915 2.6666666666666643
      vertex -13.480427807524135 -5.583776024467901 5.333333333333336
    endloop
  endfacet
  facet normal 0 0 0
    outer loop
      vertex -14.611090157611947 -2.9063265332482144 2.6666666666666643
      vertex -13.480427807524135 -5.583776024467901 5.333333333333336
      vertex -14.310745829837442 -2.8465843319815356 5.333333333333336
    endloop
  endfacet
  facet normal 0 0 0
    outer loop
      vertex -13.763345977974904 -5.7009645677103915 2.6666666666666643
      vertex -12.386684130977635 -8.276517730973223 2.6666666666666643
      vertex -12.132064504478686 -8.106386335751637 5.333333333333336
    endloop
  endfacet
  facet normal 0 0 0
    outer loop
      vertex -13.763345977974904 -5.7009645677103915 2.6666666666666643
      vertex -12.132064504478686 -8.106386335751637 5.333333333333336
      vertex -13.480427807524135 -5.583776024467901 5.333333333333336
    endloop
  endfacet
  facet normal 0 0 0
    outer loop
      vertex -12.386684130977635 -8.276517730973223 2.6666666666666643
      vertex -10.534008959359381 -10.534008959359378 2.6666666666666643
      vertex -10.317472766266278 -10.317472766266274 5.333333333333336
    endloop
  endfacet
  facet normal 0 0 0
    outer loop
      vertex -12.386684130977635 -8.276517730973223 2.6666666666666643
      vertex -10.317472766266278 -10.317472766266274 5.333333333333336
      vertex -12.132064504478686 -8.106386335751637 5.333333333333336
    endloop
  endfacet
  facet normal 0 0 0
    outer loop
      vertex -10.534008959359381 -10.534008959359378 2.6666666666666643
      vertex -8.276517730973227 -12.386684130977631 2.6666666666666643
      vertex -8.10638633575164 -12.132064504478684 5.333333333333336
    endloop
  endfacet
  facet normal 0 0 0
    outer loop
      vertex -10.534008959359381 -10.534008959359378 2.6666666666666643
      vertex -8.10638633575164 -12.132064504478684 5.333333333333336
      vertex -10.317472766266278 -10.317472766266274 5.333333333333336
    endloop
  endfacet
  facet normal 0 0 0
    outer loop
      vertex -8.276517730973227 -12.386684130977631 2.6666666666666643
      vertex -5.700964567710403 -13.763345977974899 2.6666666666666643
      vertex -5.5837760244679115 -13.480427807524132 5.333333333333336
    endloop
  endfacet
  facet normal 0 0 0
    outer loop
      vertex -8.276517730973227 -12.386684130977631 2.6666666666666643
      vertex -5.5837760244679115 -13.480427807524132 5.333333333333336
      vertex -8.10638633575164 -12.132064504478684 5.333333333333336
    endloop
  endfacet
  facet normal 0 0 0
    outer loop
      vertex -5.700964567710403 -13.763345977974899 2.6666666666666643
      vertex -2.906326533248219 -14.611090157611946 2.6666666666666643
      vertex -2.84658433198154 -14.31074582983744 5.333333333333336
    endloop
  endfacet
  facet normal 0 0 0
    outer loop
      vertex -5.700964567710403 -13.763345977974899 2.6666666666666643
      vertex -2.84658433198154 -14.31074582983744 5.333333333333336
      vertex -5.5837760244679115 -13.480427807524132 5.333333333333336
    endloop
  endfacet
  facet normal 0 0 0
    outer loop
      vertex -2.906326533248219 -14.611090157611946 2.6666666666666643
      vertex -2.73659665643886e-15 -14.897338336485726 2.6666666666666643
      vertex -2.6803434080979146e-15 -14.59110991546882 5.333333333333336
    endloop
  endfacet
  facet normal 0 0 0
    outer loop
      vertex -2.906326533248219 -14.611090157611946 2.6666666666666643
      vertex -2.6803434080979146e-15 -14.59110991546882 5.333333333333336
      vertex -2.84658433198154 -14.31074582983744 5.333333333333336
    endloop
  endfacet
  facet normal 0 0 0
    outer loop
      vertex -2.73659665643886e-15 -14.897338336485726 2.6666666666666643
      vertex 2.9063265332482136 -14.611090157611947 2.6666666666666643
      vertex 2.8465843319815347 -14.310745829837442 5.333333333333336
    endloop
  endfacet
  facet normal 0 0 0
    outer loop
      vertex -2.73659665643886e-15 -14.897338336485726 2.6666666666666643
      vertex 2.8465843319815347 -14.310745829837442 5.333333333333336
      vertex -2.6803434080979146e-15 -14.59110991546882 5.333333333333336
    endloop
  endfacet
  facet normal 0 0 0
    outer loop
      vertex 2.9063265332482136 -14.611090157611947 2.6666666666666643
      vertex 5.700964567710398 -13.7633459779749 2.6666666666666643
      vertex 5.583776024467906 -13.480427807524132 5.333333333333336
    endloop
  endfacet
  facet normal 0 0 0
    outer loop
      vertex 2.9063265332482136 -14.611090157611947 2.6666666666666643
      vertex 5.583776024467906 -13.480427807524132 5.333333333333336
      vertex 2.8465843319815347 -14.310745829837442 5.333333333333336
    endloop
  endfacet
  facet normal 0 0 0
    outer loop
      vertex 5.700964567710398 -13.7633459779749 2.6666666666666643
      vertex 8.276517730973222 -12.386684130977635 2.6666666666666643
      vertex 8.106386335751635 -12.132064504478686 5.333333333333336
    endloop
  endfacet
  facet normal 0 0 0
    outer loop
      vertex 5.700964567710398 -13.7633459779749 2.6666666666666643
      vertex 8.106386335751635 -12.132064504478686 5.333333333333336
      vertex 5.583776024467906 -13.480427807524132 5.333333333333336
    endloop
  endfacet
  facet normal 0 0 0
    outer loop
      vertex 8.276517730973222 -12.386684130977635 2.6666666666666643
      vertex 10.534008959359376 -10.534008959359381 2.6666666666666643
      vertex 10.317472766266272 -10.317472766266278 5.333333333333336
    endloop
  endfacet
  facet normal 0 0 0
    outer loop
      vertex 8.276517730973222 -12.386684130977635 2.6666666666666643
      vertex 10.317472766266272 -10.317472766266278 5.333333333333336
      vertex 8.106386335751635 -12.132064504478686 5.333333333333336
    endloop
  endfacet
  facet normal 0 0 0
    outer loop
      vertex 10.534008959359376 -10.534008959359381 2.6666666666666643
      vertex 12.386684130977631 -8.276517730973227 2.6666666666666643
      vertex 12.132064504478684 -8.10638633575164 5.333333333333336
    endloop
  endfacet
  facet normal 0 0 0
    outer loop
      vertex 10.534008959359376 -10.534008959359381 2.6666666666666643
      vertex 12.132064504478684 -8.10638633575164 5.333333333333336
      vertex 10.317472766266272 -10.317472766266278 5.333333333333336
    endloop
  endfacet
  facet normal 0 0 0
    outer loop
      vertex 12.386684130977631 -8.276517730973227 2.6666666666666643
      vertex 13.763345977974899 -5.700964567710404 2.6666666666666643
      vertex 13.480427807524132 -5.583776024467912 5.333333333333336
    endloop
  endfacet
  facet normal 0 0 0
    outer loop
      vertex 12.386684130977631 -8.276517730973227 2.6666666666666643
      vertex 13.480427807524132 -5.583776024467912 5.333333333333336
      vertex 12.132064504478684 -8.10638633575164 5.333333333333336
    endloop
  endfacet
  facet normal 0 0 0
    outer loop
      vertex 13.763345977974899 -5.700964567710404 2.6666666666666643
      vertex 14.611090157611946 -2.9063265332482198 2.6666666666666643
      vertex 14.31074582983744 -2.846584331981541 5.333333333333336
    endloop
  endfacet
  facet normal 0 0 0
    outer loop
      vertex 13.763345977974899 -5.700964567710404 2.6666666666666643
      vertex 14.31074582983744 -2.846584331981541 5.333333333333336
      vertex 13.480427807524132 -5.583776024467912 5.333333333333336
    endloop
  endfacet
  facet normal 0 0 0
    outer loop
      vertex 14.611090157611946 -2.9063265332482198 2.6666666666666643
      vertex 14.897338336485726 0 2.6666666666666643
      vertex 14.59110991546882 0 5.333333333333336
    endloop
  endfacet
  facet normal 0 0 0
    outer loop
      vertex 14.611090157611946 -2.9063265332482198 2.6666666666666643
      vertex 14.59110991546882 0 5.333333333333336
      vertex 14.31074582983744 -2.846584331981541 5.333333333333336
    endloop
  endfacet
  facet normal 0 0 0
    outer loop
      vertex 14.59110991546882 0 5.333333333333336
      vertex 14.310745829837442 2.846584331981534 5.333333333333336
      vertex 13.815885197444343 2.7481504320692283 8
    endloop
  endfacet
  facet normal 0 0 0
    outer loop
      vertex 14.59110991546882 0 5.333333333333336
      vertex 13.815885197444343 2.7481504320692283 8
      vertex 14.08655439013544 0 8
    endloop
  endfacet
  facet normal 0 0 0
    outer loop
      vertex 14.310745829837442 2.846584331981534 5.333333333333336
      vertex 13.480427807524133 5.5837760244679036 5.333333333333336
      vertex 13.014279284653144 5.3906909842145545 8
    endloop
  endfacet
  facet normal 0 0 0
    outer loop
      vertex 14.310745829837442 2.846584331981534 5.333333333333336
      vertex 13.014279284653144 5.3906909842145545 8
      vertex 13.815885197444343 2.7481504320692283 8
    endloop
  endfacet
  facet normal 0 0 0
    outer loop
      vertex 13.480427807524133 5.5837760244679036 5.333333333333336
      vertex 12.132064504478684 8.10638633575164 5.333333333333336
      vertex 11.71254191744463 7.826070304970846 8
    endloop
  endfacet
  facet normal 0 0 0
    outer loop
      vertex 13.480427807524133 5.5837760244679036 5.333333333333336
      vertex 11.71254191744463 7.826070304970846 8
      vertex 13.014279284653144 5.3906909842145545 8
    endloop
  endfacet
  facet normal 0 0 0
    outer loop
      vertex 12.132064504478684 8.10638633575164 5.333333333333336
      vertex 10.317472766266276 10.317472766266274 5.333333333333336
      vertex 9.960698132817901 9.9606981328179 8
    endloop
  endfacet
  facet normal 0 0 0
    outer loop
      vertex 12.132064504478684 8.10638633575164 5.333333333333336
      vertex 9.960698132817901 9.9606981328179 8
      vertex 11.71254191744463 7.826070304970846 8
    endloop
  endfacet
  facet normal 0 0 0
    outer loop
      vertex 10.317472766266276 10.317472766266274 5.333333333333336
      vertex 8.106386335751642 12.132064504478684 5.333333333333336
      vertex 7.826070304970848 11.71254191744463 8
    endloop
  endfacet
  facet normal 0 0 0
    outer loop
      vertex 10.317472766266276 10.317472766266274 5.333333333333336
      vertex 7.826070304970848 11.71254191744463 8
      vertex 9.960698132817901 9.9606981328179 8
    endloop
  endfacet
  facet normal 0 0 0
    outer loop
      vertex 8.106386335751642 12.132064504478684 5.333333333333336
      vertex 5.5837760244679036 13.480427807524133 5.333333333333336
      vertex 5.390690984214555 13.014279284653144 8
    endloop
  endfacet
  facet normal 0 0 0
    outer loop
      vertex 8.106386335751642 12.132064504478684 5.333333333333336
      vertex 5.390690984214555 13.014279284653144 8
      vertex 7.826070304970848 11.71254191744463 8
    endloop
  endfacet
  facet normal 0 0 0
    outer loop
      vertex 5.5837760244679036 13.480427807524133 5.333333333333336
      vertex 2.846584331981535 14.310745829837442 5.333333333333336
      vertex 2.748150432069229 13.815885197444343 8
    endloop
  endfacet
  facet normal 0 0 0
    outer loop
      vertex 5.5837760244679036 13.480427807524133 5.333333333333336
      vertex 2.748150432069229 13.815885197444343 8
      vertex 5.390690984214555 13.014279284653144 8
    endloop
  endfacet
  facet normal 0 0 0
    outer loop
      vertex 2.846584331981535 14.310745829837442 5.333333333333336
      vertex 8.934478026993049e-16 14.59110991546882 5.333333333333336
      vertex 8.625526872447231e-16 14.08655439013544 8
    endloop
  endfacet
  facet normal 0 0 0
    outer loop
      vertex 2.846584331981535 14.310745829837442 5.333333333333336
      vertex 8.625526872447231e-16 14.08655439013544 8
      vertex 2.748150432069229 13.815885197444343 8
    endloop
  endfacet
  facet normal 0 0 0
    outer loop
      vertex 8.934478026993049e-16 14.59110991546882 5.333333333333336
      vertex -2.846584331981533 14.310745829837442 5.333333333333336
      vertex -2.7481504320692274 13.815885197444343 8
    endloop
  endfacet
  facet normal 0 0 0
    outer loop
      vertex 8.934478026993049e-16 14.59110991546882 5.333333333333336
      vertex -2.7481504320692274 13.815885197444343 8
      vertex 8.625526872447231e-16 14.08655439013544 8
    endloop
  endfacet
  facet normal 0 0 0
    outer loop
      vertex -2.846584331981533 14.310745829837442 5.333333333333336
      vertex -5.583776024467903 13.480427807524133 5.333333333333336
      vertex -5.390690984214554 13.014279284653144 8
    endloop
  endfacet
  facet normal 0 0 0
    outer loop
      vertex -2.846584331981533 14.310745829837442 5.333333333333336
      vertex -5.390690984214554 13.014279284653144 8
      vertex -2.7481504320692274 13.815885197444343 8
    endloop
  endfacet
  facet normal 0 0 0
    outer loop
      vertex -5.583776024467903 13.480427807524133 5.333333333333336
      vertex -8.106386335751637 12.132064504478684 5.333333333333336
      vertex -7.826070304970843 11.712541917444632 8
    endloop
  endfacet
  facet normal 0 0 0
    outer loop
      vertex -5.583776024467903 13.480427807524133 5.333333333333336
      vertex -7.826070304970843 11.712541917444632 8
      vertex -5.390690984214554 13.014279284653144 8
    endloop
  endfacet
  facet normal 0 0 0
    outer loop
      vertex -8.106386335751637 12.132064504478684 5.333333333333336
      vertex -10.317472766266274 10.317472766266276 5.333333333333336
      vertex -9.9606981328179 9.960698132817901 8
    endloop
  endfacet
  facet normal 0 0 0
    outer loop
      vertex -8.106386335751637 12.132064504478684 5.333333333333336
      vertex -9.9606981328179 9.960698132817901 8
      vertex -7.826070304970843 11.712541917444632 8
    endloop
  endfacet
  facet normal 0 0 0
    outer loop
      vertex -10.317472766266274 10.317472766266276 5.333333333333336
      vertex -12.132064504478684 8.10638633575164 5.333333333333336
      vertex -11.712541917444632 7.826070304970846 8
    endloop
  endfacet
  facet normal 0 0 0
    outer loop
      vertex -10.317472766266274 10.317472766266276 5.333333333333336
      vertex -11.712541917444632 7.826070304970846 8
      vertex -9.9606981328179 9.960698132817901 8
    endloop
  endfacet
  facet normal 0 0 0
    outer loop
      vertex -12.132064504478684 8.10638633575164 5.333333333333336
      vertex -13.480427807524133 5.583776024467904 5.333333333333336
      vertex -13.014279284653144 5.390690984214555 8
    endloop
  endfacet
  facet normal 0 0 0
    outer loop
      vertex -12.132064504478684 8.10638633575164 5.333333333333336
      vertex -13.014279284653144 5.390690984214555 8
      vertex -11.712541917444632 7.826070304970846 8
    endloop
  endfacet
  facet normal 0 0 0
    outer loop
      vertex -13.480427807524133 5.583776024467904 5.333333333333336
      vertex -14.310745829837442 2.846584331981539 5.333333333333336
      vertex -13.815885197444343 2.748150432069233 8
    endloop
  endfacet
  facet normal 0 0 0
    outer loop
      vertex -13.480427807524133 5.583776024467904 5.333333333333336
      vertex -13.815885197444343 2.748150432069233 8
      vertex -13.014279284653144 5.390690984214555 8
    endloop
  endfacet
  facet normal 0 0 0
    outer loop
      vertex -14.310745829837442 2.846584331981539 5.333333333333336
      vertex -14.59110991546882 1.7868956053986097e-15 5.333333333333336
      vertex -14.08655439013544 1.7251053744894463e-15 8
    endloop
  endfacet
  facet normal 0 0 0
    outer loop
      vertex -14.310745829837442 2.846584331981539 5.333333333333336
      vertex -14.08655439013544 1.7251053744894463e-15 8
      vertex -13.815885197444343 2.748150432069233 8
    endloop
  endfacet
  facet normal 0 0 0
    outer loop
      vertex -14.59110991546882 1.7868956053986097e-15 5.333333333333336
      vertex -14.310745829837442 -2.8465843319815356 5.333333333333336
      vertex -13.815885197444343 -2.7481504320692296 8
    endloop
  endfacet
  facet normal 0 0 0
    outer loop
      vertex -14.59110991546882 1.7868956053986097e-15 5.333333333333336
      vertex -13.815885197444343 -2.7481504320692296 8
      vertex -14.08655439013544 1.7251053744894463e-15 8
    endloop
  endfacet
  facet normal 0 0 0
    outer loop
      vertex -14.310745829837442 -2.8465843319815356 5.333333333333336
      vertex -13.480427807524135 -5.583776024467901 5.333333333333336
      vertex -13.014279284653146 -5.390690984214552 8
    endloop
  endfacet
  facet normal 0 0 0
    outer loop
      vertex -14.310745829837442 -2.8465843319815356 5.333333333333336
      vertex -13.014279284653146 -5.390690984214552 8
      vertex -13.815885197444343 -2.7481504320692296 8
    endloop
  endfacet
  facet normal 0 0 0
    outer loop
      vertex -13.480427807524135 -5.583776024467901 5.333333333333336
      vertex -12.132064504478686 -8.106386335751637 5.333333333333336
      vertex -11.712541917444634 -7.826070304970843 8
    endloop
  endfacet
  facet normal 0 0 0
    outer loop
      vertex -13.480427807524135 -5.583776024467901 5.333333333333336
      vertex -11.712541917444634 -7.826070304970843 8
      vertex -13.014279284653146 -5.390690984214552 8
    endloop
  endfacet
  facet normal 0 0 0
    outer loop
      vertex -12.132064504478686 -8.106386335751637 5.333333333333336
      vertex -10.317472766266278 -10.317472766266274 5.333333333333336
      vertex -9.960698132817903 -9.9606981328179 8
    endloop
  endfacet
  facet normal 0 0 0
    outer loop
      vertex -12.132064504478686 -8.106386335751637 5.333333333333336
      vertex -9.960698132817903 -9.9606981328179 8
      vertex -11.712541917444634 -7.826070304970843 8
    endloop
  endfacet
  facet normal 0 0 0
    outer loop
      vertex -10.317472766266278 -10.317472766266274 5.333333333333336
      vertex -8.10638633575164 -12.132064504478684 5.333333333333336
      vertex -7.826070304970846 -11.71254191744463 8
    endloop
  endfacet
  facet normal 0 0 0
    outer loop
      vertex -10.317472766266278 -10.317472766266274 5.333333333333336
      vertex -7.826070304970846 -11.71254191744463 8
      vertex -9.960698132817903 -9.9606981328179 8
    endloop
  endfacet
  facet normal 0 0 0
    outer loop
      vertex -8.10638633575164 -12.132064504478684 5.333333333333336
      vertex -5.5837760244679115 -13.480427807524132 5.333333333333336
      vertex -5.390690984214562 -13.01427928465314 8
    endloop
  endfacet
  facet normal 0 0 0
    outer loop
      vertex -8.10638633575164 -12.132064504478684 5.333333333333336
      vertex -5.390690984214562 -13.01427928465314 8
      vertex -7.826070304970846 -11.71254191744463 8
    endloop
  endfacet
  facet normal 0 0 0
    outer loop
      vertex -5.5837760244679115 -13.480427807524132 5.333333333333336
      vertex -2.84658433198154 -14.31074582983744 5.333333333333336
      vertex -2.748150432069234 -13.815885197444343 8
    endloop
  endfacet
  facet normal 0 0 0
    outer loop
      vertex -5.5837760244679115 -13.480427807524132 5.333333333333336
      vertex -2.748150432069234 -13.815885197444343 8
      vertex -5.390690984214562 -13.01427928465314 8
    endloop
  endfacet
  facet normal 0 0 0
    outer loop
      vertex -2.84658433198154 -14.31074582983744 5.333333333333336
      vertex -2.6803434080979146e-15 -14.59110991546882 5.333333333333336
      vertex -2.5876580617341694e-15 -14.08655439013544 8
    endloop
  endfacet
  facet normal 0 0 0
    outer loop
      vertex -2.84658433198154 -14.31074582983744 5.333333333333336
      vertex -2.5876580617341694e-15 -14.08655439013544 8
      vertex -2.748150432069234 -13.815885197444343 8
    endloop
  endfacet
  facet normal 0 0 0
    outer loop
      vertex -2.6803434080979146e-15 -14.59110991546882 5.333333333333336
      vertex 2.8465843319815347 -14.310745829837442 5.333333333333336
      vertex 2.7481504320692287 -13.815885197444343 8
    endloop
  endfacet
  facet normal 0 0 0
    outer loop
      vertex -2.6803434080979146e-15 -14.59110991546882 5.333333333333336
      vertex 2.7481504320692287 -13.815885197444343 8
      vertex -2.5876580617341694e-15 -14.08655439013544 8
    endloop
  endfacet
  facet normal 0 0 0
    outer loop
      vertex 2.8465843319815347 -14.310745829837442 5.333333333333336
      vertex 5.583776024467906 -13.480427807524132 5.333333333333336
      vertex 5.390690984214557 -13.014279284653142 8
    endloop
  endfacet
  facet normal 0 0 0
    outer loop
      vertex 2.8465843319815347 -14.310745829837442 5.333333333333336
      vertex 5.390690984214557 -13.014279284653142 8
      vertex 2.7481504320692287 -13.815885197444343 8
    endloop
  endfacet
  facet normal 0 0 0
    outer loop
      vertex 5.583776024467906 -13.480427807524132 5.333333333333336
      vertex 8.106386335751635 -12.132064504478686 5.333333333333336
      vertex 7.826070304970842 -11.712541917444634 8
    endloop
  endfacet
  facet normal 0 0 0
    outer loop
      vertex 5.583776024467906 -13.480427807524132 5.333333333333336
      vertex 7.826070304970842 -11.712541917444634 8
      vertex 5.390690984214557 -13.014279284653142 8
    endloop
  endfacet
  facet normal 0 0 0
    outer loop
      vertex 8.106386335751635 -12.132064504478686 5.333333333333336
      vertex 10.317472766266272 -10.317472766266278 5.333333333333336
      vertex 9.960698132817898 -9.960698132817903 8
    endloop
  endfacet
  facet normal 0 0 0
    outer loop
      vertex 8.106386335751635 -12.132064504478686 5.333333333333336
      vertex 9.960698132817898 -9.960698132817903 8
      vertex 7.826070304970842 -11.712541917444634 8
    endloop
  endfacet
  facet normal 0 0 0
    outer loop
      vertex 10.317472766266272 -10.317472766266278 5.333333333333336
      vertex 12.132064504478684 -8.10638633575164 5.333333333333336
      vertex 11.71254191744463 -7.826070304970846 8
    endloop
  endfacet
  facet normal 0 0 0
    outer loop
      vertex 10.317472766266272 -10.317472766266278 5.333333333333336
      vertex 11.71254191744463 -7.826070304970846 8
      vertex 9.960698132817898 -9.960698132817903 8
    endloop
  endfacet
  facet normal 0 0 0
    outer loop
      vertex 12.132064504478684 -8.10638633575164 5.333333333333336
      vertex 13.480427807524132 -5.583776024467912 5.333333333333336
      vertex 13.01427928465314 -5.3906909842145625 8
    endloop
  endfacet
  facet normal 0 0 0
    outer loop
      vertex 12.132064504478684 -8.10638633575164 5.333333333333336
      vertex 13.01427928465314 -5.3906909842145625 8
      vertex 11.71254191744463 -7.826070304970846 8
    endloop
  endfacet
  facet normal 0 0 0
    outer loop
      vertex 13.480427807524132 -5.583776024467912 5.333333333333336
      vertex 14.31074582983744 -2.846584331981541 5.333333333333336
      vertex 13.815885197444343 -2.7481504320692345 8
    endloop
  endfacet
  facet normal 0 0 0
    outer loop
      vertex 13.480427807524132 -5.583776024467912 5.333333333333336
      vertex 13.815885197444343 -2.7481504320692345 8
      vertex 13.01427928465314 -5.3906909842145625 8
    endloop
  endfacet
  facet normal 0 0 0
    outer loop
      vertex 14.31074582983744 -2.846584331981541 5.333333333333336
      vertex 14.59110991546882 0 5.333333333333336
      vertex 14.08655439013544 0 8
    endloop
  endfacet
  facet normal 0 0 0
    outer loop
      vertex 14.31074582983744 -2.846584331981541 5.333333333333336
      vertex 14.08655439013544 0 8
      vertex 13.815885197444343 -2.7481504320692345 8
    endloop
  endfacet
  facet normal 0 0 0
    outer loop
      vertex 14.08655439013544 0 8
      vertex 13.815885197444343 2.7481504320692283 8
      vertex 13.13497546305419 2.6127090648298283 10.666666666666664
    endloop
  endfacet
  facet normal 0 0 0
    outer loop
      vertex 14.08655439013544 0 8
      vertex 13.13497546305419 2.6127090648298283 10.666666666666664
      vertex 13.392304845413264 0 10.666666666666664
    endloop
  endfacet
  facet normal 0 0 0
    outer loop
      vertex 13.815885197444343 2.7481504320692283 8
      vertex 13.014279284653144 5.3906909842145545 8
      vertex 12.372876339829046 5.125013185522371 10.666666666666664
    endloop
  endfacet
  facet normal 0 0 0
    outer loop
      vertex 13.815885197444343 2.7481504320692283 8
      vertex 12.372876339829046 5.125013185522371 10.666666666666664
      vertex 13.13497546305419 2.6127090648298283 10.666666666666664
    endloop
  endfacet
  facet normal 0 0 0
    outer loop
      vertex 13.014279284653144 5.3906909842145545 8
      vertex 11.71254191744463 7.826070304970846 8
      vertex 11.135294517653264 7.440365923635794 10.666666666666664
    endloop
  endfacet
  facet normal 0 0 0
    outer loop
      vertex 13.014279284653144 5.3906909842145545 8
      vertex 11.135294517653264 7.440365923635794 10.666666666666664
      vertex 12.372876339829046 5.125013185522371 10.666666666666664
    endloop
  endfacet
  facet normal 0 0 0
    outer loop
      vertex 11.71254191744463 7.826070304970846 8
      vertex 9.960698132817901 9.9606981328179 8
      vertex 9.469789571909178 9.469789571909176 10.666666666666664
    endloop
  endfacet
  facet normal 0 0 0
    outer loop
      vertex 11.71254191744463 7.826070304970846 8
      vertex 9.469789571909178 9.469789571909176 10.666666666666664
      vertex 11.135294517653264 7.440365923635794 10.666666666666664
    endloop
  endfacet
  facet normal 0 0 0
    outer loop
      vertex 9.960698132817901 9.9606981328179 8
      vertex 7.826070304970848 11.71254191744463 8
      vertex 7.440365923635796 11.135294517653264 10.666666666666664
    endloop
  endfacet
  facet normal 0 0 0
    outer loop
      vertex 9.960698132817901 9.9606981328179 8
      vertex 7.440365923635796 11.135294517653264 10.666666666666664
      vertex 9.469789571909178 9.469789571909176 10.666666666666664
    endloop
  endfacet
  facet normal 0 0 0
    outer loop
      vertex 7.826070304970848 11.71254191744463 8
      vertex 5.390690984214555 13.014279284653144 8
      vertex 5.125013185522372 12.372876339829046 10.666666666666664
    endloop
  endfacet
  facet normal 0 0 0
    outer loop
      vertex 7.826070304970848 11.71254191744463 8
      vertex 5.125013185522372 12.372876339829046 10.666666666666664
      vertex 7.440365923635796 11.135294517653264 10.666666666666664
    endloop
  endfacet
  facet normal 0 0 0
    outer loop
      vertex 5.390690984214555 13.014279284653144 8
      vertex 2.748150432069229 13.815885197444343 8
      vertex 2.6127090648298292 13.13497546305419 10.666666666666664
    endloop
  endfacet
  facet normal 0 0 0
    outer loop
      vertex 5.390690984214555 13.014279284653144 8
      vertex 2.6127090648298292 13.13497546305419 10.666666666666664
      vertex 5.125013185522372 12.372876339829046 10.666666666666664
    endloop
  endfacet
  facet normal 0 0 0
    outer loop
      vertex 2.748150432069229 13.815885197444343 8
      vertex 8.625526872447231e-16 14.08655439013544 8
      vertex 8.200421631070471e-16 13.392304845413264 10.666666666666664
    endloop
  endfacet
  facet normal 0 0 0
    outer loop
      vertex 2.748150432069229 13.815885197444343 8
      vertex 8.200421631070471e-16 13.392304845413264 10.666666666666664
      vertex 2.6127090648298292 13.13497546305419 10.666666666666664
    endloop
  endfacet
  facet normal 0 0 0
    outer loop
      vertex 8.625526872447231e-16 14.08655439013544 8
      vertex -2.7481504320692274 13.815885197444343 8
      vertex -2.6127090648298275 13.13497546305419 10.666666666666664
    endloop
  endfacet
  facet normal 0 0 0
    outer loop
      vertex 8.625526872447231e-16 14.08655439013544 8
      vertex -2.6127090648298275 13.13497546305419 10.666666666666664
      vertex 8.200421631070471e-16 13.392304845413264 10.666666666666664
    endloop
  endfacet
  facet normal 0 0 0
    outer loop
      vertex -2.7481504320692274 13.815885197444343 8
      vertex -5.390690984214554 13.014279284653144 8
      vertex -5.12501318552237 12.372876339829046 10.666666666666664
    endloop
  endfacet
  facet normal 0 0 0
    outer loop
      vertex -2.7481504320692274 13.815885197444343 8
      vertex -5.12501318552237 12.372876339829046 10.666666666666664
      vertex -2.6127090648298275 13.13497546305419 10.666666666666664
    endloop
  endfacet
  facet normal 0 0 0
    outer loop
      vertex -5.390690984214554 13.014279284653144 8
      vertex -7.826070304970843 11.712541917444632 8
      vertex -7.440365923635792 11.135294517653266 10.666666666666664
    endloop
  endfacet
  facet normal 0 0 0
    outer loop
      vertex -5.390690984214554 13.014279284653144 8
      vertex -7.440365923635792 11.135294517653266 10.666666666666664
      vertex -5.12501318552237 12.372876339829046 10.666666666666664
    endloop
  endfacet
  facet normal 0 0 0
    outer loop
      vertex -7.826070304970843 11.712541917444632 8
      vertex -9.9606981328179 9.960698132817901 8
      vertex -9.469789571909176 9.469789571909178 10.666666666666664
    endloop
  endfacet
  facet normal 0 0 0
    outer loop
      vertex -7.826070304970843 11.712541917444632 8
      vertex -9.469789571909176 9.469789571909178 10.666666666666664
      vertex -7.440365923635792 11.135294517653266 10.666666666666664
    endloop
  endfacet
  facet normal 0 0 0
    outer loop
      vertex -9.9606981328179 9.960698132817901 8
      vertex -11.712541917444632 7.826070304970846 8
      vertex -11.135294517653266 7.440365923635794 10.666666666666664
    endloop
  endfacet
  facet normal 0 0 0
    outer loop
      vertex -9.9606981328179 9.960698132817901 8
      vertex -11.135294517653266 7.440365923635794 10.666666666666664
      vertex -9.469789571909176 9.469789571909178 10.666666666666664
    endloop
  endfacet
  facet normal 0 0 0
    outer loop
      vertex -11.712541917444632 7.826070304970846 8
      vertex -13.014279284653144 5.390690984214555 8
      vertex -12.372876339829046 5.125013185522373 10.666666666666664
    endloop
  endfacet
  facet normal 0 0 0
    outer loop
      vertex -11.712541917444632 7.826070304970846 8
      vertex -12.372876339829046 5.125013185522373 10.666666666666664
      vertex -11.135294517653266 7.440365923635794 10.666666666666664
    endloop
  endfacet
  facet normal 0 0 0
    outer loop
      vertex -13.014279284653144 5.390690984214555 8
      vertex -13.815885197444343 2.748150432069233 8
      vertex -13.13497546305419 2.6127090648298332 10.666666666666664
    endloop
  endfacet
  facet normal 0 0 0
    outer loop
      vertex -13.014279284653144 5.390690984214555 8
      vertex -13.13497546305419 2.6127090648298332 10.666666666666664
      vertex -12.372876339829046 5.125013185522373 10.666666666666664
    endloop
  endfacet
  facet normal 0 0 0
    outer loop
      vertex -13.815885197444343 2.748150432069233 8
      vertex -14.08655439013544 1.7251053744894463e-15 8
      vertex -13.392304845413264 1.6400843262140942e-15 10.666666666666664
    endloop
  endfacet
  facet normal 0 0 0
    outer loop
      vertex -13.815885197444343 2.748150432069233 8
      vertex -13.392304845413264 1.6400843262140942e-15 10.666666666666664
      vertex -13.13497546305419 2.6127090648298332 10.666666666666664
    endloop
  endfacet
  facet normal 0 0 0
    outer loop
      vertex -14.08655439013544 1.7251053744894463e-15 8
      vertex -13.815885197444343 -2.7481504320692296 8
      vertex -13.13497546305419 -2.6127090648298297 10.666666666666664
    endloop
  endfacet
  facet normal 0 0 0
    outer loop
      vertex -14.08655439013544 1.7251053744894463e-15 8
      vertex -13.13497546305419 -2.6127090648298297 10.666666666666664
      vertex -13.392304845413264 1.6400843262140942e-15 10.666666666666664
    endloop
  endfacet
  facet normal 0 0 0
    outer loop
      vertex -13.815885197444343 -2.7481504320692296 8
      vertex -13.014279284653146 -5.390690984214552 8
      vertex -12.372876339829048 -5.125013185522369 10.666666666666664
    endloop
  endfacet
  facet normal 0 0 0
    outer loop
      vertex -13.815885197444343 -2.7481504320692296 8
      vertex -12.372876339829048 -5.125013185522369 10.666666666666664
      vertex -13.13497546305419 -2.6127090648298297 10.666666666666664
    endloop
  endfacet
  facet normal 0 0 0
    outer loop
      vertex -13.014279284653146 -5.390690984214552 8
      vertex -11.712541917444634 -7.826070304970843 8
      vertex -11.135294517653268 -7.440365923635792 10.666666666666664
    endloop
  endfacet
  facet normal 0 0 0
    outer loop
      vertex -13.014279284653146 -5.390690984214552 8
      vertex -11.135294517653268 -7.440365923635792 10.666666666666664
      vertex -12.372876339829048 -5.125013185522369 10.666666666666664
    endloop
  endfacet
  facet normal 0 0 0
    outer loop
      vertex -11.712541917444634 -7.826070304970843 8
      vertex -9.960698132817903 -9.9606981328179 8
      vertex -9.46978957190918 -9.469789571909176 10.666666666666664
    endloop
  endfacet
  facet normal 0 0 0
    outer loop
      vertex -11.712541917444634 -7.826070304970843 8
      vertex -9.46978957190918 -9.469789571909176 10.666666666666664
      vertex -11.135294517653268 -7.440365923635792 10.666666666666664
    endloop
  endfacet
  facet normal 0 0 0
    outer loop
      vertex -9.960698132817903 -9.9606981328179 8
      vertex -7.826070304970846 -11.71254191744463 8
      vertex -7.440365923635794 -11.135294517653264 10.666666666666664
    endloop
  endfacet
  facet normal 0 0 0
    outer loop
      vertex -9.960698132817903 -9.9606981328179 8
      vertex -7.440365923635794 -11.135294517653264 10.666666666666664
      vertex -9.46978957190918 -9.469789571909176 10.666666666666664
    endloop
  endfacet
  facet normal 0 0 0
    outer loop
      vertex -7.826070304970846 -11.71254191744463 8
      vertex -5.390690984214562 -13.01427928465314 8
      vertex -5.125013185522379 -12.372876339829043 10.666666666666664
    endloop
  endfacet
  facet normal 0 0 0
    outer loop
      vertex -7.826070304970846 -11.71254191744463 8
      vertex -5.125013185522379 -12.372876339829043 10.666666666666664
      vertex -7.440365923635794 -11.135294517653264 10.666666666666664
    endloop
  endfacet
  facet normal 0 0 0
    outer loop
      vertex -5.390690984214562 -13.01427928465314 8
      vertex -2.748150432069234 -13.815885197444343 8
      vertex -2.612709064829834 -13.134975463054188 10.666666666666664
    endloop
  endfacet
  facet normal 0 0 0
    outer loop
      vertex -5.390690984214562 -13.01427928465314 8
      vertex -2.612709064829834 -13.134975463054188 10.666666666666664
      vertex -5.125013185522379 -12.372876339829043 10.666666666666664
    endloop
  endfacet
  facet normal 0 0 0
    outer loop
      vertex -2.748150432069234 -13.815885197444343 8
      vertex -2.5876580617341694e-15 -14.08655439013544 8
      vertex -2.4601264893211413e-15 -13.392304845413264 10.666666666666664
    endloop
  endfacet
  facet normal 0 0 0
    outer loop
      vertex -2.748150432069234 -13.815885197444343 8
      vertex -2.4601264893211413e-15 -13.392304845413264 10.666666666666664
      vertex -2.612709064829834 -13.134975463054188 10.666666666666664
    endloop
  endfacet
  facet normal 0 0 0
    outer loop
      vertex -2.5876580617341694e-15 -14.08655439013544 8
      vertex 2.7481504320692287 -13.815885197444343 8
      vertex 2.6127090648298292 -13.13497546305419 10.666666666666664
    endloop
  endfacet
  facet normal 0 0 0
    outer loop
      vertex -2.5876580617341694e-15 -14.08655439013544 8
      vertex 2.6127090648298292 -13.13497546305419 10.666666666666664
      vertex -2.4601264893211413e-15 -13.392304845413264 10.666666666666664
    endloop
  endfacet
  facet normal 0 0 0
    outer loop
      vertex 2.7481504320692287 -13.815885197444343 8
      vertex 5.390690984214557 -13.014279284653142 8
      vertex 5.125013185522374 -12.372876339829045 10.666666666666664
    endloop
  endfacet
  facet normal 0 0 0
    outer loop
      vertex 2.7481504320692287 -13.815885197444343 8
      vertex 5.125013185522374 -12.372876339829045 10.666666666666664
      vertex 2.6127090648298292 -13.13497546305419 10.666666666666664
    endloop
  endfacet
  facet normal 0 0 0
    outer loop
      vertex 5.390690984214557 -13.014279284653142 8
      vertex 7.826070304970842 -11.712541917444634 8
      vertex 7.44036592363579 -11.135294517653268 10.666666666666664
    endloop
  endfacet
  facet normal 0 0 0
    outer loop
      vertex 5.390690984214557 -13.014279284653142 8
      vertex 7.44036592363579 -11.135294517653268 10.666666666666664
      vertex 5.125013185522374 -12.372876339829045 10.666666666666664
    endloop
  endfacet
  facet normal 0 0 0
    outer loop
      vertex 7.826070304970842 -11.712541917444634 8
      vertex 9.960698132817898 -9.960698132817903 8
      vertex 9.469789571909175 -9.46978957190918 10.666666666666664
    endloop
  endfacet
  facet normal 0 0 0
    outer loop
      vertex 7.826070304970842 -11.712541917444634 8
      vertex 9.469789571909175 -9.46978957190918 10.666666666666664
      vertex 7.44036592363579 -11.135294517653268 10.666666666666664
    endloop
  endfacet
  facet normal 0 0 0
    outer loop
      vertex 9.960698132817898 -9.960698132817903 8
      vertex 11.71254191744463 -7.826070304970846 8
      vertex 11.135294517653264 -7.440365923635794 10.666666666666664
    endloop
  endfacet
  facet normal 0 0 0
    outer loop
      vertex 9.960698132817898 -9.960698132817903 8
      vertex 11.135294517653264 -7.440365923635794 10.666666666666664
      vertex 9.469789571909175 -9.46978957190918 10.666666666666664
    endloop
  endfacet
  facet normal 0 0 0
    outer loop
      vertex 11.71254191744463 -7.826070304970846 8
      vertex 13.01427928465314 -5.3906909842145625 8
      vertex 12.372876339829043 -5.125013185522379 10.666666666666664
    endloop
  endfacet
  facet normal 0 0 0
    outer loop
      vertex 11.71254191744463 -7.826070304970846 8
      vertex 12.372876339829043 -5.125013185522379 10.666666666666664
      vertex 11.135294517653264 -7.440365923635794 10.666666666666664
    endloop
  endfacet
  facet normal 0 0 0
    outer loop
      vertex 13.01427928465314 -5.3906909842145625 8
      vertex 13.815885197444343 -2.7481504320692345 8
      vertex 13.134975463054188 -2.6127090648298346 10.666666666666664
    endloop
  endfacet
  facet normal 0 0 0
    outer loop
      vertex 13.01427928465314 -5.3906909842145625 8
      vertex 13.134975463054188 -2.6127090648298346 10.666666666666664
      vertex 12.372876339829043 -5.125013185522379 10.666666666666664
    endloop
  endfacet
  facet normal 0 0 0
    outer loop
      vertex 13.815885197444343 -2.7481504320692345 8
      vertex 14.08655439013544 0 8
      vertex 13.392304845413264 0 10.666666666666664
    endloop
  endfacet
  facet normal 0 0 0
    outer loop
      vertex 13.815885197444343 -2.7481504320692345 8
      vertex 13.392304845413264 0 10.666666666666664
      vertex 13.134975463054188 -2.6127090648298346 10.666666666666664
    endloop
  endfacet
  facet normal 0 0 0
    outer loop
      vertex 13.392304845413264 0 10.666666666666664
      vertex 13.13497546305419 2.6127090648298283 10.666666666666664
      vertex 12.279667181006236 2.4425776696082413 13.333333333333336
    endloop
  endfacet
  facet normal 0 0 0
    outer loop
      vertex 13.392304845413264 0 10.666666666666664
      vertex 12.279667181006236 2.4425776696082413 13.333333333333336
      vertex 12.520240083494823 0 13.333333333333336
    endloop
  endfacet
  facet normal 0 0 0
    outer loop
      vertex 13.13497546305419 2.6127090648298283 10.666666666666664
      vertex 12.372876339829046 5.125013185522371 10.666666666666664
      vertex 11.56719355526827 4.791288449186777 13.333333333333336
    endloop
  endfacet
  facet normal 0 0 0
    outer loop
      vertex 13.13497546305419 2.6127090648298283 10.666666666666664
      vertex 11.56719355526827 4.791288449186777 13.333333333333336
      vertex 12.279667181006236 2.4425776696082413 13.333333333333336
    endloop
  endfacet
  facet normal 0 0 0
    outer loop
      vertex 12.372876339829046 5.125013185522371 10.666666666666664
      vertex 11.135294517653264 7.440365923635794 10.666666666666664
      vertex 10.410199168158227 6.955872700648582 13.333333333333336
    endloop
  endfacet
  facet normal 0 0 0
    outer loop
      vertex 12.372876339829046 5.125013185522371 10.666666666666664
      vertex 10.410199168158227 6.955872700648582 13.333333333333336
      vertex 11.56719355526827 4.791288449186777 13.333333333333336
    endloop
  endfacet
  facet normal 0 0 0
    outer loop
      vertex 11.135294517653264 7.440365923635794 10.666666666666664
      vertex 9.469789571909178 9.469789571909176 10.666666666666664
      vertex 8.853146665122816 8.853146665122814 13.333333333333336
    endloop
  endfacet
  facet normal 0 0 0
    outer loop
      vertex 11.135294517653264 7.440365923635794 10.666666666666664
      vertex 8.853146665122816 8.853146665122814 13.333333333333336
      vertex 10.410199168158227 6.955872700648582 13.333333333333336
    endloop
  endfacet
  facet normal 0 0 0
    outer loop
      vertex 9.469789571909178 9.469789571909176 10.666666666666664
      vertex 7.440365923635796 11.135294517653264 10.666666666666664
      vertex 6.955872700648584 10.410199168158227 13.333333333333336
    endloop
  endfacet
  facet normal 0 0 0
    outer loop
      vertex 9.469789571909178 9.469789571909176 10.666666666666664
      vertex 6.955872700648584 10.410199168158227 13.333333333333336
      vertex 8.853146665122816 8.853146665122814 13.333333333333336
    endloop
  endfacet
  facet normal 0 0 0
    outer loop
      vertex 7.440365923635796 11.135294517653264 10.666666666666664
      vertex 5.125013185522372 12.372876339829046 10.666666666666664
      vertex 4.791288449186778 11.56719355526827 13.333333333333336
    endloop
  endfacet
  facet normal 0 0 0
    outer loop
      vertex 7.440365923635796 11.135294517653264 10.666666666666664
      vertex 4.791288449186778 11.56719355526827 13.333333333333336
      vertex 6.955872700648584 10.410199168158227 13.333333333333336
    endloop
  endfacet
  facet normal 0 0 0
    outer loop
      vertex 5.125013185522372 12.372876339829046 10.666666666666664
      vertex 2.6127090648298292 13.13497546305419 10.666666666666664
      vertex 2.4425776696082426 12.279667181006236 13.333333333333336
    endloop
  endfacet
  facet normal 0 0 0
    outer loop
      vertex 5.125013185522372 12.372876339829046 10.666666666666664
      vertex 2.4425776696082426 12.279667181006236 13.333333333333336
      vertex 4.791288449186778 11.56719355526827 13.333333333333336
    endloop
  endfacet
  facet normal 0 0 0
    outer loop
      vertex 2.6127090648298292 13.13497546305419 10.666666666666664
      vertex 8.200421631070471e-16 13.392304845413264 10.666666666666664
      vertex 7.666435971404162e-16 12.520240083494823 13.333333333333336
    endloop
  endfacet
  facet normal 0 0 0
    outer loop
      vertex 2.6127090648298292 13.13497546305419 10.666666666666664
      vertex 7.666435971404162e-16 12.520240083494823 13.333333333333336
      vertex 2.4425776696082426 12.279667181006236 13.333333333333336
    endloop
  endfacet
  facet normal 0 0 0
    outer loop
      vertex 8.200421631070471e-16 13.392304845413264 10.666666666666664
      vertex -2.6127090648298275 13.13497546305419 10.666666666666664
      vertex -2.442577669608241 12.279667181006236 13.333333333333336
    endloop
  endfacet
  facet normal 0 0 0
    outer loop
      vertex 8.200421631070471e-16 13.392304845413264 10.666666666666664
      vertex -2.442577669608241 12.279667181006236 13.333333333333336
      vertex 7.666435971404162e-16 12.520240083494823 13.333333333333336
    endloop
  endfacet
  facet normal 0 0 0
    outer loop
      vertex -2.6127090648298275 13.13497546305419 10.666666666666664
      vertex -5.12501318552237 12.372876339829046 10.666666666666664
      vertex -4.791288449186776 11.56719355526827 13.333333333333336
    endloop
  endfacet
  facet normal 0 0 0
    outer loop
      vertex -2.6127090648298275 13.13497546305419 10.666666666666664
      vertex -4.791288449186776 11.56719355526827 13.333333333333336
      vertex -2.442577669608241 12.279667181006236 13.333333333333336
    endloop
  endfacet
  facet normal 0 0 0
    outer loop
      vertex -5.12501318552237 12.372876339829046 10.666666666666664
      vertex -7.440365923635792 11.135294517653266 10.666666666666664
      vertex -6.955872700648579 10.410199168158229 13.333333333333336
    endloop
  endfacet
  facet normal 0 0 0
    outer loop
      vertex -5.12501318552237 12.372876339829046 10.666666666666664
      vertex -6.955872700648579 10.410199168158229 13.333333333333336
      vertex -4.791288449186776 11.56719355526827 13.333333333333336
    endloop
  endfacet
  facet normal 0 0 0
    outer loop
      vertex -7.440365923635792 11.135294517653266 10.666666666666664
      vertex -9.469789571909176 9.469789571909178 10.666666666666664
      vertex -8.853146665122814 8.853146665122816 13.333333333333336
    endloop
  endfacet
  facet normal 0 0 0
    outer loop
      vertex -7.440365923635792 11.135294517653266 10.666666666666664
      vertex -8.853146665122814 8.853146665122816 13.333333333333336
      vertex -6.955872700648579 10.410199168158229 13.333333333333336
    endloop
  endfacet
  facet normal 0 0 0
    outer loop
      vertex -9.469789571909176 9.469789571909178 10.666666666666664
      vertex -11.135294517653266 7.440365923635794 10.666666666666664
      vertex -10.410199168158229 6.955872700648582 13.333333333333336
    endloop
  endfacet
  facet normal 0 0 0
    outer loop
      vertex -9.469789571909176 9.469789571909178 10.666666666666664
      vertex -10.410199168158229 6.955872700648582 13.333333333333336
      vertex -8.853146665122814 8.853146665122816 13.333333333333336
    endloop
  endfacet
  facet normal 0 0 0
    outer loop
      vertex -11.135294517653266 7.440365923635794 10.666666666666664
      vertex -12.372876339829046 5.125013185522373 10.666666666666664
      vertex -11.56719355526827 4.791288449186778 13.333333333333336
    endloop
  endfacet
  facet normal 0 0 0
    outer loop
      vertex -11.135294517653266 7.440365923635794 10.666666666666664
      vertex -11.56719355526827 4.791288449186778 13.333333333333336
      vertex -10.410199168158229 6.955872700648582 13.333333333333336
    endloop
  endfacet
  facet normal 0 0 0
    outer loop
      vertex -12.372876339829046 5.125013185522373 10.666666666666664
      vertex -13.13497546305419 2.6127090648298332 10.666666666666664
      vertex -12.279667181006236 2.4425776696082457 13.333333333333336
    endloop
  endfacet
  facet normal 0 0 0
    outer loop
      vertex -12.372876339829046 5.125013185522373 10.666666666666664
      vertex -12.279667181006236 2.4425776696082457 13.333333333333336
      vertex -11.56719355526827 4.791288449186778 13.333333333333336
    endloop
  endfacet
  facet normal 0 0 0
    outer loop
      vertex -13.13497546305419 2.6127090648298332 10.666666666666664
      vertex -13.392304845413264 1.6400843262140942e-15 10.666666666666664
      vertex -12.520240083494823 1.5332871942808324e-15 13.333333333333336
    endloop
  endfacet
  facet normal 0 0 0
    outer loop
      vertex -13.13497546305419 2.6127090648298332 10.666666666666664
      vertex -12.520240083494823 1.5332871942808324e-15 13.333333333333336
      vertex -12.279667181006236 2.4425776696082457 13.333333333333336
    endloop
  endfacet
  facet normal 0 0 0
    outer loop
      vertex -13.392304845413264 1.6400843262140942e-15 10.666666666666664
      vertex -13.13497546305419 -2.6127090648298297 10.666666666666664
      vertex -12.279667181006236 -2.4425776696082426 13.333333333333336
    endloop
  endfacet
  facet normal 0 0 0
    outer loop
      vertex -13.392304845413264 1.6400843262140942e-15 10.666666666666664
      vertex -12.279667181006236 -2.4425776696082426 13.333333333333336
      vertex -12.520240083494823 1.5332871942808324e-15 13.333333333333336
    endloop
  endfacet
  facet normal 0 0 0
    outer loop
      vertex -13.13497546305419 -2.6127090648298297 10.666666666666664
      vertex -12.372876339829048 -5.125013185522369 10.666666666666664
      vertex -11.567193555268272 -4.791288449186775 13.333333333333336
    endloop
  endfacet
  facet normal 0 0 0
    outer loop
      vertex -13.13497546305419 -2.6127090648298297 10.666666666666664
      vertex -11.567193555268272 -4.791288449186775 13.333333333333336
      vertex -12.279667181006236 -2.4425776696082426 13.333333333333336
    endloop
  endfacet
  facet normal 0 0 0
    outer loop
      vertex -12.372876339829048 -5.125013185522369 10.666666666666664
      vertex -11.135294517653268 -7.440365923635792 10.666666666666664
      vertex -10.410199168158229 -6.955872700648579 13.333333333333336
    endloop
  endfacet
  facet normal 0 0 0
    outer loop
      vertex -12.372876339829048 -5.125013185522369 10.666666666666664
      vertex -10.410199168158229 -6.955872700648579 13.333333333333336
      vertex -11.567193555268272 -4.791288449186775 13.333333333333336
    endloop
  endfacet
  facet normal 0 0 0
    outer loop
      vertex -11.135294517653268 -7.440365923635792 10.666666666666664
      vertex -9.46978957190918 -9.469789571909176 10.666666666666664
      vertex -8.853146665122818 -8.853146665122814 13.333333333333336
    endloop
  endfacet
  facet normal 0 0 0
    outer loop
      vertex -11.135294517653268 -7.440365923635792 10.666666666666664
      vertex -8.853146665122818 -8.853146665122814 13.333333333333336
      vertex -10.410199168158229 -6.955872700648579 13.333333333333336
    endloop
  endfacet
  facet normal 0 0 0
    outer loop
      vertex -9.46978957190918 -9.469789571909176 10.666666666666664
      vertex -7.440365923635794 -11.135294517653264 10.666666666666664
      vertex -6.955872700648582 -10.410199168158227 13.333333333333336
    endloop
  endfacet
  facet normal 0 0 0
    outer loop
      vertex -9.46978957190918 -9.469789571909176 10.666666666666664
      vertex -6.955872700648582 -10.410199168158227 13.333333333333336
      vertex -8.853146665122818 -8.853146665122814 13.333333333333336
    endloop
  endfacet
  facet normal 0 0 0
    outer loop
      vertex -7.440365923635794 -11.135294517653264 10.666666666666664
      vertex -5.125013185522379 -12.372876339829043 10.666666666666664
      vertex -4.791288449186784 -11.567193555268268 13.333333333333336
    endloop
  endfacet
  facet normal 0 0 0
    outer loop
      vertex -7.440365923635794 -11.135294517653264 10.666666666666664
      vertex -4.791288449186784 -11.567193555268268 13.333333333333336
      vertex -6.955872700648582 -10.410199168158227 13.333333333333336
    endloop
  endfacet
  facet normal 0 0 0
    outer loop
      vertex -5.125013185522379 -12.372876339829043 10.666666666666664
      vertex -2.612709064829834 -13.134975463054188 10.666666666666664
      vertex -2.4425776696082466 -12.279667181006234 13.333333333333336
    endloop
  endfacet
  facet normal 0 0 0
    outer loop
      vertex -5.125013185522379 -12.372876339829043 10.666666666666664
      vertex -2.4425776696082466 -12.279667181006234 13.333333333333336
      vertex -4.791288449186784 -11.567193555268268 13.333333333333336
    endloop
  endfacet
  facet normal 0 0 0
    outer loop
      vertex -2.612709064829834 -13.134975463054188 10.666666666666664
      vertex -2.4601264893211413e-15 -13.392304845413264 10.666666666666664
      vertex -2.2999307914212486e-15 -12.520240083494823 13.333333333333336
    endloop
  endfacet
  facet normal 0 0 0
    outer loop
      vertex -2.612709064829834 -13.134975463054188 10.666666666666664
      vertex -2.2999307914212486e-15 -12.520240083494823 13.333333333333336
      vertex -2.4425776696082466 -12.279667181006234 13.333333333333336
    endloop
  endfacet
  facet normal 0 0 0
    outer loop
      vertex -2.4601264893211413e-15 -13.392304845413264 10.666666666666664
      vertex 2.6127090648298292 -13.13497546305419 10.666666666666664
      vertex 2.442577669608242 -12.279667181006236 13.333333333333336
    endloop
  endfacet
  facet normal 0 0 0
    outer loop
      vertex -2.4601264893211413e-15 -13.392304845413264 10.666666666666664
      vertex 2.442577669608242 -12.279667181006236 13.333333333333336
      vertex -2.2999307914212486e-15 -12.520240083494823 13.333333333333336
    endloop
  endfacet
  facet normal 0 0 0
    outer loop
      vertex 2.6127090648298292 -13.13497546305419 10.666666666666664
      vertex 5.125013185522374 -12.372876339829045 10.666666666666664
      vertex 4.79128844918678 -11.56719355526827 13.333333333333336
    endloop
  endfacet
  facet normal 0 0 0
    outer loop
      vertex 2.6127090648298292 -13.13497546305419 10.666666666666664
      vertex 4.79128844918678 -11.56719355526827 13.333333333333336
      vertex 2.442577669608242 -12.279667181006236 13.333333333333336
    endloop
  endfacet
  facet normal 0 0 0
    outer loop
      vertex 5.125013185522374 -12.372876339829045 10.666666666666664
      vertex 7.44036592363579 -11.135294517653268 10.666666666666664
      vertex 6.955872700648578 -10.410199168158229 13.333333333333336
    endloop
  endfacet
  facet normal 0 0 0
    outer loop
      vertex 5.125013185522374 -12.372876339829045 10.666666666666664
      vertex 6.955872700648578 -10.410199168158229 13.333333333333336
      vertex 4.79128844918678 -11.56719355526827 13.333333333333336
    endloop
  endfacet
  facet normal 0 0 0
    outer loop
      vertex 7.44036592363579 -11.135294517653268 10.666666666666664
      vertex 9.469789571909175 -9.46978957190918 10.666666666666664
      vertex 8.853146665122813 -8.853146665122818 13.333333333333336
    endloop
  endfacet
  facet normal 0 0 0
    outer loop
      vertex 7.44036592363579 -11.135294517653268 10.666666666666664
      vertex 8.853146665122813 -8.853146665122818 13.333333333333336
      vertex 6.955872700648578 -10.410199168158229 13.333333333333336
    endloop
  endfacet
  facet normal 0 0 0
    outer loop
      vertex 9.469789571909175 -9.46978957190918 10.666666666666664
      vertex 11.135294517653264 -7.440365923635794 10.666666666666664
      vertex 10.410199168158227 -6.955872700648582 13.333333333333336
    endloop
  endfacet
  facet normal 0 0 0
    outer loop
      vertex 9.469789571909175 -9.46978957190918 10.666666666666664
      vertex 10.410199168158227 -6.955872700648582 13.333333333333336
      vertex 8.853146665122813 -8.853146665122818 13.333333333333336
    endloop
  endfacet
  facet normal 0 0 0
    outer loop
      vertex 11.135294517653264 -7.440365923635794 10.666666666666664
      vertex 12.372876339829043 -5.125013185522379 10.666666666666664
      vertex 11.567193555268268 -4.791288449186784 13.333333333333336
    endloop
  endfacet
  facet normal 0 0 0
    outer loop
      vertex 11.135294517653264 -7.440365923635794 10.666666666666664
      vertex 11.567193555268268 -4.791288449186784 13.333333333333336
      vertex 10.410199168158227 -6.955872700648582 13.333333333333336
    endloop
  endfacet
  facet normal 0 0 0
    outer loop
      vertex 12.372876339829043 -5.125013185522379 10.666666666666664
      vertex 13.134975463054188 -2.6127090648298346 10.666666666666664
      vertex 12.279667181006234 -2.4425776696082475 13.333333333333336
    endloop
  endfacet
  facet normal 0 0 0
    outer loop
      vertex 12.372876339829043 -5.125013185522379 10.666666666666664
      vertex 12.279667181006234 -2.4425776696082475 13.333333333333336
      vertex 11.567193555268268 -4.791288449186784 13.333333333333336
    endloop
  endfacet
  facet normal 0 0 0
    outer loop
      vertex 13.134975463054188 -2.6127090648298346 10.666666666666664
      vertex 13.392304845413264 0 10.666666666666664
      vertex 12.520240083494823 0 13.333333333333336
    endloop
  endfacet
  facet normal 0 0 0
    outer loop
      vertex 13.134975463054188 -2.6127090648298346 10.666666666666664
      vertex 12.520240083494823 0 13.333333333333336
      vertex 12.279667181006234 -2.4425776696082475 13.333333333333336
    endloop
  endfacet
  facet normal 0 0 0
    outer loop
      vertex 12.520240083494823 0 13.333333333333336
      vertex 12.279667181006236 2.4425776696082413 13.333333333333336
      vertex 11.264594913142577 2.240667241746043 16
    endloop
  endfacet
  facet normal 0 0 0
    outer loop
      vertex 12.520240083494823 0 13.333333333333336
      vertex 11.264594913142577 2.240667241746043 16
      vertex 11.485281374238571 0 16
    endloop
  endfacet
  facet normal 0 0 0
    outer loop
      vertex 12.279667181006236 2.4425776696082413 13.333333333333336
      vertex 11.56719355526827 4.791288449186777 13.333333333333336
      vertex 10.61101638679212 4.395226897972452 16
    endloop
  endfacet
  facet normal 0 0 0
    outer loop
      vertex 12.279667181006236 2.4425776696082413 13.333333333333336
      vertex 10.61101638679212 4.395226897972452 16
      vertex 11.264594913142577 2.240667241746043 16
    endloop
  endfacet
  facet normal 0 0 0
    outer loop
      vertex 11.56719355526827 4.791288449186777 13.333333333333336
      vertex 10.410199168158227 6.955872700648582 13.333333333333336
      vertex 9.549662451423789 6.3808804493814195 16
    endloop
  endfacet
  facet normal 0 0 0
    outer loop
      vertex 11.56719355526827 4.791288449186777 13.333333333333336
      vertex 9.549662451423789 6.3808804493814195 16
      vertex 10.61101638679212 4.395226897972452 16
    endloop
  endfacet
  facet normal 0 0 0
    outer loop
      vertex 10.410199168158227 6.955872700648582 13.333333333333336
      vertex 8.853146665122816 8.853146665122814 13.333333333333336
      vertex 8.121320343559644 8.121320343559642 16
    endloop
  endfacet
  facet normal 0 0 0
    outer loop
      vertex 10.410199168158227 6.955872700648582 13.333333333333336
      vertex 8.121320343559644 8.121320343559642 16
      vertex 9.549662451423789 6.3808804493814195 16
    endloop
  endfacet
  facet normal 0 0 0
    outer loop
      vertex 8.853146665122816 8.853146665122814 13.333333333333336
      vertex 6.955872700648584 10.410199168158227 13.333333333333336
      vertex 6.380880449381421 9.549662451423789 16
    endloop
  endfacet
  facet normal 0 0 0
    outer loop
      vertex 8.853146665122816 8.853146665122814 13.333333333333336
      vertex 6.380880449381421 9.549662451423789 16
      vertex 8.121320343559644 8.121320343559642 16
    endloop
  endfacet
  facet normal 0 0 0
    outer loop
      vertex 6.955872700648584 10.410199168158227 13.333333333333336
      vertex 4.791288449186778 11.56719355526827 13.333333333333336
      vertex 4.395226897972452 10.61101638679212 16
    endloop
  endfacet
  facet normal 0 0 0
    outer loop
      vertex 6.955872700648584 10.410199168158227 13.333333333333336
      vertex 4.395226897972452 10.61101638679212 16
      vertex 6.380880449381421 9.549662451423789 16
    endloop
  endfacet
  facet normal 0 0 0
    outer loop
      vertex 4.791288449186778 11.56719355526827 13.333333333333336
      vertex 2.4425776696082426 12.279667181006236 13.333333333333336
      vertex 2.240667241746044 11.264594913142577 16
    endloop
  endfacet
  facet normal 0 0 0
    outer loop
      vertex 4.791288449186778 11.56719355526827 13.333333333333336
      vertex 2.240667241746044 11.264594913142577 16
      vertex 4.395226897972452 10.61101638679212 16
    endloop
  endfacet
  facet normal 0 0 0
    outer loop
      vertex 2.4425776696082426 12.279667181006236 13.333333333333336
      vertex 7.666435971404162e-16 12.520240083494823 13.333333333333336
      vertex 7.03270653613399e-16 11.485281374238571 16
    endloop
  endfacet
  facet normal 0 0 0
    outer loop
      vertex 2.4425776696082426 12.279667181006236 13.333333333333336
      vertex 7.03270653613399e-16 11.485281374238571 16
      vertex 2.240667241746044 11.264594913142577 16
    endloop
  endfacet
  facet normal 0 0 0
    outer loop
      vertex 7.666435971404162e-16 12.520240083494823 13.333333333333336
      vertex -2.442577669608241 12.279667181006236 13.333333333333336
      vertex -2.240667241746042 11.264594913142577 16
    endloop
  endfacet
  facet normal 0 0 0
    outer loop
      vertex 7.666435971404162e-16 12.520240083494823 13.333333333333336
      vertex -2.240667241746042 11.264594913142577 16
      vertex 7.03270653613399e-16 11.485281374238571 16
    endloop
  endfacet
  facet normal 0 0 0
    outer loop
      vertex -2.442577669608241 12.279667181006236 13.333333333333336
      vertex -4.791288449186776 11.56719355526827 13.333333333333336
      vertex -4.395226897972451 10.61101638679212 16
    endloop
  endfacet
  facet normal 0 0 0
    outer loop
      vertex -2.442577669608241 12.279667181006236 13.333333333333336
      vertex -4.395226897972451 10.61101638679212 16
      vertex -2.240667241746042 11.264594913142577 16
    endloop
  endfacet
  facet normal 0 0 0
    outer loop
      vertex -4.791288449186776 11.56719355526827 13.333333333333336
      vertex -6.955872700648579 10.410199168158229 13.333333333333336
      vertex -6.380880449381417 9.54966245142379 16
    endloop
  endfacet
  facet normal 0 0 0
    outer loop
      vertex -4.791288449186776 11.56719355526827 13.333333333333336
      vertex -6.380880449381417 9.54966245142379 16
      vertex -4.395226897972451 10.61101638679212 16
    endloop
  endfacet
  facet normal 0 0 0
    outer loop
      vertex -6.955872700648579 10.410199168158229 13.333333333333336
      vertex -8.853146665122814 8.853146665122816 13.333333333333336
      vertex -8.121320343559642 8.121320343559644 16
    endloop
  endfacet
  facet normal 0 0 0
    outer loop
      vertex -6.955872700648579 10.410199168158229 13.333333333333336
      vertex -8.121320343559642 8.121320343559644 16
      vertex -6.380880449381417 9.54966245142379 16
    endloop
  endfacet
  facet normal 0 0 0
    outer loop
      vertex -8.853146665122814 8.853146665122816 13.333333333333336
      vertex -10.410199168158229 6.955872700648582 13.333333333333336
      vertex -9.54966245142379 6.3808804493814195 16
    endloop
  endfacet
  facet normal 0 0 0
    outer loop
      vertex -8.853146665122814 8.853146665122816 13.333333333333336
      vertex -9.54966245142379 6.3808804493814195 16
      vertex -8.121320343559642 8.121320343559644 16
    endloop
  endfacet
  facet normal 0 0 0
    outer loop
      vertex -10.410199168158229 6.955872700648582 13.333333333333336
      vertex -11.56719355526827 4.791288449186778 13.333333333333336
      vertex -10.61101638679212 4.395226897972453 16
    endloop
  endfacet
  facet normal 0 0 0
    outer loop
      vertex -10.410199168158229 6.955872700648582 13.333333333333336
      vertex -10.61101638679212 4.395226897972453 16
      vertex -9.54966245142379 6.3808804493814195 16
    endloop
  endfacet
  facet normal 0 0 0
    outer loop
      vertex -11.56719355526827 4.791288449186778 13.333333333333336
      vertex -12.279667181006236 2.4425776696082457 13.333333333333336
      vertex -11.264594913142577 2.240667241746047 16
    endloop
  endfacet
  facet normal 0 0 0
    outer loop
      vertex -11.56719355526827 4.791288449186778 13.333333333333336
      vertex -11.264594913142577 2.240667241746047 16
      vertex -10.61101638679212 4.395226897972453 16
    endloop
  endfacet
  facet normal 0 0 0
    outer loop
      vertex -12.279667181006236 2.4425776696082457 13.333333333333336
      vertex -12.520240083494823 1.5332871942808324e-15 13.333333333333336
      vertex -11.485281374238571 1.406541307226798e-15 16
    endloop
  endfacet
  facet normal 0 0 0
    outer loop
      vertex -12.279667181006236 2.4425776696082457 13.333333333333336
      vertex -11.485281374238571 1.406541307226798e-15 16
      vertex -11.264594913142577 2.240667241746047 16
    endloop
  endfacet
  facet normal 0 0 0
    outer loop
      vertex -12.520240083494823 1.5332871942808324e-15 13.333333333333336
      vertex -12.279667181006236 -2.4425776696082426 13.333333333333336
      vertex -11.264594913142577 -2.2406672417460443 16
    endloop
  endfacet
  facet normal 0 0 0
    outer loop
      vertex -12.520240083494823 1.5332871942808324e-15 13.333333333333336
      vertex -11.264594913142577 -2.2406672417460443 16
      vertex -11.485281374238571 1.406541307226798e-15 16
    endloop
  endfacet
  facet normal 0 0 0
    outer loop
      vertex -12.279667181006236 -2.4425776696082426 13.333333333333336
      vertex -11.567193555268272 -4.791288449186775 13.333333333333336
      vertex -10.611016386792121 -4.39522689797245 16
    endloop
  endfacet
  facet normal 0 0 0
    outer loop
      vertex -12.279667181006236 -2.4425776696082426 13.333333333333336
      vertex -10.611016386792121 -4.39522689797245 16
      vertex -11.264594913142577 -2.2406672417460443 16
    endloop
  endfacet
  facet normal 0 0 0
    outer loop
      vertex -11.567193555268272 -4.791288449186775 13.333333333333336
      vertex -10.410199168158229 -6.955872700648579 13.333333333333336
      vertex -9.549662451423792 -6.380880449381417 16
    endloop
  endfacet
  facet normal 0 0 0
    outer loop
      vertex -11.567193555268272 -4.791288449186775 13.333333333333336
      vertex -9.549662451423792 -6.380880449381417 16
      vertex -10.611016386792121 -4.39522689797245 16
    endloop
  endfacet
  facet normal 0 0 0
    outer loop
      vertex -10.410199168158229 -6.955872700648579 13.333333333333336
      vertex -8.853146665122818 -8.853146665122814 13.333333333333336
      vertex -8.121320343559645 -8.121320343559642 16
    endloop
  endfacet
  facet normal 0 0 0
    outer loop
      vertex -10.410199168158229 -6.955872700648579 13.333333333333336
      vertex -8.121320343559645 -8.121320343559642 16
      vertex -9.549662451423792 -6.380880449381417 16
    endloop
  endfacet
  facet normal 0 0 0
    outer loop
      vertex -8.853146665122818 -8.853146665122814 13.333333333333336
      vertex -6.955872700648582 -10.410199168158227 13.333333333333336
      vertex -6.3808804493814195 -9.549662451423789 16
    endloop
  endfacet
  facet normal 0 0 0
    outer loop
      vertex -8.853146665122818 -8.853146665122814 13.333333333333336
      vertex -6.3808804493814195 -9.549662451423789 16
      vertex -8.121320343559645 -8.121320343559642 16
    endloop
  endfacet
  facet normal 0 0 0
    outer loop
      vertex -6.955872700648582 -10.410199168158227 13.333333333333336
      vertex -4.791288449186784 -11.567193555268268 13.333333333333336
      vertex -4.395226897972458 -10.611016386792118 16
    endloop
  endfacet
  facet normal 0 0 0
    outer loop
      vertex -6.955872700648582 -10.410199168158227 13.333333333333336
      vertex -4.395226897972458 -10.611016386792118 16
      vertex -6.3808804493814195 -9.549662451423789 16
    endloop
  endfacet
  facet normal 0 0 0
    outer loop
      vertex -4.791288449186784 -11.567193555268268 13.333333333333336
      vertex -2.4425776696082466 -12.279667181006234 13.333333333333336
      vertex -2.240667241746048 -11.264594913142576 16
    endloop
  endfacet
  facet normal 0 0 0
    outer loop
      vertex -4.791288449186784 -11.567193555268268 13.333333333333336
      vertex -2.240667241746048 -11.264594913142576 16
      vertex -4.395226897972458 -10.611016386792118 16
    endloop
  endfacet
  facet normal 0 0 0
    outer loop
      vertex -2.4425776696082466 -12.279667181006234 13.333333333333336
      vertex -2.2999307914212486e-15 -12.520240083494823 13.333333333333336
      vertex -2.109811960840197e-15 -11.485281374238571 16
    endloop
  endfacet
  facet normal 0 0 0
    outer loop
      vertex -2.4425776696082466 -12.279667181006234 13.333333333333336
      vertex -2.109811960840197e-15 -11.485281374238571 16
      vertex -2.240667241746048 -11.264594913142576 16
    endloop
  endfacet
  facet normal 0 0 0
    outer loop
      vertex -2.2999307914212486e-15 -12.520240083494823 13.333333333333336
      vertex 2.442577669608242 -12.279667181006236 13.333333333333336
      vertex 2.2406672417460434 -11.264594913142577 16
    endloop
  endfacet
  facet normal 0 0 0
    outer loop
      vertex -2.2999307914212486e-15 -12.520240083494823 13.333333333333336
      vertex 2.2406672417460434 -11.264594913142577 16
      vertex -2.109811960840197e-15 -11.485281374238571 16
    endloop
  endfacet
  facet normal 0 0 0
    outer loop
      vertex 2.442577669608242 -12.279667181006236 13.333333333333336
      vertex 4.79128844918678 -11.56719355526827 13.333333333333336
      vertex 4.395226897972455 -10.61101638679212 16
    endloop
  endfacet
  facet normal 0 0 0
    outer loop
      vertex 2.442577669608242 -12.279667181006236 13.333333333333336
      vertex 4.395226897972455 -10.61101638679212 16
      vertex 2.2406672417460434 -11.264594913142577 16
    endloop
  endfacet
  facet normal 0 0 0
    outer loop
      vertex 4.79128844918678 -11.56719355526827 13.333333333333336
      vertex 6.955872700648578 -10.410199168158229 13.333333333333336
      vertex 6.380880449381416 -9.549662451423792 16
    endloop
  endfacet
  facet normal 0 0 0
    outer loop
      vertex 4.79128844918678 -11.56719355526827 13.333333333333336
      vertex 6.380880449381416 -9.549662451423792 16
      vertex 4.395226897972455 -10.61101638679212 16
    endloop
  endfacet
  facet normal 0 0 0
    outer loop
      vertex 6.955872700648578 -10.410199168158229 13.333333333333336
      vertex 8.853146665122813 -8.853146665122818 13.333333333333336
      vertex 8.121320343559642 -8.121320343559645 16
    endloop
  endfacet
  facet normal 0 0 0
    outer loop
      vertex 6.955872700648578 -10.410199168158229 13.333333333333336
      vertex 8.121320343559642 -8.121320343559645 16
      vertex 6.380880449381416 -9.549662451423792 16
    endloop
  endfacet
  facet normal 0 0 0
    outer loop
      vertex 8.853146665122813 -8.853146665122818 13.333333333333336
      vertex 10.410199168158227 -6.955872700648582 13.333333333333336
      vertex 9.549662451423789 -6.3808804493814195 16
    endloop
  endfacet
  facet normal 0 0 0
    outer loop
      vertex 8.853146665122813 -8.853146665122818 13.333333333333336
      vertex 9.549662451423789 -6.3808804493814195 16
      vertex 8.121320343559642 -8.121320343559645 16
    endloop
  endfacet
  facet normal 0 0 0
    outer loop
      vertex 10.410199168158227 -6.955872700648582 13.333333333333336
      vertex 11.567193555268268 -4.791288449186784 13.333333333333336
      vertex 10.611016386792118 -4.395226897972459 16
    endloop
  endfacet
  facet normal 0 0 0
    outer loop
      vertex 10.410199168158227 -6.955872700648582 13.333333333333336
      vertex 10.611016386792118 -4.395226897972459 16
      vertex 9.549662451423789 -6.3808804493814195 16
    endloop
  endfacet
  facet normal 0 0 0
    outer loop
      vertex 11.567193555268268 -4.791288449186784 13.333333333333336
      vertex 12.279667181006234 -2.4425776696082475 13.333333333333336
      vertex 11.264594913142576 -2.2406672417460483 16
    endloop
  endfacet
  facet normal 0 0 0
    outer loop
      vertex 11.567193555268268 -4.791288449186784 13.333333333333336
      vertex 11.264594913142576 -2.2406672417460483 16
      vertex 10.611016386792118 -4.395226897972459 16
    endloop
  endfacet
  facet normal 0 0 0
    outer loop
      vertex 12.279667181006234 -2.4425776696082475 13.333333333333336
      vertex 12.520240083494823 0 13.333333333333336
      vertex 11.485281374238571 0 16
    endloop
  endfacet
  facet normal 0 0 0
    outer loop
      vertex 12.279667181006234 -2.4425776696082475 13.333333333333336
      vertex 11.485281374238571 0 16
      vertex 11.264594913142576 -2.2406672417460483 16
    endloop
  endfacet
  facet normal 0 0 0
    outer loop
      vertex 11.485281374238571 0 16
      vertex 11.264594913142577 2.240667241746043 16
      vertex 10.107126827397567 2.0104325246441017 18.666666666666664
    endloop
  endfacet
  facet normal 0 0 0
    outer loop
      vertex 11.485281374238571 0 16
      vertex 10.107126827397567 2.0104325246441017 18.666666666666664
      vertex 10.30513714810465 0 18.666666666666664
    endloop
  endfacet
  facet normal 0 0 0
    outer loop
      vertex 11.264594913142577 2.240667241746043 16
      vertex 10.61101638679212 4.395226897972452 16
      vertex 9.52070529085562 3.9436052548296803 18.666666666666664
    endloop
  endfacet
  facet normal 0 0 0
    outer loop
      vertex 11.264594913142577 2.240667241746043 16
      vertex 9.52070529085562 3.9436052548296803 18.666666666666664
      vertex 10.107126827397567 2.0104325246441017 18.666666666666664
    endloop
  endfacet
  facet normal 0 0 0
    outer loop
      vertex 10.61101638679212 4.395226897972452 16
      vertex 9.549662451423789 6.3808804493814195 16
      vertex 8.56840838925913 5.725227446671459 18.666666666666664
    endloop
  endfacet
  facet normal 0 0 0
    outer loop
      vertex 10.61101638679212 4.395226897972452 16
      vertex 8.56840838925913 5.725227446671459 18.666666666666664
      vertex 9.52070529085562 3.9436052548296803 18.666666666666664
    endloop
  endfacet
  facet normal 0 0 0
    outer loop
      vertex 9.549662451423789 6.3808804493814195 16
      vertex 8.121320343559644 8.121320343559642 16
      vertex 7.286832358482198 7.286832358482197 18.666666666666664
    endloop
  endfacet
  facet normal 0 0 0
    outer loop
      vertex 9.549662451423789 6.3808804493814195 16
      vertex 7.286832358482198 7.286832358482197 18.666666666666664
      vertex 8.56840838925913 5.725227446671459 18.666666666666664
    endloop
  endfacet
  facet normal 0 0 0
    outer loop
      vertex 8.121320343559644 8.121320343559642 16
      vertex 6.380880449381421 9.549662451423789 16
      vertex 5.72522744667146 8.56840838925913 18.666666666666664
    endloop
  endfacet
  facet normal 0 0 0
    outer loop
      vertex 8.121320343559644 8.121320343559642 16
      vertex 5.72522744667146 8.56840838925913 18.666666666666664
      vertex 7.286832358482198 7.286832358482197 18.666666666666664
    endloop
  endfacet
  facet normal 0 0 0
    outer loop
      vertex 6.380880449381421 9.549662451423789 16
      vertex 4.395226897972452 10.61101638679212 16
      vertex 3.9436052548296807 9.52070529085562 18.666666666666664
    endloop
  endfacet
  facet normal 0 0 0
    outer loop
      vertex 6.380880449381421 9.549662451423789 16
      vertex 3.9436052548296807 9.52070529085562 18.666666666666664
      vertex 5.72522744667146 8.56840838925913 18.666666666666664
    endloop
  endfacet
  facet normal 0 0 0
    outer loop
      vertex 4.395226897972452 10.61101638679212 16
      vertex 2.240667241746044 11.264594913142577 16
      vertex 2.0104325246441026 10.107126827397567 18.666666666666664
    endloop
  endfacet
  facet normal 0 0 0
    outer loop
      vertex 4.395226897972452 10.61101638679212 16
      vertex 2.0104325246441026 10.107126827397567 18.666666666666664
      vertex 3.9436052548296807 9.52070529085562 18.666666666666664
    endloop
  endfacet
  facet normal 0 0 0
    outer loop
      vertex 2.240667241746044 11.264594913142577 16
      vertex 7.03270653613399e-16 11.485281374238571 16
      vertex 6.310076611600422e-16 10.30513714810465 18.666666666666664
    endloop
  endfacet
  facet normal 0 0 0
    outer loop
      vertex 2.240667241746044 11.264594913142577 16
      vertex 6.310076611600422e-16 10.30513714810465 18.666666666666664
      vertex 2.0104325246441026 10.107126827397567 18.666666666666664
    endloop
  endfacet
  facet normal 0 0 0
    outer loop
      vertex 7.03270653613399e-16 11.485281374238571 16
      vertex -2.240667241746042 11.264594913142577 16
      vertex -2.0104325246441013 10.107126827397567 18.666666666666664
    endloop
  endfacet
  facet normal 0 0 0
    outer loop
      vertex 7.03270653613399e-16 11.485281374238571 16
      vertex -2.0104325246441013 10.107126827397567 18.666666666666664
      vertex 6.310076611600422e-16 10.30513714810465 18.666666666666664
    endloop
  endfacet
  facet normal 0 0 0
    outer loop
      vertex -2.240667241746042 11.264594913142577 16
      vertex -4.395226897972451 10.61101638679212 16
      vertex -3.94360525482968 9.52070529085562 18.666666666666664
    endloop
  endfacet
  facet normal 0 0 0
    outer loop
      vertex -2.240667241746042 11.264594913142577 16
      vertex -3.94360525482968 9.52070529085562 18.666666666666664
      vertex -2.0104325246441013 10.107126827397567 18.666666666666664
    endloop
  endfacet
  facet normal 0 0 0
    outer loop
      vertex -4.395226897972451 10.61101638679212 16
      vertex -6.380880449381417 9.54966245142379 16
      vertex -5.725227446671457 8.568408389259131 18.666666666666664
    endloop
  endfacet
  facet normal 0 0 0
    outer loop
      vertex -4.395226897972451 10.61101638679212 16
      vertex -5.725227446671457 8.568408389259131 18.666666666666664
      vertex -3.94360525482968 9.52070529085562 18.666666666666664
    endloop
  endfacet
  facet normal 0 0 0
    outer loop
      vertex -6.380880449381417 9.54966245142379 16
      vertex -8.121320343559642 8.121320343559644 16
      vertex -7.286832358482197 7.286832358482198 18.666666666666664
    endloop
  endfacet
  facet normal 0 0 0
    outer loop
      vertex -6.380880449381417 9.54966245142379 16
      vertex -7.286832358482197 7.286832358482198 18.666666666666664
      vertex -5.725227446671457 8.568408389259131 18.666666666666664
    endloop
  endfacet
  facet normal 0 0 0
    outer loop
      vertex -8.121320343559642 8.121320343559644 16
      vertex -9.54966245142379 6.3808804493814195 16
      vertex -8.568408389259131 5.725227446671459 18.666666666666664
    endloop
  endfacet
  facet normal 0 0 0
    outer loop
      vertex -8.121320343559642 8.121320343559644 16
      vertex -8.568408389259131 5.725227446671459 18.666666666666664
      vertex -7.286832358482197 7.286832358482198 18.666666666666664
    endloop
  endfacet
  facet normal 0 0 0
    outer loop
      vertex -9.54966245142379 6.3808804493814195 16
      vertex -10.61101638679212 4.395226897972453 16
      vertex -9.52070529085562 3.943605254829681 18.666666666666664
    endloop
  endfacet
  facet normal 0 0 0
    outer loop
      vertex -9.54966245142379 6.3808804493814195 16
      vertex -9.52070529085562 3.943605254829681 18.666666666666664
      vertex -8.568408389259131 5.725227446671459 18.666666666666664
    endloop
  endfacet
  facet normal 0 0 0
    outer loop
      vertex -10.61101638679212 4.395226897972453 16
      vertex -11.264594913142577 2.240667241746047 16
      vertex -10.107126827397567 2.0104325246441053 18.666666666666664
    endloop
  endfacet
  facet normal 0 0 0
    outer loop
      vertex -10.61101638679212 4.395226897972453 16
      vertex -10.107126827397567 2.0104325246441053 18.666666666666664
      vertex -9.52070529085562 3.943605254829681 18.666666666666664
    endloop
  endfacet
  facet normal 0 0 0
    outer loop
      vertex -11.264594913142577 2.240667241746047 16
      vertex -11.485281374238571 1.406541307226798e-15 16
      vertex -10.30513714810465 1.2620153223200845e-15 18.666666666666664
    endloop
  endfacet
  facet normal 0 0 0
    outer loop
      vertex -11.264594913142577 2.240667241746047 16
      vertex -10.30513714810465 1.2620153223200845e-15 18.666666666666664
      vertex -10.107126827397567 2.0104325246441053 18.666666666666664
    endloop
  endfacet
  facet normal 0 0 0
    outer loop
      vertex -11.485281374238571 1.406541307226798e-15 16
      vertex -11.264594913142577 -2.2406672417460443 16
      vertex -10.107126827397567 -2.010432524644103 18.666666666666664
    endloop
  endfacet
  facet normal 0 0 0
    outer loop
      vertex -11.485281374238571 1.406541307226798e-15 16
      vertex -10.107126827397567 -2.010432524644103 18.666666666666664
      vertex -10.30513714810465 1.2620153223200845e-15 18.666666666666664
    endloop
  endfacet
  facet normal 0 0 0
    outer loop
      vertex -11.264594913142577 -2.2406672417460443 16
      vertex -10.611016386792121 -4.39522689797245 16
      vertex -9.52070529085562 -3.9436052548296785 18.666666666666664
    endloop
  endfacet
  facet normal 0 0 0
    outer loop
      vertex -11.264594913142577 -2.2406672417460443 16
      vertex -9.52070529085562 -3.9436052548296785 18.666666666666664
      vertex -10.107126827397567 -2.010432524644103 18.666666666666664
    endloop
  endfacet
  facet normal 0 0 0
    outer loop
      vertex -10.611016386792121 -4.39522689797245 16
      vertex -9.549662451423792 -6.380880449381417 16
      vertex -8.568408389259133 -5.725227446671457 18.666666666666664
    endloop
  endfacet
  facet normal 0 0 0
    outer loop
      vertex -10.611016386792121 -4.39522689797245 16
      vertex -8.568408389259133 -5.725227446671457 18.666666666666664
      vertex -9.52070529085562 -3.9436052548296785 18.666666666666664
    endloop
  endfacet
  facet normal 0 0 0
    outer loop
      vertex -9.549662451423792 -6.380880449381417 16
      vertex -8.121320343559645 -8.121320343559642 16
      vertex -7.286832358482199 -7.286832358482197 18.666666666666664
    endloop
  endfacet
  facet normal 0 0 0
    outer loop
      vertex -9.549662451423792 -6.380880449381417 16
      vertex -7.286832358482199 -7.286832358482197 18.666666666666664
      vertex -8.568408389259133 -5.725227446671457 18.666666666666664
    endloop
  endfacet
  facet normal 0 0 0
    outer loop
      vertex -8.121320343559645 -8.121320343559642 16
      vertex -6.3808804493814195 -9.549662451423789 16
      vertex -5.725227446671459 -8.56840838925913 18.666666666666664
    endloop
  endfacet
  facet normal 0 0 0
    outer loop
      vertex -8.121320343559645 -8.121320343559642 16
      vertex -5.725227446671459 -8.56840838925913 18.666666666666664
      vertex -7.286832358482199 -7.286832358482197 18.666666666666664
    endloop
  endfacet
  facet normal 0 0 0
    outer loop
      vertex -6.3808804493814195 -9.549662451423789 16
      vertex -4.395226897972458 -10.611016386792118 16
      vertex -3.943605254829686 -9.520705290855616 18.666666666666664
    endloop
  endfacet
  facet normal 0 0 0
    outer loop
      vertex -6.3808804493814195 -9.549662451423789 16
      vertex -3.943605254829686 -9.520705290855616 18.666666666666664
      vertex -5.725227446671459 -8.56840838925913 18.666666666666664
    endloop
  endfacet
  facet normal 0 0 0
    outer loop
      vertex -4.395226897972458 -10.611016386792118 16
      vertex -2.240667241746048 -11.264594913142576 16
      vertex -2.010432524644106 -10.107126827397565 18.666666666666664
    endloop
  endfacet
  facet normal 0 0 0
    outer loop
      vertex -4.395226897972458 -10.611016386792118 16
      vertex -2.010432524644106 -10.107126827397565 18.666666666666664
      vertex -3.943605254829686 -9.520705290855616 18.666666666666664
    endloop
  endfacet
  facet normal 0 0 0
    outer loop
      vertex -2.240667241746048 -11.264594913142576 16
      vertex -2.109811960840197e-15 -11.485281374238571 16
      vertex -1.8930229834801265e-15 -10.30513714810465 18.666666666666664
    endloop
  endfacet
  facet normal 0 0 0
    outer loop
      vertex -2.240667241746048 -11.264594913142576 16
      vertex -1.8930229834801265e-15 -10.30513714810465 18.666666666666664
      vertex -2.010432524644106 -10.107126827397565 18.666666666666664
    endloop
  endfacet
  facet normal 0 0 0
    outer loop
      vertex -2.109811960840197e-15 -11.485281374238571 16
      vertex 2.2406672417460434 -11.264594913142577 16
      vertex 2.010432524644102 -10.107126827397567 18.666666666666664
    endloop
  endfacet
  facet normal 0 0 0
    outer loop
      vertex -2.109811960840197e-15 -11.485281374238571 16
      vertex 2.010432524644102 -10.107126827397567 18.666666666666664
      vertex -1.8930229834801265e-15 -10.30513714810465 18.666666666666664
    endloop
  endfacet
  facet normal 0 0 0
    outer loop
      vertex 2.2406672417460434 -11.264594913142577 16
      vertex 4.395226897972455 -10.61101638679212 16
      vertex 3.9436052548296825 -9.520705290855618 18.666666666666664
    endloop
  endfacet
  facet normal 0 0 0
    outer loop
      vertex 2.2406672417460434 -11.264594913142577 16
      vertex 3.9436052548296825 -9.520705290855618 18.666666666666664
      vertex 2.010432524644102 -10.107126827397567 18.666666666666664
    endloop
  endfacet
  facet normal 0 0 0
    outer loop
      vertex 4.395226897972455 -10.61101638679212 16
      vertex 6.380880449381416 -9.549662451423792 16
      vertex 5.725227446671456 -8.568408389259133 18.666666666666664
    endloop
  endfacet
  facet normal 0 0 0
    outer loop
      vertex 4.395226897972455 -10.61101638679212 16
      vertex 5.725227446671456 -8.568408389259133 18.666666666666664
      vertex 3.9436052548296825 -9.520705290855618 18.666666666666664
    endloop
  endfacet
  facet normal 0 0 0
    outer loop
      vertex 6.380880449381416 -9.549662451423792 16
      vertex 8.121320343559642 -8.121320343559645 16
      vertex 7.2868323584821955 -7.286832358482199 18.666666666666664
    endloop
  endfacet
  facet normal 0 0 0
    outer loop
      vertex 6.380880449381416 -9.549662451423792 16
      vertex 7.2868323584821955 -7.286832358482199 18.666666666666664
      vertex 5.725227446671456 -8.568408389259133 18.666666666666664
    endloop
  endfacet
  facet normal 0 0 0
    outer loop
      vertex 8.121320343559642 -8.121320343559645 16
      vertex 9.549662451423789 -6.3808804493814195 16
      vertex 8.56840838925913 -5.725227446671459 18.666666666666664
    endloop
  endfacet
  facet normal 0 0 0
    outer loop
      vertex 8.121320343559642 -8.121320343559645 16
      vertex 8.56840838925913 -5.725227446671459 18.666666666666664
      vertex 7.2868323584821955 -7.286832358482199 18.666666666666664
    endloop
  endfacet
  facet normal 0 0 0
    outer loop
      vertex 9.549662451423789 -6.3808804493814195 16
      vertex 10.611016386792118 -4.395226897972459 16
      vertex 9.520705290855616 -3.9436052548296865 18.666666666666664
    endloop
  endfacet
  facet normal 0 0 0
    outer loop
      vertex 9.549662451423789 -6.3808804493814195 16
      vertex 9.520705290855616 -3.9436052548296865 18.666666666666664
      vertex 8.56840838925913 -5.725227446671459 18.666666666666664
    endloop
  endfacet
  facet normal 0 0 0
    outer loop
      vertex 10.611016386792118 -4.395226897972459 16
      vertex 11.264594913142576 -2.2406672417460483 16
      vertex 10.107126827397565 -2.0104325246441066 18.666666666666664
    endloop
  endfacet
  facet normal 0 0 0
    outer loop
      vertex 10.611016386792118 -4.395226897972459 16
      vertex 10.107126827397565 -2.0104325246441066 18.666666666666664
      vertex 9.520705290855616 -3.9436052548296865 18.666666666666664
    endloop
  endfacet
  facet normal 0 0 0
    outer loop
      vertex 11.264594913142576 -2.2406672417460483 16
      vertex 11.485281374238571 0 16
      vertex 10.30513714810465 0 18.666666666666664
    endloop
  endfacet
  facet normal 0 0 0
    outer loop
      vertex 11.264594913142576 -2.2406672417460483 16
      vertex 10.30513714810465 0 18.666666666666664
      vertex 10.107126827397565 -2.0104325246441066 18.666666666666664
    endloop
  endfacet
  facet normal 0 0 0
    outer loop
      vertex 10.30513714810465 0 18.666666666666664
      vertex 10.107126827397567 2.0104325246441017 18.666666666666664
      vertex 8.827067523629074 1.7558128981451542 21.333333333333336
    endloop
  endfacet
  facet normal 0 0 0
    outer loop
      vertex 10.30513714810465 0 18.666666666666664
      vertex 8.827067523629074 1.7558128981451542 21.333333333333336
      vertex 9 0 21.333333333333336
    endloop
  endfacet
  facet normal 0 0 0
    outer loop
      vertex 10.107126827397567 2.0104325246441017 18.666666666666664
      vertex 9.52070529085562 3.9436052548296803 18.666666666666664
      vertex 8.31491579260158 3.444150891285808 21.333333333333336
    endloop
  endfacet
  facet normal 0 0 0
    outer loop
      vertex 10.107126827397567 2.0104325246441017 18.666666666666664
      vertex 8.31491579260158 3.444150891285808 21.333333333333336
      vertex 8.827067523629074 1.7558128981451542 21.333333333333336
    endloop
  endfacet
  facet normal 0 0 0
    outer loop
      vertex 9.52070529085562 3.9436052548296803 18.666666666666664
      vertex 8.56840838925913 5.725227446671459 18.666666666666664
      vertex 7.483226510722907 5.00013209717642 21.333333333333336
    endloop
  endfacet
  facet normal 0 0 0
    outer loop
      vertex 9.52070529085562 3.9436052548296803 18.666666666666664
      vertex 7.483226510722907 5.00013209717642 21.333333333333336
      vertex 8.31491579260158 3.444150891285808 21.333333333333336
    endloop
  endfacet
  facet normal 0 0 0
    outer loop
      vertex 8.56840838925913 5.725227446671459 18.666666666666664
      vertex 7.286832358482198 7.286832358482197 18.666666666666664
      vertex 6.3639610306789285 6.363961030678928 21.333333333333336
    endloop
  endfacet
  facet normal 0 0 0
    outer loop
      vertex 8.56840838925913 5.725227446671459 18.666666666666664
      vertex 6.3639610306789285 6.363961030678928 21.333333333333336
      vertex 7.483226510722907 5.00013209717642 21.333333333333336
    endloop
  endfacet
  facet normal 0 0 0
    outer loop
      vertex 7.286832358482198 7.286832358482197 18.666666666666664
      vertex 5.72522744667146 8.56840838925913 18.666666666666664
      vertex 5.0001320971764205 7.483226510722907 21.333333333333336
    endloop
  endfacet
  facet normal 0 0 0
    outer loop
      vertex 7.286832358482198 7.286832358482197 18.666666666666664
      vertex 5.0001320971764205 7.483226510722907 21.333333333333336
      vertex 6.3639610306789285 6.363961030678928 21.333333333333336
    endloop
  endfacet
  facet normal 0 0 0
    outer loop
      vertex 5.72522744667146 8.56840838925913 18.666666666666664
      vertex 3.9436052548296807 9.52070529085562 18.666666666666664
      vertex 3.4441508912858083 8.31491579260158 21.333333333333336
    endloop
  endfacet
  facet normal 0 0 0
    outer loop
      vertex 5.72522744667146 8.56840838925913 18.666666666666664
      vertex 3.4441508912858083 8.31491579260158 21.333333333333336
      vertex 5.0001320971764205 7.483226510722907 21.333333333333336
    endloop
  endfacet
  facet normal 0 0 0
    outer loop
      vertex 3.9436052548296807 9.52070529085562 18.666666666666664
      vertex 2.0104325246441026 10.107126827397567 18.666666666666664
      vertex 1.755812898145155 8.827067523629074 21.333333333333336
    endloop
  endfacet
  facet normal 0 0 0
    outer loop
      vertex 3.9436052548296807 9.52070529085562 18.666666666666664
      vertex 1.755812898145155 8.827067523629074 21.333333333333336
      vertex 3.4441508912858083 8.31491579260158 21.333333333333336
    endloop
  endfacet
  facet normal 0 0 0
    outer loop
      vertex 2.0104325246441026 10.107126827397567 18.666666666666664
      vertex 6.310076611600422e-16 10.30513714810465 18.666666666666664
      vertex 5.51091059616309e-16 9 21.333333333333336
    endloop
  endfacet
  facet normal 0 0 0
    outer loop
      vertex 2.0104325246441026 10.107126827397567 18.666666666666664
      vertex 5.51091059616309e-16 9 21.333333333333336
      vertex 1.755812898145155 8.827067523629074 21.333333333333336
    endloop
  endfacet
  facet normal 0 0 0
    outer loop
      vertex 6.310076611600422e-16 10.30513714810465 18.666666666666664
      vertex -2.0104325246441013 10.107126827397567 18.666666666666664
      vertex -1.7558128981451537 8.827067523629074 21.333333333333336
    endloop
  endfacet
  facet normal 0 0 0
    outer loop
      vertex 6.310076611600422e-16 10.30513714810465 18.666666666666664
      vertex -1.7558128981451537 8.827067523629074 21.333333333333336
      vertex 5.51091059616309e-16 9 21.333333333333336
    endloop
  endfacet
  facet normal 0 0 0
    outer loop
      vertex -2.0104325246441013 10.107126827397567 18.666666666666664
      vertex -3.94360525482968 9.52070529085562 18.666666666666664
      vertex -3.4441508912858074 8.31491579260158 21.333333333333336
    endloop
  endfacet
  facet normal 0 0 0
    outer loop
      vertex -2.0104325246441013 10.107126827397567 18.666666666666664
      vertex -3.4441508912858074 8.31491579260158 21.333333333333336
      vertex -1.7558128981451537 8.827067523629074 21.333333333333336
    endloop
  endfacet
  facet normal 0 0 0
    outer loop
      vertex -3.94360525482968 9.52070529085562 18.666666666666664
      vertex -5.725227446671457 8.568408389259131 18.666666666666664
      vertex -5.000132097176418 7.483226510722908 21.333333333333336
    endloop
  endfacet
  facet normal 0 0 0
    outer loop
      vertex -3.94360525482968 9.52070529085562 18.666666666666664
      vertex -5.000132097176418 7.483226510722908 21.333333333333336
      vertex -3.4441508912858074 8.31491579260158 21.333333333333336
    endloop
  endfacet
  facet normal 0 0 0
    outer loop
      vertex -5.725227446671457 8.568408389259131 18.666666666666664
      vertex -7.286832358482197 7.286832358482198 18.666666666666664
      vertex -6.363961030678928 6.3639610306789285 21.333333333333336
    endloop
  endfacet
  facet normal 0 0 0
    outer loop
      vertex -5.725227446671457 8.568408389259131 18.666666666666664
      vertex -6.363961030678928 6.3639610306789285 21.333333333333336
      vertex -5.000132097176418 7.483226510722908 21.333333333333336
    endloop
  endfacet
  facet normal 0 0 0
    outer loop
      vertex -7.286832358482197 7.286832358482198 18.666666666666664
      vertex -8.568408389259131 5.725227446671459 18.666666666666664
      vertex -7.483226510722908 5.00013209717642 21.333333333333336
    endloop
  endfacet
  facet normal 0 0 0
    outer loop
      vertex -7.286832358482197 7.286832358482198 18.666666666666664
      vertex -7.483226510722908 5.00013209717642 21.333333333333336
      vertex -6.363961030678928 6.3639610306789285 21.333333333333336
    endloop
  endfacet
  facet normal 0 0 0
    outer loop
      vertex -8.568408389259131 5.725227446671459 18.666666666666664
      vertex -9.52070529085562 3.943605254829681 18.666666666666664
      vertex -8.31491579260158 3.444150891285809 21.333333333333336
    endloop
  endfacet
  facet normal 0 0 0
    outer loop
      vertex -8.568408389259131 5.725227446671459 18.666666666666664
      vertex -8.31491579260158 3.444150891285809 21.333333333333336
      vertex -7.483226510722908 5.00013209717642 21.333333333333336
    endloop
  endfacet
  facet normal 0 0 0
    outer loop
      vertex -9.52070529085562 3.943605254829681 18.666666666666664
      vertex -10.107126827397567 2.0104325246441053 18.666666666666664
      vertex -8.827067523629074 1.7558128981451575 21.333333333333336
    endloop
  endfacet
  facet normal 0 0 0
    outer loop
      vertex -9.52070529085562 3.943605254829681 18.666666666666664
      vertex -8.827067523629074 1.7558128981451575 21.333333333333336
      vertex -8.31491579260158 3.444150891285809 21.333333333333336
    endloop
  endfacet
  facet normal 0 0 0
    outer loop
      vertex -10.107126827397567 2.0104325246441053 18.666666666666664
      vertex -10.30513714810465 1.2620153223200845e-15 18.666666666666664
      vertex -9 1.102182119232618e-15 21.333333333333336
    endloop
  endfacet
  facet normal 0 0 0
    outer loop
      vertex -10.107126827397567 2.0104325246441053 18.666666666666664
      vertex -9 1.102182119232618e-15 21.333333333333336
      vertex -8.827067523629074 1.7558128981451575 21.333333333333336
    endloop
  endfacet
  facet normal 0 0 0
    outer loop
      vertex -10.30513714810465 1.2620153223200845e-15 18.666666666666664
      vertex -10.107126827397567 -2.010432524644103 18.666666666666664
      vertex -8.827067523629074 -1.7558128981451553 21.333333333333336
    endloop
  endfacet
  facet normal 0 0 0
    outer loop
      vertex -10.30513714810465 1.2620153223200845e-15 18.666666666666664
      vertex -8.827067523629074 -1.7558128981451553 21.333333333333336
      vertex -9 1.102182119232618e-15 21.333333333333336
    endloop
  endfacet
  facet normal 0 0 0
    outer loop
      vertex -10.107126827397567 -2.010432524644103 18.666666666666664
      vertex -9.52070529085562 -3.9436052548296785 18.666666666666664
      vertex -8.314915792601582 -3.4441508912858065 21.333333333333336
    endloop
  endfacet
  facet normal 0 0 0
    outer loop
      vertex -10.107126827397567 -2.010432524644103 18.666666666666664
      vertex -8.314915792601582 -3.4441508912858065 21.333333333333336
      vertex -8.827067523629074 -1.7558128981451553 21.333333333333336
    endloop
  endfacet
  facet normal 0 0 0
    outer loop
      vertex -9.52070529085562 -3.9436052548296785 18.666666666666664
      vertex -8.568408389259133 -5.725227446671457 18.666666666666664
      vertex -7.4832265107229095 -5.000132097176418 21.333333333333336
    endloop
  endfacet
  facet normal 0 0 0
    outer loop
      vertex -9.52070529085562 -3.9436052548296785 18.666666666666664
      vertex -7.4832265107229095 -5.000132097176418 21.333333333333336
      vertex -8.314915792601582 -3.4441508912858065 21.333333333333336
    endloop
  endfacet
  facet normal 0 0 0
    outer loop
      vertex -8.568408389259133 -5.725227446671457 18.666666666666664
      vertex -7.286832358482199 -7.286832358482197 18.666666666666664
      vertex -6.363961030678929 -6.363961030678928 21.333333333333336
    endloop
  endfacet
  facet normal 0 0 0
    outer loop
      vertex -8.568408389259133 -5.725227446671457 18.666666666666664
      vertex -6.363961030678929 -6.363961030678928 21.333333333333336
      vertex -7.4832265107229095 -5.000132097176418 21.333333333333336
    endloop
  endfacet
  facet normal 0 0 0
    outer loop
      vertex -7.286832358482199 -7.286832358482197 18.666666666666664
      vertex -5.725227446671459 -8.56840838925913 18.666666666666664
      vertex -5.00013209717642 -7.483226510722907 21.333333333333336
    endloop
  endfacet
  facet normal 0 0 0
    outer loop
      vertex -7.286832358482199 -7.286832358482197 18.666666666666664
      vertex -5.00013209717642 -7.483226510722907 21.333333333333336
      vertex -6.363961030678929 -6.363961030678928 21.333333333333336
    endloop
  endfacet
  facet normal 0 0 0
    outer loop
      vertex -5.725227446671459 -8.56840838925913 18.666666666666664
      vertex -3.943605254829686 -9.520705290855616 18.666666666666664
      vertex -3.444150891285813 -8.314915792601578 21.333333333333336
    endloop
  endfacet
  facet normal 0 0 0
    outer loop
      vertex -5.725227446671459 -8.56840838925913 18.666666666666664
      vertex -3.444150891285813 -8.314915792601578 21.333333333333336
      vertex -5.00013209717642 -7.483226510722907 21.333333333333336
    endloop
  endfacet
  facet normal 0 0 0
    outer loop
      vertex -3.943605254829686 -9.520705290855616 18.666666666666664
      vertex -2.010432524644106 -10.107126827397565 18.666666666666664
      vertex -1.755812898145158 -8.827067523629072 21.333333333333336
    endloop
  endfacet
  facet normal 0 0 0
    outer loop
      vertex -3.943605254829686 -9.520705290855616 18.666666666666664
      vertex -1.755812898145158 -8.827067523629072 21.333333333333336
      vertex -3.444150891285813 -8.314915792601578 21.333333333333336
    endloop
  endfacet
  facet normal 0 0 0
    outer loop
      vertex -2.010432524644106 -10.107126827397565 18.666666666666664
      vertex -1.8930229834801265e-15 -10.30513714810465 18.666666666666664
      vertex -1.6532731788489267e-15 -9 21.333333333333336
    endloop
  endfacet
  facet normal 0 0 0
    outer loop
      vertex -2.010432524644106 -10.107126827397565 18.666666666666664
      vertex -1.6532731788489267e-15 -9 21.333333333333336
      vertex -1.755812898145158 -8.827067523629072 21.333333333333336
    endloop
  endfacet
  facet normal 0 0 0
    outer loop
      vertex -1.8930229834801265e-15 -10.30513714810465 18.666666666666664
      vertex 2.010432524644102 -10.107126827397567 18.666666666666664
      vertex 1.7558128981451548 -8.827067523629074 21.333333333333336
    endloop
  endfacet
  facet normal 0 0 0
    outer loop
      vertex -1.8930229834801265e-15 -10.30513714810465 18.666666666666664
      vertex 1.7558128981451548 -8.827067523629074 21.333333333333336
      vertex -1.6532731788489267e-15 -9 21.333333333333336
    endloop
  endfacet
  facet normal 0 0 0
    outer loop
      vertex 2.010432524644102 -10.107126827397567 18.666666666666664
      vertex 3.9436052548296825 -9.520705290855618 18.666666666666664
      vertex 3.44415089128581 -8.31491579260158 21.333333333333336
    endloop
  endfacet
  facet normal 0 0 0
    outer loop
      vertex 2.010432524644102 -10.107126827397567 18.666666666666664
      vertex 3.44415089128581 -8.31491579260158 21.333333333333336
      vertex 1.7558128981451548 -8.827067523629074 21.333333333333336
    endloop
  endfacet
  facet normal 0 0 0
    outer loop
      vertex 3.9436052548296825 -9.520705290855618 18.666666666666664
      vertex 5.725227446671456 -8.568408389259133 18.666666666666664
      vertex 5.000132097176417 -7.4832265107229095 21.333333333333336
    endloop
  endfacet
  facet normal 0 0 0
    outer loop
      vertex 3.9436052548296825 -9.520705290855618 18.666666666666664
      vertex 5.000132097176417 -7.4832265107229095 21.333333333333336
      vertex 3.44415089128581 -8.31491579260158 21.333333333333336
    endloop
  endfacet
  facet normal 0 0 0
    outer loop
      vertex 5.725227446671456 -8.568408389259133 18.666666666666664
      vertex 7.2868323584821955 -7.286832358482199 18.666666666666664
      vertex 6.363961030678926 -6.363961030678929 21.333333333333336
    endloop
  endfacet
  facet normal 0 0 0
    outer loop
      vertex 5.725227446671456 -8.568408389259133 18.666666666666664
      vertex 6.363961030678926 -6.363961030678929 21.333333333333336
      vertex 5.000132097176417 -7.4832265107229095 21.333333333333336
    endloop
  endfacet
  facet normal 0 0 0
    outer loop
      vertex 7.2868323584821955 -7.286832358482199 18.666666666666664
      vertex 8.56840838925913 -5.725227446671459 18.666666666666664
      vertex 7.483226510722907 -5.00013209717642 21.333333333333336
    endloop
  endfacet
  facet normal 0 0 0
    outer loop
      vertex 7.2868323584821955 -7.286832358482199 18.666666666666664
      vertex 7.483226510722907 -5.00013209717642 21.333333333333336
      vertex 6.363961030678926 -6.363961030678929 21.333333333333336
    endloop
  endfacet
  facet normal 0 0 0
    outer loop
      vertex 8.56840838925913 -5.725227446671459 18.666666666666664
      vertex 9.520705290855616 -3.9436052548296865 18.666666666666664
      vertex 8.314915792601578 -3.4441508912858136 21.333333333333336
    endloop
  endfacet
  facet normal 0 0 0
    outer loop
      vertex 8.56840838925913 -5.725227446671459 18.666666666666664
      vertex 8.314915792601578 -3.4441508912858136 21.333333333333336
      vertex 7.483226510722907 -5.00013209717642 21.333333333333336
    endloop
  endfacet
  facet normal 0 0 0
    outer loop
      vertex 9.520705290855616 -3.9436052548296865 18.666666666666664
      vertex 10.107126827397565 -2.0104325246441066 18.666666666666664
      vertex 8.827067523629072 -1.7558128981451584 21.333333333333336
    endloop
  endfacet
  facet normal 0 0 0
    outer loop
      vertex 9.520705290855616 -3.9436052548296865 18.666666666666664
      vertex 8.827067523629072 -1.7558128981451584 21.333333333333336
      vertex 8.314915792601578 -3.4441508912858136 21.333333333333336
    endloop
  endfacet
  facet normal 0 0 0
    outer loop
      vertex 10.107126827397565 -2.0104325246441066 18.666666666666664
      vertex 10.30513714810465 0 18.666666666666664
      vertex 9 0 21.333333333333336
    endloop
  endfacet
  facet normal 0 0 0
    outer loop
      vertex 10.107126827397565 -2.0104325246441066 18.666666666666664
      vertex 9 0 21.333333333333336
      vertex 8.827067523629072 -1.7558128981451584 21.333333333333336
    endloop
  endfacet
  facet normal 0 0 0
    outer loop
      vertex 9 0 21.333333333333336
      vertex 8.827067523629074 1.7558128981451542 21.333333333333336
      vertex 7.446319171424076 1.4811649746524962 24
    endloop
  endfacet
  facet normal 0 0 0
    outer loop
      vertex 9 0 21.333333333333336
      vertex 7.446319171424076 1.4811649746524962 24
      vertex 7.592201188381079 0 24
    endloop
  endfacet
  facet normal 0 0 0
    outer loop
      vertex 8.827067523629074 1.7558128981451542 21.333333333333336
      vertex 8.31491579260158 3.444150891285808 21.333333333333336
      vertex 7.0142792846531465 2.905409609975985 24
    endloop
  endfacet
  facet normal 0 0 0
    outer loop
      vertex 8.827067523629074 1.7558128981451542 21.333333333333336
      vertex 7.0142792846531465 2.905409609975985 24
      vertex 7.446319171424076 1.4811649746524962 24
    endloop
  endfacet
  facet normal 0 0 0
    outer loop
      vertex 8.31491579260158 3.444150891285808 21.333333333333336
      vertex 7.483226510722907 5.00013209717642 21.333333333333336
      vertex 6.312684578626139 4.218000983360577 24
    endloop
  endfacet
  facet normal 0 0 0
    outer loop
      vertex 8.31491579260158 3.444150891285808 21.333333333333336
      vertex 6.312684578626139 4.218000983360577 24
      vertex 7.0142792846531465 2.905409609975985 24
    endloop
  endfacet
  facet normal 0 0 0
    outer loop
      vertex 7.483226510722907 5.00013209717642 21.333333333333336
      vertex 6.3639610306789285 6.363961030678928 21.333333333333336
      vertex 5.368496944436826 5.368496944436825 24
    endloop
  endfacet
  facet normal 0 0 0
    outer loop
      vertex 7.483226510722907 5.00013209717642 21.333333333333336
      vertex 5.368496944436826 5.368496944436825 24
      vertex 6.312684578626139 4.218000983360577 24
    endloop
  endfacet
  facet normal 0 0 0
    outer loop
      vertex 6.3639610306789285 6.363961030678928 21.333333333333336
      vertex 5.0001320971764205 7.483226510722907 21.333333333333336
      vertex 4.218000983360578 6.312684578626139 24
    endloop
  endfacet
  facet normal 0 0 0
    outer loop
      vertex 6.3639610306789285 6.363961030678928 21.333333333333336
      vertex 4.218000983360578 6.312684578626139 24
      vertex 5.368496944436826 5.368496944436825 24
    endloop
  endfacet
  facet normal 0 0 0
    outer loop
      vertex 5.0001320971764205 7.483226510722907 21.333333333333336
      vertex 3.4441508912858083 8.31491579260158 21.333333333333336
      vertex 2.9054096099759854 7.0142792846531465 24
    endloop
  endfacet
  facet normal 0 0 0
    outer loop
      vertex 5.0001320971764205 7.483226510722907 21.333333333333336
      vertex 2.9054096099759854 7.0142792846531465 24
      vertex 4.218000983360578 6.312684578626139 24
    endloop
  endfacet
  facet normal 0 0 0
    outer loop
      vertex 3.4441508912858083 8.31491579260158 21.333333333333336
      vertex 1.755812898145155 8.827067523629074 21.333333333333336
      vertex 1.4811649746524969 7.446319171424076 24
    endloop
  endfacet
  facet normal 0 0 0
    outer loop
      vertex 3.4441508912858083 8.31491579260158 21.333333333333336
      vertex 1.4811649746524969 7.446319171424076 24
      vertex 2.9054096099759854 7.0142792846531465 24
    endloop
  endfacet
  facet normal 0 0 0
    outer loop
      vertex 1.755812898145155 8.827067523629074 21.333333333333336
      vertex 5.51091059616309e-16 9 21.333333333333336
      vertex 4.64888244191681e-16 7.592201188381079 24
    endloop
  endfacet
  facet normal 0 0 0
    outer loop
      vertex 1.755812898145155 8.827067523629074 21.333333333333336
      vertex 4.64888244191681e-16 7.592201188381079 24
      vertex 1.4811649746524969 7.446319171424076 24
    endloop
  endfacet
  facet normal 0 0 0
    outer loop
      vertex 5.51091059616309e-16 9 21.333333333333336
      vertex -1.7558128981451537 8.827067523629074 21.333333333333336
      vertex -1.4811649746524957 7.446319171424076 24
    endloop
  endfacet
  facet normal 0 0 0
    outer loop
      vertex 5.51091059616309e-16 9 21.333333333333336
      vertex -1.4811649746524957 7.446319171424076 24
      vertex 4.64888244191681e-16 7.592201188381079 24
    endloop
  endfacet
  facet normal 0 0 0
    outer loop
      vertex -1.7558128981451537 8.827067523629074 21.333333333333336
      vertex -3.4441508912858074 8.31491579260158 21.333333333333336
      vertex -2.9054096099759845 7.0142792846531465 24
    endloop
  endfacet
  facet normal 0 0 0
    outer loop
      vertex -1.7558128981451537 8.827067523629074 21.333333333333336
      vertex -2.9054096099759845 7.0142792846531465 24
      vertex -1.4811649746524957 7.446319171424076 24
    endloop
  endfacet
  facet normal 0 0 0
    outer loop
      vertex -3.4441508912858074 8.31491579260158 21.333333333333336
      vertex -5.000132097176418 7.483226510722908 21.333333333333336
      vertex -4.218000983360575 6.31268457862614 24
    endloop
  endfacet
  facet normal 0 0 0
    outer loop
      vertex -3.4441508912858074 8.31491579260158 21.333333333333336
      vertex -4.218000983360575 6.31268457862614 24
      vertex -2.9054096099759845 7.0142792846531465 24
    endloop
  endfacet
  facet normal 0 0 0
    outer loop
      vertex -5.000132097176418 7.483226510722908 21.333333333333336
      vertex -6.363961030678928 6.3639610306789285 21.333333333333336
      vertex -5.368496944436825 5.368496944436826 24
    endloop
  endfacet
  facet normal 0 0 0
    outer loop
      vertex -5.000132097176418 7.483226510722908 21.333333333333336
      vertex -5.368496944436825 5.368496944436826 24
      vertex -4.218000983360575 6.31268457862614 24
    endloop
  endfacet
  facet normal 0 0 0
    outer loop
      vertex -6.363961030678928 6.3639610306789285 21.333333333333336
      vertex -7.483226510722908 5.00013209717642 21.333333333333336
      vertex -6.31268457862614 4.218000983360577 24
    endloop
  endfacet
  facet normal 0 0 0
    outer loop
      vertex -6.363961030678928 6.3639610306789285 21.333333333333336
      vertex -6.31268457862614 4.218000983360577 24
      vertex -5.368496944436825 5.368496944436826 24
    endloop
  endfacet
  facet normal 0 0 0
    outer loop
      vertex -7.483226510722908 5.00013209717642 21.333333333333336
      vertex -8.31491579260158 3.444150891285809 21.333333333333336
      vertex -7.0142792846531465 2.905409609975986 24
    endloop
  endfacet
  facet normal 0 0 0
    outer loop
      vertex -7.483226510722908 5.00013209717642 21.333333333333336
      vertex -7.0142792846531465 2.905409609975986 24
      vertex -6.31268457862614 4.218000983360577 24
    endloop
  endfacet
  facet normal 0 0 0
    outer loop
      vertex -8.31491579260158 3.444150891285809 21.333333333333336
      vertex -8.827067523629074 1.7558128981451575 21.333333333333336
      vertex -7.446319171424076 1.481164974652499 24
    endloop
  endfacet
  facet normal 0 0 0
    outer loop
      vertex -8.31491579260158 3.444150891285809 21.333333333333336
      vertex -7.446319171424076 1.481164974652499 24
      vertex -7.0142792846531465 2.905409609975986 24
    endloop
  endfacet
  facet normal 0 0 0
    outer loop
      vertex -8.827067523629074 1.7558128981451575 21.333333333333336
      vertex -9 1.102182119232618e-15 21.333333333333336
      vertex -7.592201188381079 9.29776488383362e-16 24
    endloop
  endfacet
  facet normal 0 0 0
    outer loop
      vertex -8.827067523629074 1.7558128981451575 21.333333333333336
      vertex -7.592201188381079 9.29776488383362e-16 24
      vertex -7.446319171424076 1.481164974652499 24
    endloop
  endfacet
  facet normal 0 0 0
    outer loop
      vertex -9 1.102182119232618e-15 21.333333333333336
      vertex -8.827067523629074 -1.7558128981451553 21.333333333333336
      vertex -7.446319171424076 -1.481164974652497 24
    endloop
  endfacet
  facet normal 0 0 0
    outer loop
      vertex -9 1.102182119232618e-15 21.333333333333336
      vertex -7.446319171424076 -1.481164974652497 24
      vertex -7.592201188381079 9.29776488383362e-16 24
    endloop
  endfacet
  facet normal 0 0 0
    outer loop
      vertex -8.827067523629074 -1.7558128981451553 21.333333333333336
      vertex -8.314915792601582 -3.4441508912858065 21.333333333333336
      vertex -7.014279284653147 -2.9054096099759836 24
    endloop
  endfacet
  facet normal 0 0 0
    outer loop
      vertex -8.827067523629074 -1.7558128981451553 21.333333333333336
      vertex -7.014279284653147 -2.9054096099759836 24
      vertex -7.446319171424076 -1.481164974652497 24
    endloop
  endfacet
  facet normal 0 0 0
    outer loop
      vertex -8.314915792601582 -3.4441508912858065 21.333333333333336
      vertex -7.4832265107229095 -5.000132097176418 21.333333333333336
      vertex -6.312684578626141 -4.218000983360575 24
    endloop
  endfacet
  facet normal 0 0 0
    outer loop
      vertex -8.314915792601582 -3.4441508912858065 21.333333333333336
      vertex -6.312684578626141 -4.218000983360575 24
      vertex -7.014279284653147 -2.9054096099759836 24
    endloop
  endfacet
  facet normal 0 0 0
    outer loop
      vertex -7.4832265107229095 -5.000132097176418 21.333333333333336
      vertex -6.363961030678929 -6.363961030678928 21.333333333333336
      vertex -5.368496944436827 -5.368496944436825 24
    endloop
  endfacet
  facet normal 0 0 0
    outer loop
      vertex -7.4832265107229095 -5.000132097176418 21.333333333333336
      vertex -5.368496944436827 -5.368496944436825 24
      vertex -6.312684578626141 -4.218000983360575 24
    endloop
  endfacet
  facet normal 0 0 0
    outer loop
      vertex -6.363961030678929 -6.363961030678928 21.333333333333336
      vertex -5.00013209717642 -7.483226510722907 21.333333333333336
      vertex -4.218000983360577 -6.312684578626139 24
    endloop
  endfacet
  facet normal 0 0 0
    outer loop
      vertex -6.363961030678929 -6.363961030678928 21.333333333333336
      vertex -4.218000983360577 -6.312684578626139 24
      vertex -5.368496944436827 -5.368496944436825 24
    endloop
  endfacet
  facet normal 0 0 0
    outer loop
      vertex -5.00013209717642 -7.483226510722907 21.333333333333336
      vertex -3.444150891285813 -8.314915792601578 21.333333333333336
      vertex -2.905409609975989 -7.014279284653145 24
    endloop
  endfacet
  facet normal 0 0 0
    outer loop
      vertex -5.00013209717642 -7.483226510722907 21.333333333333336
      vertex -2.905409609975989 -7.014279284653145 24
      vertex -4.218000983360577 -6.312684578626139 24
    endloop
  endfacet
  facet normal 0 0 0
    outer loop
      vertex -3.444150891285813 -8.314915792601578 21.333333333333336
      vertex -1.755812898145158 -8.827067523629072 21.333333333333336
      vertex -1.4811649746524995 -7.446319171424075 24
    endloop
  endfacet
  facet normal 0 0 0
    outer loop
      vertex -3.444150891285813 -8.314915792601578 21.333333333333336
      vertex -1.4811649746524995 -7.446319171424075 24
      vertex -2.905409609975989 -7.014279284653145 24
    endloop
  endfacet
  facet normal 0 0 0
    outer loop
      vertex -1.755812898145158 -8.827067523629072 21.333333333333336
      vertex -1.6532731788489267e-15 -9 21.333333333333336
      vertex -1.3946647325750428e-15 -7.592201188381079 24
    endloop
  endfacet
  facet normal 0 0 0
    outer loop
      vertex -1.755812898145158 -8.827067523629072 21.333333333333336
      vertex -1.3946647325750428e-15 -7.592201188381079 24
      vertex -1.4811649746524995 -7.446319171424075 24
    endloop
  endfacet
  facet normal 0 0 0
    outer loop
      vertex -1.6532731788489267e-15 -9 21.333333333333336
      vertex 1.7558128981451548 -8.827067523629074 21.333333333333336
      vertex 1.4811649746524966 -7.446319171424076 24
    endloop
  endfacet
  facet normal 0 0 0
    outer loop
      vertex -1.6532731788489267e-15 -9 21.333333333333336
      vertex 1.4811649746524966 -7.446319171424076 24
      vertex -1.3946647325750428e-15 -7.592201188381079 24
    endloop
  endfacet
  facet normal 0 0 0
    outer loop
      vertex 1.7558128981451548 -8.827067523629074 21.333333333333336
      vertex 3.44415089128581 -8.31491579260158 21.333333333333336
      vertex 2.9054096099759867 -7.014279284653146 24
    endloop
  endfacet
  facet normal 0 0 0
    outer loop
      vertex 1.7558128981451548 -8.827067523629074 21.333333333333336
      vertex 2.9054096099759867 -7.014279284653146 24
      vertex 1.4811649746524966 -7.446319171424076 24
    endloop
  endfacet
  facet normal 0 0 0
    outer loop
      vertex 3.44415089128581 -8.31491579260158 21.333333333333336
      vertex 5.000132097176417 -7.4832265107229095 21.333333333333336
      vertex 4.218000983360574 -6.312684578626141 24
    endloop
  endfacet
  facet normal 0 0 0
    outer loop
      vertex 3.44415089128581 -8.31491579260158 21.333333333333336
      vertex 4.218000983360574 -6.312684578626141 24
      vertex 2.9054096099759867 -7.014279284653146 24
    endloop
  endfacet
  facet normal 0 0 0
    outer loop
      vertex 5.000132097176417 -7.4832265107229095 21.333333333333336
      vertex 6.363961030678926 -6.363961030678929 21.333333333333336
      vertex 5.368496944436824 -5.368496944436827 24
    endloop
  endfacet
  facet normal 0 0 0
    outer loop
      vertex 5.000132097176417 -7.4832265107229095 21.333333333333336
      vertex 5.368496944436824 -5.368496944436827 24
      vertex 4.218000983360574 -6.312684578626141 24
    endloop
  endfacet
  facet normal 0 0 0
    outer loop
      vertex 6.363961030678926 -6.363961030678929 21.333333333333336
      vertex 7.483226510722907 -5.00013209717642 21.333333333333336
      vertex 6.312684578626139 -4.218000983360577 24
    endloop
  endfacet
  facet normal 0 0 0
    outer loop
      vertex 6.363961030678926 -6.363961030678929 21.333333333333336
      vertex 6.312684578626139 -4.218000983360577 24
      vertex 5.368496944436824 -5.368496944436827 24
    endloop
  endfacet
  facet normal 0 0 0
    outer loop
      vertex 7.483226510722907 -5.00013209717642 21.333333333333336
      vertex 8.314915792601578 -3.4441508912858136 21.333333333333336
      vertex 7.014279284653145 -2.9054096099759894 24
    endloop
  endfacet
  facet normal 0 0 0
    outer loop
      vertex 7.483226510722907 -5.00013209717642 21.333333333333336
      vertex 7.014279284653145 -2.9054096099759894 24
      vertex 6.312684578626139 -4.218000983360577 24
    endloop
  endfacet
  facet normal 0 0 0
    outer loop
      vertex 8.314915792601578 -3.4441508912858136 21.333333333333336
      vertex 8.827067523629072 -1.7558128981451584 21.333333333333336
      vertex 7.446319171424075 -1.4811649746524997 24
    endloop
  endfacet
  facet normal 0 0 0
    outer loop
      vertex 8.314915792601578 -3.4441508912858136 21.333333333333336
      vertex 7.446319171424075 -1.4811649746524997 24
      vertex 7.014279284653145 -2.9054096099759894 24
    endloop
  endfacet
  facet normal 0 0 0
    outer loop
      vertex 8.827067523629072 -1.7558128981451584 21.333333333333336
      vertex 9 0 21.333333333333336
      vertex 7.592201188381079 0 24
    endloop
  endfacet
  facet normal 0 0 0
    outer loop
      vertex 8.827067523629072 -1.7558128981451584 21.333333333333336
      vertex 7.592201188381079 0 24
      vertex 7.446319171424075 -1.4811649746524997 24
    endloop
  endfacet
  facet normal 0 0 0
    outer loop
      vertex 7.592201188381079 0 24
      vertex 7.446319171424076 1.4811649746524962 24
      vertex 5.9885067579045606 1.1911880562838766 26.666666666666664
    endloop
  endfacet
  facet normal 0 0 0
    outer loop
      vertex 7.592201188381079 0 24
      vertex 5.9885067579045606 1.1911880562838766 26.666666666666664
      vertex 6.105828541230252 0 26.666666666666664
    endloop
  endfacet
  facet normal 0 0 0
    outer loop
      vertex 7.446319171424076 1.4811649746524962 24
      vertex 7.0142792846531465 2.905409609975985 24
      vertex 5.641050018265878 2.336599423590722 26.666666666666664
    endloop
  endfacet
  facet normal 0 0 0
    outer loop
      vertex 7.446319171424076 1.4811649746524962 24
      vertex 5.641050018265878 2.336599423590722 26.666666666666664
      vertex 5.9885067579045606 1.1911880562838766 26.666666666666664
    endloop
  endfacet
  facet normal 0 0 0
    outer loop
      vertex 7.0142792846531465 2.905409609975985 24
      vertex 6.312684578626139 4.218000983360577 24
      vertex 5.076810889962533 3.392216585429029 26.666666666666664
    endloop
  endfacet
  facet normal 0 0 0
    outer loop
      vertex 7.0142792846531465 2.905409609975985 24
      vertex 5.076810889962533 3.392216585429029 26.666666666666664
      vertex 5.641050018265878 2.336599423590722 26.666666666666664
    endloop
  endfacet
  facet normal 0 0 0
    outer loop
      vertex 6.312684578626139 4.218000983360577 24
      vertex 5.368496944436826 5.368496944436825 24
      vertex 4.317472766266277 4.317472766266277 26.666666666666664
    endloop
  endfacet
  facet normal 0 0 0
    outer loop
      vertex 6.312684578626139 4.218000983360577 24
      vertex 4.317472766266277 4.317472766266277 26.666666666666664
      vertex 5.076810889962533 3.392216585429029 26.666666666666664
    endloop
  endfacet
  facet normal 0 0 0
    outer loop
      vertex 5.368496944436826 5.368496944436825 24
      vertex 4.218000983360578 6.312684578626139 24
      vertex 3.3922165854290296 5.076810889962533 26.666666666666664
    endloop
  endfacet
  facet normal 0 0 0
    outer loop
      vertex 5.368496944436826 5.368496944436825 24
      vertex 3.3922165854290296 5.076810889962533 26.666666666666664
      vertex 4.317472766266277 4.317472766266277 26.666666666666664
    endloop
  endfacet
  facet normal 0 0 0
    outer loop
      vertex 4.218000983360578 6.312684578626139 24
      vertex 2.9054096099759854 7.0142792846531465 24
      vertex 2.3365994235907226 5.641050018265878 26.666666666666664
    endloop
  endfacet
  facet normal 0 0 0
    outer loop
      vertex 4.218000983360578 6.312684578626139 24
      vertex 2.3365994235907226 5.641050018265878 26.666666666666664
      vertex 3.3922165854290296 5.076810889962533 26.666666666666664
    endloop
  endfacet
  facet normal 0 0 0
    outer loop
      vertex 2.9054096099759854 7.0142792846531465 24
      vertex 1.4811649746524969 7.446319171424076 24
      vertex 1.191188056283877 5.9885067579045606 26.666666666666664
    endloop
  endfacet
  facet normal 0 0 0
    outer loop
      vertex 2.9054096099759854 7.0142792846531465 24
      vertex 1.191188056283877 5.9885067579045606 26.666666666666664
      vertex 2.3365994235907226 5.641050018265878 26.666666666666664
    endloop
  endfacet
  facet normal 0 0 0
    outer loop
      vertex 1.4811649746524969 7.446319171424076 24
      vertex 4.64888244191681e-16 7.592201188381079 24
      vertex 3.738741689580091e-16 6.105828541230252 26.666666666666664
    endloop
  endfacet
  facet normal 0 0 0
    outer loop
      vertex 1.4811649746524969 7.446319171424076 24
      vertex 3.738741689580091e-16 6.105828541230252 26.666666666666664
      vertex 1.191188056283877 5.9885067579045606 26.666666666666664
    endloop
  endfacet
  facet normal 0 0 0
    outer loop
      vertex 4.64888244191681e-16 7.592201188381079 24
      vertex -1.4811649746524957 7.446319171424076 24
      vertex -1.1911880562838761 5.9885067579045606 26.666666666666664
    endloop
  endfacet
  facet normal 0 0 0
    outer loop
      vertex 4.64888244191681e-16 7.592201188381079 24
      vertex -1.1911880562838761 5.9885067579045606 26.666666666666664
      vertex 3.738741689580091e-16 6.105828541230252 26.666666666666664
    endloop
  endfacet
  facet normal 0 0 0
    outer loop
      vertex -1.4811649746524957 7.446319171424076 24
      vertex -2.9054096099759845 7.0142792846531465 24
      vertex -2.3365994235907217 5.641050018265878 26.666666666666664
    endloop
  endfacet
  facet normal 0 0 0
    outer loop
      vertex -1.4811649746524957 7.446319171424076 24
      vertex -2.3365994235907217 5.641050018265878 26.666666666666664
      vertex -1.1911880562838761 5.9885067579045606 26.666666666666664
    endloop
  endfacet
  facet normal 0 0 0
    outer loop
      vertex -2.9054096099759845 7.0142792846531465 24
      vertex -4.218000983360575 6.31268457862614 24
      vertex -3.392216585429028 5.076810889962534 26.666666666666664
    endloop
  endfacet
  facet normal 0 0 0
    outer loop
      vertex -2.9054096099759845 7.0142792846531465 24
      vertex -3.392216585429028 5.076810889962534 26.666666666666664
      vertex -2.3365994235907217 5.641050018265878 26.666666666666664
    endloop
  endfacet
  facet normal 0 0 0
    outer loop
      vertex -4.218000983360575 6.31268457862614 24
      vertex -5.368496944436825 5.368496944436826 24
      vertex -4.317472766266277 4.317472766266277 26.666666666666664
    endloop
  endfacet
  facet normal 0 0 0
    outer loop
      vertex -4.218000983360575 6.31268457862614 24
      vertex -4.317472766266277 4.317472766266277 26.666666666666664
      vertex -3.392216585429028 5.076810889962534 26.666666666666664
    endloop
  endfacet
  facet normal 0 0 0
    outer loop
      vertex -5.368496944436825 5.368496944436826 24
      vertex -6.31268457862614 4.218000983360577 24
      vertex -5.076810889962534 3.392216585429029 26.666666666666664
    endloop
  endfacet
  facet normal 0 0 0
    outer loop
      vertex -5.368496944436825 5.368496944436826 24
      vertex -5.076810889962534 3.392216585429029 26.666666666666664
      vertex -4.317472766266277 4.317472766266277 26.666666666666664
    endloop
  endfacet
  facet normal 0 0 0
    outer loop
      vertex -6.31268457862614 4.218000983360577 24
      vertex -7.0142792846531465 2.905409609975986 24
      vertex -5.641050018265878 2.3365994235907226 26.666666666666664
    endloop
  endfacet
  facet normal 0 0 0
    outer loop
      vertex -6.31268457862614 4.218000983360577 24
      vertex -5.641050018265878 2.3365994235907226 26.666666666666664
      vertex -5.076810889962534 3.392216585429029 26.666666666666664
    endloop
  endfacet
  facet normal 0 0 0
    outer loop
      vertex -7.0142792846531465 2.905409609975986 24
      vertex -7.446319171424076 1.481164974652499 24
      vertex -5.9885067579045606 1.1911880562838788 26.666666666666664
    endloop
  endfacet
  facet normal 0 0 0
    outer loop
      vertex -7.0142792846531465 2.905409609975986 24
      vertex -5.9885067579045606 1.1911880562838788 26.666666666666664
      vertex -5.641050018265878 2.3365994235907226 26.666666666666664
    endloop
  endfacet
  facet normal 0 0 0
    outer loop
      vertex -7.446319171424076 1.481164974652499 24
      vertex -7.592201188381079 9.29776488383362e-16 24
      vertex -6.105828541230252 7.477483379160182e-16 26.666666666666664
    endloop
  endfacet
  facet normal 0 0 0
    outer loop
      vertex -7.446319171424076 1.481164974652499 24
      vertex -6.105828541230252 7.477483379160182e-16 26.666666666666664
      vertex -5.9885067579045606 1.1911880562838788 26.666666666666664
    endloop
  endfacet
  facet normal 0 0 0
    outer loop
      vertex -7.592201188381079 9.29776488383362e-16 24
      vertex -7.446319171424076 -1.481164974652497 24
      vertex -5.9885067579045606 -1.1911880562838773 26.666666666666664
    endloop
  endfacet
  facet normal 0 0 0
    outer loop
      vertex -7.592201188381079 9.29776488383362e-16 24
      vertex -5.9885067579045606 -1.1911880562838773 26.666666666666664
      vertex -6.105828541230252 7.477483379160182e-16 26.666666666666664
    endloop
  endfacet
  facet normal 0 0 0
    outer loop
      vertex -7.446319171424076 -1.481164974652497 24
      vertex -7.014279284653147 -2.9054096099759836 24
      vertex -5.6410500182658785 -2.3365994235907213 26.666666666666664
    endloop
  endfacet
  facet normal 0 0 0
    outer loop
      vertex -7.446319171424076 -1.481164974652497 24
      vertex -5.6410500182658785 -2.3365994235907213 26.666666666666664
      vertex -5.9885067579045606 -1.1911880562838773 26.666666666666664
    endloop
  endfacet
  facet normal 0 0 0
    outer loop
      vertex -7.014279284653147 -2.9054096099759836 24
      vertex -6.312684578626141 -4.218000983360575 24
      vertex -5.076810889962535 -3.392216585429028 26.666666666666664
    endloop
  endfacet
  facet normal 0 0 0
    outer loop
      vertex -7.014279284653147 -2.9054096099759836 24
      vertex -5.076810889962535 -3.392216585429028 26.666666666666664
      vertex -5.6410500182658785 -2.3365994235907213 26.666666666666664
    endloop
  endfacet
  facet normal 0 0 0
    outer loop
      vertex -6.312684578626141 -4.218000983360575 24
      vertex -5.368496944436827 -5.368496944436825 24
      vertex -4.3174727662662775 -4.317472766266277 26.666666666666664
    endloop
  endfacet
  facet normal 0 0 0
    outer loop
      vertex -6.312684578626141 -4.218000983360575 24
      vertex -4.3174727662662775 -4.317472766266277 26.666666666666664
      vertex -5.076810889962535 -3.392216585429028 26.666666666666664
    endloop
  endfacet
  facet normal 0 0 0
    outer loop
      vertex -5.368496944436827 -5.368496944436825 24
      vertex -4.218000983360577 -6.312684578626139 24
      vertex -3.392216585429029 -5.076810889962533 26.666666666666664
    endloop
  endfacet
  facet normal 0 0 0
    outer loop
      vertex -5.368496944436827 -5.368496944436825 24
      vertex -3.392216585429029 -5.076810889962533 26.666666666666664
      vertex -4.3174727662662775 -4.317472766266277 26.666666666666664
    endloop
  endfacet
  facet normal 0 0 0
    outer loop
      vertex -4.218000983360577 -6.312684578626139 24
      vertex -2.905409609975989 -7.014279284653145 24
      vertex -2.3365994235907257 -5.641050018265876 26.666666666666664
    endloop
  endfacet
  facet normal 0 0 0
    outer loop
      vertex -4.218000983360577 -6.312684578626139 24
      vertex -2.3365994235907257 -5.641050018265876 26.666666666666664
      vertex -3.392216585429029 -5.076810889962533 26.666666666666664
    endloop
  endfacet
  facet normal 0 0 0
    outer loop
      vertex -2.905409609975989 -7.014279284653145 24
      vertex -1.4811649746524995 -7.446319171424075 24
      vertex -1.191188056283879 -5.98850675790456 26.666666666666664
    endloop
  endfacet
  facet normal 0 0 0
    outer loop
      vertex -2.905409609975989 -7.014279284653145 24
      vertex -1.191188056283879 -5.98850675790456 26.666666666666664
      vertex -2.3365994235907257 -5.641050018265876 26.666666666666664
    endloop
  endfacet
  facet normal 0 0 0
    outer loop
      vertex -1.4811649746524995 -7.446319171424075 24
      vertex -1.3946647325750428e-15 -7.592201188381079 24
      vertex -1.1216225068740272e-15 -6.105828541230252 26.666666666666664
    endloop
  endfacet
  facet normal 0 0 0
    outer loop
      vertex -1.4811649746524995 -7.446319171424075 24
      vertex -1.1216225068740272e-15 -6.105828541230252 26.666666666666664
      vertex -1.191188056283879 -5.98850675790456 26.666666666666664
    endloop
  endfacet
  facet normal 0 0 0
    outer loop
      vertex -1.3946647325750428e-15 -7.592201188381079 24
      vertex 1.4811649746524966 -7.446319171424076 24
      vertex 1.1911880562838768 -5.9885067579045606 26.666666666666664
    endloop
  endfacet
  facet normal 0 0 0
    outer loop
      vertex -1.3946647325750428e-15 -7.592201188381079 24
      vertex 1.1911880562838768 -5.9885067579045606 26.666666666666664
      vertex -1.1216225068740272e-15 -6.105828541230252 26.666666666666664
    endloop
  endfacet
  facet normal 0 0 0
    outer loop
      vertex 1.4811649746524966 -7.446319171424076 24
      vertex 2.9054096099759867 -7.014279284653146 24
      vertex 2.3365994235907235 -5.641050018265877 26.666666666666664
    endloop
  endfacet
  facet normal 0 0 0
    outer loop
      vertex 1.4811649746524966 -7.446319171424076 24
      vertex 2.3365994235907235 -5.641050018265877 26.666666666666664
      vertex 1.1911880562838768 -5.9885067579045606 26.666666666666664
    endloop
  endfacet
  facet normal 0 0 0
    outer loop
      vertex 2.9054096099759867 -7.014279284653146 24
      vertex 4.218000983360574 -6.312684578626141 24
      vertex 3.392216585429027 -5.076810889962535 26.666666666666664
    endloop
  endfacet
  facet normal 0 0 0
    outer loop
      vertex 2.9054096099759867 -7.014279284653146 24
      vertex 3.392216585429027 -5.076810889962535 26.666666666666664
      vertex 2.3365994235907235 -5.641050018265877 26.666666666666664
    endloop
  endfacet
  facet normal 0 0 0
    outer loop
      vertex 4.218000983360574 -6.312684578626141 24
      vertex 5.368496944436824 -5.368496944436827 24
      vertex 4.317472766266276 -4.3174727662662775 26.666666666666664
    endloop
  endfacet
  facet normal 0 0 0
    outer loop
      vertex 4.218000983360574 -6.312684578626141 24
      vertex 4.317472766266276 -4.3174727662662775 26.666666666666664
      vertex 3.392216585429027 -5.076810889962535 26.666666666666664
    endloop
  endfacet
  facet normal 0 0 0
    outer loop
      vertex 5.368496944436824 -5.368496944436827 24
      vertex 6.312684578626139 -4.218000983360577 24
      vertex 5.076810889962533 -3.392216585429029 26.666666666666664
    endloop
  endfacet
  facet normal 0 0 0
    outer loop
      vertex 5.368496944436824 -5.368496944436827 24
      vertex 5.076810889962533 -3.392216585429029 26.666666666666664
      vertex 4.317472766266276 -4.3174727662662775 26.666666666666664
    endloop
  endfacet
  facet normal 0 0 0
    outer loop
      vertex 6.312684578626139 -4.218000983360577 24
      vertex 7.014279284653145 -2.9054096099759894 24
      vertex 5.641050018265876 -2.3365994235907257 26.666666666666664
    endloop
  endfacet
  facet normal 0 0 0
    outer loop
      vertex 6.312684578626139 -4.218000983360577 24
      vertex 5.641050018265876 -2.3365994235907257 26.666666666666664
      vertex 5.076810889962533 -3.392216585429029 26.666666666666664
    endloop
  endfacet
  facet normal 0 0 0
    outer loop
      vertex 7.014279284653145 -2.9054096099759894 24
      vertex 7.446319171424075 -1.4811649746524997 24
      vertex 5.98850675790456 -1.1911880562838795 26.666666666666664
    endloop
  endfacet
  facet normal 0 0 0
    outer loop
      vertex 7.014279284653145 -2.9054096099759894 24
      vertex 5.98850675790456 -1.1911880562838795 26.666666666666664
      vertex 5.641050018265876 -2.3365994235907257 26.666666666666664
    endloop
  endfacet
  facet normal 0 0 0
    outer loop
      vertex 7.446319171424075 -1.4811649746524997 24
      vertex 7.592201188381079 0 24
      vertex 6.105828541230252 0 26.666666666666664
    endloop
  endfacet
  facet normal 0 0 0
    outer loop
      vertex 7.446319171424075 -1.4811649746524997 24
      vertex 6.105828541230252 0 26.666666666666664
      vertex 5.98850675790456 -1.1911880562838795 26.666666666666664
    endloop
  endfacet
  facet normal 0 0 0
    outer loop
      vertex 6.105828541230252 0 26.666666666666664
      vertex 5.9885067579045606 1.1911880562838766 26.666666666666664
      vertex 4.4785738576478025 0.8908437285093718 29.333333333333336
    endloop
  endfacet
  facet normal 0 0 0
    outer loop
      vertex 6.105828541230252 0 26.666666666666664
      vertex 4.4785738576478025 0.8908437285093718 29.333333333333336
      vertex 4.566314306640619 0 29.333333333333336
    endloop
  endfacet
  facet normal 0 0 0
    outer loop
      vertex 5.9885067579045606 1.1911880562838766 26.666666666666664
      vertex 5.641050018265878 2.336599423590722 26.666666666666664
      vertex 4.218724326918736 1.7474528321230471 29.333333333333336
    endloop
  endfacet
  facet normal 0 0 0
    outer loop
      vertex 5.9885067579045606 1.1911880562838766 26.666666666666664
      vertex 4.218724326918736 1.7474528321230471 29.333333333333336
      vertex 4.4785738576478025 0.8908437285093718 29.333333333333336
    endloop
  endfacet
  facet normal 0 0 0
    outer loop
      vertex 5.641050018265878 2.336599423590722 26.666666666666664
      vertex 5.076810889962533 3.392216585429029 26.666666666666664
      vertex 3.796751586194041 2.5369083033810718 29.333333333333336
    endloop
  endfacet
  facet normal 0 0 0
    outer loop
      vertex 5.641050018265878 2.336599423590722 26.666666666666664
      vertex 3.796751586194041 2.5369083033810718 29.333333333333336
      vertex 4.218724326918736 1.7474528321230471 29.333333333333336
    endloop
  endfacet
  facet normal 0 0 0
    outer loop
      vertex 5.076810889962533 3.392216585429029 26.666666666666664
      vertex 4.317472766266277 4.317472766266277 26.666666666666664
      vertex 3.22887181125473 3.2288718112547294 29.333333333333336
    endloop
  endfacet
  facet normal 0 0 0
    outer loop
      vertex 5.076810889962533 3.392216585429029 26.666666666666664
      vertex 3.22887181125473 3.2288718112547294 29.333333333333336
      vertex 3.796751586194041 2.5369083033810718 29.333333333333336
    endloop
  endfacet
  facet normal 0 0 0
    outer loop
      vertex 4.317472766266277 4.317472766266277 26.666666666666664
      vertex 3.3922165854290296 5.076810889962533 26.666666666666664
      vertex 2.536908303381072 3.796751586194041 29.333333333333336
    endloop
  endfacet
  facet normal 0 0 0
    outer loop
      vertex 4.317472766266277 4.317472766266277 26.666666666666664
      vertex 2.536908303381072 3.796751586194041 29.333333333333336
      vertex 3.22887181125473 3.2288718112547294 29.333333333333336
    endloop
  endfacet
  facet normal 0 0 0
    outer loop
      vertex 3.3922165854290296 5.076810889962533 26.666666666666664
      vertex 2.3365994235907226 5.641050018265878 26.666666666666664
      vertex 1.7474528321230474 4.218724326918736 29.333333333333336
    endloop
  endfacet
  facet normal 0 0 0
    outer loop
      vertex 3.3922165854290296 5.076810889962533 26.666666666666664
      vertex 1.7474528321230474 4.218724326918736 29.333333333333336
      vertex 2.536908303381072 3.796751586194041 29.333333333333336
    endloop
  endfacet
  facet normal 0 0 0
    outer loop
      vertex 2.3365994235907226 5.641050018265878 26.666666666666664
      vertex 1.191188056283877 5.9885067579045606 26.666666666666664
      vertex 0.8908437285093721 4.4785738576478025 29.333333333333336
    endloop
  endfacet
  facet normal 0 0 0
    outer loop
      vertex 2.3365994235907226 5.641050018265878 26.666666666666664
      vertex 0.8908437285093721 4.4785738576478025 29.333333333333336
      vertex 1.7474528321230474 4.218724326918736 29.333333333333336
    endloop
  endfacet
  facet normal 0 0 0
    outer loop
      vertex 1.191188056283877 5.9885067579045606 26.666666666666664
      vertex 3.738741689580091e-16 6.105828541230252 26.666666666666664
      vertex 2.7960610997641e-16 4.566314306640619 29.333333333333336
    endloop
  endfacet
  facet normal 0 0 0
    outer loop
      vertex 1.191188056283877 5.9885067579045606 26.666666666666664
      vertex 2.7960610997641e-16 4.566314306640619 29.333333333333336
      vertex 0.8908437285093721 4.4785738576478025 29.333333333333336
    endloop
  endfacet
  facet normal 0 0 0
    outer loop
      vertex 3.738741689580091e-16 6.105828541230252 26.666666666666664
      vertex -1.1911880562838761 5.9885067579045606 26.666666666666664
      vertex -0.8908437285093714 4.4785738576478025 29.333333333333336
    endloop
  endfacet
  facet normal 0 0 0
    outer loop
      vertex 3.738741689580091e-16 6.105828541230252 26.666666666666664
      vertex -0.8908437285093714 4.4785738576478025 29.333333333333336
      vertex 2.7960610997641e-16 4.566314306640619 29.333333333333336
    endloop
  endfacet
  facet normal 0 0 0
    outer loop
      vertex -1.1911880562838761 5.9885067579045606 26.666666666666664
      vertex -2.3365994235907217 5.641050018265878 26.666666666666664
      vertex -1.747452832123047 4.218724326918736 29.333333333333336
    endloop
  endfacet
  facet normal 0 0 0
    outer loop
      vertex -1.1911880562838761 5.9885067579045606 26.666666666666664
      vertex -1.747452832123047 4.218724326918736 29.333333333333336
      vertex -0.8908437285093714 4.4785738576478025 29.333333333333336
    endloop
  endfacet
  facet normal 0 0 0
    outer loop
      vertex -2.3365994235907217 5.641050018265878 26.666666666666664
      vertex -3.392216585429028 5.076810889962534 26.666666666666664
      vertex -2.536908303381071 3.7967515861940417 29.333333333333336
    endloop
  endfacet
  facet normal 0 0 0
    outer loop
      vertex -2.3365994235907217 5.641050018265878 26.666666666666664
      vertex -2.536908303381071 3.7967515861940417 29.333333333333336
      vertex -1.747452832123047 4.218724326918736 29.333333333333336
    endloop
  endfacet
  facet normal 0 0 0
    outer loop
      vertex -3.392216585429028 5.076810889962534 26.666666666666664
      vertex -4.317472766266277 4.317472766266277 26.666666666666664
      vertex -3.2288718112547294 3.22887181125473 29.333333333333336
    endloop
  endfacet
  facet normal 0 0 0
    outer loop
      vertex -3.392216585429028 5.076810889962534 26.666666666666664
      vertex -3.2288718112547294 3.22887181125473 29.333333333333336
      vertex -2.536908303381071 3.7967515861940417 29.333333333333336
    endloop
  endfacet
  facet normal 0 0 0
    outer loop
      vertex -4.317472766266277 4.317472766266277 26.666666666666664
      vertex -5.076810889962534 3.392216585429029 26.666666666666664
      vertex -3.7967515861940417 2.5369083033810718 29.333333333333336
    endloop
  endfacet
  facet normal 0 0 0
    outer loop
      vertex -4.317472766266277 4.317472766266277 26.666666666666664
      vertex -3.7967515861940417 2.5369083033810718 29.333333333333336
      vertex -3.2288718112547294 3.22887181125473 29.333333333333336
    endloop
  endfacet
  facet normal 0 0 0
    outer loop
      vertex -5.076810889962534 3.392216585429029 26.666666666666664
      vertex -5.641050018265878 2.3365994235907226 26.666666666666664
      vertex -4.218724326918736 1.7474528321230476 29.333333333333336
    endloop
  endfacet
  facet normal 0 0 0
    outer loop
      vertex -5.076810889962534 3.392216585429029 26.666666666666664
      vertex -4.218724326918736 1.7474528321230476 29.333333333333336
      vertex -3.7967515861940417 2.5369083033810718 29.333333333333336
    endloop
  endfacet
  facet normal 0 0 0
    outer loop
      vertex -5.641050018265878 2.3365994235907226 26.666666666666664
      vertex -5.9885067579045606 1.1911880562838788 26.666666666666664
      vertex -4.4785738576478025 0.8908437285093733 29.333333333333336
    endloop
  endfacet
  facet normal 0 0 0
    outer loop
      vertex -5.641050018265878 2.3365994235907226 26.666666666666664
      vertex -4.4785738576478025 0.8908437285093733 29.333333333333336
      vertex -4.218724326918736 1.7474528321230476 29.333333333333336
    endloop
  endfacet
  facet normal 0 0 0
    outer loop
      vertex -5.9885067579045606 1.1911880562838788 26.666666666666664
      vertex -6.105828541230252 7.477483379160182e-16 26.666666666666664
      vertex -4.566314306640619 5.5921221995282e-16 29.333333333333336
    endloop
  endfacet
  facet normal 0 0 0
    outer loop
      vertex -5.9885067579045606 1.1911880562838788 26.666666666666664
      vertex -4.566314306640619 5.5921221995282e-16 29.333333333333336
      vertex -4.4785738576478025 0.8908437285093733 29.333333333333336
    endloop
  endfacet
  facet normal 0 0 0
    outer loop
      vertex -6.105828541230252 7.477483379160182e-16 26.666666666666664
      vertex -5.9885067579045606 -1.1911880562838773 26.666666666666664
      vertex -4.4785738576478025 -0.8908437285093722 29.333333333333336
    endloop
  endfacet
  facet normal 0 0 0
    outer loop
      vertex -6.105828541230252 7.477483379160182e-16 26.666666666666664
      vertex -4.4785738576478025 -0.8908437285093722 29.333333333333336
      vertex -4.566314306640619 5.5921221995282e-16 29.333333333333336
    endloop
  endfacet
  facet normal 0 0 0
    outer loop
      vertex -5.9885067579045606 -1.1911880562838773 26.666666666666664
      vertex -5.6410500182658785 -2.3365994235907213 26.666666666666664
      vertex -4.218724326918736 -1.7474528321230463 29.333333333333336
    endloop
  endfacet
  facet normal 0 0 0
    outer loop
      vertex -5.9885067579045606 -1.1911880562838773 26.666666666666664
      vertex -4.218724326918736 -1.7474528321230463 29.333333333333336
      vertex -4.4785738576478025 -0.8908437285093722 29.333333333333336
    endloop
  endfacet
  facet normal 0 0 0
    outer loop
      vertex -5.6410500182658785 -2.3365994235907213 26.666666666666664
      vertex -5.076810889962535 -3.392216585429028 26.666666666666664
      vertex -3.796751586194042 -2.536908303381071 29.333333333333336
    endloop
  endfacet
  facet normal 0 0 0
    outer loop
      vertex -5.6410500182658785 -2.3365994235907213 26.666666666666664
      vertex -3.796751586194042 -2.536908303381071 29.333333333333336
      vertex -4.218724326918736 -1.7474528321230463 29.333333333333336
    endloop
  endfacet
  facet normal 0 0 0
    outer loop
      vertex -5.076810889962535 -3.392216585429028 26.666666666666664
      vertex -4.3174727662662775 -4.317472766266277 26.666666666666664
      vertex -3.2288718112547303 -3.2288718112547294 29.333333333333336
    endloop
  endfacet
  facet normal 0 0 0
    outer loop
      vertex -5.076810889962535 -3.392216585429028 26.666666666666664
      vertex -3.2288718112547303 -3.2288718112547294 29.333333333333336
      vertex -3.796751586194042 -2.536908303381071 29.333333333333336
    endloop
  endfacet
  facet normal 0 0 0
    outer loop
      vertex -4.3174727662662775 -4.317472766266277 26.666666666666664
      vertex -3.392216585429029 -5.076810889962533 26.666666666666664
      vertex -2.5369083033810718 -3.796751586194041 29.333333333333336
    endloop
  endfacet
  facet normal 0 0 0
    outer loop
      vertex -4.3174727662662775 -4.317472766266277 26.666666666666664
      vertex -2.5369083033810718 -3.796751586194041 29.333333333333336
      vertex -3.2288718112547303 -3.2288718112547294 29.333333333333336
    endloop
  endfacet
  facet normal 0 0 0
    outer loop
      vertex -3.392216585429029 -5.076810889962533 26.666666666666664
      vertex -2.3365994235907257 -5.641050018265876 26.666666666666664
      vertex -1.7474528321230496 -4.218724326918735 29.333333333333336
    endloop
  endfacet
  facet normal 0 0 0
    outer loop
      vertex -3.392216585429029 -5.076810889962533 26.666666666666664
      vertex -1.7474528321230496 -4.218724326918735 29.333333333333336
      vertex -2.5369083033810718 -3.796751586194041 29.333333333333336
    endloop
  endfacet
  facet normal 0 0 0
    outer loop
      vertex -2.3365994235907257 -5.641050018265876 26.666666666666664
      vertex -1.191188056283879 -5.98850675790456 26.666666666666664
      vertex -0.8908437285093737 -4.478573857647802 29.333333333333336
    endloop
  endfacet
  facet normal 0 0 0
    outer loop
      vertex -2.3365994235907257 -5.641050018265876 26.666666666666664
      vertex -0.8908437285093737 -4.478573857647802 29.333333333333336
      vertex -1.7474528321230496 -4.218724326918735 29.333333333333336
    endloop
  endfacet
  facet normal 0 0 0
    outer loop
      vertex -1.191188056283879 -5.98850675790456 26.666666666666664
      vertex -1.1216225068740272e-15 -6.105828541230252 26.666666666666664
      vertex -8.388183299292299e-16 -4.566314306640619 29.333333333333336
    endloop
  endfacet
  facet normal 0 0 0
    outer loop
      vertex -1.191188056283879 -5.98850675790456 26.666666666666664
      vertex -8.388183299292299e-16 -4.566314306640619 29.333333333333336
      vertex -0.8908437285093737 -4.478573857647802 29.333333333333336
    endloop
  endfacet
  facet normal 0 0 0
    outer loop
      vertex -1.1216225068740272e-15 -6.105828541230252 26.666666666666664
      vertex 1.1911880562838768 -5.9885067579045606 26.666666666666664
      vertex 0.890843728509372 -4.4785738576478025 29.333333333333336
    endloop
  endfacet
  facet normal 0 0 0
    outer loop
      vertex -1.1216225068740272e-15 -6.105828541230252 26.666666666666664
      vertex 0.890843728509372 -4.4785738576478025 29.333333333333336
      vertex -8.388183299292299e-16 -4.566314306640619 29.333333333333336
    endloop
  endfacet
  facet normal 0 0 0
    outer loop
      vertex 1.1911880562838768 -5.9885067579045606 26.666666666666664
      vertex 2.3365994235907235 -5.641050018265877 26.666666666666664
      vertex 1.747452832123048 -4.218724326918735 29.333333333333336
    endloop
  endfacet
  facet normal 0 0 0
    outer loop
      vertex 1.1911880562838768 -5.9885067579045606 26.666666666666664
      vertex 1.747452832123048 -4.218724326918735 29.333333333333336
      vertex 0.890843728509372 -4.4785738576478025 29.333333333333336
    endloop
  endfacet
  facet normal 0 0 0
    outer loop
      vertex 2.3365994235907235 -5.641050018265877 26.666666666666664
      vertex 3.392216585429027 -5.076810889962535 26.666666666666664
      vertex 2.5369083033810704 -3.796751586194042 29.333333333333336
    endloop
  endfacet
  facet normal 0 0 0
    outer loop
      vertex 2.3365994235907235 -5.641050018265877 26.666666666666664
      vertex 2.5369083033810704 -3.796751586194042 29.333333333333336
      vertex 1.747452832123048 -4.218724326918735 29.333333333333336
    endloop
  endfacet
  facet normal 0 0 0
    outer loop
      vertex 3.392216585429027 -5.076810889962535 26.666666666666664
      vertex 4.317472766266276 -4.3174727662662775 26.666666666666664
      vertex 3.228871811254729 -3.2288718112547303 29.333333333333336
    endloop
  endfacet
  facet normal 0 0 0
    outer loop
      vertex 3.392216585429027 -5.076810889962535 26.666666666666664
      vertex 3.228871811254729 -3.2288718112547303 29.333333333333336
      vertex 2.5369083033810704 -3.796751586194042 29.333333333333336
    endloop
  endfacet
  facet normal 0 0 0
    outer loop
      vertex 4.317472766266276 -4.3174727662662775 26.666666666666664
      vertex 5.076810889962533 -3.392216585429029 26.666666666666664
      vertex 3.796751586194041 -2.5369083033810718 29.333333333333336
    endloop
  endfacet
  facet normal 0 0 0
    outer loop
      vertex 4.317472766266276 -4.3174727662662775 26.666666666666664
      vertex 3.796751586194041 -2.5369083033810718 29.333333333333336
      vertex 3.228871811254729 -3.2288718112547303 29.333333333333336
    endloop
  endfacet
  facet normal 0 0 0
    outer loop
      vertex 5.076810889962533 -3.392216585429029 26.666666666666664
      vertex 5.641050018265876 -2.3365994235907257 26.666666666666664
      vertex 4.218724326918735 -1.7474528321230498 29.333333333333336
    endloop
  endfacet
  facet normal 0 0 0
    outer loop
      vertex 5.076810889962533 -3.392216585429029 26.666666666666664
      vertex 4.218724326918735 -1.7474528321230498 29.333333333333336
      vertex 3.796751586194041 -2.5369083033810718 29.333333333333336
    endloop
  endfacet
  facet normal 0 0 0
    outer loop
      vertex 5.641050018265876 -2.3365994235907257 26.666666666666664
      vertex 5.98850675790456 -1.1911880562838795 26.666666666666664
      vertex 4.478573857647802 -0.8908437285093739 29.333333333333336
    endloop
  endfacet
  facet normal 0 0 0
    outer loop
      vertex 5.641050018265876 -2.3365994235907257 26.666666666666664
      vertex 4.478573857647802 -0.8908437285093739 29.333333333333336
      vertex 4.218724326918735 -1.7474528321230498 29.333333333333336
    endloop
  endfacet
  facet normal 0 0 0
    outer loop
      vertex 5.98850675790456 -1.1911880562838795 26.666666666666664
      vertex 6.105828541230252 0 26.666666666666664
      vertex 4.566314306640619 0 29.333333333333336
    endloop
  endfacet
  facet normal 0 0 0
    outer loop
      vertex 5.98850675790456 -1.1911880562838795 26.666666666666664
      vertex 4.566314306640619 0 29.333333333333336
      vertex 4.478573857647802 -0.8908437285093739 29.333333333333336
    endloop
  endfacet
  facet normal 0 0 0
    outer loop
      vertex 4.566314306640619 0 29.333333333333336
      vertex 4.4785738576478025 0.8908437285093718 29.333333333333336
      vertex 2.9423558412096926 0.585270966048385 32
    endloop
  endfacet
  facet normal 0 0 0
    outer loop
      vertex 4.566314306640619 0 29.333333333333336
      vertex 2.9423558412096926 0.585270966048385 32
      vertex 3.0000000000000013 0 32
    endloop
  endfacet
  facet normal 0 0 0
    outer loop
      vertex 4.4785738576478025 0.8908437285093718 29.333333333333336
      vertex 4.218724326918736 1.7474528321230471 29.333333333333336
      vertex 2.7716385975338613 1.14805029709527 32
    endloop
  endfacet
  facet normal 0 0 0
    outer loop
      vertex 4.4785738576478025 0.8908437285093718 29.333333333333336
      vertex 2.7716385975338613 1.14805029709527 32
      vertex 2.9423558412096926 0.585270966048385 32
    endloop
  endfacet
  facet normal 0 0 0
    outer loop
      vertex 4.218724326918736 1.7474528321230471 29.333333333333336
      vertex 3.796751586194041 2.5369083033810718 29.333333333333336
      vertex 2.494408836907637 1.6667106990588072 32
    endloop
  endfacet
  facet normal 0 0 0
    outer loop
      vertex 4.218724326918736 1.7474528321230471 29.333333333333336
      vertex 2.494408836907637 1.6667106990588072 32
      vertex 2.7716385975338613 1.14805029709527 32
    endloop
  endfacet
  facet normal 0 0 0
    outer loop
      vertex 3.796751586194041 2.5369083033810718 29.333333333333336
      vertex 3.22887181125473 3.2288718112547294 29.333333333333336
      vertex 2.1213203435596437 2.1213203435596433 32
    endloop
  endfacet
  facet normal 0 0 0
    outer loop
      vertex 3.796751586194041 2.5369083033810718 29.333333333333336
      vertex 2.1213203435596437 2.1213203435596433 32
      vertex 2.494408836907637 1.6667106990588072 32
    endloop
  endfacet
  facet normal 0 0 0
    outer loop
      vertex 3.22887181125473 3.2288718112547294 29.333333333333336
      vertex 2.536908303381072 3.796751586194041 29.333333333333336
      vertex 1.6667106990588076 2.494408836907637 32
    endloop
  endfacet
  facet normal 0 0 0
    outer loop
      vertex 3.22887181125473 3.2288718112547294 29.333333333333336
      vertex 1.6667106990588076 2.494408836907637 32
      vertex 2.1213203435596437 2.1213203435596433 32
    endloop
  endfacet
  facet normal 0 0 0
    outer loop
      vertex 2.536908303381072 3.796751586194041 29.333333333333336
      vertex 1.7474528321230474 4.218724326918736 29.333333333333336
      vertex 1.14805029709527 2.7716385975338613 32
    endloop
  endfacet
  facet normal 0 0 0
    outer loop
      vertex 2.536908303381072 3.796751586194041 29.333333333333336
      vertex 1.14805029709527 2.7716385975338613 32
      vertex 1.6667106990588076 2.494408836907637 32
    endloop
  endfacet
  facet normal 0 0 0
    outer loop
      vertex 1.7474528321230474 4.218724326918736 29.333333333333336
      vertex 0.8908437285093721 4.4785738576478025 29.333333333333336
      vertex 0.5852709660483852 2.9423558412096926 32
    endloop
  endfacet
  facet normal 0 0 0
    outer loop
      vertex 1.7474528321230474 4.218724326918736 29.333333333333336
      vertex 0.5852709660483852 2.9423558412096926 32
      vertex 1.14805029709527 2.7716385975338613 32
    endloop
  endfacet
  facet normal 0 0 0
    outer loop
      vertex 0.8908437285093721 4.4785738576478025 29.333333333333336
      vertex 2.7960610997641e-16 4.566314306640619 29.333333333333336
      vertex 1.8369701987210307e-16 3.0000000000000013 32
    endloop
  endfacet
  facet normal 0 0 0
    outer loop
      vertex 0.8908437285093721 4.4785738576478025 29.333333333333336
      vertex 1.8369701987210307e-16 3.0000000000000013 32
      vertex 0.5852709660483852 2.9423558412096926 32
    endloop
  endfacet
  facet normal 0 0 0
    outer loop
      vertex 2.7960610997641e-16 4.566314306640619 29.333333333333336
      vertex -0.8908437285093714 4.4785738576478025 29.333333333333336
      vertex -0.5852709660483848 2.9423558412096926 32
    endloop
  endfacet
  facet normal 0 0 0
    outer loop
      vertex 2.7960610997641e-16 4.566314306640619 29.333333333333336
      vertex -0.5852709660483848 2.9423558412096926 32
      vertex 1.8369701987210307e-16 3.0000000000000013 32
    endloop
  endfacet
  facet normal 0 0 0
    outer loop
      vertex -0.8908437285093714 4.4785738576478025 29.333333333333336
      vertex -1.747452832123047 4.218724326918736 29.333333333333336
      vertex -1.1480502970952697 2.7716385975338613 32
    endloop
  endfacet
  facet normal 0 0 0
    outer loop
      vertex -0.8908437285093714 4.4785738576478025 29.333333333333336
      vertex -1.1480502970952697 2.7716385975338613 32
      vertex -0.5852709660483848 2.9423558412096926 32
    endloop
  endfacet
  facet normal 0 0 0
    outer loop
      vertex -1.747452832123047 4.218724326918736 29.333333333333336
      vertex -2.536908303381071 3.7967515861940417 29.333333333333336
      vertex -1.6667106990588065 2.494408836907637 32
    endloop
  endfacet
  facet normal 0 0 0
    outer loop
      vertex -1.747452832123047 4.218724326918736 29.333333333333336
      vertex -1.6667106990588065 2.494408836907637 32
      vertex -1.1480502970952697 2.7716385975338613 32
    endloop
  endfacet
  facet normal 0 0 0
    outer loop
      vertex -2.536908303381071 3.7967515861940417 29.333333333333336
      vertex -3.2288718112547294 3.22887181125473 29.333333333333336
      vertex -2.1213203435596433 2.1213203435596437 32
    endloop
  endfacet
  facet normal 0 0 0
    outer loop
      vertex -2.536908303381071 3.7967515861940417 29.333333333333336
      vertex -2.1213203435596433 2.1213203435596437 32
      vertex -1.6667106990588065 2.494408836907637 32
    endloop
  endfacet
  facet normal 0 0 0
    outer loop
      vertex -3.2288718112547294 3.22887181125473 29.333333333333336
      vertex -3.7967515861940417 2.5369083033810718 29.333333333333336
      vertex -2.494408836907637 1.6667106990588072 32
    endloop
  endfacet
  facet normal 0 0 0
    outer loop
      vertex -3.2288718112547294 3.22887181125473 29.333333333333336
      vertex -2.494408836907637 1.6667106990588072 32
      vertex -2.1213203435596433 2.1213203435596437 32
    endloop
  endfacet
  facet normal 0 0 0
    outer loop
      vertex -3.7967515861940417 2.5369083033810718 29.333333333333336
      vertex -4.218724326918736 1.7474528321230476 29.333333333333336
      vertex -2.7716385975338613 1.1480502970952702 32
    endloop
  endfacet
  facet normal 0 0 0
    outer loop
      vertex -3.7967515861940417 2.5369083033810718 29.333333333333336
      vertex -2.7716385975338613 1.1480502970952702 32
      vertex -2.494408836907637 1.6667106990588072 32
    endloop
  endfacet
  facet normal 0 0 0
    outer loop
      vertex -4.218724326918736 1.7474528321230476 29.333333333333336
      vertex -4.4785738576478025 0.8908437285093733 29.333333333333336
      vertex -2.9423558412096926 0.5852709660483861 32
    endloop
  endfacet
  facet normal 0 0 0
    outer loop
      vertex -4.218724326918736 1.7474528321230476 29.333333333333336
      vertex -2.9423558412096926 0.5852709660483861 32
      vertex -2.7716385975338613 1.1480502970952702 32
    endloop
  endfacet
  facet normal 0 0 0
    outer loop
      vertex -4.4785738576478025 0.8908437285093733 29.333333333333336
      vertex -4.566314306640619 5.5921221995282e-16 29.333333333333336
      vertex -3.0000000000000013 3.6739403974420613e-16 32
    endloop
  endfacet
  facet normal 0 0 0
    outer loop
      vertex -4.4785738576478025 0.8908437285093733 29.333333333333336
      vertex -3.0000000000000013 3.6739403974420613e-16 32
      vertex -2.9423558412096926 0.5852709660483861 32
    endloop
  endfacet
  facet normal 0 0 0
    outer loop
      vertex -4.566314306640619 5.5921221995282e-16 29.333333333333336
      vertex -4.4785738576478025 -0.8908437285093722 29.333333333333336
      vertex -2.9423558412096926 -0.5852709660483854 32
    endloop
  endfacet
  facet normal 0 0 0
    outer loop
      vertex -4.566314306640619 5.5921221995282e-16 29.333333333333336
      vertex -2.9423558412096926 -0.5852709660483854 32
      vertex -3.0000000000000013 3.6739403974420613e-16 32
    endloop
  endfacet
  facet normal 0 0 0
    outer loop
      vertex -4.4785738576478025 -0.8908437285093722 29.333333333333336
      vertex -4.218724326918736 -1.7474528321230463 29.333333333333336
      vertex -2.7716385975338618 -1.1480502970952693 32
    endloop
  endfacet
  facet normal 0 0 0
    outer loop
      vertex -4.4785738576478025 -0.8908437285093722 29.333333333333336
      vertex -2.7716385975338618 -1.1480502970952693 32
      vertex -2.9423558412096926 -0.5852709660483854 32
    endloop
  endfacet
  facet normal 0 0 0
    outer loop
      vertex -4.218724326918736 -1.7474528321230463 29.333333333333336
      vertex -3.796751586194042 -2.536908303381071 29.333333333333336
      vertex -2.4944088369076374 -1.6667106990588065 32
    endloop
  endfacet
  facet normal 0 0 0
    outer loop
      vertex -4.218724326918736 -1.7474528321230463 29.333333333333336
      vertex -2.4944088369076374 -1.6667106990588065 32
      vertex -2.7716385975338618 -1.1480502970952693 32
    endloop
  endfacet
  facet normal 0 0 0
    outer loop
      vertex -3.796751586194042 -2.536908303381071 29.333333333333336
      vertex -3.2288718112547303 -3.2288718112547294 29.333333333333336
      vertex -2.121320343559644 -2.1213203435596433 32
    endloop
  endfacet
  facet normal 0 0 0
    outer loop
      vertex -3.796751586194042 -2.536908303381071 29.333333333333336
      vertex -2.121320343559644 -2.1213203435596433 32
      vertex -2.4944088369076374 -1.6667106990588065 32
    endloop
  endfacet
  facet normal 0 0 0
    outer loop
      vertex -3.2288718112547303 -3.2288718112547294 29.333333333333336
      vertex -2.5369083033810718 -3.796751586194041 29.333333333333336
      vertex -1.6667106990588072 -2.494408836907637 32
    endloop
  endfacet
  facet normal 0 0 0
    outer loop
      vertex -3.2288718112547303 -3.2288718112547294 29.333333333333336
      vertex -1.6667106990588072 -2.494408836907637 32
      vertex -2.121320343559644 -2.1213203435596433 32
    endloop
  endfacet
  facet normal 0 0 0
    outer loop
      vertex -2.5369083033810718 -3.796751586194041 29.333333333333336
      vertex -1.7474528321230496 -4.218724326918735 29.333333333333336
      vertex -1.1480502970952715 -2.771638597533861 32
    endloop
  endfacet
  facet normal 0 0 0
    outer loop
      vertex -2.5369083033810718 -3.796751586194041 29.333333333333336
      vertex -1.1480502970952715 -2.771638597533861 32
      vertex -1.6667106990588072 -2.494408836907637 32
    endloop
  endfacet
  facet normal 0 0 0
    outer loop
      vertex -1.7474528321230496 -4.218724326918735 29.333333333333336
      vertex -0.8908437285093737 -4.478573857647802 29.333333333333336
      vertex -0.5852709660483862 -2.942355841209692 32
    endloop
  endfacet
  facet normal 0 0 0
    outer loop
      vertex -1.7474528321230496 -4.218724326918735 29.333333333333336
      vertex -0.5852709660483862 -2.942355841209692 32
      vertex -1.1480502970952715 -2.771638597533861 32
    endloop
  endfacet
  facet normal 0 0 0
    outer loop
      vertex -0.8908437285093737 -4.478573857647802 29.333333333333336
      vertex -8.388183299292299e-16 -4.566314306640619 29.333333333333336
      vertex -5.510910596163092e-16 -3.0000000000000013 32
    endloop
  endfacet
  facet normal 0 0 0
    outer loop
      vertex -0.8908437285093737 -4.478573857647802 29.333333333333336
      vertex -5.510910596163092e-16 -3.0000000000000013 32
      vertex -0.5852709660483862 -2.942355841209692 32
    endloop
  endfacet
  facet normal 0 0 0
    outer loop
      vertex -8.388183299292299e-16 -4.566314306640619 29.333333333333336
      vertex 0.890843728509372 -4.4785738576478025 29.333333333333336
      vertex 0.5852709660483851 -2.9423558412096926 32
    endloop
  endfacet
  facet normal 0 0 0
    outer loop
      vertex -8.388183299292299e-16 -4.566314306640619 29.333333333333336
      vertex 0.5852709660483851 -2.9423558412096926 32
      vertex -5.510910596163092e-16 -3.0000000000000013 32
    endloop
  endfacet
  facet normal 0 0 0
    outer loop
      vertex 0.890843728509372 -4.4785738576478025 29.333333333333336
      vertex 1.747452832123048 -4.218724326918735 29.333333333333336
      vertex 1.1480502970952706 -2.7716385975338613 32
    endloop
  endfacet
  facet normal 0 0 0
    outer loop
      vertex 0.890843728509372 -4.4785738576478025 29.333333333333336
      vertex 1.1480502970952706 -2.7716385975338613 32
      vertex 0.5852709660483851 -2.9423558412096926 32
    endloop
  endfacet
  facet normal 0 0 0
    outer loop
      vertex 1.747452832123048 -4.218724326918735 29.333333333333336
      vertex 2.5369083033810704 -3.796751586194042 29.333333333333336
      vertex 1.6667106990588063 -2.4944088369076374 32
    endloop
  endfacet
  facet normal 0 0 0
    outer loop
      vertex 1.747452832123048 -4.218724326918735 29.333333333333336
      vertex 1.6667106990588063 -2.4944088369076374 32
      vertex 1.1480502970952706 -2.7716385975338613 32
    endloop
  endfacet
  facet normal 0 0 0
    outer loop
      vertex 2.5369083033810704 -3.796751586194042 29.333333333333336
      vertex 3.228871811254729 -3.2288718112547303 29.333333333333336
      vertex 2.121320343559643 -2.121320343559644 32
    endloop
  endfacet
  facet normal 0 0 0
    outer loop
      vertex 2.5369083033810704 -3.796751586194042 29.333333333333336
      vertex 2.121320343559643 -2.121320343559644 32
      vertex 1.6667106990588063 -2.4944088369076374 32
    endloop
  endfacet
  facet normal 0 0 0
    outer loop
      vertex 3.228871811254729 -3.2288718112547303 29.333333333333336
      vertex 3.796751586194041 -2.5369083033810718 29.333333333333336
      vertex 2.494408836907637 -1.6667106990588072 32
    endloop
  endfacet
  facet normal 0 0 0
    outer loop
      vertex 3.228871811254729 -3.2288718112547303 29.333333333333336
      vertex 2.494408836907637 -1.6667106990588072 32
      vertex 2.121320343559643 -2.121320343559644 32
    endloop
  endfacet
  facet normal 0 0 0
    outer loop
      vertex 3.796751586194041 -2.5369083033810718 29.333333333333336
      vertex 4.218724326918735 -1.7474528321230498 29.333333333333336
      vertex 2.771638597533861 -1.1480502970952717 32
    endloop
  endfacet
  facet normal 0 0 0
    outer loop
      vertex 3.796751586194041 -2.5369083033810718 29.333333333333336
      vertex 2.771638597533861 -1.1480502970952717 32
      vertex 2.494408836907637 -1.6667106990588072 32
    endloop
  endfacet
  facet normal 0 0 0
    outer loop
      vertex 4.218724326918735 -1.7474528321230498 29.333333333333336
      vertex 4.478573857647802 -0.8908437285093739 29.333333333333336
      vertex 2.942355841209692 -0.5852709660483865 32
    endloop
  endfacet
  facet normal 0 0 0
    outer loop
      vertex 4.218724326918735 -1.7474528321230498 29.333333333333336
      vertex 2.942355841209692 -0.5852709660483865 32
      vertex 2.771638597533861 -1.1480502970952717 32
    endloop
  endfacet
  facet normal 0 0 0
    outer loop
      vertex 4.478573857647802 -0.8908437285093739 29.333333333333336
      vertex 4.566314306640619 0 29.333333333333336
      vertex 3.0000000000000013 0 32
    endloop
  endfacet
  facet normal 0 0 0
    outer loop
      vertex 4.478573857647802 -0.8908437285093739 29.333333333333336
      vertex 3.0000000000000013 0 32
      vertex 2.942355841209692 -0.5852709660483865 32
    endloop
  endfacet
  facet normal 0 0 0
    outer loop
      vertex 0 0 -32
      vertex 2.9423558412096913 0.5852709660483848 -32
      vertex 3 0 -32
    endloop
  endfacet
  facet normal 0 0 0
    outer loop
      vertex 0 0 32
      vertex 3.0000000000000013 0 32
      vertex 2.9423558412096926 0.585270966048385 32
    endloop
  endfacet
  facet normal 0 0 0
    outer loop
      vertex 0 0 -32
      vertex 2.77163859753386 1.1480502970952693 -32
      vertex 2.9423558412096913 0.5852709660483848 -32
    endloop
  endfacet
  facet normal 0 0 0
    outer loop
      vertex 0 0 32
      vertex 2.9423558412096926 0.585270966048385 32
      vertex 2.7716385975338613 1.14805029709527 32
    endloop
  endfacet
  facet normal 0 0 0
    outer loop
      vertex 0 0 -32
      vertex 2.4944088369076356 1.6667106990588065 -32
      vertex 2.77163859753386 1.1480502970952693 -32
    endloop
  endfacet
  facet normal 0 0 0
    outer loop
      vertex 0 0 32
      vertex 2.7716385975338613 1.14805029709527 32
      vertex 2.494408836907637 1.6667106990588072 32
    endloop
  endfacet
  facet normal 0 0 0
    outer loop
      vertex 0 0 -32
      vertex 2.121320343559643 2.1213203435596424 -32
      vertex 2.4944088369076356 1.6667106990588065 -32
    endloop
  endfacet
  facet normal 0 0 0
    outer loop
      vertex 0 0 32
      vertex 2.494408836907637 1.6667106990588072 32
      vertex 2.1213203435596437 2.1213203435596433 32
    endloop
  endfacet
  facet normal 0 0 0
    outer loop
      vertex 0 0 -32
      vertex 1.666710699058807 2.4944088369076356 -32
      vertex 2.121320343559643 2.1213203435596424 -32
    endloop
  endfacet
  facet normal 0 0 0
    outer loop
      vertex 0 0 32
      vertex 2.1213203435596437 2.1213203435596433 32
      vertex 1.6667106990588076 2.494408836907637 32
    endloop
  endfacet
  facet normal 0 0 0
    outer loop
      vertex 0 0 -32
      vertex 1.1480502970952695 2.77163859753386 -32
      vertex 1.666710699058807 2.4944088369076356 -32
    endloop
  endfacet
  facet normal 0 0 0
    outer loop
      vertex 0 0 32
      vertex 1.6667106990588076 2.494408836907637 32
      vertex 1.14805029709527 2.7716385975338613 32
    endloop
  endfacet
  facet normal 0 0 0
    outer loop
      vertex 0 0 -32
      vertex 0.585270966048385 2.9423558412096913 -32
      vertex 1.1480502970952695 2.77163859753386 -32
    endloop
  endfacet
  facet normal 0 0 0
    outer loop
      vertex 0 0 32
      vertex 1.14805029709527 2.7716385975338613 32
      vertex 0.5852709660483852 2.9423558412096926 32
    endloop
  endfacet
  facet normal 0 0 0
    outer loop
      vertex 0 0 -32
      vertex 1.8369701987210297e-16 3 -32
      vertex 0.585270966048385 2.9423558412096913 -32
    endloop
  endfacet
  facet normal 0 0 0
    outer loop
      vertex 0 0 32
      vertex 0.5852709660483852 2.9423558412096926 32
      vertex 1.8369701987210307e-16 3.0000000000000013 32
    endloop
  endfacet
  facet normal 0 0 0
    outer loop
      vertex 0 0 -32
      vertex -0.5852709660483846 2.9423558412096913 -32
      vertex 1.8369701987210297e-16 3 -32
    endloop
  endfacet
  facet normal 0 0 0
    outer loop
      vertex 0 0 32
      vertex 1.8369701987210307e-16 3.0000000000000013 32
      vertex -0.5852709660483848 2.9423558412096926 32
    endloop
  endfacet
  facet normal 0 0 0
    outer loop
      vertex 0 0 -32
      vertex -1.1480502970952693 2.77163859753386 -32
      vertex -0.5852709660483846 2.9423558412096913 -32
    endloop
  endfacet
  facet normal 0 0 0
    outer loop
      vertex 0 0 32
      vertex -0.5852709660483848 2.9423558412096926 32
      vertex -1.1480502970952697 2.7716385975338613 32
    endloop
  endfacet
  facet normal 0 0 0
    outer loop
      vertex 0 0 -32
      vertex -1.6667106990588059 2.494408836907636 -32
      vertex -1.1480502970952693 2.77163859753386 -32
    endloop
  endfacet
  facet normal 0 0 0
    outer loop
      vertex 0 0 32
      vertex -1.1480502970952697 2.7716385975338613 32
      vertex -1.6667106990588065 2.494408836907637 32
    endloop
  endfacet
  facet normal 0 0 0
    outer loop
      vertex 0 0 -32
      vertex -2.1213203435596424 2.121320343559643 -32
      vertex -1.6667106990588059 2.494408836907636 -32
    endloop
  endfacet
  facet normal 0 0 0
    outer loop
      vertex 0 0 32
      vertex -1.6667106990588065 2.494408836907637 32
      vertex -2.1213203435596433 2.1213203435596437 32
    endloop
  endfacet
  facet normal 0 0 0
    outer loop
      vertex 0 0 -32
      vertex -2.494408836907636 1.6667106990588065 -32
      vertex -2.1213203435596424 2.121320343559643 -32
    endloop
  endfacet
  facet normal 0 0 0
    outer loop
      vertex 0 0 32
      vertex -2.1213203435596433 2.1213203435596437 32
      vertex -2.494408836907637 1.6667106990588072 32
    endloop
  endfacet
  facet normal 0 0 0
    outer loop
      vertex 0 0 -32
      vertex -2.77163859753386 1.1480502970952697 -32
      vertex -2.494408836907636 1.6667106990588065 -32
    endloop
  endfacet
  facet normal 0 0 0
    outer loop
      vertex 0 0 32
      vertex -2.494408836907637 1.6667106990588072 32
      vertex -2.7716385975338613 1.1480502970952702 32
    endloop
  endfacet
  facet normal 0 0 0
    outer loop
      vertex 0 0 -32
      vertex -2.9423558412096913 0.5852709660483858 -32
      vertex -2.77163859753386 1.1480502970952697 -32
    endloop
  endfacet
  facet normal 0 0 0
    outer loop
      vertex 0 0 32
      vertex -2.7716385975338613 1.1480502970952702 32
      vertex -2.9423558412096926 0.5852709660483861 32
    endloop
  endfacet
  facet normal 0 0 0
    outer loop
      vertex 0 0 -32
      vertex -3 3.6739403974420594e-16 -32
      vertex -2.9423558412096913 0.5852709660483858 -32
    endloop
  endfacet
  facet normal 0 0 0
    outer loop
      vertex 0 0 32
      vertex -2.9423558412096926 0.5852709660483861 32
      vertex -3.0000000000000013 3.6739403974420613e-16 32
    endloop
  endfacet
  facet normal 0 0 0
    outer loop
      vertex 0 0 -32
      vertex -2.9423558412096913 -0.585270966048385 -32
      vertex -3 3.6739403974420594e-16 -32
    endloop
  endfacet
  facet normal 0 0 0
    outer loop
      vertex 0 0 32
      vertex -3.0000000000000013 3.6739403974420613e-16 32
      vertex -2.9423558412096926 -0.5852709660483854 32
    endloop
  endfacet
  facet normal 0 0 0
    outer loop
      vertex 0 0 -32
      vertex -2.7716385975338604 -1.1480502970952688 -32
      vertex -2.9423558412096913 -0.585270966048385 -32
    endloop
  endfacet
  facet normal 0 0 0
    outer loop
      vertex 0 0 32
      vertex -2.9423558412096926 -0.5852709660483854 32
      vertex -2.7716385975338618 -1.1480502970952693 32
    endloop
  endfacet
  facet normal 0 0 0
    outer loop
      vertex 0 0 -32
      vertex -2.4944088369076365 -1.6667106990588059 -32
      vertex -2.7716385975338604 -1.1480502970952688 -32
    endloop
  endfacet
  facet normal 0 0 0
    outer loop
      vertex 0 0 32
      vertex -2.7716385975338618 -1.1480502970952693 32
      vertex -2.4944088369076374 -1.6667106990588065 32
    endloop
  endfacet
  facet normal 0 0 0
    outer loop
      vertex 0 0 -32
      vertex -2.121320343559643 -2.1213203435596424 -32
      vertex -2.4944088369076365 -1.6667106990588059 -32
    endloop
  endfacet
  facet normal 0 0 0
    outer loop
      vertex 0 0 32
      vertex -2.4944088369076374 -1.6667106990588065 32
      vertex -2.121320343559644 -2.1213203435596433 32
    endloop
  endfacet
  facet normal 0 0 0
    outer loop
      vertex 0 0 -32
      vertex -1.6667106990588065 -2.4944088369076356 -32
      vertex -2.121320343559643 -2.1213203435596424 -32
    endloop
  endfacet
  facet normal 0 0 0
    outer loop
      vertex 0 0 32
      vertex -2.121320343559644 -2.1213203435596433 32
      vertex -1.6667106990588072 -2.494408836907637 32
    endloop
  endfacet
  facet normal 0 0 0
    outer loop
      vertex 0 0 -32
      vertex -1.148050297095271 -2.7716385975338595 -32
      vertex -1.6667106990588065 -2.4944088369076356 -32
    endloop
  endfacet
  facet normal 0 0 0
    outer loop
      vertex 0 0 32
      vertex -1.6667106990588072 -2.494408836907637 32
      vertex -1.1480502970952715 -2.771638597533861 32
    endloop
  endfacet
  facet normal 0 0 0
    outer loop
      vertex 0 0 -32
      vertex -0.585270966048386 -2.942355841209691 -32
      vertex -1.148050297095271 -2.7716385975338595 -32
    endloop
  endfacet
  facet normal 0 0 0
    outer loop
      vertex 0 0 32
      vertex -1.1480502970952715 -2.771638597533861 32
      vertex -0.5852709660483862 -2.942355841209692 32
    endloop
  endfacet
  facet normal 0 0 0
    outer loop
      vertex 0 0 -32
      vertex -5.51091059616309e-16 -3 -32
      vertex -0.585270966048386 -2.942355841209691 -32
    endloop
  endfacet
  facet normal 0 0 0
    outer loop
      vertex 0 0 32
      vertex -0.5852709660483862 -2.942355841209692 32
      vertex -5.510910596163092e-16 -3.0000000000000013 32
    endloop
  endfacet
  facet normal 0 0 0
    outer loop
      vertex 0 0 -32
      vertex 0.5852709660483849 -2.9423558412096913 -32
      vertex -5.51091059616309e-16 -3 -32
    endloop
  endfacet
  facet normal 0 0 0
    outer loop
      vertex 0 0 32
      vertex -5.510910596163092e-16 -3.0000000000000013 32
      vertex 0.5852709660483851 -2.9423558412096926 32
    endloop
  endfacet
  facet normal 0 0 0
    outer loop
      vertex 0 0 -32
      vertex 1.14805029709527 -2.77163859753386 -32
      vertex 0.5852709660483849 -2.9423558412096913 -32
    endloop
  endfacet
  facet normal 0 0 0
    outer loop
      vertex 0 0 32
      vertex 0.5852709660483851 -2.9423558412096926 32
      vertex 1.1480502970952706 -2.7716385975338613 32
    endloop
  endfacet
  facet normal 0 0 0
    outer loop
      vertex 0 0 -32
      vertex 1.6667106990588056 -2.4944088369076365 -32
      vertex 1.14805029709527 -2.77163859753386 -32
    endloop
  endfacet
  facet normal 0 0 0
    outer loop
      vertex 0 0 32
      vertex 1.1480502970952706 -2.7716385975338613 32
      vertex 1.6667106990588063 -2.4944088369076374 32
    endloop
  endfacet
  facet normal 0 0 0
    outer loop
      vertex 0 0 -32
      vertex 2.121320343559642 -2.121320343559643 -32
      vertex 1.6667106990588056 -2.4944088369076365 -32
    endloop
  endfacet
  facet normal 0 0 0
    outer loop
      vertex 0 0 32
      vertex 1.6667106990588063 -2.4944088369076374 32
      vertex 2.121320343559643 -2.121320343559644 32
    endloop
  endfacet
  facet normal 0 0 0
    outer loop
      vertex 0 0 -32
      vertex 2.4944088369076356 -1.6667106990588065 -32
      vertex 2.121320343559642 -2.121320343559643 -32
    endloop
  endfacet
  facet normal 0 0 0
    outer loop
      vertex 0 0 32
      vertex 2.121320343559643 -2.121320343559644 32
      vertex 2.494408836907637 -1.6667106990588072 32
    endloop
  endfacet
  facet normal 0 0 0
    outer loop
      vertex 0 0 -32
      vertex 2.7716385975338595 -1.148050297095271 -32
      vertex 2.4944088369076356 -1.6667106990588065 -32
    endloop
  endfacet
  facet normal 0 0 0
    outer loop
      vertex 0 0 32
      vertex 2.494408836907637 -1.6667106990588072 32
      vertex 2.771638597533861 -1.1480502970952717 32
    endloop
  endfacet
  facet normal 0 0 0
    outer loop
      vertex 0 0 -32
      vertex 2.942355841209691 -0.5852709660483861 -32
      vertex 2.7716385975338595 -1.148050297095271 -32
    endloop
  endfacet
  facet normal 0 0 0
    outer loop
      vertex 0 0 32
      vertex 2.771638597533861 -1.1480502970952717 32
      vertex 2.942355841209692 -0.5852709660483865 32
    endloop
  endfacet
  facet normal 0 0 0
    outer loop
      vertex 0 0 -32
      vertex 3 0 -32
      vertex 2.942355841209691 -0.5852709660483861 -32
    endloop
  endfacet
  facet normal 0 0 0
    outer loop
      vertex 0 0 32
      vertex 2.942355841209692 -0.5852709660483865 32
      vertex 3.0000000000000013 0 32
    endloop
  endfacet
endsolid tall_spindle
