solid wide_outer_ring
  facet normal 0 0 0
    outer loop
      vertex 5 0 -18
      vertex 4.903926402016152 0.9754516100806412 -18
      vertex 11.304776445021576 2.248659845377036 -16.5
    endloop
  endfacet
  facet normal 0 0 0
    outer loop
      vertex 5 0 -18
      vertex 11.304776445021576 2.248659845377036 -16.5
      vertex 11.526250108865664 0 -16.5
    endloop
  endfacet
  facet normal 0 0 0
    outer loop
      vertex 4.903926402016152 0.9754516100806412 -18
      vertex 4.619397662556434 1.913417161825449 -18
      vertex 10.648866562186978 4.410904953959202 -16.5
    endloop
  endfacet
  facet normal 0 0 0
    outer loop
      vertex 4.903926402016152 0.9754516100806412 -18
      vertex 10.648866562186978 4.410904953959202 -16.5
      vertex 11.304776445021576 2.248659845377036 -16.5
    endloop
  endfacet
  facet normal 0 0 0
    outer loop
      vertex 4.619397662556434 1.913417161825449 -18
      vertex 4.157348061512726 2.777851165098011 -18
      vertex 9.583726709320704 6.403641458824712 -16.5
    endloop
  endfacet
  facet normal 0 0 0
    outer loop
      vertex 4.619397662556434 1.913417161825449 -18
      vertex 9.583726709320704 6.403641458824712 -16.5
      vertex 10.648866562186978 4.410904953959202 -16.5
    endloop
  endfacet
  facet normal 0 0 0
    outer loop
      vertex 4.157348061512726 2.777851165098011 -18
      vertex 3.5355339059327378 3.5355339059327373 -18
      vertex 8.150289613631093 8.150289613631092 -16.5
    endloop
  endfacet
  facet normal 0 0 0
    outer loop
      vertex 4.157348061512726 2.777851165098011 -18
      vertex 8.150289613631093 8.150289613631092 -16.5
      vertex 9.583726709320704 6.403641458824712 -16.5
    endloop
  endfacet
  facet normal 0 0 0
    outer loop
      vertex 3.5355339059327378 3.5355339059327373 -18
      vertex 2.7778511650980113 4.157348061512726 -18
      vertex 6.403641458824714 9.583726709320704 -16.5
    endloop
  endfacet
  facet normal 0 0 0
    outer loop
      vertex 3.5355339059327378 3.5355339059327373 -18
      vertex 6.403641458824714 9.583726709320704 -16.5
      vertex 8.150289613631093 8.150289613631092 -16.5
    endloop
  endfacet
  facet normal 0 0 0
    outer loop
      vertex 2.7778511650980113 4.157348061512726 -18
      vertex 1.9134171618254492 4.619397662556434 -18
      vertex 4.410904953959203 10.648866562186978 -16.5
    endloop
  endfacet
  facet normal 0 0 0
    outer loop
      vertex 2.7778511650980113 4.157348061512726 -18
      vertex 4.410904953959203 10.648866562186978 -16.5
      vertex 6.403641458824714 9.583726709320704 -16.5
    endloop
  endfacet
  facet normal 0 0 0
    outer loop
      vertex 1.9134171618254492 4.619397662556434 -18
      vertex 0.9754516100806416 4.903926402016152 -18
      vertex 2.248659845377037 11.304776445021576 -16.5
    endloop
  endfacet
  facet normal 0 0 0
    outer loop
      vertex 1.9134171618254492 4.619397662556434 -18
      vertex 2.248659845377037 11.304776445021576 -16.5
      vertex 4.410904953959203 10.648866562186978 -16.5
    endloop
  endfacet
  facet normal 0 0 0
    outer loop
      vertex 0.9754516100806416 4.903926402016152 -18
      vertex 3.061616997868383e-16 5 -18
      vertex 7.057792650997083e-16 11.526250108865664 -16.5
    endloop
  endfacet
  facet normal 0 0 0
    outer loop
      vertex 0.9754516100806416 4.903926402016152 -18
      vertex 7.057792650997083e-16 11.526250108865664 -16.5
      vertex 2.248659845377037 11.304776445021576 -16.5
    endloop
  endfacet
  facet normal 0 0 0
    outer loop
      vertex 3.061616997868383e-16 5 -18
      vertex -0.975451610080641 4.903926402016152 -18
      vertex -2.248659845377035 11.304776445021576 -16.5
    endloop
  endfacet
  facet normal 0 0 0
    outer loop
      vertex 3.061616997868383e-16 5 -18
      vertex -2.248659845377035 11.304776445021576 -16.5
      vertex 7.057792650997083e-16 11.526250108865664 -16.5
    endloop
  endfacet
  facet normal 0 0 0
    outer loop
      vertex -0.975451610080641 4.903926402016152 -18
      vertex -1.9134171618254485 4.619397662556434 -18
      vertex -4.410904953959202 10.648866562186978 -16.5
    endloop
  endfacet
  facet normal 0 0 0
    outer loop
      vertex -0.975451610080641 4.903926402016152 -18
      vertex -4.410904953959202 10.648866562186978 -16.5
      vertex -2.248659845377035 11.304776445021576 -16.5
    endloop
  endfacet
  facet normal 0 0 0
    outer loop
      vertex -1.9134171618254485 4.619397662556434 -18
      vertex -2.77785116509801 4.157348061512726 -18
      vertex -6.403641458824709 9.583726709320706 -16.5
    endloop
  endfacet
  facet normal 0 0 0
    outer loop
      vertex -1.9134171618254485 4.619397662556434 -18
      vertex -6.403641458824709 9.583726709320706 -16.5
      vertex -4.410904953959202 10.648866562186978 -16.5
    endloop
  endfacet
  facet normal 0 0 0
    outer loop
      vertex -2.77785116509801 4.157348061512726 -18
      vertex -3.5355339059327373 3.5355339059327378 -18
      vertex -8.150289613631092 8.150289613631093 -16.5
    endloop
  endfacet
  facet normal 0 0 0
    outer loop
      vertex -2.77785116509801 4.157348061512726 -18
      vertex -8.150289613631092 8.150289613631093 -16.5
      vertex -6.403641458824709 9.583726709320706 -16.5
    endloop
  endfacet
  facet normal 0 0 0
    outer loop
      vertex -3.5355339059327373 3.5355339059327378 -18
      vertex -4.157348061512726 2.777851165098011 -18
      vertex -9.583726709320706 6.403641458824712 -16.5
    endloop
  endfacet
  facet normal 0 0 0
    outer loop
      vertex -3.5355339059327373 3.5355339059327378 -18
      vertex -9.583726709320706 6.403641458824712 -16.5
      vertex -8.150289613631092 8.150289613631093 -16.5
    endloop
  endfacet
  facet normal 0 0 0
    outer loop
      vertex -4.157348061512726 2.777851165098011 -18
      vertex -4.619397662556434 1.9134171618254494 -18
      vertex -10.648866562186978 4.410904953959204 -16.5
    endloop
  endfacet
  facet normal 0 0 0
    outer loop
      vertex -4.157348061512726 2.777851165098011 -18
      vertex -10.648866562186978 4.410904953959204 -16.5
      vertex -9.583726709320706 6.403641458824712 -16.5
    endloop
  endfacet
  facet normal 0 0 0
    outer loop
      vertex -4.619397662556434 1.9134171618254494 -18
      vertex -4.903926402016152 0.9754516100806431 -18
      vertex -11.304776445021576 2.24865984537704 -16.5
    endloop
  endfacet
  facet normal 0 0 0
    outer loop
      vertex -4.619397662556434 1.9134171618254494 -18
      vertex -11.304776445021576 2.24865984537704 -16.5
      vertex -10.648866562186978 4.410904953959204 -16.5
    endloop
  endfacet
  facet normal 0 0 0
    outer loop
      vertex -4.903926402016152 0.9754516100806431 -18
      vertex -5 6.123233995736766e-16 -18
      vertex -11.526250108865664 1.4115585301994166e-15 -16.5
    endloop
  endfacet
  facet normal 0 0 0
    outer loop
      vertex -4.903926402016152 0.9754516100806431 -18
      vertex -11.526250108865664 1.4115585301994166e-15 -16.5
      vertex -11.304776445021576 2.24865984537704 -16.5
    endloop
  endfacet
  facet normal 0 0 0
    outer loop
      vertex -5 6.123233995736766e-16 -18
      vertex -4.903926402016152 -0.9754516100806419 -18
      vertex -11.304776445021576 -2.248659845377037 -16.5
    endloop
  endfacet
  facet normal 0 0 0
    outer loop
      vertex -5 6.123233995736766e-16 -18
      vertex -11.304776445021576 -2.248659845377037 -16.5
      vertex -11.526250108865664 1.4115585301994166e-15 -16.5
    endloop
  endfacet
  facet normal 0 0 0
    outer loop
      vertex -4.903926402016152 -0.9754516100806419 -18
      vertex -4.619397662556434 -1.913417161825448 -18
      vertex -10.64886656218698 -4.4109049539592 -16.5
    endloop
  endfacet
  facet normal 0 0 0
    outer loop
      vertex -4.903926402016152 -0.9754516100806419 -18
      vertex -10.64886656218698 -4.4109049539592 -16.5
      vertex -11.304776445021576 -2.248659845377037 -16.5
    endloop
  endfacet
  facet normal 0 0 0
    outer loop
      vertex -4.619397662556434 -1.913417161825448 -18
      vertex -4.157348061512727 -2.77785116509801 -18
      vertex -9.583726709320706 -6.403641458824709 -16.5
    endloop
  endfacet
  facet normal 0 0 0
    outer loop
      vertex -4.619397662556434 -1.913417161825448 -18
      vertex -9.583726709320706 -6.403641458824709 -16.5
      vertex -10.64886656218698 -4.4109049539592 -16.5
    endloop
  endfacet
  facet normal 0 0 0
    outer loop
      vertex -4.157348061512727 -2.77785116509801 -18
      vertex -3.5355339059327386 -3.5355339059327373 -18
      vertex -8.150289613631095 -8.150289613631092 -16.5
    endloop
  endfacet
  facet normal 0 0 0
    outer loop
      vertex -4.157348061512727 -2.77785116509801 -18
      vertex -8.150289613631095 -8.150289613631092 -16.5
      vertex -9.583726709320706 -6.403641458824709 -16.5
    endloop
  endfacet
  facet normal 0 0 0
    outer loop
      vertex -3.5355339059327386 -3.5355339059327373 -18
      vertex -2.777851165098011 -4.157348061512726 -18
      vertex -6.403641458824712 -9.583726709320704 -16.5
    endloop
  endfacet
  facet normal 0 0 0
    outer loop
      vertex -3.5355339059327386 -3.5355339059327373 -18
      vertex -6.403641458824712 -9.583726709320704 -16.5
      vertex -8.150289613631095 -8.150289613631092 -16.5
    endloop
  endfacet
  facet normal 0 0 0
    outer loop
      vertex -2.777851165098011 -4.157348061512726 -18
      vertex -1.9134171618254516 -4.619397662556432 -18
      vertex -4.410904953959209 -10.648866562186974 -16.5
    endloop
  endfacet
  facet normal 0 0 0
    outer loop
      vertex -2.777851165098011 -4.157348061512726 -18
      vertex -4.410904953959209 -10.648866562186974 -16.5
      vertex -6.403641458824712 -9.583726709320704 -16.5
    endloop
  endfacet
  facet normal 0 0 0
    outer loop
      vertex -1.9134171618254516 -4.619397662556432 -18
      vertex -0.9754516100806433 -4.903926402016151 -18
      vertex -2.2486598453770403 -11.304776445021574 -16.5
    endloop
  endfacet
  facet normal 0 0 0
    outer loop
      vertex -1.9134171618254516 -4.619397662556432 -18
      vertex -2.2486598453770403 -11.304776445021574 -16.5
      vertex -4.410904953959209 -10.648866562186974 -16.5
    endloop
  endfacet
  facet normal 0 0 0
    outer loop
      vertex -0.9754516100806433 -4.903926402016151 -18
      vertex -9.184850993605148e-16 -5 -18
      vertex -2.117337795299125e-15 -11.526250108865664 -16.5
    endloop
  endfacet
  facet normal 0 0 0
    outer loop
      vertex -0.9754516100806433 -4.903926402016151 -18
      vertex -2.117337795299125e-15 -11.526250108865664 -16.5
      vertex -2.2486598453770403 -11.304776445021574 -16.5
    endloop
  endfacet
  facet normal 0 0 0
    outer loop
      vertex -9.184850993605148e-16 -5 -18
      vertex 0.9754516100806415 -4.903926402016152 -18
      vertex 2.2486598453770363 -11.304776445021576 -16.5
    endloop
  endfacet
  facet normal 0 0 0
    outer loop
      vertex -9.184850993605148e-16 -5 -18
      vertex 2.2486598453770363 -11.304776445021576 -16.5
      vertex -2.117337795299125e-15 -11.526250108865664 -16.5
    endloop
  endfacet
  facet normal 0 0 0
    outer loop
      vertex 0.9754516100806415 -4.903926402016152 -18
      vertex 1.91341716182545 -4.619397662556433 -18
      vertex 4.4109049539592045 -10.648866562186976 -16.5
    endloop
  endfacet
  facet normal 0 0 0
    outer loop
      vertex 0.9754516100806415 -4.903926402016152 -18
      vertex 4.4109049539592045 -10.648866562186976 -16.5
      vertex 2.2486598453770363 -11.304776445021576 -16.5
    endloop
  endfacet
  facet normal 0 0 0
    outer loop
      vertex 1.91341716182545 -4.619397662556433 -18
      vertex 2.777851165098009 -4.157348061512727 -18
      vertex 6.403641458824708 -9.583726709320706 -16.5
    endloop
  endfacet
  facet normal 0 0 0
    outer loop
      vertex 1.91341716182545 -4.619397662556433 -18
      vertex 6.403641458824708 -9.583726709320706 -16.5
      vertex 4.4109049539592045 -10.648866562186976 -16.5
    endloop
  endfacet
  facet normal 0 0 0
    outer loop
      vertex 2.777851165098009 -4.157348061512727 -18
      vertex 3.535533905932737 -3.5355339059327386 -18
      vertex 8.150289613631092 -8.150289613631095 -16.5
    endloop
  endfacet
  facet normal 0 0 0
    outer loop
      vertex 2.777851165098009 -4.157348061512727 -18
      vertex 8.150289613631092 -8.150289613631095 -16.5
      vertex 6.403641458824708 -9.583726709320706 -16.5
    endloop
  endfacet
  facet normal 0 0 0
    outer loop
      vertex 3.535533905932737 -3.5355339059327386 -18
      vertex 4.157348061512726 -2.777851165098011 -18
      vertex 9.583726709320704 -6.403641458824712 -16.5
    endloop
  endfacet
  facet normal 0 0 0
    outer loop
      vertex 3.535533905932737 -3.5355339059327386 -18
      vertex 9.583726709320704 -6.403641458824712 -16.5
      vertex 8.150289613631092 -8.150289613631095 -16.5
    endloop
  endfacet
  facet normal 0 0 0
    outer loop
      vertex 4.157348061512726 -2.777851165098011 -18
      vertex 4.619397662556432 -1.913417161825452 -18
      vertex 10.648866562186974 -4.410904953959209 -16.5
    endloop
  endfacet
  facet normal 0 0 0
    outer loop
      vertex 4.157348061512726 -2.777851165098011 -18
      vertex 10.648866562186974 -4.410904953959209 -16.5
      vertex 9.583726709320704 -6.403641458824712 -16.5
    endloop
  endfacet
  facet normal 0 0 0
    outer loop
      vertex 4.619397662556432 -1.913417161825452 -18
      vertex 4.903926402016151 -0.9754516100806436 -18
      vertex 11.304776445021574 -2.248659845377041 -16.5
    endloop
  endfacet
  facet normal 0 0 0
    outer loop
      vertex 4.619397662556432 -1.913417161825452 -18
      vertex 11.304776445021574 -2.248659845377041 -16.5
      vertex 10.648866562186974 -4.410904953959209 -16.5
    endloop
  endfacet
  facet normal 0 0 0
    outer loop
      vertex 4.903926402016151 -0.9754516100806436 -18
      vertex 5 0 -18
      vertex 11.526250108865664 0 -16.5
    endloop
  endfacet
  facet normal 0 0 0
    outer loop
      vertex 4.903926402016151 -0.9754516100806436 -18
      vertex 11.526250108865664 0 -16.5
      vertex 11.304776445021574 -2.248659845377041 -16.5
    endloop
  endfacet
  facet normal 0 0 0
    outer loop
      vertex 11.526250108865664 0 -16.5
      vertex 11.304776445021576 2.248659845377036 -16.5
      vertex 14.231138698039015 2.830749488935204 -15
    endloop
  endfacet
  facet normal 0 0 0
    outer loop
      vertex 11.526250108865664 0 -16.5
      vertex 14.231138698039015 2.830749488935204 -15
      vertex 14.509943187756818 0 -15
    endloop
  endfacet
  facet normal 0 0 0
    outer loop
      vertex 11.304776445021576 2.248659845377036 -16.5
      vertex 10.648866562186978 4.410904953959202 -16.5
      vertex 13.4054395290701 5.552714862513231 -15
    endloop
  endfacet
  facet normal 0 0 0
    outer loop
      vertex 11.304776445021576 2.248659845377036 -16.5
      vertex 13.4054395290701 5.552714862513231 -15
      vertex 14.231138698039015 2.830749488935204 -15
    endloop
  endfacet
  facet normal 0 0 0
    outer loop
      vertex 10.648866562186978 4.410904953959202 -16.5
      vertex 9.583726709320704 6.403641458824712 -16.5
      vertex 12.06457683685612 8.061292517923244 -15
    endloop
  endfacet
  facet normal 0 0 0
    outer loop
      vertex 10.648866562186978 4.410904953959202 -16.5
      vertex 12.06457683685612 8.061292517923244 -15
      vertex 13.4054395290701 5.552714862513231 -15
    endloop
  endfacet
  facet normal 0 0 0
    outer loop
      vertex 9.583726709320704 6.403641458824712 -16.5
      vertex 8.150289613631093 8.150289613631092 -16.5
      vertex 10.260079222694397 10.260079222694396 -15
    endloop
  endfacet
  facet normal 0 0 0
    outer loop
      vertex 9.583726709320704 6.403641458824712 -16.5
      vertex 10.260079222694397 10.260079222694396 -15
      vertex 12.06457683685612 8.061292517923244 -15
    endloop
  endfacet
  facet normal 0 0 0
    outer loop
      vertex 8.150289613631093 8.150289613631092 -16.5
      vertex 6.403641458824714 9.583726709320704 -16.5
      vertex 8.061292517923246 12.06457683685612 -15
    endloop
  endfacet
  facet normal 0 0 0
    outer loop
      vertex 8.150289613631093 8.150289613631092 -16.5
      vertex 8.061292517923246 12.06457683685612 -15
      vertex 10.260079222694397 10.260079222694396 -15
    endloop
  endfacet
  facet normal 0 0 0
    outer loop
      vertex 6.403641458824714 9.583726709320704 -16.5
      vertex 4.410904953959203 10.648866562186978 -16.5
      vertex 5.552714862513232 13.4054395290701 -15
    endloop
  endfacet
  facet normal 0 0 0
    outer loop
      vertex 6.403641458824714 9.583726709320704 -16.5
      vertex 5.552714862513232 13.4054395290701 -15
      vertex 8.061292517923246 12.06457683685612 -15
    endloop
  endfacet
  facet normal 0 0 0
    outer loop
      vertex 4.410904953959203 10.648866562186978 -16.5
      vertex 2.248659845377037 11.304776445021576 -16.5
      vertex 2.830749488935205 14.231138698039015 -15
    endloop
  endfacet
  facet normal 0 0 0
    outer loop
      vertex 4.410904953959203 10.648866562186978 -16.5
      vertex 2.830749488935205 14.231138698039015 -15
      vertex 5.552714862513232 13.4054395290701 -15
    endloop
  endfacet
  facet normal 0 0 0
    outer loop
      vertex 2.248659845377037 11.304776445021576 -16.5
      vertex 7.057792650997083e-16 11.526250108865664 -16.5
      vertex 8.884777740348165e-16 14.509943187756818 -15
    endloop
  endfacet
  facet normal 0 0 0
    outer loop
      vertex 2.248659845377037 11.304776445021576 -16.5
      vertex 8.884777740348165e-16 14.509943187756818 -15
      vertex 2.830749488935205 14.231138698039015 -15
    endloop
  endfacet
  facet normal 0 0 0
    outer loop
      vertex 7.057792650997083e-16 11.526250108865664 -16.5
      vertex -2.248659845377035 11.304776445021576 -16.5
      vertex -2.8307494889352034 14.231138698039015 -15
    endloop
  endfacet
  facet normal 0 0 0
    outer loop
      vertex 7.057792650997083e-16 11.526250108865664 -16.5
      vertex -2.8307494889352034 14.231138698039015 -15
      vertex 8.884777740348165e-16 14.509943187756818 -15
    endloop
  endfacet
  facet normal 0 0 0
    outer loop
      vertex -2.248659845377035 11.304776445021576 -16.5
      vertex -4.410904953959202 10.648866562186978 -16.5
      vertex -5.5527148625132305 13.4054395290701 -15
    endloop
  endfacet
  facet normal 0 0 0
    outer loop
      vertex -2.248659845377035 11.304776445021576 -16.5
      vertex -5.5527148625132305 13.4054395290701 -15
      vertex -2.8307494889352034 14.231138698039015 -15
    endloop
  endfacet
  facet normal 0 0 0
    outer loop
      vertex -4.410904953959202 10.648866562186978 -16.5
      vertex -6.403641458824709 9.583726709320706 -16.5
      vertex -8.061292517923242 12.064576836856121 -15
    endloop
  endfacet
  facet normal 0 0 0
    outer loop
      vertex -4.410904953959202 10.648866562186978 -16.5
      vertex -8.061292517923242 12.064576836856121 -15
      vertex -5.5527148625132305 13.4054395290701 -15
    endloop
  endfacet
  facet normal 0 0 0
    outer loop
      vertex -6.403641458824709 9.583726709320706 -16.5
      vertex -8.150289613631092 8.150289613631093 -16.5
      vertex -10.260079222694396 10.260079222694397 -15
    endloop
  endfacet
  facet normal 0 0 0
    outer loop
      vertex -6.403641458824709 9.583726709320706 -16.5
      vertex -10.260079222694396 10.260079222694397 -15
      vertex -8.061292517923242 12.064576836856121 -15
    endloop
  endfacet
  facet normal 0 0 0
    outer loop
      vertex -8.150289613631092 8.150289613631093 -16.5
      vertex -9.583726709320706 6.403641458824712 -16.5
      vertex -12.064576836856121 8.061292517923244 -15
    endloop
  endfacet
  facet normal 0 0 0
    outer loop
      vertex -8.150289613631092 8.150289613631093 -16.5
      vertex -12.064576836856121 8.061292517923244 -15
      vertex -10.260079222694396 10.260079222694397 -15
    endloop
  endfacet
  facet normal 0 0 0
    outer loop
      vertex -9.583726709320706 6.403641458824712 -16.5
      vertex -10.648866562186978 4.410904953959204 -16.5
      vertex -13.4054395290701 5.552714862513233 -15
    endloop
  endfacet
  facet normal 0 0 0
    outer loop
      vertex -9.583726709320706 6.403641458824712 -16.5
      vertex -13.4054395290701 5.552714862513233 -15
      vertex -12.064576836856121 8.061292517923244 -15
    endloop
  endfacet
  facet normal 0 0 0
    outer loop
      vertex -10.648866562186978 4.410904953959204 -16.5
      vertex -11.304776445021576 2.24865984537704 -16.5
      vertex -14.231138698039015 2.830749488935209 -15
    endloop
  endfacet
  facet normal 0 0 0
    outer loop
      vertex -10.648866562186978 4.410904953959204 -16.5
      vertex -14.231138698039015 2.830749488935209 -15
      vertex -13.4054395290701 5.552714862513233 -15
    endloop
  endfacet
  facet normal 0 0 0
    outer loop
      vertex -11.304776445021576 2.24865984537704 -16.5
      vertex -11.526250108865664 1.4115585301994166e-15 -16.5
      vertex -14.509943187756818 1.776955548069633e-15 -15
    endloop
  endfacet
  facet normal 0 0 0
    outer loop
      vertex -11.304776445021576 2.24865984537704 -16.5
      vertex -14.509943187756818 1.776955548069633e-15 -15
      vertex -14.231138698039015 2.830749488935209 -15
    endloop
  endfacet
  facet normal 0 0 0
    outer loop
      vertex -11.526250108865664 1.4115585301994166e-15 -16.5
      vertex -11.304776445021576 -2.248659845377037 -16.5
      vertex -14.231138698039015 -2.8307494889352056 -15
    endloop
  endfacet
  facet normal 0 0 0
    outer loop
      vertex -11.526250108865664 1.4115585301994166e-15 -16.5
      vertex -14.231138698039015 -2.8307494889352056 -15
      vertex -14.509943187756818 1.776955548069633e-15 -15
    endloop
  endfacet
  facet normal 0 0 0
    outer loop
      vertex -11.304776445021576 -2.248659845377037 -16.5
      vertex -10.64886656218698 -4.4109049539592 -16.5
      vertex -13.405439529070101 -5.552714862513229 -15
    endloop
  endfacet
  facet normal 0 0 0
    outer loop
      vertex -11.304776445021576 -2.248659845377037 -16.5
      vertex -13.405439529070101 -5.552714862513229 -15
      vertex -14.231138698039015 -2.8307494889352056 -15
    endloop
  endfacet
  facet normal 0 0 0
    outer loop
      vertex -10.64886656218698 -4.4109049539592 -16.5
      vertex -9.583726709320706 -6.403641458824709 -16.5
      vertex -12.064576836856123 -8.061292517923242 -15
    endloop
  endfacet
  facet normal 0 0 0
    outer loop
      vertex -10.64886656218698 -4.4109049539592 -16.5
      vertex -12.064576836856123 -8.061292517923242 -15
      vertex -13.405439529070101 -5.552714862513229 -15
    endloop
  endfacet
  facet normal 0 0 0
    outer loop
      vertex -9.583726709320706 -6.403641458824709 -16.5
      vertex -8.150289613631095 -8.150289613631092 -16.5
      vertex -10.260079222694399 -10.260079222694396 -15
    endloop
  endfacet
  facet normal 0 0 0
    outer loop
      vertex -9.583726709320706 -6.403641458824709 -16.5
      vertex -10.260079222694399 -10.260079222694396 -15
      vertex -12.064576836856123 -8.061292517923242 -15
    endloop
  endfacet
  facet normal 0 0 0
    outer loop
      vertex -8.150289613631095 -8.150289613631092 -16.5
      vertex -6.403641458824712 -9.583726709320704 -16.5
      vertex -8.061292517923244 -12.06457683685612 -15
    endloop
  endfacet
  facet normal 0 0 0
    outer loop
      vertex -8.150289613631095 -8.150289613631092 -16.5
      vertex -8.061292517923244 -12.06457683685612 -15
      vertex -10.260079222694399 -10.260079222694396 -15
    endloop
  endfacet
  facet normal 0 0 0
    outer loop
      vertex -6.403641458824712 -9.583726709320704 -16.5
      vertex -4.410904953959209 -10.648866562186974 -16.5
      vertex -5.552714862513239 -13.405439529070096 -15
    endloop
  endfacet
  facet normal 0 0 0
    outer loop
      vertex -6.403641458824712 -9.583726709320704 -16.5
      vertex -5.552714862513239 -13.405439529070096 -15
      vertex -8.061292517923244 -12.06457683685612 -15
    endloop
  endfacet
  facet normal 0 0 0
    outer loop
      vertex -4.410904953959209 -10.648866562186974 -16.5
      vertex -2.2486598453770403 -11.304776445021574 -16.5
      vertex -2.83074948893521 -14.231138698039013 -15
    endloop
  endfacet
  facet normal 0 0 0
    outer loop
      vertex -4.410904953959209 -10.648866562186974 -16.5
      vertex -2.83074948893521 -14.231138698039013 -15
      vertex -5.552714862513239 -13.405439529070096 -15
    endloop
  endfacet
  facet normal 0 0 0
    outer loop
      vertex -2.2486598453770403 -11.304776445021574 -16.5
      vertex -2.117337795299125e-15 -11.526250108865664 -16.5
      vertex -2.665433322104449e-15 -14.509943187756818 -15
    endloop
  endfacet
  facet normal 0 0 0
    outer loop
      vertex -2.2486598453770403 -11.304776445021574 -16.5
      vertex -2.665433322104449e-15 -14.509943187756818 -15
      vertex -2.83074948893521 -14.231138698039013 -15
    endloop
  endfacet
  facet normal 0 0 0
    outer loop
      vertex -2.117337795299125e-15 -11.526250108865664 -16.5
      vertex 2.2486598453770363 -11.304776445021576 -16.5
      vertex 2.8307494889352047 -14.231138698039015 -15
    endloop
  endfacet
  facet normal 0 0 0
    outer loop
      vertex -2.117337795299125e-15 -11.526250108865664 -16.5
      vertex 2.8307494889352047 -14.231138698039015 -15
      vertex -2.665433322104449e-15 -14.509943187756818 -15
    endloop
  endfacet
  facet normal 0 0 0
    outer loop
      vertex 2.2486598453770363 -11.304776445021576 -16.5
      vertex 4.4109049539592045 -10.648866562186976 -16.5
      vertex 5.552714862513235 -13.405439529070097 -15
    endloop
  endfacet
  facet normal 0 0 0
    outer loop
      vertex 2.2486598453770363 -11.304776445021576 -16.5
      vertex 5.552714862513235 -13.405439529070097 -15
      vertex 2.8307494889352047 -14.231138698039015 -15
    endloop
  endfacet
  facet normal 0 0 0
    outer loop
      vertex 4.4109049539592045 -10.648866562186976 -16.5
      vertex 6.403641458824708 -9.583726709320706 -16.5
      vertex 8.06129251792324 -12.064576836856123 -15
    endloop
  endfacet
  facet normal 0 0 0
    outer loop
      vertex 4.4109049539592045 -10.648866562186976 -16.5
      vertex 8.06129251792324 -12.064576836856123 -15
      vertex 5.552714862513235 -13.405439529070097 -15
    endloop
  endfacet
  facet normal 0 0 0
    outer loop
      vertex 6.403641458824708 -9.583726709320706 -16.5
      vertex 8.150289613631092 -8.150289613631095 -16.5
      vertex 10.260079222694394 -10.260079222694399 -15
    endloop
  endfacet
  facet normal 0 0 0
    outer loop
      vertex 6.403641458824708 -9.583726709320706 -16.5
      vertex 10.260079222694394 -10.260079222694399 -15
      vertex 8.06129251792324 -12.064576836856123 -15
    endloop
  endfacet
  facet normal 0 0 0
    outer loop
      vertex 8.150289613631092 -8.150289613631095 -16.5
      vertex 9.583726709320704 -6.403641458824712 -16.5
      vertex 12.06457683685612 -8.061292517923244 -15
    endloop
  endfacet
  facet normal 0 0 0
    outer loop
      vertex 8.150289613631092 -8.150289613631095 -16.5
      vertex 12.06457683685612 -8.061292517923244 -15
      vertex 10.260079222694394 -10.260079222694399 -15
    endloop
  endfacet
  facet normal 0 0 0
    outer loop
      vertex 9.583726709320704 -6.403641458824712 -16.5
      vertex 10.648866562186974 -4.410904953959209 -16.5
      vertex 13.405439529070096 -5.55271486251324 -15
    endloop
  endfacet
  facet normal 0 0 0
    outer loop
      vertex 9.583726709320704 -6.403641458824712 -16.5
      vertex 13.405439529070096 -5.55271486251324 -15
      vertex 12.06457683685612 -8.061292517923244 -15
    endloop
  endfacet
  facet normal 0 0 0
    outer loop
      vertex 10.648866562186974 -4.410904953959209 -16.5
      vertex 11.304776445021574 -2.248659845377041 -16.5
      vertex 14.231138698039013 -2.830749488935211 -15
    endloop
  endfacet
  facet normal 0 0 0
    outer loop
      vertex 10.648866562186974 -4.410904953959209 -16.5
      vertex 14.231138698039013 -2.830749488935211 -15
      vertex 13.405439529070096 -5.55271486251324 -15
    endloop
  endfacet
  facet normal 0 0 0
    outer loop
      vertex 11.304776445021574 -2.248659845377041 -16.5
      vertex 11.526250108865664 0 -16.5
      vertex 14.509943187756818 0 -15
    endloop
  endfacet
  facet normal 0 0 0
    outer loop
      vertex 11.304776445021574 -2.248659845377041 -16.5
      vertex 14.509943187756818 0 -15
      vertex 14.231138698039013 -2.830749488935211 -15
    endloop
  endfacet
  facet normal 0 0 0
    outer loop
      vertex 14.509943187756818 0 -15
      vertex 14.231138698039015 2.830749488935204 -15
      vertex 16.469461964134354 3.275979668755196 -13.5
    endloop
  endfacet
  facet normal 0 0 0
    outer loop
      vertex 14.509943187756818 0 -15
      vertex 16.469461964134354 3.275979668755196 -13.5
      vertex 16.79211779907959 0 -13.5
    endloop
  endfacet
  facet normal 0 0 0
    outer loop
      vertex 14.231138698039015 2.830749488935204 -15
      vertex 13.4054395290701 5.552714862513231 -15
      vertex 15.51389394208811 6.426065276030695 -13.5
    endloop
  endfacet
  facet normal 0 0 0
    outer loop
      vertex 14.231138698039015 2.830749488935204 -15
      vertex 15.51389394208811 6.426065276030695 -13.5
      vertex 16.469461964134354 3.275979668755196 -13.5
    endloop
  endfacet
  facet normal 0 0 0
    outer loop
      vertex 13.4054395290701 5.552714862513231 -15
      vertex 12.06457683685612 8.061292517923244 -15
      vertex 13.962135676139377 9.329200798527257 -13.5
    endloop
  endfacet
  facet normal 0 0 0
    outer loop
      vertex 13.4054395290701 5.552714862513231 -15
      vertex 13.962135676139377 9.329200798527257 -13.5
      vertex 15.51389394208811 6.426065276030695 -13.5
    endloop
  endfacet
  facet normal 0 0 0
    outer loop
      vertex 12.06457683685612 8.061292517923244 -15
      vertex 10.260079222694397 10.260079222694396 -15
      vertex 11.873820366212504 11.8738203662125 -13.5
    endloop
  endfacet
  facet normal 0 0 0
    outer loop
      vertex 12.06457683685612 8.061292517923244 -15
      vertex 11.873820366212504 11.8738203662125 -13.5
      vertex 13.962135676139377 9.329200798527257 -13.5
    endloop
  endfacet
  facet normal 0 0 0
    outer loop
      vertex 10.260079222694397 10.260079222694396 -15
      vertex 8.061292517923246 12.06457683685612 -15
      vertex 9.329200798527259 13.962135676139377 -13.5
    endloop
  endfacet
  facet normal 0 0 0
    outer loop
      vertex 10.260079222694397 10.260079222694396 -15
      vertex 9.329200798527259 13.962135676139377 -13.5
      vertex 11.873820366212504 11.8738203662125 -13.5
    endloop
  endfacet
  facet normal 0 0 0
    outer loop
      vertex 8.061292517923246 12.06457683685612 -15
      vertex 5.552714862513232 13.4054395290701 -15
      vertex 6.4260652760306955 15.51389394208811 -13.5
    endloop
  endfacet
  facet normal 0 0 0
    outer loop
      vertex 8.061292517923246 12.06457683685612 -15
      vertex 6.4260652760306955 15.51389394208811 -13.5
      vertex 9.329200798527259 13.962135676139377 -13.5
    endloop
  endfacet
  facet normal 0 0 0
    outer loop
      vertex 5.552714862513232 13.4054395290701 -15
      vertex 2.830749488935205 14.231138698039015 -15
      vertex 3.2759796687551974 16.469461964134354 -13.5
    endloop
  endfacet
  facet normal 0 0 0
    outer loop
      vertex 5.552714862513232 13.4054395290701 -15
      vertex 3.2759796687551974 16.469461964134354 -13.5
      vertex 6.4260652760306955 15.51389394208811 -13.5
    endloop
  endfacet
  facet normal 0 0 0
    outer loop
      vertex 2.830749488935205 14.231138698039015 -15
      vertex 8.884777740348165e-16 14.509943187756818 -15
      vertex 1.028220665677406e-15 16.79211779907959 -13.5
    endloop
  endfacet
  facet normal 0 0 0
    outer loop
      vertex 2.830749488935205 14.231138698039015 -15
      vertex 1.028220665677406e-15 16.79211779907959 -13.5
      vertex 3.2759796687551974 16.469461964134354 -13.5
    endloop
  endfacet
  facet normal 0 0 0
    outer loop
      vertex 8.884777740348165e-16 14.509943187756818 -15
      vertex -2.8307494889352034 14.231138698039015 -15
      vertex -3.275979668755195 16.469461964134354 -13.5
    endloop
  endfacet
  facet normal 0 0 0
    outer loop
      vertex 8.884777740348165e-16 14.509943187756818 -15
      vertex -3.275979668755195 16.469461964134354 -13.5
      vertex 1.028220665677406e-15 16.79211779907959 -13.5
    endloop
  endfacet
  facet normal 0 0 0
    outer loop
      vertex -2.8307494889352034 14.231138698039015 -15
      vertex -5.5527148625132305 13.4054395290701 -15
      vertex -6.426065276030694 15.51389394208811 -13.5
    endloop
  endfacet
  facet normal 0 0 0
    outer loop
      vertex -2.8307494889352034 14.231138698039015 -15
      vertex -6.426065276030694 15.51389394208811 -13.5
      vertex -3.275979668755195 16.469461964134354 -13.5
    endloop
  endfacet
  facet normal 0 0 0
    outer loop
      vertex -5.5527148625132305 13.4054395290701 -15
      vertex -8.061292517923242 12.064576836856121 -15
      vertex -9.329200798527253 13.96213567613938 -13.5
    endloop
  endfacet
  facet normal 0 0 0
    outer loop
      vertex -5.5527148625132305 13.4054395290701 -15
      vertex -9.329200798527253 13.96213567613938 -13.5
      vertex -6.426065276030694 15.51389394208811 -13.5
    endloop
  endfacet
  facet normal 0 0 0
    outer loop
      vertex -8.061292517923242 12.064576836856121 -15
      vertex -10.260079222694396 10.260079222694397 -15
      vertex -11.8738203662125 11.873820366212504 -13.5
    endloop
  endfacet
  facet normal 0 0 0
    outer loop
      vertex -8.061292517923242 12.064576836856121 -15
      vertex -11.8738203662125 11.873820366212504 -13.5
      vertex -9.329200798527253 13.96213567613938 -13.5
    endloop
  endfacet
  facet normal 0 0 0
    outer loop
      vertex -10.260079222694396 10.260079222694397 -15
      vertex -12.064576836856121 8.061292517923244 -15
      vertex -13.96213567613938 9.329200798527257 -13.5
    endloop
  endfacet
  facet normal 0 0 0
    outer loop
      vertex -10.260079222694396 10.260079222694397 -15
      vertex -13.96213567613938 9.329200798527257 -13.5
      vertex -11.8738203662125 11.873820366212504 -13.5
    endloop
  endfacet
  facet normal 0 0 0
    outer loop
      vertex -12.064576836856121 8.061292517923244 -15
      vertex -13.4054395290701 5.552714862513233 -15
      vertex -15.51389394208811 6.426065276030696 -13.5
    endloop
  endfacet
  facet normal 0 0 0
    outer loop
      vertex -12.064576836856121 8.061292517923244 -15
      vertex -15.51389394208811 6.426065276030696 -13.5
      vertex -13.96213567613938 9.329200798527257 -13.5
    endloop
  endfacet
  facet normal 0 0 0
    outer loop
      vertex -13.4054395290701 5.552714862513233 -15
      vertex -14.231138698039015 2.830749488935209 -15
      vertex -16.469461964134354 3.2759796687552023 -13.5
    endloop
  endfacet
  facet normal 0 0 0
    outer loop
      vertex -13.4054395290701 5.552714862513233 -15
      vertex -16.469461964134354 3.2759796687552023 -13.5
      vertex -15.51389394208811 6.426065276030696 -13.5
    endloop
  endfacet
  facet normal 0 0 0
    outer loop
      vertex -14.231138698039015 2.830749488935209 -15
      vertex -14.509943187756818 1.776955548069633e-15 -15
      vertex -16.79211779907959 2.056441331354812e-15 -13.5
    endloop
  endfacet
  facet normal 0 0 0
    outer loop
      vertex -14.231138698039015 2.830749488935209 -15
      vertex -16.79211779907959 2.056441331354812e-15 -13.5
      vertex -16.469461964134354 3.2759796687552023 -13.5
    endloop
  endfacet
  facet normal 0 0 0
    outer loop
      vertex -14.509943187756818 1.776955548069633e-15 -15
      vertex -14.231138698039015 -2.8307494889352056 -15
      vertex -16.469461964134354 -3.275979668755198 -13.5
    endloop
  endfacet
  facet normal 0 0 0
    outer loop
      vertex -14.509943187756818 1.776955548069633e-15 -15
      vertex -16.469461964134354 -3.275979668755198 -13.5
      vertex -16.79211779907959 2.056441331354812e-15 -13.5
    endloop
  endfacet
  facet normal 0 0 0
    outer loop
      vertex -14.231138698039015 -2.8307494889352056 -15
      vertex -13.405439529070101 -5.552714862513229 -15
      vertex -15.513893942088112 -6.426065276030692 -13.5
    endloop
  endfacet
  facet normal 0 0 0
    outer loop
      vertex -14.231138698039015 -2.8307494889352056 -15
      vertex -15.513893942088112 -6.426065276030692 -13.5
      vertex -16.469461964134354 -3.275979668755198 -13.5
    endloop
  endfacet
  facet normal 0 0 0
    outer loop
      vertex -13.405439529070101 -5.552714862513229 -15
      vertex -12.064576836856123 -8.061292517923242 -15
      vertex -13.962135676139381 -9.329200798527253 -13.5
    endloop
  endfacet
  facet normal 0 0 0
    outer loop
      vertex -13.405439529070101 -5.552714862513229 -15
      vertex -13.962135676139381 -9.329200798527253 -13.5
      vertex -15.513893942088112 -6.426065276030692 -13.5
    endloop
  endfacet
  facet normal 0 0 0
    outer loop
      vertex -12.064576836856123 -8.061292517923242 -15
      vertex -10.260079222694399 -10.260079222694396 -15
      vertex -11.873820366212506 -11.8738203662125 -13.5
    endloop
  endfacet
  facet normal 0 0 0
    outer loop
      vertex -12.064576836856123 -8.061292517923242 -15
      vertex -11.873820366212506 -11.8738203662125 -13.5
      vertex -13.962135676139381 -9.329200798527253 -13.5
    endloop
  endfacet
  facet normal 0 0 0
    outer loop
      vertex -10.260079222694399 -10.260079222694396 -15
      vertex -8.061292517923244 -12.06457683685612 -15
      vertex -9.329200798527257 -13.962135676139377 -13.5
    endloop
  endfacet
  facet normal 0 0 0
    outer loop
      vertex -10.260079222694399 -10.260079222694396 -15
      vertex -9.329200798527257 -13.962135676139377 -13.5
      vertex -11.873820366212506 -11.8738203662125 -13.5
    endloop
  endfacet
  facet normal 0 0 0
    outer loop
      vertex -8.061292517923244 -12.06457683685612 -15
      vertex -5.552714862513239 -13.405439529070096 -15
      vertex -6.426065276030704 -15.513893942088107 -13.5
    endloop
  endfacet
  facet normal 0 0 0
    outer loop
      vertex -8.061292517923244 -12.06457683685612 -15
      vertex -6.426065276030704 -15.513893942088107 -13.5
      vertex -9.329200798527257 -13.962135676139377 -13.5
    endloop
  endfacet
  facet normal 0 0 0
    outer loop
      vertex -5.552714862513239 -13.405439529070096 -15
      vertex -2.83074948893521 -14.231138698039013 -15
      vertex -3.275979668755203 -16.46946196413435 -13.5
    endloop
  endfacet
  facet normal 0 0 0
    outer loop
      vertex -5.552714862513239 -13.405439529070096 -15
      vertex -3.275979668755203 -16.46946196413435 -13.5
      vertex -6.426065276030704 -15.513893942088107 -13.5
    endloop
  endfacet
  facet normal 0 0 0
    outer loop
      vertex -2.83074948893521 -14.231138698039013 -15
      vertex -2.665433322104449e-15 -14.509943187756818 -15
      vertex -3.0846619970322177e-15 -16.79211779907959 -13.5
    endloop
  endfacet
  facet normal 0 0 0
    outer loop
      vertex -2.83074948893521 -14.231138698039013 -15
      vertex -3.0846619970322177e-15 -16.79211779907959 -13.5
      vertex -3.275979668755203 -16.46946196413435 -13.5
    endloop
  endfacet
  facet normal 0 0 0
    outer loop
      vertex -2.665433322104449e-15 -14.509943187756818 -15
      vertex 2.8307494889352047 -14.231138698039015 -15
      vertex 3.275979668755197 -16.469461964134354 -13.5
    endloop
  endfacet
  facet normal 0 0 0
    outer loop
      vertex -2.665433322104449e-15 -14.509943187756818 -15
      vertex 3.275979668755197 -16.469461964134354 -13.5
      vertex -3.0846619970322177e-15 -16.79211779907959 -13.5
    endloop
  endfacet
  facet normal 0 0 0
    outer loop
      vertex 2.8307494889352047 -14.231138698039015 -15
      vertex 5.552714862513235 -13.405439529070097 -15
      vertex 6.426065276030699 -15.513893942088108 -13.5
    endloop
  endfacet
  facet normal 0 0 0
    outer loop
      vertex 2.8307494889352047 -14.231138698039015 -15
      vertex 6.426065276030699 -15.513893942088108 -13.5
      vertex 3.275979668755197 -16.469461964134354 -13.5
    endloop
  endfacet
  facet normal 0 0 0
    outer loop
      vertex 5.552714862513235 -13.405439529070097 -15
      vertex 8.06129251792324 -12.064576836856123 -15
      vertex 9.329200798527252 -13.962135676139381 -13.5
    endloop
  endfacet
  facet normal 0 0 0
    outer loop
      vertex 5.552714862513235 -13.405439529070097 -15
      vertex 9.329200798527252 -13.962135676139381 -13.5
      vertex 6.426065276030699 -15.513893942088108 -13.5
    endloop
  endfacet
  facet normal 0 0 0
    outer loop
      vertex 8.06129251792324 -12.064576836856123 -15
      vertex 10.260079222694394 -10.260079222694399 -15
      vertex 11.873820366212499 -11.873820366212506 -13.5
    endloop
  endfacet
  facet normal 0 0 0
    outer loop
      vertex 8.06129251792324 -12.064576836856123 -15
      vertex 11.873820366212499 -11.873820366212506 -13.5
      vertex 9.329200798527252 -13.962135676139381 -13.5
    endloop
  endfacet
  facet normal 0 0 0
    outer loop
      vertex 10.260079222694394 -10.260079222694399 -15
      vertex 12.06457683685612 -8.061292517923244 -15
      vertex 13.962135676139377 -9.329200798527257 -13.5
    endloop
  endfacet
  facet normal 0 0 0
    outer loop
      vertex 10.260079222694394 -10.260079222694399 -15
      vertex 13.962135676139377 -9.329200798527257 -13.5
      vertex 11.873820366212499 -11.873820366212506 -13.5
    endloop
  endfacet
  facet normal 0 0 0
    outer loop
      vertex 12.06457683685612 -8.061292517923244 -15
      vertex 13.405439529070096 -5.55271486251324 -15
      vertex 15.513893942088107 -6.426065276030705 -13.5
    endloop
  endfacet
  facet normal 0 0 0
    outer loop
      vertex 12.06457683685612 -8.061292517923244 -15
      vertex 15.513893942088107 -6.426065276030705 -13.5
      vertex 13.962135676139377 -9.329200798527257 -13.5
    endloop
  endfacet
  facet normal 0 0 0
    outer loop
      vertex 13.405439529070096 -5.55271486251324 -15
      vertex 14.231138698039013 -2.830749488935211 -15
      vertex 16.46946196413435 -3.275979668755204 -13.5
    endloop
  endfacet
  facet normal 0 0 0
    outer loop
      vertex 13.405439529070096 -5.55271486251324 -15
      vertex 16.46946196413435 -3.275979668755204 -13.5
      vertex 15.513893942088107 -6.426065276030705 -13.5
    endloop
  endfacet
  facet normal 0 0 0
    outer loop
      vertex 14.231138698039013 -2.830749488935211 -15
      vertex 14.509943187756818 0 -15
      vertex 16.79211779907959 0 -13.5
    endloop
  endfacet
  facet normal 0 0 0
    outer loop
      vertex 14.231138698039013 -2.830749488935211 -15
      vertex 16.79211779907959 0 -13.5
      vertex 16.46946196413435 -3.275979668755204 -13.5
    endloop
  endfacet
  facet normal 0 0 0
    outer loop
      vertex 16.79211779907959 0 -13.5
      vertex 16.469461964134354 3.275979668755196 -13.5
      vertex 18.301848164645758 3.6404639458527366 -12.000000000000002
    endloop
  endfacet
  facet normal 0 0 0
    outer loop
      vertex 16.79211779907959 0 -13.5
      vertex 18.301848164645758 3.6404639458527366 -12.000000000000002
      vertex 18.660402567543954 0 -12.000000000000002
    endloop
  endfacet
  facet normal 0 0 0
    outer loop
      vertex 16.469461964134354 3.275979668755196 -13.5
      vertex 15.51389394208811 6.426065276030695 -13.5
      vertex 17.239964000574922 7.141026903862055 -12.000000000000002
    endloop
  endfacet
  facet normal 0 0 0
    outer loop
      vertex 16.469461964134354 3.275979668755196 -13.5
      vertex 17.239964000574922 7.141026903862055 -12.000000000000002
      vertex 18.301848164645758 3.6404639458527366 -12.000000000000002
    endloop
  endfacet
  facet normal 0 0 0
    outer loop
      vertex 15.51389394208811 6.426065276030695 -13.5
      vertex 13.962135676139377 9.329200798527257 -13.5
      vertex 15.515557688245192 10.367164202689978 -12.000000000000002
    endloop
  endfacet
  facet normal 0 0 0
    outer loop
      vertex 15.51389394208811 6.426065276030695 -13.5
      vertex 15.515557688245192 10.367164202689978 -12.000000000000002
      vertex 17.239964000574922 7.141026903862055 -12.000000000000002
    endloop
  endfacet
  facet normal 0 0 0
    outer loop
      vertex 13.962135676139377 9.329200798527257 -13.5
      vertex 11.873820366212504 11.8738203662125 -13.5
      vertex 13.194897195181193 13.194897195181191 -12.000000000000002
    endloop
  endfacet
  facet normal 0 0 0
    outer loop
      vertex 13.962135676139377 9.329200798527257 -13.5
      vertex 13.194897195181193 13.194897195181191 -12.000000000000002
      vertex 15.515557688245192 10.367164202689978 -12.000000000000002
    endloop
  endfacet
  facet normal 0 0 0
    outer loop
      vertex 11.873820366212504 11.8738203662125 -13.5
      vertex 9.329200798527259 13.962135676139377 -13.5
      vertex 10.36716420268998 15.515557688245192 -12.000000000000002
    endloop
  endfacet
  facet normal 0 0 0
    outer loop
      vertex 11.873820366212504 11.8738203662125 -13.5
      vertex 10.36716420268998 15.515557688245192 -12.000000000000002
      vertex 13.194897195181193 13.194897195181191 -12.000000000000002
    endloop
  endfacet
  facet normal 0 0 0
    outer loop
      vertex 9.329200798527259 13.962135676139377 -13.5
      vertex 6.4260652760306955 15.51389394208811 -13.5
      vertex 7.1410269038620555 17.239964000574922 -12.000000000000002
    endloop
  endfacet
  facet normal 0 0 0
    outer loop
      vertex 9.329200798527259 13.962135676139377 -13.5
      vertex 7.1410269038620555 17.239964000574922 -12.000000000000002
      vertex 10.36716420268998 15.515557688245192 -12.000000000000002
    endloop
  endfacet
  facet normal 0 0 0
    outer loop
      vertex 6.4260652760306955 15.51389394208811 -13.5
      vertex 3.2759796687551974 16.469461964134354 -13.5
      vertex 3.640463945852738 18.301848164645758 -12.000000000000002
    endloop
  endfacet
  facet normal 0 0 0
    outer loop
      vertex 6.4260652760306955 15.51389394208811 -13.5
      vertex 3.640463945852738 18.301848164645758 -12.000000000000002
      vertex 7.1410269038620555 17.239964000574922 -12.000000000000002
    endloop
  endfacet
  facet normal 0 0 0
    outer loop
      vertex 3.2759796687551974 16.469461964134354 -13.5
      vertex 1.028220665677406e-15 16.79211779907959 -13.5
      vertex 1.1426201137571877e-15 18.660402567543954 -12.000000000000002
    endloop
  endfacet
  facet normal 0 0 0
    outer loop
      vertex 3.2759796687551974 16.469461964134354 -13.5
      vertex 1.1426201137571877e-15 18.660402567543954 -12.000000000000002
      vertex 3.640463945852738 18.301848164645758 -12.000000000000002
    endloop
  endfacet
  facet normal 0 0 0
    outer loop
      vertex 1.028220665677406e-15 16.79211779907959 -13.5
      vertex -3.275979668755195 16.469461964134354 -13.5
      vertex -3.6404639458527353 18.301848164645758 -12.000000000000002
    endloop
  endfacet
  facet normal 0 0 0
    outer loop
      vertex 1.028220665677406e-15 16.79211779907959 -13.5
      vertex -3.6404639458527353 18.301848164645758 -12.000000000000002
      vertex 1.1426201137571877e-15 18.660402567543954 -12.000000000000002
    endloop
  endfacet
  facet normal 0 0 0
    outer loop
      vertex -3.275979668755195 16.469461964134354 -13.5
      vertex -6.426065276030694 15.51389394208811 -13.5
      vertex -7.141026903862054 17.239964000574922 -12.000000000000002
    endloop
  endfacet
  facet normal 0 0 0
    outer loop
      vertex -3.275979668755195 16.469461964134354 -13.5
      vertex -7.141026903862054 17.239964000574922 -12.000000000000002
      vertex -3.6404639458527353 18.301848164645758 -12.000000000000002
    endloop
  endfacet
  facet normal 0 0 0
    outer loop
      vertex -6.426065276030694 15.51389394208811 -13.5
      vertex -9.329200798527253 13.96213567613938 -13.5
      vertex -10.367164202689974 15.515557688245194 -12.000000000000002
    endloop
  endfacet
  facet normal 0 0 0
    outer loop
      vertex -6.426065276030694 15.51389394208811 -13.5
      vertex -10.367164202689974 15.515557688245194 -12.000000000000002
      vertex -7.141026903862054 17.239964000574922 -12.000000000000002
    endloop
  endfacet
  facet normal 0 0 0
    outer loop
      vertex -9.329200798527253 13.96213567613938 -13.5
      vertex -11.8738203662125 11.873820366212504 -13.5
      vertex -13.194897195181191 13.194897195181193 -12.000000000000002
    endloop
  endfacet
  facet normal 0 0 0
    outer loop
      vertex -9.329200798527253 13.96213567613938 -13.5
      vertex -13.194897195181191 13.194897195181193 -12.000000000000002
      vertex -10.367164202689974 15.515557688245194 -12.000000000000002
    endloop
  endfacet
  facet normal 0 0 0
    outer loop
      vertex -11.8738203662125 11.873820366212504 -13.5
      vertex -13.96213567613938 9.329200798527257 -13.5
      vertex -15.515557688245194 10.367164202689978 -12.000000000000002
    endloop
  endfacet
  facet normal 0 0 0
    outer loop
      vertex -11.8738203662125 11.873820366212504 -13.5
      vertex -15.515557688245194 10.367164202689978 -12.000000000000002
      vertex -13.194897195181191 13.194897195181193 -12.000000000000002
    endloop
  endfacet
  facet normal 0 0 0
    outer loop
      vertex -13.96213567613938 9.329200798527257 -13.5
      vertex -15.51389394208811 6.426065276030696 -13.5
      vertex -17.239964000574922 7.141026903862056 -12.000000000000002
    endloop
  endfacet
  facet normal 0 0 0
    outer loop
      vertex -13.96213567613938 9.329200798527257 -13.5
      vertex -17.239964000574922 7.141026903862056 -12.000000000000002
      vertex -15.515557688245194 10.367164202689978 -12.000000000000002
    endloop
  endfacet
  facet normal 0 0 0
    outer loop
      vertex -15.51389394208811 6.426065276030696 -13.5
      vertex -16.469461964134354 3.2759796687552023 -13.5
      vertex -18.301848164645758 3.6404639458527432 -12.000000000000002
    endloop
  endfacet
  facet normal 0 0 0
    outer loop
      vertex -15.51389394208811 6.426065276030696 -13.5
      vertex -18.301848164645758 3.6404639458527432 -12.000000000000002
      vertex -17.239964000574922 7.141026903862056 -12.000000000000002
    endloop
  endfacet
  facet normal 0 0 0
    outer loop
      vertex -16.469461964134354 3.2759796687552023 -13.5
      vertex -16.79211779907959 2.056441331354812e-15 -13.5
      vertex -18.660402567543954 2.2852402275143754e-15 -12.000000000000002
    endloop
  endfacet
  facet normal 0 0 0
    outer loop
      vertex -16.469461964134354 3.2759796687552023 -13.5
      vertex -18.660402567543954 2.2852402275143754e-15 -12.000000000000002
      vertex -18.301848164645758 3.6404639458527432 -12.000000000000002
    endloop
  endfacet
  facet normal 0 0 0
    outer loop
      vertex -16.79211779907959 2.056441331354812e-15 -13.5
      vertex -16.469461964134354 -3.275979668755198 -13.5
      vertex -18.301848164645758 -3.6404639458527384 -12.000000000000002
    endloop
  endfacet
  facet normal 0 0 0
    outer loop
      vertex -16.79211779907959 2.056441331354812e-15 -13.5
      vertex -18.301848164645758 -3.6404639458527384 -12.000000000000002
      vertex -18.660402567543954 2.2852402275143754e-15 -12.000000000000002
    endloop
  endfacet
  facet normal 0 0 0
    outer loop
      vertex -16.469461964134354 -3.275979668755198 -13.5
      vertex -15.513893942088112 -6.426065276030692 -13.5
      vertex -17.239964000574926 -7.141026903862051 -12.000000000000002
    endloop
  endfacet
  facet normal 0 0 0
    outer loop
      vertex -16.469461964134354 -3.275979668755198 -13.5
      vertex -17.239964000574926 -7.141026903862051 -12.000000000000002
      vertex -18.301848164645758 -3.6404639458527384 -12.000000000000002
    endloop
  endfacet
  facet normal 0 0 0
    outer loop
      vertex -15.513893942088112 -6.426065276030692 -13.5
      vertex -13.962135676139381 -9.329200798527253 -13.5
      vertex -15.515557688245195 -10.367164202689974 -12.000000000000002
    endloop
  endfacet
  facet normal 0 0 0
    outer loop
      vertex -15.513893942088112 -6.426065276030692 -13.5
      vertex -15.515557688245195 -10.367164202689974 -12.000000000000002
      vertex -17.239964000574926 -7.141026903862051 -12.000000000000002
    endloop
  endfacet
  facet normal 0 0 0
    outer loop
      vertex -13.962135676139381 -9.329200798527253 -13.5
      vertex -11.873820366212506 -11.8738203662125 -13.5
      vertex -13.194897195181195 -13.194897195181191 -12.000000000000002
    endloop
  endfacet
  facet normal 0 0 0
    outer loop
      vertex -13.962135676139381 -9.329200798527253 -13.5
      vertex -13.194897195181195 -13.194897195181191 -12.000000000000002
      vertex -15.515557688245195 -10.367164202689974 -12.000000000000002
    endloop
  endfacet
  facet normal 0 0 0
    outer loop
      vertex -11.873820366212506 -11.8738203662125 -13.5
      vertex -9.329200798527257 -13.962135676139377 -13.5
      vertex -10.367164202689978 -15.515557688245192 -12.000000000000002
    endloop
  endfacet
  facet normal 0 0 0
    outer loop
      vertex -11.873820366212506 -11.8738203662125 -13.5
      vertex -10.367164202689978 -15.515557688245192 -12.000000000000002
      vertex -13.194897195181195 -13.194897195181191 -12.000000000000002
    endloop
  endfacet
  facet normal 0 0 0
    outer loop
      vertex -9.329200798527257 -13.962135676139377 -13.5
      vertex -6.426065276030704 -15.513893942088107 -13.5
      vertex -7.141026903862065 -17.23996400057492 -12.000000000000002
    endloop
  endfacet
  facet normal 0 0 0
    outer loop
      vertex -9.329200798527257 -13.962135676139377 -13.5
      vertex -7.141026903862065 -17.23996400057492 -12.000000000000002
      vertex -10.367164202689978 -15.515557688245192 -12.000000000000002
    endloop
  endfacet
  facet normal 0 0 0
    outer loop
      vertex -6.426065276030704 -15.513893942088107 -13.5
      vertex -3.275979668755203 -16.46946196413435 -13.5
      vertex -3.640463945852744 -18.301848164645758 -12.000000000000002
    endloop
  endfacet
  facet normal 0 0 0
    outer loop
      vertex -6.426065276030704 -15.513893942088107 -13.5
      vertex -3.640463945852744 -18.301848164645758 -12.000000000000002
      vertex -7.141026903862065 -17.23996400057492 -12.000000000000002
    endloop
  endfacet
  facet normal 0 0 0
    outer loop
      vertex -3.275979668755203 -16.46946196413435 -13.5
      vertex -3.0846619970322177e-15 -16.79211779907959 -13.5
      vertex -3.427860341271563e-15 -18.660402567543954 -12.000000000000002
    endloop
  endfacet
  facet normal 0 0 0
    outer loop
      vertex -3.275979668755203 -16.46946196413435 -13.5
      vertex -3.427860341271563e-15 -18.660402567543954 -12.000000000000002
      vertex -3.640463945852744 -18.301848164645758 -12.000000000000002
    endloop
  endfacet
  facet normal 0 0 0
    outer loop
      vertex -3.0846619970322177e-15 -16.79211779907959 -13.5
      vertex 3.275979668755197 -16.469461964134354 -13.5
      vertex 3.6404639458527375 -18.301848164645758 -12.000000000000002
    endloop
  endfacet
  facet normal 0 0 0
    outer loop
      vertex -3.0846619970322177e-15 -16.79211779907959 -13.5
      vertex 3.6404639458527375 -18.301848164645758 -12.000000000000002
      vertex -3.427860341271563e-15 -18.660402567543954 -12.000000000000002
    endloop
  endfacet
  facet normal 0 0 0
    outer loop
      vertex 3.275979668755197 -16.469461964134354 -13.5
      vertex 6.426065276030699 -15.513893942088108 -13.5
      vertex 7.141026903862059 -17.239964000574922 -12.000000000000002
    endloop
  endfacet
  facet normal 0 0 0
    outer loop
      vertex 3.275979668755197 -16.469461964134354 -13.5
      vertex 7.141026903862059 -17.239964000574922 -12.000000000000002
      vertex 3.6404639458527375 -18.301848164645758 -12.000000000000002
    endloop
  endfacet
  facet normal 0 0 0
    outer loop
      vertex 6.426065276030699 -15.513893942088108 -13.5
      vertex 9.329200798527252 -13.962135676139381 -13.5
      vertex 10.367164202689972 -15.515557688245195 -12.000000000000002
    endloop
  endfacet
  facet normal 0 0 0
    outer loop
      vertex 6.426065276030699 -15.513893942088108 -13.5
      vertex 10.367164202689972 -15.515557688245195 -12.000000000000002
      vertex 7.141026903862059 -17.239964000574922 -12.000000000000002
    endloop
  endfacet
  facet normal 0 0 0
    outer loop
      vertex 9.329200798527252 -13.962135676139381 -13.5
      vertex 11.873820366212499 -11.873820366212506 -13.5
      vertex 13.19489719518119 -13.194897195181195 -12.000000000000002
    endloop
  endfacet
  facet normal 0 0 0
    outer loop
      vertex 9.329200798527252 -13.962135676139381 -13.5
      vertex 13.19489719518119 -13.194897195181195 -12.000000000000002
      vertex 10.367164202689972 -15.515557688245195 -12.000000000000002
    endloop
  endfacet
  facet normal 0 0 0
    outer loop
      vertex 11.873820366212499 -11.873820366212506 -13.5
      vertex 13.962135676139377 -9.329200798527257 -13.5
      vertex 15.515557688245192 -10.367164202689978 -12.000000000000002
    endloop
  endfacet
  facet normal 0 0 0
    outer loop
      vertex 11.873820366212499 -11.873820366212506 -13.5
      vertex 15.515557688245192 -10.367164202689978 -12.000000000000002
      vertex 13.19489719518119 -13.194897195181195 -12.000000000000002
    endloop
  endfacet
  facet normal 0 0 0
    outer loop
      vertex 13.962135676139377 -9.329200798527257 -13.5
      vertex 15.513893942088107 -6.426065276030705 -13.5
      vertex 17.23996400057492 -7.141026903862066 -12.000000000000002
    endloop
  endfacet
  facet normal 0 0 0
    outer loop
      vertex 13.962135676139377 -9.329200798527257 -13.5
      vertex 17.23996400057492 -7.141026903862066 -12.000000000000002
      vertex 15.515557688245192 -10.367164202689978 -12.000000000000002
    endloop
  endfacet
  facet normal 0 0 0
    outer loop
      vertex 15.513893942088107 -6.426065276030705 -13.5
      vertex 16.46946196413435 -3.275979668755204 -13.5
      vertex 18.301848164645758 -3.640463945852745 -12.000000000000002
    endloop
  endfacet
  facet normal 0 0 0
    outer loop
      vertex 15.513893942088107 -6.426065276030705 -13.5
      vertex 18.301848164645758 -3.640463945852745 -12.000000000000002
      vertex 17.23996400057492 -7.141026903862066 -12.000000000000002
    endloop
  endfacet
  facet normal 0 0 0
    outer loop
      vertex 16.46946196413435 -3.275979668755204 -13.5
      vertex 16.79211779907959 0 -13.5
      vertex 18.660402567543954 0 -12.000000000000002
    endloop
  endfacet
  facet normal 0 0 0
    outer loop
      vertex 16.46946196413435 -3.275979668755204 -13.5
      vertex 18.660402567543954 0 -12.000000000000002
      vertex 18.301848164645758 -3.640463945852745 -12.000000000000002
    endloop
  endfacet
  facet normal 0 0 0
    outer loop
      vertex 18.660402567543954 0 -12.000000000000002
      vertex 18.301848164645758 3.6404639458527366 -12.000000000000002
      vertex 19.833584266017937 3.9451451999775644 -10.499999999999998
    endloop
  endfacet
  facet normal 0 0 0
    outer loop
      vertex 18.660402567543954 0 -12.000000000000002
      vertex 19.833584266017937 3.9451451999775644 -10.499999999999998
      vertex 20.22214715321151 0 -10.499999999999998
    endloop
  endfacet
  facet normal 0 0 0
    outer loop
      vertex 18.301848164645758 3.6404639458527366 -12.000000000000002
      vertex 17.239964000574922 7.141026903862055 -12.000000000000002
      vertex 18.682827858283495 7.73868068238291 -10.499999999999998
    endloop
  endfacet
  facet normal 0 0 0
    outer loop
      vertex 18.301848164645758 3.6404639458527366 -12.000000000000002
      vertex 18.682827858283495 7.73868068238291 -10.499999999999998
      vertex 19.833584266017937 3.9451451999775644 -10.499999999999998
    endloop
  endfacet
  facet normal 0 0 0
    outer loop
      vertex 17.239964000574922 7.141026903862055 -12.000000000000002
      vertex 15.515557688245192 10.367164202689978 -12.000000000000002
      vertex 16.814100853405794 11.234823006066403 -10.499999999999998
    endloop
  endfacet
  facet normal 0 0 0
    outer loop
      vertex 17.239964000574922 7.141026903862055 -12.000000000000002
      vertex 16.814100853405794 11.234823006066403 -10.499999999999998
      vertex 18.682827858283495 7.73868068238291 -10.499999999999998
    endloop
  endfacet
  facet normal 0 0 0
    outer loop
      vertex 15.515557688245192 10.367164202689978 -12.000000000000002
      vertex 13.194897195181193 13.194897195181191 -12.000000000000002
      vertex 14.299217382188097 14.299217382188093 -10.499999999999998
    endloop
  endfacet
  facet normal 0 0 0
    outer loop
      vertex 15.515557688245192 10.367164202689978 -12.000000000000002
      vertex 14.299217382188097 14.299217382188093 -10.499999999999998
      vertex 16.814100853405794 11.234823006066403 -10.499999999999998
    endloop
  endfacet
  facet normal 0 0 0
    outer loop
      vertex 13.194897195181193 13.194897195181191 -12.000000000000002
      vertex 10.36716420268998 15.515557688245192 -12.000000000000002
      vertex 11.234823006066405 16.814100853405794 -10.499999999999998
    endloop
  endfacet
  facet normal 0 0 0
    outer loop
      vertex 13.194897195181193 13.194897195181191 -12.000000000000002
      vertex 11.234823006066405 16.814100853405794 -10.499999999999998
      vertex 14.299217382188097 14.299217382188093 -10.499999999999998
    endloop
  endfacet
  facet normal 0 0 0
    outer loop
      vertex 10.36716420268998 15.515557688245192 -12.000000000000002
      vertex 7.1410269038620555 17.239964000574922 -12.000000000000002
      vertex 7.738680682382911 18.682827858283495 -10.499999999999998
    endloop
  endfacet
  facet normal 0 0 0
    outer loop
      vertex 10.36716420268998 15.515557688245192 -12.000000000000002
      vertex 7.738680682382911 18.682827858283495 -10.499999999999998
      vertex 11.234823006066405 16.814100853405794 -10.499999999999998
    endloop
  endfacet
  facet normal 0 0 0
    outer loop
      vertex 7.1410269038620555 17.239964000574922 -12.000000000000002
      vertex 3.640463945852738 18.301848164645758 -12.000000000000002
      vertex 3.945145199977566 19.833584266017937 -10.499999999999998
    endloop
  endfacet
  facet normal 0 0 0
    outer loop
      vertex 7.1410269038620555 17.239964000574922 -12.000000000000002
      vertex 3.945145199977566 19.833584266017937 -10.499999999999998
      vertex 7.738680682382911 18.682827858283495 -10.499999999999998
    endloop
  endfacet
  facet normal 0 0 0
    outer loop
      vertex 3.640463945852738 18.301848164645758 -12.000000000000002
      vertex 1.1426201137571877e-15 18.660402567543954 -12.000000000000002
      vertex 1.2382493891533618e-15 20.22214715321151 -10.499999999999998
    endloop
  endfacet
  facet normal 0 0 0
    outer loop
      vertex 3.640463945852738 18.301848164645758 -12.000000000000002
      vertex 1.2382493891533618e-15 20.22214715321151 -10.499999999999998
      vertex 3.945145199977566 19.833584266017937 -10.499999999999998
    endloop
  endfacet
  facet normal 0 0 0
    outer loop
      vertex 1.1426201137571877e-15 18.660402567543954 -12.000000000000002
      vertex -3.6404639458527353 18.301848164645758 -12.000000000000002
      vertex -3.945145199977563 19.833584266017937 -10.499999999999998
    endloop
  endfacet
  facet normal 0 0 0
    outer loop
      vertex 1.1426201137571877e-15 18.660402567543954 -12.000000000000002
      vertex -3.945145199977563 19.833584266017937 -10.499999999999998
      vertex 1.2382493891533618e-15 20.22214715321151 -10.499999999999998
    endloop
  endfacet
  facet normal 0 0 0
    outer loop
      vertex -3.6404639458527353 18.301848164645758 -12.000000000000002
      vertex -7.141026903862054 17.239964000574922 -12.000000000000002
      vertex -7.738680682382908 18.682827858283495 -10.499999999999998
    endloop
  endfacet
  facet normal 0 0 0
    outer loop
      vertex -3.6404639458527353 18.301848164645758 -12.000000000000002
      vertex -7.738680682382908 18.682827858283495 -10.499999999999998
      vertex -3.945145199977563 19.833584266017937 -10.499999999999998
    endloop
  endfacet
  facet normal 0 0 0
    outer loop
      vertex -7.141026903862054 17.239964000574922 -12.000000000000002
      vertex -10.367164202689974 15.515557688245194 -12.000000000000002
      vertex -11.234823006066398 16.814100853405794 -10.499999999999998
    endloop
  endfacet
  facet normal 0 0 0
    outer loop
      vertex -7.141026903862054 17.239964000574922 -12.000000000000002
      vertex -11.234823006066398 16.814100853405794 -10.499999999999998
      vertex -7.738680682382908 18.682827858283495 -10.499999999999998
    endloop
  endfacet
  facet normal 0 0 0
    outer loop
      vertex -10.367164202689974 15.515557688245194 -12.000000000000002
      vertex -13.194897195181191 13.194897195181193 -12.000000000000002
      vertex -14.299217382188093 14.299217382188097 -10.499999999999998
    endloop
  endfacet
  facet normal 0 0 0
    outer loop
      vertex -10.367164202689974 15.515557688245194 -12.000000000000002
      vertex -14.299217382188093 14.299217382188097 -10.499999999999998
      vertex -11.234823006066398 16.814100853405794 -10.499999999999998
    endloop
  endfacet
  facet normal 0 0 0
    outer loop
      vertex -13.194897195181191 13.194897195181193 -12.000000000000002
      vertex -15.515557688245194 10.367164202689978 -12.000000000000002
      vertex -16.814100853405794 11.234823006066403 -10.499999999999998
    endloop
  endfacet
  facet normal 0 0 0
    outer loop
      vertex -13.194897195181191 13.194897195181193 -12.000000000000002
      vertex -16.814100853405794 11.234823006066403 -10.499999999999998
      vertex -14.299217382188093 14.299217382188097 -10.499999999999998
    endloop
  endfacet
  facet normal 0 0 0
    outer loop
      vertex -15.515557688245194 10.367164202689978 -12.000000000000002
      vertex -17.239964000574922 7.141026903862056 -12.000000000000002
      vertex -18.682827858283495 7.7386806823829115 -10.499999999999998
    endloop
  endfacet
  facet normal 0 0 0
    outer loop
      vertex -15.515557688245194 10.367164202689978 -12.000000000000002
      vertex -18.682827858283495 7.7386806823829115 -10.499999999999998
      vertex -16.814100853405794 11.234823006066403 -10.499999999999998
    endloop
  endfacet
  facet normal 0 0 0
    outer loop
      vertex -17.239964000574922 7.141026903862056 -12.000000000000002
      vertex -18.301848164645758 3.6404639458527432 -12.000000000000002
      vertex -19.833584266017937 3.9451451999775715 -10.499999999999998
    endloop
  endfacet
  facet normal 0 0 0
    outer loop
      vertex -17.239964000574922 7.141026903862056 -12.000000000000002
      vertex -19.833584266017937 3.9451451999775715 -10.499999999999998
      vertex -18.682827858283495 7.7386806823829115 -10.499999999999998
    endloop
  endfacet
  facet normal 0 0 0
    outer loop
      vertex -18.301848164645758 3.6404639458527432 -12.000000000000002
      vertex -18.660402567543954 2.2852402275143754e-15 -12.000000000000002
      vertex -20.22214715321151 2.4764987783067236e-15 -10.499999999999998
    endloop
  endfacet
  facet normal 0 0 0
    outer loop
      vertex -18.301848164645758 3.6404639458527432 -12.000000000000002
      vertex -20.22214715321151 2.4764987783067236e-15 -10.499999999999998
      vertex -19.833584266017937 3.9451451999775715 -10.499999999999998
    endloop
  endfacet
  facet normal 0 0 0
    outer loop
      vertex -18.660402567543954 2.2852402275143754e-15 -12.000000000000002
      vertex -18.301848164645758 -3.6404639458527384 -12.000000000000002
      vertex -19.833584266017937 -3.9451451999775666 -10.499999999999998
    endloop
  endfacet
  facet normal 0 0 0
    outer loop
      vertex -18.660402567543954 2.2852402275143754e-15 -12.000000000000002
      vertex -19.833584266017937 -3.9451451999775666 -10.499999999999998
      vertex -20.22214715321151 2.4764987783067236e-15 -10.499999999999998
    endloop
  endfacet
  facet normal 0 0 0
    outer loop
      vertex -18.301848164645758 -3.6404639458527384 -12.000000000000002
      vertex -17.239964000574926 -7.141026903862051 -12.000000000000002
      vertex -18.6828278582835 -7.738680682382906 -10.499999999999998
    endloop
  endfacet
  facet normal 0 0 0
    outer loop
      vertex -18.301848164645758 -3.6404639458527384 -12.000000000000002
      vertex -18.6828278582835 -7.738680682382906 -10.499999999999998
      vertex -19.833584266017937 -3.9451451999775666 -10.499999999999998
    endloop
  endfacet
  facet normal 0 0 0
    outer loop
      vertex -17.239964000574926 -7.141026903862051 -12.000000000000002
      vertex -15.515557688245195 -10.367164202689974 -12.000000000000002
      vertex -16.814100853405797 -11.234823006066398 -10.499999999999998
    endloop
  endfacet
  facet normal 0 0 0
    outer loop
      vertex -17.239964000574926 -7.141026903862051 -12.000000000000002
      vertex -16.814100853405797 -11.234823006066398 -10.499999999999998
      vertex -18.6828278582835 -7.738680682382906 -10.499999999999998
    endloop
  endfacet
  facet normal 0 0 0
    outer loop
      vertex -15.515557688245195 -10.367164202689974 -12.000000000000002
      vertex -13.194897195181195 -13.194897195181191 -12.000000000000002
      vertex -14.299217382188099 -14.299217382188093 -10.499999999999998
    endloop
  endfacet
  facet normal 0 0 0
    outer loop
      vertex -15.515557688245195 -10.367164202689974 -12.000000000000002
      vertex -14.299217382188099 -14.299217382188093 -10.499999999999998
      vertex -16.814100853405797 -11.234823006066398 -10.499999999999998
    endloop
  endfacet
  facet normal 0 0 0
    outer loop
      vertex -13.194897195181195 -13.194897195181191 -12.000000000000002
      vertex -10.367164202689978 -15.515557688245192 -12.000000000000002
      vertex -11.234823006066403 -16.814100853405794 -10.499999999999998
    endloop
  endfacet
  facet normal 0 0 0
    outer loop
      vertex -13.194897195181195 -13.194897195181191 -12.000000000000002
      vertex -11.234823006066403 -16.814100853405794 -10.499999999999998
      vertex -14.299217382188099 -14.299217382188093 -10.499999999999998
    endloop
  endfacet
  facet normal 0 0 0
    outer loop
      vertex -10.367164202689978 -15.515557688245192 -12.000000000000002
      vertex -7.141026903862065 -17.23996400057492 -12.000000000000002
      vertex -7.73868068238292 -18.682827858283492 -10.499999999999998
    endloop
  endfacet
  facet normal 0 0 0
    outer loop
      vertex -10.367164202689978 -15.515557688245192 -12.000000000000002
      vertex -7.73868068238292 -18.682827858283492 -10.499999999999998
      vertex -11.234823006066403 -16.814100853405794 -10.499999999999998
    endloop
  endfacet
  facet normal 0 0 0
    outer loop
      vertex -7.141026903862065 -17.23996400057492 -12.000000000000002
      vertex -3.640463945852744 -18.301848164645758 -12.000000000000002
      vertex -3.945145199977573 -19.833584266017937 -10.499999999999998
    endloop
  endfacet
  facet normal 0 0 0
    outer loop
      vertex -7.141026903862065 -17.23996400057492 -12.000000000000002
      vertex -3.945145199977573 -19.833584266017937 -10.499999999999998
      vertex -7.73868068238292 -18.682827858283492 -10.499999999999998
    endloop
  endfacet
  facet normal 0 0 0
    outer loop
      vertex -3.640463945852744 -18.301848164645758 -12.000000000000002
      vertex -3.427860341271563e-15 -18.660402567543954 -12.000000000000002
      vertex -3.714748167460085e-15 -20.22214715321151 -10.499999999999998
    endloop
  endfacet
  facet normal 0 0 0
    outer loop
      vertex -3.640463945852744 -18.301848164645758 -12.000000000000002
      vertex -3.714748167460085e-15 -20.22214715321151 -10.499999999999998
      vertex -3.945145199977573 -19.833584266017937 -10.499999999999998
    endloop
  endfacet
  facet normal 0 0 0
    outer loop
      vertex -3.427860341271563e-15 -18.660402567543954 -12.000000000000002
      vertex 3.6404639458527375 -18.301848164645758 -12.000000000000002
      vertex 3.9451451999775657 -19.833584266017937 -10.499999999999998
    endloop
  endfacet
  facet normal 0 0 0
    outer loop
      vertex -3.427860341271563e-15 -18.660402567543954 -12.000000000000002
      vertex 3.9451451999775657 -19.833584266017937 -10.499999999999998
      vertex -3.714748167460085e-15 -20.22214715321151 -10.499999999999998
    endloop
  endfacet
  facet normal 0 0 0
    outer loop
      vertex 3.6404639458527375 -18.301848164645758 -12.000000000000002
      vertex 7.141026903862059 -17.239964000574922 -12.000000000000002
      vertex 7.738680682382914 -18.682827858283495 -10.499999999999998
    endloop
  endfacet
  facet normal 0 0 0
    outer loop
      vertex 3.6404639458527375 -18.301848164645758 -12.000000000000002
      vertex 7.738680682382914 -18.682827858283495 -10.499999999999998
      vertex 3.9451451999775657 -19.833584266017937 -10.499999999999998
    endloop
  endfacet
  facet normal 0 0 0
    outer loop
      vertex 7.141026903862059 -17.239964000574922 -12.000000000000002
      vertex 10.367164202689972 -15.515557688245195 -12.000000000000002
      vertex 11.234823006066396 -16.814100853405797 -10.499999999999998
    endloop
  endfacet
  facet normal 0 0 0
    outer loop
      vertex 7.141026903862059 -17.239964000574922 -12.000000000000002
      vertex 11.234823006066396 -16.814100853405797 -10.499999999999998
      vertex 7.738680682382914 -18.682827858283495 -10.499999999999998
    endloop
  endfacet
  facet normal 0 0 0
    outer loop
      vertex 10.367164202689972 -15.515557688245195 -12.000000000000002
      vertex 13.19489719518119 -13.194897195181195 -12.000000000000002
      vertex 14.299217382188091 -14.299217382188099 -10.499999999999998
    endloop
  endfacet
  facet normal 0 0 0
    outer loop
      vertex 10.367164202689972 -15.515557688245195 -12.000000000000002
      vertex 14.299217382188091 -14.299217382188099 -10.499999999999998
      vertex 11.234823006066396 -16.814100853405797 -10.499999999999998
    endloop
  endfacet
  facet normal 0 0 0
    outer loop
      vertex 13.19489719518119 -13.194897195181195 -12.000000000000002
      vertex 15.515557688245192 -10.367164202689978 -12.000000000000002
      vertex 16.814100853405794 -11.234823006066403 -10.499999999999998
    endloop
  endfacet
  facet normal 0 0 0
    outer loop
      vertex 13.19489719518119 -13.194897195181195 -12.000000000000002
      vertex 16.814100853405794 -11.234823006066403 -10.499999999999998
      vertex 14.299217382188091 -14.299217382188099 -10.499999999999998
    endloop
  endfacet
  facet normal 0 0 0
    outer loop
      vertex 15.515557688245192 -10.367164202689978 -12.000000000000002
      vertex 17.23996400057492 -7.141026903862066 -12.000000000000002
      vertex 18.682827858283492 -7.738680682382921 -10.499999999999998
    endloop
  endfacet
  facet normal 0 0 0
    outer loop
      vertex 15.515557688245192 -10.367164202689978 -12.000000000000002
      vertex 18.682827858283492 -7.738680682382921 -10.499999999999998
      vertex 16.814100853405794 -11.234823006066403 -10.499999999999998
    endloop
  endfacet
  facet normal 0 0 0
    outer loop
      vertex 17.23996400057492 -7.141026903862066 -12.000000000000002
      vertex 18.301848164645758 -3.640463945852745 -12.000000000000002
      vertex 19.833584266017937 -3.9451451999775737 -10.499999999999998
    endloop
  endfacet
  facet normal 0 0 0
    outer loop
      vertex 17.23996400057492 -7.141026903862066 -12.000000000000002
      vertex 19.833584266017937 -3.9451451999775737 -10.499999999999998
      vertex 18.682827858283492 -7.738680682382921 -10.499999999999998
    endloop
  endfacet
  facet normal 0 0 0
    outer loop
      vertex 18.301848164645758 -3.640463945852745 -12.000000000000002
      vertex 18.660402567543954 0 -12.000000000000002
      vertex 20.22214715321151 0 -10.499999999999998
    endloop
  endfacet
  facet normal 0 0 0
    outer loop
      vertex 18.301848164645758 -3.640463945852745 -12.000000000000002
      vertex 20.22214715321151 0 -10.499999999999998
      vertex 19.833584266017937 -3.9451451999775737 -10.499999999999998
    endloop
  endfacet
  facet normal 0 0 0
    outer loop
      vertex 20.22214715321151 0 -10.499999999999998
      vertex 19.833584266017937 3.9451451999775644 -10.499999999999998
      vertex 21.1153325426205 4.200100784061377 -9
    endloop
  endfacet
  facet normal 0 0 0
    outer loop
      vertex 20.22214715321151 0 -10.499999999999998
      vertex 21.1153325426205 4.200100784061377 -9
      vertex 21.529006363084232 0 -9
    endloop
  endfacet
  facet normal 0 0 0
    outer loop
      vertex 19.833584266017937 3.9451451999775644 -10.499999999999998
      vertex 18.682827858283495 7.73868068238291 -10.499999999999998
      vertex 19.89020833415878 8.238794050434933 -9
    endloop
  endfacet
  facet normal 0 0 0
    outer loop
      vertex 19.833584266017937 3.9451451999775644 -10.499999999999998
      vertex 19.89020833415878 8.238794050434933 -9
      vertex 21.1153325426205 4.200100784061377 -9
    endloop
  endfacet
  facet normal 0 0 0
    outer loop
      vertex 18.682827858283495 7.73868068238291 -10.499999999999998
      vertex 16.814100853405794 11.234823006066403 -10.499999999999998
      vertex 17.900714573972675 11.960875081819205 -9
    endloop
  endfacet
  facet normal 0 0 0
    outer loop
      vertex 18.682827858283495 7.73868068238291 -10.499999999999998
      vertex 17.900714573972675 11.960875081819205 -9
      vertex 19.89020833415878 8.238794050434933 -9
    endloop
  endfacet
  facet normal 0 0 0
    outer loop
      vertex 16.814100853405794 11.234823006066403 -10.499999999999998
      vertex 14.299217382188097 14.299217382188093 -10.499999999999998
      vertex 15.223306391545192 15.22330639154519 -9
    endloop
  endfacet
  facet normal 0 0 0
    outer loop
      vertex 16.814100853405794 11.234823006066403 -10.499999999999998
      vertex 15.223306391545192 15.22330639154519 -9
      vertex 17.900714573972675 11.960875081819205 -9
    endloop
  endfacet
  facet normal 0 0 0
    outer loop
      vertex 14.299217382188097 14.299217382188093 -10.499999999999998
      vertex 11.234823006066405 16.814100853405794 -10.499999999999998
      vertex 11.960875081819207 17.900714573972675 -9
    endloop
  endfacet
  facet normal 0 0 0
    outer loop
      vertex 14.299217382188097 14.299217382188093 -10.499999999999998
      vertex 11.960875081819207 17.900714573972675 -9
      vertex 15.223306391545192 15.22330639154519 -9
    endloop
  endfacet
  facet normal 0 0 0
    outer loop
      vertex 11.234823006066405 16.814100853405794 -10.499999999999998
      vertex 7.738680682382911 18.682827858283495 -10.499999999999998
      vertex 8.238794050434933 19.89020833415878 -9
    endloop
  endfacet
  facet normal 0 0 0
    outer loop
      vertex 11.234823006066405 16.814100853405794 -10.499999999999998
      vertex 8.238794050434933 19.89020833415878 -9
      vertex 11.960875081819207 17.900714573972675 -9
    endloop
  endfacet
  facet normal 0 0 0
    outer loop
      vertex 7.738680682382911 18.682827858283495 -10.499999999999998
      vertex 3.945145199977566 19.833584266017937 -10.499999999999998
      vertex 4.200100784061378 21.1153325426205 -9
    endloop
  endfacet
  facet normal 0 0 0
    outer loop
      vertex 7.738680682382911 18.682827858283495 -10.499999999999998
      vertex 4.200100784061378 21.1153325426205 -9
      vertex 8.238794050434933 19.89020833415878 -9
    endloop
  endfacet
  facet normal 0 0 0
    outer loop
      vertex 3.945145199977566 19.833584266017937 -10.499999999999998
      vertex 1.2382493891533618e-15 20.22214715321151 -10.499999999999998
      vertex 1.3182714365687053e-15 21.529006363084232 -9
    endloop
  endfacet
  facet normal 0 0 0
    outer loop
      vertex 3.945145199977566 19.833584266017937 -10.499999999999998
      vertex 1.3182714365687053e-15 21.529006363084232 -9
      vertex 4.200100784061378 21.1153325426205 -9
    endloop
  endfacet
  facet normal 0 0 0
    outer loop
      vertex 1.2382493891533618e-15 20.22214715321151 -10.499999999999998
      vertex -3.945145199977563 19.833584266017937 -10.499999999999998
      vertex -4.200100784061376 21.1153325426205 -9
    endloop
  endfacet
  facet normal 0 0 0
    outer loop
      vertex 1.2382493891533618e-15 20.22214715321151 -10.499999999999998
      vertex -4.200100784061376 21.1153325426205 -9
      vertex 1.3182714365687053e-15 21.529006363084232 -9
    endloop
  endfacet
  facet normal 0 0 0
    outer loop
      vertex -3.945145199977563 19.833584266017937 -10.499999999999998
      vertex -7.738680682382908 18.682827858283495 -10.499999999999998
      vertex -8.238794050434931 19.89020833415878 -9
    endloop
  endfacet
  facet normal 0 0 0
    outer loop
      vertex -3.945145199977563 19.833584266017937 -10.499999999999998
      vertex -8.238794050434931 19.89020833415878 -9
      vertex -4.200100784061376 21.1153325426205 -9
    endloop
  endfacet
  facet normal 0 0 0
    outer loop
      vertex -7.738680682382908 18.682827858283495 -10.499999999999998
      vertex -11.234823006066398 16.814100853405794 -10.499999999999998
      vertex -11.9608750818192 17.900714573972678 -9
    endloop
  endfacet
  facet normal 0 0 0
    outer loop
      vertex -7.738680682382908 18.682827858283495 -10.499999999999998
      vertex -11.9608750818192 17.900714573972678 -9
      vertex -8.238794050434931 19.89020833415878 -9
    endloop
  endfacet
  facet normal 0 0 0
    outer loop
      vertex -11.234823006066398 16.814100853405794 -10.499999999999998
      vertex -14.299217382188093 14.299217382188097 -10.499999999999998
      vertex -15.22330639154519 15.223306391545192 -9
    endloop
  endfacet
  facet normal 0 0 0
    outer loop
      vertex -11.234823006066398 16.814100853405794 -10.499999999999998
      vertex -15.22330639154519 15.223306391545192 -9
      vertex -11.9608750818192 17.900714573972678 -9
    endloop
  endfacet
  facet normal 0 0 0
    outer loop
      vertex -14.299217382188093 14.299217382188097 -10.499999999999998
      vertex -16.814100853405794 11.234823006066403 -10.499999999999998
      vertex -17.900714573972678 11.960875081819205 -9
    endloop
  endfacet
  facet normal 0 0 0
    outer loop
      vertex -14.299217382188093 14.299217382188097 -10.499999999999998
      vertex -17.900714573972678 11.960875081819205 -9
      vertex -15.22330639154519 15.223306391545192 -9
    endloop
  endfacet
  facet normal 0 0 0
    outer loop
      vertex -16.814100853405794 11.234823006066403 -10.499999999999998
      vertex -18.682827858283495 7.7386806823829115 -10.499999999999998
      vertex -19.89020833415878 8.238794050434935 -9
    endloop
  endfacet
  facet normal 0 0 0
    outer loop
      vertex -16.814100853405794 11.234823006066403 -10.499999999999998
      vertex -19.89020833415878 8.238794050434935 -9
      vertex -17.900714573972678 11.960875081819205 -9
    endloop
  endfacet
  facet normal 0 0 0
    outer loop
      vertex -18.682827858283495 7.7386806823829115 -10.499999999999998
      vertex -19.833584266017937 3.9451451999775715 -10.499999999999998
      vertex -21.1153325426205 4.200100784061385 -9
    endloop
  endfacet
  facet normal 0 0 0
    outer loop
      vertex -18.682827858283495 7.7386806823829115 -10.499999999999998
      vertex -21.1153325426205 4.200100784061385 -9
      vertex -19.89020833415878 8.238794050434935 -9
    endloop
  endfacet
  facet normal 0 0 0
    outer loop
      vertex -19.833584266017937 3.9451451999775715 -10.499999999999998
      vertex -20.22214715321151 2.4764987783067236e-15 -10.499999999999998
      vertex -21.529006363084232 2.6365428731374106e-15 -9
    endloop
  endfacet
  facet normal 0 0 0
    outer loop
      vertex -19.833584266017937 3.9451451999775715 -10.499999999999998
      vertex -21.529006363084232 2.6365428731374106e-15 -9
      vertex -21.1153325426205 4.200100784061385 -9
    endloop
  endfacet
  facet normal 0 0 0
    outer loop
      vertex -20.22214715321151 2.4764987783067236e-15 -10.499999999999998
      vertex -19.833584266017937 -3.9451451999775666 -10.499999999999998
      vertex -21.1153325426205 -4.200100784061379 -9
    endloop
  endfacet
  facet normal 0 0 0
    outer loop
      vertex -20.22214715321151 2.4764987783067236e-15 -10.499999999999998
      vertex -21.1153325426205 -4.200100784061379 -9
      vertex -21.529006363084232 2.6365428731374106e-15 -9
    endloop
  endfacet
  facet normal 0 0 0
    outer loop
      vertex -19.833584266017937 -3.9451451999775666 -10.499999999999998
      vertex -18.6828278582835 -7.738680682382906 -10.499999999999998
      vertex -19.89020833415878 -8.238794050434928 -9
    endloop
  endfacet
  facet normal 0 0 0
    outer loop
      vertex -19.833584266017937 -3.9451451999775666 -10.499999999999998
      vertex -19.89020833415878 -8.238794050434928 -9
      vertex -21.1153325426205 -4.200100784061379 -9
    endloop
  endfacet
  facet normal 0 0 0
    outer loop
      vertex -18.6828278582835 -7.738680682382906 -10.499999999999998
      vertex -16.814100853405797 -11.234823006066398 -10.499999999999998
      vertex -17.90071457397268 -11.9608750818192 -9
    endloop
  endfacet
  facet normal 0 0 0
    outer loop
      vertex -18.6828278582835 -7.738680682382906 -10.499999999999998
      vertex -17.90071457397268 -11.9608750818192 -9
      vertex -19.89020833415878 -8.238794050434928 -9
    endloop
  endfacet
  facet normal 0 0 0
    outer loop
      vertex -16.814100853405797 -11.234823006066398 -10.499999999999998
      vertex -14.299217382188099 -14.299217382188093 -10.499999999999998
      vertex -15.223306391545195 -15.22330639154519 -9
    endloop
  endfacet
  facet normal 0 0 0
    outer loop
      vertex -16.814100853405797 -11.234823006066398 -10.499999999999998
      vertex -15.223306391545195 -15.22330639154519 -9
      vertex -17.90071457397268 -11.9608750818192 -9
    endloop
  endfacet
  facet normal 0 0 0
    outer loop
      vertex -14.299217382188099 -14.299217382188093 -10.499999999999998
      vertex -11.234823006066403 -16.814100853405794 -10.499999999999998
      vertex -11.960875081819205 -17.900714573972675 -9
    endloop
  endfacet
  facet normal 0 0 0
    outer loop
      vertex -14.299217382188099 -14.299217382188093 -10.499999999999998
      vertex -11.960875081819205 -17.900714573972675 -9
      vertex -15.223306391545195 -15.22330639154519 -9
    endloop
  endfacet
  facet normal 0 0 0
    outer loop
      vertex -11.234823006066403 -16.814100853405794 -10.499999999999998
      vertex -7.73868068238292 -18.682827858283492 -10.499999999999998
      vertex -8.238794050434944 -19.89020833415877 -9
    endloop
  endfacet
  facet normal 0 0 0
    outer loop
      vertex -11.234823006066403 -16.814100853405794 -10.499999999999998
      vertex -8.238794050434944 -19.89020833415877 -9
      vertex -11.960875081819205 -17.900714573972675 -9
    endloop
  endfacet
  facet normal 0 0 0
    outer loop
      vertex -7.73868068238292 -18.682827858283492 -10.499999999999998
      vertex -3.945145199977573 -19.833584266017937 -10.499999999999998
      vertex -4.2001007840613855 -21.115332542620497 -9
    endloop
  endfacet
  facet normal 0 0 0
    outer loop
      vertex -7.73868068238292 -18.682827858283492 -10.499999999999998
      vertex -4.2001007840613855 -21.115332542620497 -9
      vertex -8.238794050434944 -19.89020833415877 -9
    endloop
  endfacet
  facet normal 0 0 0
    outer loop
      vertex -3.945145199977573 -19.833584266017937 -10.499999999999998
      vertex -3.714748167460085e-15 -20.22214715321151 -10.499999999999998
      vertex -3.9548143097061155e-15 -21.529006363084232 -9
    endloop
  endfacet
  facet normal 0 0 0
    outer loop
      vertex -3.945145199977573 -19.833584266017937 -10.499999999999998
      vertex -3.9548143097061155e-15 -21.529006363084232 -9
      vertex -4.2001007840613855 -21.115332542620497 -9
    endloop
  endfacet
  facet normal 0 0 0
    outer loop
      vertex -3.714748167460085e-15 -20.22214715321151 -10.499999999999998
      vertex 3.9451451999775657 -19.833584266017937 -10.499999999999998
      vertex 4.200100784061378 -21.1153325426205 -9
    endloop
  endfacet
  facet normal 0 0 0
    outer loop
      vertex -3.714748167460085e-15 -20.22214715321151 -10.499999999999998
      vertex 4.200100784061378 -21.1153325426205 -9
      vertex -3.9548143097061155e-15 -21.529006363084232 -9
    endloop
  endfacet
  facet normal 0 0 0
    outer loop
      vertex 3.9451451999775657 -19.833584266017937 -10.499999999999998
      vertex 7.738680682382914 -18.682827858283495 -10.499999999999998
      vertex 8.238794050434937 -19.890208334158775 -9
    endloop
  endfacet
  facet normal 0 0 0
    outer loop
      vertex 3.9451451999775657 -19.833584266017937 -10.499999999999998
      vertex 8.238794050434937 -19.890208334158775 -9
      vertex 4.200100784061378 -21.1153325426205 -9
    endloop
  endfacet
  facet normal 0 0 0
    outer loop
      vertex 7.738680682382914 -18.682827858283495 -10.499999999999998
      vertex 11.234823006066396 -16.814100853405797 -10.499999999999998
      vertex 11.960875081819198 -17.90071457397268 -9
    endloop
  endfacet
  facet normal 0 0 0
    outer loop
      vertex 7.738680682382914 -18.682827858283495 -10.499999999999998
      vertex 11.960875081819198 -17.90071457397268 -9
      vertex 8.238794050434937 -19.890208334158775 -9
    endloop
  endfacet
  facet normal 0 0 0
    outer loop
      vertex 11.234823006066396 -16.814100853405797 -10.499999999999998
      vertex 14.299217382188091 -14.299217382188099 -10.499999999999998
      vertex 15.223306391545188 -15.223306391545195 -9
    endloop
  endfacet
  facet normal 0 0 0
    outer loop
      vertex 11.234823006066396 -16.814100853405797 -10.499999999999998
      vertex 15.223306391545188 -15.223306391545195 -9
      vertex 11.960875081819198 -17.90071457397268 -9
    endloop
  endfacet
  facet normal 0 0 0
    outer loop
      vertex 14.299217382188091 -14.299217382188099 -10.499999999999998
      vertex 16.814100853405794 -11.234823006066403 -10.499999999999998
      vertex 17.900714573972675 -11.960875081819205 -9
    endloop
  endfacet
  facet normal 0 0 0
    outer loop
      vertex 14.299217382188091 -14.299217382188099 -10.499999999999998
      vertex 17.900714573972675 -11.960875081819205 -9
      vertex 15.223306391545188 -15.223306391545195 -9
    endloop
  endfacet
  facet normal 0 0 0
    outer loop
      vertex 16.814100853405794 -11.234823006066403 -10.499999999999998
      vertex 18.682827858283492 -7.738680682382921 -10.499999999999998
      vertex 19.89020833415877 -8.238794050434946 -9
    endloop
  endfacet
  facet normal 0 0 0
    outer loop
      vertex 16.814100853405794 -11.234823006066403 -10.499999999999998
      vertex 19.89020833415877 -8.238794050434946 -9
      vertex 17.900714573972675 -11.960875081819205 -9
    endloop
  endfacet
  facet normal 0 0 0
    outer loop
      vertex 18.682827858283492 -7.738680682382921 -10.499999999999998
      vertex 19.833584266017937 -3.9451451999775737 -10.499999999999998
      vertex 21.115332542620497 -4.200100784061387 -9
    endloop
  endfacet
  facet normal 0 0 0
    outer loop
      vertex 18.682827858283492 -7.738680682382921 -10.499999999999998
      vertex 21.115332542620497 -4.200100784061387 -9
      vertex 19.89020833415877 -8.238794050434946 -9
    endloop
  endfacet
  facet normal 0 0 0
    outer loop
      vertex 19.833584266017937 -3.9451451999775737 -10.499999999999998
      vertex 20.22214715321151 0 -10.499999999999998
      vertex 21.529006363084232 0 -9
    endloop
  endfacet
  facet normal 0 0 0
    outer loop
      vertex 19.833584266017937 -3.9451451999775737 -10.499999999999998
      vertex 21.529006363084232 0 -9
      vertex 21.115332542620497 -4.200100784061387 -9
    endloop
  endfacet
  facet normal 0 0 0
    outer loop
      vertex 21.529006363084232 0 -9
      vertex 21.1153325426205 4.200100784061377 -9
      vertex 22.174652437552638 4.410812612174699 -7.499999999999999
    endloop
  endfacet
  facet normal 0 0 0
    outer loop
      vertex 21.529006363084232 0 -9
      vertex 22.174652437552638 4.410812612174699 -7.499999999999999
      vertex 22.609079561671205 0 -7.499999999999999
    endloop
  endfacet
  facet normal 0 0 0
    outer loop
      vertex 21.1153325426205 4.200100784061377 -9
      vertex 19.89020833415878 8.238794050434933 -9
      vertex 20.888065855947282 8.652120169275737 -7.499999999999999
    endloop
  endfacet
  facet normal 0 0 0
    outer loop
      vertex 21.1153325426205 4.200100784061377 -9
      vertex 20.888065855947282 8.652120169275737 -7.499999999999999
      vertex 22.174652437552638 4.410812612174699 -7.499999999999999
    endloop
  endfacet
  facet normal 0 0 0
    outer loop
      vertex 19.89020833415878 8.238794050434933 -9
      vertex 17.900714573972675 11.960875081819205 -9
      vertex 18.798762617660156 12.560931600436396 -7.499999999999999
    endloop
  endfacet
  facet normal 0 0 0
    outer loop
      vertex 19.89020833415878 8.238794050434933 -9
      vertex 18.798762617660156 12.560931600436396 -7.499999999999999
      vertex 20.888065855947282 8.652120169275737 -7.499999999999999
    endloop
  endfacet
  facet normal 0 0 0
    outer loop
      vertex 17.900714573972675 11.960875081819205 -9
      vertex 15.223306391545192 15.22330639154519 -9
      vertex 15.987033474443885 15.987033474443884 -7.499999999999999
    endloop
  endfacet
  facet normal 0 0 0
    outer loop
      vertex 17.900714573972675 11.960875081819205 -9
      vertex 15.987033474443885 15.987033474443884 -7.499999999999999
      vertex 18.798762617660156 12.560931600436396 -7.499999999999999
    endloop
  endfacet
  facet normal 0 0 0
    outer loop
      vertex 15.223306391545192 15.22330639154519 -9
      vertex 11.960875081819207 17.900714573972675 -9
      vertex 12.5609316004364 18.798762617660156 -7.499999999999999
    endloop
  endfacet
  facet normal 0 0 0
    outer loop
      vertex 15.223306391545192 15.22330639154519 -9
      vertex 12.5609316004364 18.798762617660156 -7.499999999999999
      vertex 15.987033474443885 15.987033474443884 -7.499999999999999
    endloop
  endfacet
  facet normal 0 0 0
    outer loop
      vertex 11.960875081819207 17.900714573972675 -9
      vertex 8.238794050434933 19.89020833415878 -9
      vertex 8.652120169275738 20.888065855947282 -7.499999999999999
    endloop
  endfacet
  facet normal 0 0 0
    outer loop
      vertex 11.960875081819207 17.900714573972675 -9
      vertex 8.652120169275738 20.888065855947282 -7.499999999999999
      vertex 12.5609316004364 18.798762617660156 -7.499999999999999
    endloop
  endfacet
  facet normal 0 0 0
    outer loop
      vertex 8.238794050434933 19.89020833415878 -9
      vertex 4.200100784061378 21.1153325426205 -9
      vertex 4.410812612174701 22.174652437552638 -7.499999999999999
    endloop
  endfacet
  facet normal 0 0 0
    outer loop
      vertex 8.238794050434933 19.89020833415878 -9
      vertex 4.410812612174701 22.174652437552638 -7.499999999999999
      vertex 8.652120169275738 20.888065855947282 -7.499999999999999
    endloop
  endfacet
  facet normal 0 0 0
    outer loop
      vertex 4.200100784061378 21.1153325426205 -9
      vertex 1.3182714365687053e-15 21.529006363084232 -9
      vertex 1.3844068458434242e-15 22.609079561671205 -7.499999999999999
    endloop
  endfacet
  facet normal 0 0 0
    outer loop
      vertex 4.200100784061378 21.1153325426205 -9
      vertex 1.3844068458434242e-15 22.609079561671205 -7.499999999999999
      vertex 4.410812612174701 22.174652437552638 -7.499999999999999
    endloop
  endfacet
  facet normal 0 0 0
    outer loop
      vertex 1.3182714365687053e-15 21.529006363084232 -9
      vertex -4.200100784061376 21.1153325426205 -9
      vertex -4.4108126121746976 22.174652437552638 -7.499999999999999
    endloop
  endfacet
  facet normal 0 0 0
    outer loop
      vertex 1.3182714365687053e-15 21.529006363084232 -9
      vertex -4.4108126121746976 22.174652437552638 -7.499999999999999
      vertex 1.3844068458434242e-15 22.609079561671205 -7.499999999999999
    endloop
  endfacet
  facet normal 0 0 0
    outer loop
      vertex -4.200100784061376 21.1153325426205 -9
      vertex -8.238794050434931 19.89020833415878 -9
      vertex -8.652120169275735 20.888065855947282 -7.499999999999999
    endloop
  endfacet
  facet normal 0 0 0
    outer loop
      vertex -4.200100784061376 21.1153325426205 -9
      vertex -8.652120169275735 20.888065855947282 -7.499999999999999
      vertex -4.4108126121746976 22.174652437552638 -7.499999999999999
    endloop
  endfacet
  facet normal 0 0 0
    outer loop
      vertex -8.238794050434931 19.89020833415878 -9
      vertex -11.9608750818192 17.900714573972678 -9
      vertex -12.560931600436392 18.79876261766016 -7.499999999999999
    endloop
  endfacet
  facet normal 0 0 0
    outer loop
      vertex -8.238794050434931 19.89020833415878 -9
      vertex -12.560931600436392 18.79876261766016 -7.499999999999999
      vertex -8.652120169275735 20.888065855947282 -7.499999999999999
    endloop
  endfacet
  facet normal 0 0 0
    outer loop
      vertex -11.9608750818192 17.900714573972678 -9
      vertex -15.22330639154519 15.223306391545192 -9
      vertex -15.987033474443884 15.987033474443885 -7.499999999999999
    endloop
  endfacet
  facet normal 0 0 0
    outer loop
      vertex -11.9608750818192 17.900714573972678 -9
      vertex -15.987033474443884 15.987033474443885 -7.499999999999999
      vertex -12.560931600436392 18.79876261766016 -7.499999999999999
    endloop
  endfacet
  facet normal 0 0 0
    outer loop
      vertex -15.22330639154519 15.223306391545192 -9
      vertex -17.900714573972678 11.960875081819205 -9
      vertex -18.79876261766016 12.560931600436396 -7.499999999999999
    endloop
  endfacet
  facet normal 0 0 0
    outer loop
      vertex -15.22330639154519 15.223306391545192 -9
      vertex -18.79876261766016 12.560931600436396 -7.499999999999999
      vertex -15.987033474443884 15.987033474443885 -7.499999999999999
    endloop
  endfacet
  facet normal 0 0 0
    outer loop
      vertex -17.900714573972678 11.960875081819205 -9
      vertex -19.89020833415878 8.238794050434935 -9
      vertex -20.888065855947282 8.652120169275738 -7.499999999999999
    endloop
  endfacet
  facet normal 0 0 0
    outer loop
      vertex -17.900714573972678 11.960875081819205 -9
      vertex -20.888065855947282 8.652120169275738 -7.499999999999999
      vertex -18.79876261766016 12.560931600436396 -7.499999999999999
    endloop
  endfacet
  facet normal 0 0 0
    outer loop
      vertex -19.89020833415878 8.238794050434935 -9
      vertex -21.1153325426205 4.200100784061385 -9
      vertex -22.174652437552638 4.410812612174707 -7.499999999999999
    endloop
  endfacet
  facet normal 0 0 0
    outer loop
      vertex -19.89020833415878 8.238794050434935 -9
      vertex -22.174652437552638 4.410812612174707 -7.499999999999999
      vertex -20.888065855947282 8.652120169275738 -7.499999999999999
    endloop
  endfacet
  facet normal 0 0 0
    outer loop
      vertex -21.1153325426205 4.200100784061385 -9
      vertex -21.529006363084232 2.6365428731374106e-15 -9
      vertex -22.609079561671205 2.7688136916868483e-15 -7.499999999999999
    endloop
  endfacet
  facet normal 0 0 0
    outer loop
      vertex -21.1153325426205 4.200100784061385 -9
      vertex -22.609079561671205 2.7688136916868483e-15 -7.499999999999999
      vertex -22.174652437552638 4.410812612174707 -7.499999999999999
    endloop
  endfacet
  facet normal 0 0 0
    outer loop
      vertex -21.529006363084232 2.6365428731374106e-15 -9
      vertex -21.1153325426205 -4.200100784061379 -9
      vertex -22.174652437552638 -4.410812612174702 -7.499999999999999
    endloop
  endfacet
  facet normal 0 0 0
    outer loop
      vertex -21.529006363084232 2.6365428731374106e-15 -9
      vertex -22.174652437552638 -4.410812612174702 -7.499999999999999
      vertex -22.609079561671205 2.7688136916868483e-15 -7.499999999999999
    endloop
  endfacet
  facet normal 0 0 0
    outer loop
      vertex -21.1153325426205 -4.200100784061379 -9
      vertex -19.89020833415878 -8.238794050434928 -9
      vertex -20.888065855947282 -8.652120169275733 -7.499999999999999
    endloop
  endfacet
  facet normal 0 0 0
    outer loop
      vertex -21.1153325426205 -4.200100784061379 -9
      vertex -20.888065855947282 -8.652120169275733 -7.499999999999999
      vertex -22.174652437552638 -4.410812612174702 -7.499999999999999
    endloop
  endfacet
  facet normal 0 0 0
    outer loop
      vertex -19.89020833415878 -8.238794050434928 -9
      vertex -17.90071457397268 -11.9608750818192 -9
      vertex -18.798762617660163 -12.560931600436392 -7.499999999999999
    endloop
  endfacet
  facet normal 0 0 0
    outer loop
      vertex -19.89020833415878 -8.238794050434928 -9
      vertex -18.798762617660163 -12.560931600436392 -7.499999999999999
      vertex -20.888065855947282 -8.652120169275733 -7.499999999999999
    endloop
  endfacet
  facet normal 0 0 0
    outer loop
      vertex -17.90071457397268 -11.9608750818192 -9
      vertex -15.223306391545195 -15.22330639154519 -9
      vertex -15.987033474443889 -15.987033474443884 -7.499999999999999
    endloop
  endfacet
  facet normal 0 0 0
    outer loop
      vertex -17.90071457397268 -11.9608750818192 -9
      vertex -15.987033474443889 -15.987033474443884 -7.499999999999999
      vertex -18.798762617660163 -12.560931600436392 -7.499999999999999
    endloop
  endfacet
  facet normal 0 0 0
    outer loop
      vertex -15.223306391545195 -15.22330639154519 -9
      vertex -11.960875081819205 -17.900714573972675 -9
      vertex -12.560931600436396 -18.798762617660156 -7.499999999999999
    endloop
  endfacet
  facet normal 0 0 0
    outer loop
      vertex -15.223306391545195 -15.22330639154519 -9
      vertex -12.560931600436396 -18.798762617660156 -7.499999999999999
      vertex -15.987033474443889 -15.987033474443884 -7.499999999999999
    endloop
  endfacet
  facet normal 0 0 0
    outer loop
      vertex -11.960875081819205 -17.900714573972675 -9
      vertex -8.238794050434944 -19.89020833415877 -9
      vertex -8.652120169275749 -20.888065855947275 -7.499999999999999
    endloop
  endfacet
  facet normal 0 0 0
    outer loop
      vertex -11.960875081819205 -17.900714573972675 -9
      vertex -8.652120169275749 -20.888065855947275 -7.499999999999999
      vertex -12.560931600436396 -18.798762617660156 -7.499999999999999
    endloop
  endfacet
  facet normal 0 0 0
    outer loop
      vertex -8.238794050434944 -19.89020833415877 -9
      vertex -4.2001007840613855 -21.115332542620497 -9
      vertex -4.410812612174708 -22.174652437552638 -7.499999999999999
    endloop
  endfacet
  facet normal 0 0 0
    outer loop
      vertex -8.238794050434944 -19.89020833415877 -9
      vertex -4.410812612174708 -22.174652437552638 -7.499999999999999
      vertex -8.652120169275749 -20.888065855947275 -7.499999999999999
    endloop
  endfacet
  facet normal 0 0 0
    outer loop
      vertex -4.2001007840613855 -21.115332542620497 -9
      vertex -3.9548143097061155e-15 -21.529006363084232 -9
      vertex -4.153220537530272e-15 -22.609079561671205 -7.499999999999999
    endloop
  endfacet
  facet normal 0 0 0
    outer loop
      vertex -4.2001007840613855 -21.115332542620497 -9
      vertex -4.153220537530272e-15 -22.609079561671205 -7.499999999999999
      vertex -4.410812612174708 -22.174652437552638 -7.499999999999999
    endloop
  endfacet
  facet normal 0 0 0
    outer loop
      vertex -3.9548143097061155e-15 -21.529006363084232 -9
      vertex 4.200100784061378 -21.1153325426205 -9
      vertex 4.4108126121747 -22.174652437552638 -7.499999999999999
    endloop
  endfacet
  facet normal 0 0 0
    outer loop
      vertex -3.9548143097061155e-15 -21.529006363084232 -9
      vertex 4.4108126121747 -22.174652437552638 -7.499999999999999
      vertex -4.153220537530272e-15 -22.609079561671205 -7.499999999999999
    endloop
  endfacet
  facet normal 0 0 0
    outer loop
      vertex 4.200100784061378 -21.1153325426205 -9
      vertex 8.238794050434937 -19.890208334158775 -9
      vertex 8.652120169275742 -20.88806585594728 -7.499999999999999
    endloop
  endfacet
  facet normal 0 0 0
    outer loop
      vertex 4.200100784061378 -21.1153325426205 -9
      vertex 8.652120169275742 -20.88806585594728 -7.499999999999999
      vertex 4.4108126121747 -22.174652437552638 -7.499999999999999
    endloop
  endfacet
  facet normal 0 0 0
    outer loop
      vertex 8.238794050434937 -19.890208334158775 -9
      vertex 11.960875081819198 -17.90071457397268 -9
      vertex 12.560931600436389 -18.798762617660163 -7.499999999999999
    endloop
  endfacet
  facet normal 0 0 0
    outer loop
      vertex 8.238794050434937 -19.890208334158775 -9
      vertex 12.560931600436389 -18.798762617660163 -7.499999999999999
      vertex 8.652120169275742 -20.88806585594728 -7.499999999999999
    endloop
  endfacet
  facet normal 0 0 0
    outer loop
      vertex 11.960875081819198 -17.90071457397268 -9
      vertex 15.223306391545188 -15.223306391545195 -9
      vertex 15.98703347444388 -15.987033474443889 -7.499999999999999
    endloop
  endfacet
  facet normal 0 0 0
    outer loop
      vertex 11.960875081819198 -17.90071457397268 -9
      vertex 15.98703347444388 -15.987033474443889 -7.499999999999999
      vertex 12.560931600436389 -18.798762617660163 -7.499999999999999
    endloop
  endfacet
  facet normal 0 0 0
    outer loop
      vertex 15.223306391545188 -15.223306391545195 -9
      vertex 17.900714573972675 -11.960875081819205 -9
      vertex 18.798762617660156 -12.560931600436396 -7.499999999999999
    endloop
  endfacet
  facet normal 0 0 0
    outer loop
      vertex 15.223306391545188 -15.223306391545195 -9
      vertex 18.798762617660156 -12.560931600436396 -7.499999999999999
      vertex 15.98703347444388 -15.987033474443889 -7.499999999999999
    endloop
  endfacet
  facet normal 0 0 0
    outer loop
      vertex 17.900714573972675 -11.960875081819205 -9
      vertex 19.89020833415877 -8.238794050434946 -9
      vertex 20.888065855947275 -8.65212016927575 -7.499999999999999
    endloop
  endfacet
  facet normal 0 0 0
    outer loop
      vertex 17.900714573972675 -11.960875081819205 -9
      vertex 20.888065855947275 -8.65212016927575 -7.499999999999999
      vertex 18.798762617660156 -12.560931600436396 -7.499999999999999
    endloop
  endfacet
  facet normal 0 0 0
    outer loop
      vertex 19.89020833415877 -8.238794050434946 -9
      vertex 21.115332542620497 -4.200100784061387 -9
      vertex 22.174652437552638 -4.41081261217471 -7.499999999999999
    endloop
  endfacet
  facet normal 0 0 0
    outer loop
      vertex 19.89020833415877 -8.238794050434946 -9
      vertex 22.174652437552638 -4.41081261217471 -7.499999999999999
      vertex 20.888065855947275 -8.65212016927575 -7.499999999999999
    endloop
  endfacet
  facet normal 0 0 0
    outer loop
      vertex 21.115332542620497 -4.200100784061387 -9
      vertex 21.529006363084232 0 -9
      vertex 22.609079561671205 0 -7.499999999999999
    endloop
  endfacet
  facet normal 0 0 0
    outer loop
      vertex 21.115332542620497 -4.200100784061387 -9
      vertex 22.609079561671205 0 -7.499999999999999
      vertex 22.174652437552638 -4.41081261217471 -7.499999999999999
    endloop
  endfacet
  facet normal 0 0 0
    outer loop
      vertex 22.609079561671205 0 -7.499999999999999
      vertex 22.174652437552638 4.410812612174699 -7.499999999999999
      vertex 23.02758123674187 4.580470698827718 -6.000000000000001
    endloop
  endfacet
  facet normal 0 0 0
    outer loop
      vertex 22.609079561671205 0 -7.499999999999999
      vertex 23.02758123674187 4.580470698827718 -6.000000000000001
      vertex 23.478718223905783 0 -6.000000000000001
    endloop
  endfacet
  facet normal 0 0 0
    outer loop
      vertex 22.174652437552638 4.410812612174699 -7.499999999999999
      vertex 20.888065855947282 8.652120169275737 -7.499999999999999
      vertex 21.691507216666302 8.98491647745705 -6.000000000000001
    endloop
  endfacet
  facet normal 0 0 0
    outer loop
      vertex 22.174652437552638 4.410812612174699 -7.499999999999999
      vertex 21.691507216666302 8.98491647745705 -6.000000000000001
      vertex 23.02758123674187 4.580470698827718 -6.000000000000001
    endloop
  endfacet
  facet normal 0 0 0
    outer loop
      vertex 20.888065855947282 8.652120169275737 -7.499999999999999
      vertex 18.798762617660156 12.560931600436396 -7.499999999999999
      vertex 19.521840738991646 13.044076954656916 -6.000000000000001
    endloop
  endfacet
  facet normal 0 0 0
    outer loop
      vertex 20.888065855947282 8.652120169275737 -7.499999999999999
      vertex 19.521840738991646 13.044076954656916 -6.000000000000001
      vertex 21.691507216666302 8.98491647745705 -6.000000000000001
    endloop
  endfacet
  facet normal 0 0 0
    outer loop
      vertex 18.798762617660156 12.560931600436396 -7.499999999999999
      vertex 15.987033474443885 15.987033474443884 -7.499999999999999
      vertex 16.601960869691954 16.60196086969195 -6.000000000000001
    endloop
  endfacet
  facet normal 0 0 0
    outer loop
      vertex 18.798762617660156 12.560931600436396 -7.499999999999999
      vertex 16.601960869691954 16.60196086969195 -6.000000000000001
      vertex 19.521840738991646 13.044076954656916 -6.000000000000001
    endloop
  endfacet
  facet normal 0 0 0
    outer loop
      vertex 15.987033474443885 15.987033474443884 -7.499999999999999
      vertex 12.5609316004364 18.798762617660156 -7.499999999999999
      vertex 13.04407695465692 19.521840738991646 -6.000000000000001
    endloop
  endfacet
  facet normal 0 0 0
    outer loop
      vertex 15.987033474443885 15.987033474443884 -7.499999999999999
      vertex 13.04407695465692 19.521840738991646 -6.000000000000001
      vertex 16.601960869691954 16.60196086969195 -6.000000000000001
    endloop
  endfacet
  facet normal 0 0 0
    outer loop
      vertex 12.5609316004364 18.798762617660156 -7.499999999999999
      vertex 8.652120169275738 20.888065855947282 -7.499999999999999
      vertex 8.984916477457052 21.691507216666302 -6.000000000000001
    endloop
  endfacet
  facet normal 0 0 0
    outer loop
      vertex 12.5609316004364 18.798762617660156 -7.499999999999999
      vertex 8.984916477457052 21.691507216666302 -6.000000000000001
      vertex 13.04407695465692 19.521840738991646 -6.000000000000001
    endloop
  endfacet
  facet normal 0 0 0
    outer loop
      vertex 8.652120169275738 20.888065855947282 -7.499999999999999
      vertex 4.410812612174701 22.174652437552638 -7.499999999999999
      vertex 4.58047069882772 23.02758123674187 -6.000000000000001
    endloop
  endfacet
  facet normal 0 0 0
    outer loop
      vertex 8.652120169275738 20.888065855947282 -7.499999999999999
      vertex 4.58047069882772 23.02758123674187 -6.000000000000001
      vertex 8.984916477457052 21.691507216666302 -6.000000000000001
    endloop
  endfacet
  facet normal 0 0 0
    outer loop
      vertex 4.410812612174701 22.174652437552638 -7.499999999999999
      vertex 1.3844068458434242e-15 22.609079561671205 -7.499999999999999
      vertex 1.4376568560494423e-15 23.478718223905783 -6.000000000000001
    endloop
  endfacet
  facet normal 0 0 0
    outer loop
      vertex 4.410812612174701 22.174652437552638 -7.499999999999999
      vertex 1.4376568560494423e-15 23.478718223905783 -6.000000000000001
      vertex 4.58047069882772 23.02758123674187 -6.000000000000001
    endloop
  endfacet
  facet normal 0 0 0
    outer loop
      vertex 1.3844068458434242e-15 22.609079561671205 -7.499999999999999
      vertex -4.4108126121746976 22.174652437552638 -7.499999999999999
      vertex -4.580470698827717 23.02758123674187 -6.000000000000001
    endloop
  endfacet
  facet normal 0 0 0
    outer loop
      vertex 1.3844068458434242e-15 22.609079561671205 -7.499999999999999
      vertex -4.580470698827717 23.02758123674187 -6.000000000000001
      vertex 1.4376568560494423e-15 23.478718223905783 -6.000000000000001
    endloop
  endfacet
  facet normal 0 0 0
    outer loop
      vertex -4.4108126121746976 22.174652437552638 -7.499999999999999
      vertex -8.652120169275735 20.888065855947282 -7.499999999999999
      vertex -8.984916477457048 21.691507216666302 -6.000000000000001
    endloop
  endfacet
  facet normal 0 0 0
    outer loop
      vertex -4.4108126121746976 22.174652437552638 -7.499999999999999
      vertex -8.984916477457048 21.691507216666302 -6.000000000000001
      vertex -4.580470698827717 23.02758123674187 -6.000000000000001
    endloop
  endfacet
  facet normal 0 0 0
    outer loop
      vertex -8.652120169275735 20.888065855947282 -7.499999999999999
      vertex -12.560931600436392 18.79876261766016 -7.499999999999999
      vertex -13.04407695465691 19.52184073899165 -6.000000000000001
    endloop
  endfacet
  facet normal 0 0 0
    outer loop
      vertex -8.652120169275735 20.888065855947282 -7.499999999999999
      vertex -13.04407695465691 19.52184073899165 -6.000000000000001
      vertex -8.984916477457048 21.691507216666302 -6.000000000000001
    endloop
  endfacet
  facet normal 0 0 0
    outer loop
      vertex -12.560931600436392 18.79876261766016 -7.499999999999999
      vertex -15.987033474443884 15.987033474443885 -7.499999999999999
      vertex -16.60196086969195 16.601960869691954 -6.000000000000001
    endloop
  endfacet
  facet normal 0 0 0
    outer loop
      vertex -12.560931600436392 18.79876261766016 -7.499999999999999
      vertex -16.60196086969195 16.601960869691954 -6.000000000000001
      vertex -13.04407695465691 19.52184073899165 -6.000000000000001
    endloop
  endfacet
  facet normal 0 0 0
    outer loop
      vertex -15.987033474443884 15.987033474443885 -7.499999999999999
      vertex -18.79876261766016 12.560931600436396 -7.499999999999999
      vertex -19.52184073899165 13.044076954656916 -6.000000000000001
    endloop
  endfacet
  facet normal 0 0 0
    outer loop
      vertex -15.987033474443884 15.987033474443885 -7.499999999999999
      vertex -19.52184073899165 13.044076954656916 -6.000000000000001
      vertex -16.60196086969195 16.601960869691954 -6.000000000000001
    endloop
  endfacet
  facet normal 0 0 0
    outer loop
      vertex -18.79876261766016 12.560931600436396 -7.499999999999999
      vertex -20.888065855947282 8.652120169275738 -7.499999999999999
      vertex -21.691507216666302 8.984916477457052 -6.000000000000001
    endloop
  endfacet
  facet normal 0 0 0
    outer loop
      vertex -18.79876261766016 12.560931600436396 -7.499999999999999
      vertex -21.691507216666302 8.984916477457052 -6.000000000000001
      vertex -19.52184073899165 13.044076954656916 -6.000000000000001
    endloop
  endfacet
  facet normal 0 0 0
    outer loop
      vertex -20.888065855947282 8.652120169275738 -7.499999999999999
      vertex -22.174652437552638 4.410812612174707 -7.499999999999999
      vertex -23.02758123674187 4.580470698827726 -6.000000000000001
    endloop
  endfacet
  facet normal 0 0 0
    outer loop
      vertex -20.888065855947282 8.652120169275738 -7.499999999999999
      vertex -23.02758123674187 4.580470698827726 -6.000000000000001
      vertex -21.691507216666302 8.984916477457052 -6.000000000000001
    endloop
  endfacet
  facet normal 0 0 0
    outer loop
      vertex -22.174652437552638 4.410812612174707 -7.499999999999999
      vertex -22.609079561671205 2.7688136916868483e-15 -7.499999999999999
      vertex -23.478718223905783 2.8753137120988846e-15 -6.000000000000001
    endloop
  endfacet
  facet normal 0 0 0
    outer loop
      vertex -22.174652437552638 4.410812612174707 -7.499999999999999
      vertex -23.478718223905783 2.8753137120988846e-15 -6.000000000000001
      vertex -23.02758123674187 4.580470698827726 -6.000000000000001
    endloop
  endfacet
  facet normal 0 0 0
    outer loop
      vertex -22.609079561671205 2.7688136916868483e-15 -7.499999999999999
      vertex -22.174652437552638 -4.410812612174702 -7.499999999999999
      vertex -23.02758123674187 -4.58047069882772 -6.000000000000001
    endloop
  endfacet
  facet normal 0 0 0
    outer loop
      vertex -22.609079561671205 2.7688136916868483e-15 -7.499999999999999
      vertex -23.02758123674187 -4.58047069882772 -6.000000000000001
      vertex -23.478718223905783 2.8753137120988846e-15 -6.000000000000001
    endloop
  endfacet
  facet normal 0 0 0
    outer loop
      vertex -22.174652437552638 -4.410812612174702 -7.499999999999999
      vertex -20.888065855947282 -8.652120169275733 -7.499999999999999
      vertex -21.691507216666306 -8.984916477457046 -6.000000000000001
    endloop
  endfacet
  facet normal 0 0 0
    outer loop
      vertex -22.174652437552638 -4.410812612174702 -7.499999999999999
      vertex -21.691507216666306 -8.984916477457046 -6.000000000000001
      vertex -23.02758123674187 -4.58047069882772 -6.000000000000001
    endloop
  endfacet
  facet normal 0 0 0
    outer loop
      vertex -20.888065855947282 -8.652120169275733 -7.499999999999999
      vertex -18.798762617660163 -12.560931600436392 -7.499999999999999
      vertex -19.52184073899165 -13.04407695465691 -6.000000000000001
    endloop
  endfacet
  facet normal 0 0 0
    outer loop
      vertex -20.888065855947282 -8.652120169275733 -7.499999999999999
      vertex -19.52184073899165 -13.04407695465691 -6.000000000000001
      vertex -21.691507216666306 -8.984916477457046 -6.000000000000001
    endloop
  endfacet
  facet normal 0 0 0
    outer loop
      vertex -18.798762617660163 -12.560931600436392 -7.499999999999999
      vertex -15.987033474443889 -15.987033474443884 -7.499999999999999
      vertex -16.601960869691958 -16.60196086969195 -6.000000000000001
    endloop
  endfacet
  facet normal 0 0 0
    outer loop
      vertex -18.798762617660163 -12.560931600436392 -7.499999999999999
      vertex -16.601960869691958 -16.60196086969195 -6.000000000000001
      vertex -19.52184073899165 -13.04407695465691 -6.000000000000001
    endloop
  endfacet
  facet normal 0 0 0
    outer loop
      vertex -15.987033474443889 -15.987033474443884 -7.499999999999999
      vertex -12.560931600436396 -18.798762617660156 -7.499999999999999
      vertex -13.044076954656916 -19.521840738991646 -6.000000000000001
    endloop
  endfacet
  facet normal 0 0 0
    outer loop
      vertex -15.987033474443889 -15.987033474443884 -7.499999999999999
      vertex -13.044076954656916 -19.521840738991646 -6.000000000000001
      vertex -16.601960869691958 -16.60196086969195 -6.000000000000001
    endloop
  endfacet
  facet normal 0 0 0
    outer loop
      vertex -12.560931600436396 -18.798762617660156 -7.499999999999999
      vertex -8.652120169275749 -20.888065855947275 -7.499999999999999
      vertex -8.984916477457062 -21.6915072166663 -6.000000000000001
    endloop
  endfacet
  facet normal 0 0 0
    outer loop
      vertex -12.560931600436396 -18.798762617660156 -7.499999999999999
      vertex -8.984916477457062 -21.6915072166663 -6.000000000000001
      vertex -13.044076954656916 -19.521840738991646 -6.000000000000001
    endloop
  endfacet
  facet normal 0 0 0
    outer loop
      vertex -8.652120169275749 -20.888065855947275 -7.499999999999999
      vertex -4.410812612174708 -22.174652437552638 -7.499999999999999
      vertex -4.580470698827728 -23.027581236741867 -6.000000000000001
    endloop
  endfacet
  facet normal 0 0 0
    outer loop
      vertex -8.652120169275749 -20.888065855947275 -7.499999999999999
      vertex -4.580470698827728 -23.027581236741867 -6.000000000000001
      vertex -8.984916477457062 -21.6915072166663 -6.000000000000001
    endloop
  endfacet
  facet normal 0 0 0
    outer loop
      vertex -4.410812612174708 -22.174652437552638 -7.499999999999999
      vertex -4.153220537530272e-15 -22.609079561671205 -7.499999999999999
      vertex -4.312970568148327e-15 -23.478718223905783 -6.000000000000001
    endloop
  endfacet
  facet normal 0 0 0
    outer loop
      vertex -4.410812612174708 -22.174652437552638 -7.499999999999999
      vertex -4.312970568148327e-15 -23.478718223905783 -6.000000000000001
      vertex -4.580470698827728 -23.027581236741867 -6.000000000000001
    endloop
  endfacet
  facet normal 0 0 0
    outer loop
      vertex -4.153220537530272e-15 -22.609079561671205 -7.499999999999999
      vertex 4.4108126121747 -22.174652437552638 -7.499999999999999
      vertex 4.580470698827719 -23.02758123674187 -6.000000000000001
    endloop
  endfacet
  facet normal 0 0 0
    outer loop
      vertex -4.153220537530272e-15 -22.609079561671205 -7.499999999999999
      vertex 4.580470698827719 -23.02758123674187 -6.000000000000001
      vertex -4.312970568148327e-15 -23.478718223905783 -6.000000000000001
    endloop
  endfacet
  facet normal 0 0 0
    outer loop
      vertex 4.4108126121747 -22.174652437552638 -7.499999999999999
      vertex 8.652120169275742 -20.88806585594728 -7.499999999999999
      vertex 8.984916477457055 -21.691507216666302 -6.000000000000001
    endloop
  endfacet
  facet normal 0 0 0
    outer loop
      vertex 4.4108126121747 -22.174652437552638 -7.499999999999999
      vertex 8.984916477457055 -21.691507216666302 -6.000000000000001
      vertex 4.580470698827719 -23.02758123674187 -6.000000000000001
    endloop
  endfacet
  facet normal 0 0 0
    outer loop
      vertex 8.652120169275742 -20.88806585594728 -7.499999999999999
      vertex 12.560931600436389 -18.798762617660163 -7.499999999999999
      vertex 13.044076954656909 -19.52184073899165 -6.000000000000001
    endloop
  endfacet
  facet normal 0 0 0
    outer loop
      vertex 8.652120169275742 -20.88806585594728 -7.499999999999999
      vertex 13.044076954656909 -19.52184073899165 -6.000000000000001
      vertex 8.984916477457055 -21.691507216666302 -6.000000000000001
    endloop
  endfacet
  facet normal 0 0 0
    outer loop
      vertex 12.560931600436389 -18.798762617660163 -7.499999999999999
      vertex 15.98703347444388 -15.987033474443889 -7.499999999999999
      vertex 16.601960869691947 -16.601960869691958 -6.000000000000001
    endloop
  endfacet
  facet normal 0 0 0
    outer loop
      vertex 12.560931600436389 -18.798762617660163 -7.499999999999999
      vertex 16.601960869691947 -16.601960869691958 -6.000000000000001
      vertex 13.044076954656909 -19.52184073899165 -6.000000000000001
    endloop
  endfacet
  facet normal 0 0 0
    outer loop
      vertex 15.98703347444388 -15.987033474443889 -7.499999999999999
      vertex 18.798762617660156 -12.560931600436396 -7.499999999999999
      vertex 19.521840738991646 -13.044076954656916 -6.000000000000001
    endloop
  endfacet
  facet normal 0 0 0
    outer loop
      vertex 15.98703347444388 -15.987033474443889 -7.499999999999999
      vertex 19.521840738991646 -13.044076954656916 -6.000000000000001
      vertex 16.601960869691947 -16.601960869691958 -6.000000000000001
    endloop
  endfacet
  facet normal 0 0 0
    outer loop
      vertex 18.798762617660156 -12.560931600436396 -7.499999999999999
      vertex 20.888065855947275 -8.65212016927575 -7.499999999999999
      vertex 21.6915072166663 -8.984916477457064 -6.000000000000001
    endloop
  endfacet
  facet normal 0 0 0
    outer loop
      vertex 18.798762617660156 -12.560931600436396 -7.499999999999999
      vertex 21.6915072166663 -8.984916477457064 -6.000000000000001
      vertex 19.521840738991646 -13.044076954656916 -6.000000000000001
    endloop
  endfacet
  facet normal 0 0 0
    outer loop
      vertex 20.888065855947275 -8.65212016927575 -7.499999999999999
      vertex 22.174652437552638 -4.41081261217471 -7.499999999999999
      vertex 23.027581236741867 -4.580470698827729 -6.000000000000001
    endloop
  endfacet
  facet normal 0 0 0
    outer loop
      vertex 20.888065855947275 -8.65212016927575 -7.499999999999999
      vertex 23.027581236741867 -4.580470698827729 -6.000000000000001
      vertex 21.6915072166663 -8.984916477457064 -6.000000000000001
    endloop
  endfacet
  facet normal 0 0 0
    outer loop
      vertex 22.174652437552638 -4.41081261217471 -7.499999999999999
      vertex 22.609079561671205 0 -7.499999999999999
      vertex 23.478718223905783 0 -6.000000000000001
    endloop
  endfacet
  facet normal 0 0 0
    outer loop
      vertex 22.174652437552638 -4.41081261217471 -7.499999999999999
      vertex 23.478718223905783 0 -6.000000000000001
      vertex 23.027581236741867 -4.580470698827729 -6.000000000000001
    endloop
  endfacet
  facet normal 0 0 0
    outer loop
      vertex 23.478718223905783 0 -6.000000000000001
      vertex 23.02758123674187 4.580470698827718 -6.000000000000001
      vertex 23.683787478700328 4.710998235904984 -4.5
    endloop
  endfacet
  facet normal 0 0 0
    outer loop
      vertex 23.478718223905783 0 -6.000000000000001
      vertex 23.683787478700328 4.710998235904984 -4.5
      vertex 24.147780306167736 0 -4.5
    endloop
  endfacet
  facet normal 0 0 0
    outer loop
      vertex 23.02758123674187 4.580470698827718 -6.000000000000001
      vertex 21.691507216666302 8.98491647745705 -6.000000000000001
      vertex 22.309639980447503 9.240955451562387 -4.5
    endloop
  endfacet
  facet normal 0 0 0
    outer loop
      vertex 23.02758123674187 4.580470698827718 -6.000000000000001
      vertex 22.309639980447503 9.240955451562387 -4.5
      vertex 23.683787478700328 4.710998235904984 -4.5
    endloop
  endfacet
  facet normal 0 0 0
    outer loop
      vertex 21.691507216666302 8.98491647745705 -6.000000000000001
      vertex 19.521840738991646 13.044076954656916 -6.000000000000001
      vertex 20.078145529136325 13.41578793160377 -4.5
    endloop
  endfacet
  facet normal 0 0 0
    outer loop
      vertex 21.691507216666302 8.98491647745705 -6.000000000000001
      vertex 20.078145529136325 13.41578793160377 -4.5
      vertex 22.309639980447503 9.240955451562387 -4.5
    endloop
  endfacet
  facet normal 0 0 0
    outer loop
      vertex 19.521840738991646 13.044076954656916 -6.000000000000001
      vertex 16.601960869691954 16.60196086969195 -6.000000000000001
      vertex 17.07505920509417 17.07505920509417 -4.5
    endloop
  endfacet
  facet normal 0 0 0
    outer loop
      vertex 19.521840738991646 13.044076954656916 -6.000000000000001
      vertex 17.07505920509417 17.07505920509417 -4.5
      vertex 20.078145529136325 13.41578793160377 -4.5
    endloop
  endfacet
  facet normal 0 0 0
    outer loop
      vertex 16.601960869691954 16.60196086969195 -6.000000000000001
      vertex 13.04407695465692 19.521840738991646 -6.000000000000001
      vertex 13.415787931603772 20.078145529136325 -4.5
    endloop
  endfacet
  facet normal 0 0 0
    outer loop
      vertex 16.601960869691954 16.60196086969195 -6.000000000000001
      vertex 13.415787931603772 20.078145529136325 -4.5
      vertex 17.07505920509417 17.07505920509417 -4.5
    endloop
  endfacet
  facet normal 0 0 0
    outer loop
      vertex 13.04407695465692 19.521840738991646 -6.000000000000001
      vertex 8.984916477457052 21.691507216666302 -6.000000000000001
      vertex 9.240955451562389 22.309639980447503 -4.5
    endloop
  endfacet
  facet normal 0 0 0
    outer loop
      vertex 13.04407695465692 19.521840738991646 -6.000000000000001
      vertex 9.240955451562389 22.309639980447503 -4.5
      vertex 13.415787931603772 20.078145529136325 -4.5
    endloop
  endfacet
  facet normal 0 0 0
    outer loop
      vertex 8.984916477457052 21.691507216666302 -6.000000000000001
      vertex 4.58047069882772 23.02758123674187 -6.000000000000001
      vertex 4.710998235904985 23.683787478700328 -4.5
    endloop
  endfacet
  facet normal 0 0 0
    outer loop
      vertex 8.984916477457052 21.691507216666302 -6.000000000000001
      vertex 4.710998235904985 23.683787478700328 -4.5
      vertex 9.240955451562389 22.309639980447503 -4.5
    endloop
  endfacet
  facet normal 0 0 0
    outer loop
      vertex 4.58047069882772 23.02758123674187 -6.000000000000001
      vertex 1.4376568560494423e-15 23.478718223905783 -6.000000000000001
      vertex 1.4786250929230906e-15 24.147780306167736 -4.5
    endloop
  endfacet
  facet normal 0 0 0
    outer loop
      vertex 4.58047069882772 23.02758123674187 -6.000000000000001
      vertex 1.4786250929230906e-15 24.147780306167736 -4.5
      vertex 4.710998235904985 23.683787478700328 -4.5
    endloop
  endfacet
  facet normal 0 0 0
    outer loop
      vertex 1.4376568560494423e-15 23.478718223905783 -6.000000000000001
      vertex -4.580470698827717 23.02758123674187 -6.000000000000001
      vertex -4.710998235904982 23.683787478700328 -4.5
    endloop
  endfacet
  facet normal 0 0 0
    outer loop
      vertex 1.4376568560494423e-15 23.478718223905783 -6.000000000000001
      vertex -4.710998235904982 23.683787478700328 -4.5
      vertex 1.4786250929230906e-15 24.147780306167736 -4.5
    endloop
  endfacet
  facet normal 0 0 0
    outer loop
      vertex -4.580470698827717 23.02758123674187 -6.000000000000001
      vertex -8.984916477457048 21.691507216666302 -6.000000000000001
      vertex -9.240955451562387 22.309639980447503 -4.5
    endloop
  endfacet
  facet normal 0 0 0
    outer loop
      vertex -4.580470698827717 23.02758123674187 -6.000000000000001
      vertex -9.240955451562387 22.309639980447503 -4.5
      vertex -4.710998235904982 23.683787478700328 -4.5
    endloop
  endfacet
  facet normal 0 0 0
    outer loop
      vertex -8.984916477457048 21.691507216666302 -6.000000000000001
      vertex -13.04407695465691 19.52184073899165 -6.000000000000001
      vertex -13.415787931603765 20.07814552913633 -4.5
    endloop
  endfacet
  facet normal 0 0 0
    outer loop
      vertex -8.984916477457048 21.691507216666302 -6.000000000000001
      vertex -13.415787931603765 20.07814552913633 -4.5
      vertex -9.240955451562387 22.309639980447503 -4.5
    endloop
  endfacet
  facet normal 0 0 0
    outer loop
      vertex -13.04407695465691 19.52184073899165 -6.000000000000001
      vertex -16.60196086969195 16.601960869691954 -6.000000000000001
      vertex -17.07505920509417 17.07505920509417 -4.5
    endloop
  endfacet
  facet normal 0 0 0
    outer loop
      vertex -13.04407695465691 19.52184073899165 -6.000000000000001
      vertex -17.07505920509417 17.07505920509417 -4.5
      vertex -13.415787931603765 20.07814552913633 -4.5
    endloop
  endfacet
  facet normal 0 0 0
    outer loop
      vertex -16.60196086969195 16.601960869691954 -6.000000000000001
      vertex -19.52184073899165 13.044076954656916 -6.000000000000001
      vertex -20.07814552913633 13.41578793160377 -4.5
    endloop
  endfacet
  facet normal 0 0 0
    outer loop
      vertex -16.60196086969195 16.601960869691954 -6.000000000000001
      vertex -20.07814552913633 13.41578793160377 -4.5
      vertex -17.07505920509417 17.07505920509417 -4.5
    endloop
  endfacet
  facet normal 0 0 0
    outer loop
      vertex -19.52184073899165 13.044076954656916 -6.000000000000001
      vertex -21.691507216666302 8.984916477457052 -6.000000000000001
      vertex -22.309639980447503 9.24095545156239 -4.5
    endloop
  endfacet
  facet normal 0 0 0
    outer loop
      vertex -19.52184073899165 13.044076954656916 -6.000000000000001
      vertex -22.309639980447503 9.24095545156239 -4.5
      vertex -20.07814552913633 13.41578793160377 -4.5
    endloop
  endfacet
  facet normal 0 0 0
    outer loop
      vertex -21.691507216666302 8.984916477457052 -6.000000000000001
      vertex -23.02758123674187 4.580470698827726 -6.000000000000001
      vertex -23.683787478700328 4.7109982359049924 -4.5
    endloop
  endfacet
  facet normal 0 0 0
    outer loop
      vertex -21.691507216666302 8.984916477457052 -6.000000000000001
      vertex -23.683787478700328 4.7109982359049924 -4.5
      vertex -22.309639980447503 9.24095545156239 -4.5
    endloop
  endfacet
  facet normal 0 0 0
    outer loop
      vertex -23.02758123674187 4.580470698827726 -6.000000000000001
      vertex -23.478718223905783 2.8753137120988846e-15 -6.000000000000001
      vertex -24.147780306167736 2.957250185846181e-15 -4.5
    endloop
  endfacet
  facet normal 0 0 0
    outer loop
      vertex -23.02758123674187 4.580470698827726 -6.000000000000001
      vertex -24.147780306167736 2.957250185846181e-15 -4.5
      vertex -23.683787478700328 4.7109982359049924 -4.5
    endloop
  endfacet
  facet normal 0 0 0
    outer loop
      vertex -23.478718223905783 2.8753137120988846e-15 -6.000000000000001
      vertex -23.02758123674187 -4.58047069882772 -6.000000000000001
      vertex -23.683787478700328 -4.710998235904986 -4.5
    endloop
  endfacet
  facet normal 0 0 0
    outer loop
      vertex -23.478718223905783 2.8753137120988846e-15 -6.000000000000001
      vertex -23.683787478700328 -4.710998235904986 -4.5
      vertex -24.147780306167736 2.957250185846181e-15 -4.5
    endloop
  endfacet
  facet normal 0 0 0
    outer loop
      vertex -23.02758123674187 -4.58047069882772 -6.000000000000001
      vertex -21.691507216666306 -8.984916477457046 -6.000000000000001
      vertex -22.309639980447507 -9.240955451562384 -4.5
    endloop
  endfacet
  facet normal 0 0 0
    outer loop
      vertex -23.02758123674187 -4.58047069882772 -6.000000000000001
      vertex -22.309639980447507 -9.240955451562384 -4.5
      vertex -23.683787478700328 -4.710998235904986 -4.5
    endloop
  endfacet
  facet normal 0 0 0
    outer loop
      vertex -21.691507216666306 -8.984916477457046 -6.000000000000001
      vertex -19.52184073899165 -13.04407695465691 -6.000000000000001
      vertex -20.07814552913633 -13.415787931603765 -4.5
    endloop
  endfacet
  facet normal 0 0 0
    outer loop
      vertex -21.691507216666306 -8.984916477457046 -6.000000000000001
      vertex -20.07814552913633 -13.415787931603765 -4.5
      vertex -22.309639980447507 -9.240955451562384 -4.5
    endloop
  endfacet
  facet normal 0 0 0
    outer loop
      vertex -19.52184073899165 -13.04407695465691 -6.000000000000001
      vertex -16.601960869691958 -16.60196086969195 -6.000000000000001
      vertex -17.075059205094174 -17.07505920509417 -4.5
    endloop
  endfacet
  facet normal 0 0 0
    outer loop
      vertex -19.52184073899165 -13.04407695465691 -6.000000000000001
      vertex -17.075059205094174 -17.07505920509417 -4.5
      vertex -20.07814552913633 -13.415787931603765 -4.5
    endloop
  endfacet
  facet normal 0 0 0
    outer loop
      vertex -16.601960869691958 -16.60196086969195 -6.000000000000001
      vertex -13.044076954656916 -19.521840738991646 -6.000000000000001
      vertex -13.41578793160377 -20.078145529136325 -4.5
    endloop
  endfacet
  facet normal 0 0 0
    outer loop
      vertex -16.601960869691958 -16.60196086969195 -6.000000000000001
      vertex -13.41578793160377 -20.078145529136325 -4.5
      vertex -17.075059205094174 -17.07505920509417 -4.5
    endloop
  endfacet
  facet normal 0 0 0
    outer loop
      vertex -13.044076954656916 -19.521840738991646 -6.000000000000001
      vertex -8.984916477457062 -21.6915072166663 -6.000000000000001
      vertex -9.240955451562401 -22.3096399804475 -4.5
    endloop
  endfacet
  facet normal 0 0 0
    outer loop
      vertex -13.044076954656916 -19.521840738991646 -6.000000000000001
      vertex -9.240955451562401 -22.3096399804475 -4.5
      vertex -13.41578793160377 -20.078145529136325 -4.5
    endloop
  endfacet
  facet normal 0 0 0
    outer loop
      vertex -8.984916477457062 -21.6915072166663 -6.000000000000001
      vertex -4.580470698827728 -23.027581236741867 -6.000000000000001
      vertex -4.710998235904993 -23.683787478700324 -4.5
    endloop
  endfacet
  facet normal 0 0 0
    outer loop
      vertex -8.984916477457062 -21.6915072166663 -6.000000000000001
      vertex -4.710998235904993 -23.683787478700324 -4.5
      vertex -9.240955451562401 -22.3096399804475 -4.5
    endloop
  endfacet
  facet normal 0 0 0
    outer loop
      vertex -4.580470698827728 -23.027581236741867 -6.000000000000001
      vertex -4.312970568148327e-15 -23.478718223905783 -6.000000000000001
      vertex -4.435875278769271e-15 -24.147780306167736 -4.5
    endloop
  endfacet
  facet normal 0 0 0
    outer loop
      vertex -4.580470698827728 -23.027581236741867 -6.000000000000001
      vertex -4.435875278769271e-15 -24.147780306167736 -4.5
      vertex -4.710998235904993 -23.683787478700324 -4.5
    endloop
  endfacet
  facet normal 0 0 0
    outer loop
      vertex -4.312970568148327e-15 -23.478718223905783 -6.000000000000001
      vertex 4.580470698827719 -23.02758123674187 -6.000000000000001
      vertex 4.7109982359049845 -23.683787478700328 -4.5
    endloop
  endfacet
  facet normal 0 0 0
    outer loop
      vertex -4.312970568148327e-15 -23.478718223905783 -6.000000000000001
      vertex 4.7109982359049845 -23.683787478700328 -4.5
      vertex -4.435875278769271e-15 -24.147780306167736 -4.5
    endloop
  endfacet
  facet normal 0 0 0
    outer loop
      vertex 4.580470698827719 -23.02758123674187 -6.000000000000001
      vertex 8.984916477457055 -21.691507216666302 -6.000000000000001
      vertex 9.240955451562392 -22.3096399804475 -4.5
    endloop
  endfacet
  facet normal 0 0 0
    outer loop
      vertex 4.580470698827719 -23.02758123674187 -6.000000000000001
      vertex 9.240955451562392 -22.3096399804475 -4.5
      vertex 4.7109982359049845 -23.683787478700328 -4.5
    endloop
  endfacet
  facet normal 0 0 0
    outer loop
      vertex 8.984916477457055 -21.691507216666302 -6.000000000000001
      vertex 13.044076954656909 -19.52184073899165 -6.000000000000001
      vertex 13.415787931603761 -20.07814552913633 -4.5
    endloop
  endfacet
  facet normal 0 0 0
    outer loop
      vertex 8.984916477457055 -21.691507216666302 -6.000000000000001
      vertex 13.415787931603761 -20.07814552913633 -4.5
      vertex 9.240955451562392 -22.3096399804475 -4.5
    endloop
  endfacet
  facet normal 0 0 0
    outer loop
      vertex 13.044076954656909 -19.52184073899165 -6.000000000000001
      vertex 16.601960869691947 -16.601960869691958 -6.000000000000001
      vertex 17.075059205094167 -17.075059205094174 -4.5
    endloop
  endfacet
  facet normal 0 0 0
    outer loop
      vertex 13.044076954656909 -19.52184073899165 -6.000000000000001
      vertex 17.075059205094167 -17.075059205094174 -4.5
      vertex 13.415787931603761 -20.07814552913633 -4.5
    endloop
  endfacet
  facet normal 0 0 0
    outer loop
      vertex 16.601960869691947 -16.601960869691958 -6.000000000000001
      vertex 19.521840738991646 -13.044076954656916 -6.000000000000001
      vertex 20.078145529136325 -13.41578793160377 -4.5
    endloop
  endfacet
  facet normal 0 0 0
    outer loop
      vertex 16.601960869691947 -16.601960869691958 -6.000000000000001
      vertex 20.078145529136325 -13.41578793160377 -4.5
      vertex 17.075059205094167 -17.075059205094174 -4.5
    endloop
  endfacet
  facet normal 0 0 0
    outer loop
      vertex 19.521840738991646 -13.044076954656916 -6.000000000000001
      vertex 21.6915072166663 -8.984916477457064 -6.000000000000001
      vertex 22.3096399804475 -9.240955451562403 -4.5
    endloop
  endfacet
  facet normal 0 0 0
    outer loop
      vertex 19.521840738991646 -13.044076954656916 -6.000000000000001
      vertex 22.3096399804475 -9.240955451562403 -4.5
      vertex 20.078145529136325 -13.41578793160377 -4.5
    endloop
  endfacet
  facet normal 0 0 0
    outer loop
      vertex 21.6915072166663 -8.984916477457064 -6.000000000000001
      vertex 23.027581236741867 -4.580470698827729 -6.000000000000001
      vertex 23.683787478700324 -4.710998235904995 -4.5
    endloop
  endfacet
  facet normal 0 0 0
    outer loop
      vertex 21.6915072166663 -8.984916477457064 -6.000000000000001
      vertex 23.683787478700324 -4.710998235904995 -4.5
      vertex 22.3096399804475 -9.240955451562403 -4.5
    endloop
  endfacet
  facet normal 0 0 0
    outer loop
      vertex 23.027581236741867 -4.580470698827729 -6.000000000000001
      vertex 23.478718223905783 0 -6.000000000000001
      vertex 24.147780306167736 0 -4.5
    endloop
  endfacet
  facet normal 0 0 0
    outer loop
      vertex 23.027581236741867 -4.580470698827729 -6.000000000000001
      vertex 24.147780306167736 0 -4.5
      vertex 23.683787478700324 -4.710998235904995 -4.5
    endloop
  endfacet
  facet normal 0 0 0
    outer loop
      vertex 24.147780306167736 0 -4.5
      vertex 23.683787478700328 4.710998235904984 -4.5
      vertex 24.14915229165147 4.803565052544287 -2.999999999999999
    endloop
  endfacet
  facet normal 0 0 0
    outer loop
      vertex 24.147780306167736 0 -4.5
      vertex 24.14915229165147 4.803565052544287 -2.999999999999999
      vertex 24.622262154793987 0 -2.999999999999999
    endloop
  endfacet
  facet normal 0 0 0
    outer loop
      vertex 23.683787478700328 4.710998235904984 -4.5
      vertex 22.309639980447503 9.240955451562387 -4.5
      vertex 22.748004048941414 9.422531793989615 -2.999999999999999
    endloop
  endfacet
  facet normal 0 0 0
    outer loop
      vertex 23.683787478700328 4.710998235904984 -4.5
      vertex 22.748004048941414 9.422531793989615 -2.999999999999999
      vertex 24.14915229165147 4.803565052544287 -2.999999999999999
    endloop
  endfacet
  facet normal 0 0 0
    outer loop
      vertex 22.309639980447503 9.240955451562387 -4.5
      vertex 20.078145529136325 13.41578793160377 -4.5
      vertex 20.47266276785819 13.679395922808627 -2.999999999999999
    endloop
  endfacet
  facet normal 0 0 0
    outer loop
      vertex 22.309639980447503 9.240955451562387 -4.5
      vertex 20.47266276785819 13.679395922808627 -2.999999999999999
      vertex 22.748004048941414 9.422531793989615 -2.999999999999999
    endloop
  endfacet
  facet normal 0 0 0
    outer loop
      vertex 20.078145529136325 13.41578793160377 -4.5
      vertex 17.07505920509417 17.07505920509417 -4.5
      vertex 17.410568537807723 17.41056853780772 -2.999999999999999
    endloop
  endfacet
  facet normal 0 0 0
    outer loop
      vertex 20.078145529136325 13.41578793160377 -4.5
      vertex 17.410568537807723 17.41056853780772 -2.999999999999999
      vertex 20.47266276785819 13.679395922808627 -2.999999999999999
    endloop
  endfacet
  facet normal 0 0 0
    outer loop
      vertex 17.07505920509417 17.07505920509417 -4.5
      vertex 13.415787931603772 20.078145529136325 -4.5
      vertex 13.679395922808629 20.47266276785819 -2.999999999999999
    endloop
  endfacet
  facet normal 0 0 0
    outer loop
      vertex 17.07505920509417 17.07505920509417 -4.5
      vertex 13.679395922808629 20.47266276785819 -2.999999999999999
      vertex 17.410568537807723 17.41056853780772 -2.999999999999999
    endloop
  endfacet
  facet normal 0 0 0
    outer loop
      vertex 13.415787931603772 20.078145529136325 -4.5
      vertex 9.240955451562389 22.309639980447503 -4.5
      vertex 9.422531793989616 22.748004048941414 -2.999999999999999
    endloop
  endfacet
  facet normal 0 0 0
    outer loop
      vertex 13.415787931603772 20.078145529136325 -4.5
      vertex 9.422531793989616 22.748004048941414 -2.999999999999999
      vertex 13.679395922808629 20.47266276785819 -2.999999999999999
    endloop
  endfacet
  facet normal 0 0 0
    outer loop
      vertex 9.240955451562389 22.309639980447503 -4.5
      vertex 4.710998235904985 23.683787478700328 -4.5
      vertex 4.803565052544289 24.14915229165147 -2.999999999999999
    endloop
  endfacet
  facet normal 0 0 0
    outer loop
      vertex 9.240955451562389 22.309639980447503 -4.5
      vertex 4.803565052544289 24.14915229165147 -2.999999999999999
      vertex 9.422531793989616 22.748004048941414 -2.999999999999999
    endloop
  endfacet
  facet normal 0 0 0
    outer loop
      vertex 4.710998235904985 23.683787478700328 -4.5
      vertex 1.4786250929230906e-15 24.147780306167736 -4.5
      vertex 1.5076787267817734e-15 24.622262154793987 -2.999999999999999
    endloop
  endfacet
  facet normal 0 0 0
    outer loop
      vertex 4.710998235904985 23.683787478700328 -4.5
      vertex 1.5076787267817734e-15 24.622262154793987 -2.999999999999999
      vertex 4.803565052544289 24.14915229165147 -2.999999999999999
    endloop
  endfacet
  facet normal 0 0 0
    outer loop
      vertex 1.4786250929230906e-15 24.147780306167736 -4.5
      vertex -4.710998235904982 23.683787478700328 -4.5
      vertex -4.803565052544285 24.14915229165147 -2.999999999999999
    endloop
  endfacet
  facet normal 0 0 0
    outer loop
      vertex 1.4786250929230906e-15 24.147780306167736 -4.5
      vertex -4.803565052544285 24.14915229165147 -2.999999999999999
      vertex 1.5076787267817734e-15 24.622262154793987 -2.999999999999999
    endloop
  endfacet
  facet normal 0 0 0
    outer loop
      vertex -4.710998235904982 23.683787478700328 -4.5
      vertex -9.240955451562387 22.309639980447503 -4.5
      vertex -9.422531793989613 22.748004048941414 -2.999999999999999
    endloop
  endfacet
  facet normal 0 0 0
    outer loop
      vertex -4.710998235904982 23.683787478700328 -4.5
      vertex -9.422531793989613 22.748004048941414 -2.999999999999999
      vertex -4.803565052544285 24.14915229165147 -2.999999999999999
    endloop
  endfacet
  facet normal 0 0 0
    outer loop
      vertex -9.240955451562387 22.309639980447503 -4.5
      vertex -13.415787931603765 20.07814552913633 -4.5
      vertex -13.679395922808622 20.47266276785819 -2.999999999999999
    endloop
  endfacet
  facet normal 0 0 0
    outer loop
      vertex -9.240955451562387 22.309639980447503 -4.5
      vertex -13.679395922808622 20.47266276785819 -2.999999999999999
      vertex -9.422531793989613 22.748004048941414 -2.999999999999999
    endloop
  endfacet
  facet normal 0 0 0
    outer loop
      vertex -13.415787931603765 20.07814552913633 -4.5
      vertex -17.07505920509417 17.07505920509417 -4.5
      vertex -17.41056853780772 17.410568537807723 -2.999999999999999
    endloop
  endfacet
  facet normal 0 0 0
    outer loop
      vertex -13.415787931603765 20.07814552913633 -4.5
      vertex -17.41056853780772 17.410568537807723 -2.999999999999999
      vertex -13.679395922808622 20.47266276785819 -2.999999999999999
    endloop
  endfacet
  facet normal 0 0 0
    outer loop
      vertex -17.07505920509417 17.07505920509417 -4.5
      vertex -20.07814552913633 13.41578793160377 -4.5
      vertex -20.47266276785819 13.679395922808627 -2.999999999999999
    endloop
  endfacet
  facet normal 0 0 0
    outer loop
      vertex -17.07505920509417 17.07505920509417 -4.5
      vertex -20.47266276785819 13.679395922808627 -2.999999999999999
      vertex -17.41056853780772 17.410568537807723 -2.999999999999999
    endloop
  endfacet
  facet normal 0 0 0
    outer loop
      vertex -20.07814552913633 13.41578793160377 -4.5
      vertex -22.309639980447503 9.24095545156239 -4.5
      vertex -22.748004048941414 9.422531793989616 -2.999999999999999
    endloop
  endfacet
  facet normal 0 0 0
    outer loop
      vertex -20.07814552913633 13.41578793160377 -4.5
      vertex -22.748004048941414 9.422531793989616 -2.999999999999999
      vertex -20.47266276785819 13.679395922808627 -2.999999999999999
    endloop
  endfacet
  facet normal 0 0 0
    outer loop
      vertex -22.309639980447503 9.24095545156239 -4.5
      vertex -23.683787478700328 4.7109982359049924 -4.5
      vertex -24.14915229165147 4.803565052544296 -2.999999999999999
    endloop
  endfacet
  facet normal 0 0 0
    outer loop
      vertex -22.309639980447503 9.24095545156239 -4.5
      vertex -24.14915229165147 4.803565052544296 -2.999999999999999
      vertex -22.748004048941414 9.422531793989616 -2.999999999999999
    endloop
  endfacet
  facet normal 0 0 0
    outer loop
      vertex -23.683787478700328 4.7109982359049924 -4.5
      vertex -24.147780306167736 2.957250185846181e-15 -4.5
      vertex -24.622262154793987 3.015357453563547e-15 -2.999999999999999
    endloop
  endfacet
  facet normal 0 0 0
    outer loop
      vertex -23.683787478700328 4.7109982359049924 -4.5
      vertex -24.622262154793987 3.015357453563547e-15 -2.999999999999999
      vertex -24.14915229165147 4.803565052544296 -2.999999999999999
    endloop
  endfacet
  facet normal 0 0 0
    outer loop
      vertex -24.147780306167736 2.957250185846181e-15 -4.5
      vertex -23.683787478700328 -4.710998235904986 -4.5
      vertex -24.14915229165147 -4.80356505254429 -2.999999999999999
    endloop
  endfacet
  facet normal 0 0 0
    outer loop
      vertex -24.147780306167736 2.957250185846181e-15 -4.5
      vertex -24.14915229165147 -4.80356505254429 -2.999999999999999
      vertex -24.622262154793987 3.015357453563547e-15 -2.999999999999999
    endloop
  endfacet
  facet normal 0 0 0
    outer loop
      vertex -23.683787478700328 -4.710998235904986 -4.5
      vertex -22.309639980447507 -9.240955451562384 -4.5
      vertex -22.748004048941418 -9.42253179398961 -2.999999999999999
    endloop
  endfacet
  facet normal 0 0 0
    outer loop
      vertex -23.683787478700328 -4.710998235904986 -4.5
      vertex -22.748004048941418 -9.42253179398961 -2.999999999999999
      vertex -24.14915229165147 -4.80356505254429 -2.999999999999999
    endloop
  endfacet
  facet normal 0 0 0
    outer loop
      vertex -22.309639980447507 -9.240955451562384 -4.5
      vertex -20.07814552913633 -13.415787931603765 -4.5
      vertex -20.472662767858193 -13.679395922808622 -2.999999999999999
    endloop
  endfacet
  facet normal 0 0 0
    outer loop
      vertex -22.309639980447507 -9.240955451562384 -4.5
      vertex -20.472662767858193 -13.679395922808622 -2.999999999999999
      vertex -22.748004048941418 -9.42253179398961 -2.999999999999999
    endloop
  endfacet
  facet normal 0 0 0
    outer loop
      vertex -20.07814552913633 -13.415787931603765 -4.5
      vertex -17.075059205094174 -17.07505920509417 -4.5
      vertex -17.410568537807727 -17.41056853780772 -2.999999999999999
    endloop
  endfacet
  facet normal 0 0 0
    outer loop
      vertex -20.07814552913633 -13.415787931603765 -4.5
      vertex -17.410568537807727 -17.41056853780772 -2.999999999999999
      vertex -20.472662767858193 -13.679395922808622 -2.999999999999999
    endloop
  endfacet
  facet normal 0 0 0
    outer loop
      vertex -17.075059205094174 -17.07505920509417 -4.5
      vertex -13.41578793160377 -20.078145529136325 -4.5
      vertex -13.679395922808627 -20.47266276785819 -2.999999999999999
    endloop
  endfacet
  facet normal 0 0 0
    outer loop
      vertex -17.075059205094174 -17.07505920509417 -4.5
      vertex -13.679395922808627 -20.47266276785819 -2.999999999999999
      vertex -17.410568537807727 -17.41056853780772 -2.999999999999999
    endloop
  endfacet
  facet normal 0 0 0
    outer loop
      vertex -13.41578793160377 -20.078145529136325 -4.5
      vertex -9.240955451562401 -22.3096399804475 -4.5
      vertex -9.422531793989627 -22.74800404894141 -2.999999999999999
    endloop
  endfacet
  facet normal 0 0 0
    outer loop
      vertex -13.41578793160377 -20.078145529136325 -4.5
      vertex -9.422531793989627 -22.74800404894141 -2.999999999999999
      vertex -13.679395922808627 -20.47266276785819 -2.999999999999999
    endloop
  endfacet
  facet normal 0 0 0
    outer loop
      vertex -9.240955451562401 -22.3096399804475 -4.5
      vertex -4.710998235904993 -23.683787478700324 -4.5
      vertex -4.803565052544297 -24.149152291651465 -2.999999999999999
    endloop
  endfacet
  facet normal 0 0 0
    outer loop
      vertex -9.240955451562401 -22.3096399804475 -4.5
      vertex -4.803565052544297 -24.149152291651465 -2.999999999999999
      vertex -9.422531793989627 -22.74800404894141 -2.999999999999999
    endloop
  endfacet
  facet normal 0 0 0
    outer loop
      vertex -4.710998235904993 -23.683787478700324 -4.5
      vertex -4.435875278769271e-15 -24.147780306167736 -4.5
      vertex -4.52303618034532e-15 -24.622262154793987 -2.999999999999999
    endloop
  endfacet
  facet normal 0 0 0
    outer loop
      vertex -4.710998235904993 -23.683787478700324 -4.5
      vertex -4.52303618034532e-15 -24.622262154793987 -2.999999999999999
      vertex -4.803565052544297 -24.149152291651465 -2.999999999999999
    endloop
  endfacet
  facet normal 0 0 0
    outer loop
      vertex -4.435875278769271e-15 -24.147780306167736 -4.5
      vertex 4.7109982359049845 -23.683787478700328 -4.5
      vertex 4.803565052544288 -24.14915229165147 -2.999999999999999
    endloop
  endfacet
  facet normal 0 0 0
    outer loop
      vertex -4.435875278769271e-15 -24.147780306167736 -4.5
      vertex 4.803565052544288 -24.14915229165147 -2.999999999999999
      vertex -4.52303618034532e-15 -24.622262154793987 -2.999999999999999
    endloop
  endfacet
  facet normal 0 0 0
    outer loop
      vertex 4.7109982359049845 -23.683787478700328 -4.5
      vertex 9.240955451562392 -22.3096399804475 -4.5
      vertex 9.42253179398962 -22.748004048941414 -2.999999999999999
    endloop
  endfacet
  facet normal 0 0 0
    outer loop
      vertex 4.7109982359049845 -23.683787478700328 -4.5
      vertex 9.42253179398962 -22.748004048941414 -2.999999999999999
      vertex 4.803565052544288 -24.14915229165147 -2.999999999999999
    endloop
  endfacet
  facet normal 0 0 0
    outer loop
      vertex 9.240955451562392 -22.3096399804475 -4.5
      vertex 13.415787931603761 -20.07814552913633 -4.5
      vertex 13.679395922808618 -20.472662767858193 -2.999999999999999
    endloop
  endfacet
  facet normal 0 0 0
    outer loop
      vertex 9.240955451562392 -22.3096399804475 -4.5
      vertex 13.679395922808618 -20.472662767858193 -2.999999999999999
      vertex 9.42253179398962 -22.748004048941414 -2.999999999999999
    endloop
  endfacet
  facet normal 0 0 0
    outer loop
      vertex 13.415787931603761 -20.07814552913633 -4.5
      vertex 17.075059205094167 -17.075059205094174 -4.5
      vertex 17.410568537807716 -17.410568537807727 -2.999999999999999
    endloop
  endfacet
  facet normal 0 0 0
    outer loop
      vertex 13.415787931603761 -20.07814552913633 -4.5
      vertex 17.410568537807716 -17.410568537807727 -2.999999999999999
      vertex 13.679395922808618 -20.472662767858193 -2.999999999999999
    endloop
  endfacet
  facet normal 0 0 0
    outer loop
      vertex 17.075059205094167 -17.075059205094174 -4.5
      vertex 20.078145529136325 -13.41578793160377 -4.5
      vertex 20.47266276785819 -13.679395922808627 -2.999999999999999
    endloop
  endfacet
  facet normal 0 0 0
    outer loop
      vertex 17.075059205094167 -17.075059205094174 -4.5
      vertex 20.47266276785819 -13.679395922808627 -2.999999999999999
      vertex 17.410568537807716 -17.410568537807727 -2.999999999999999
    endloop
  endfacet
  facet normal 0 0 0
    outer loop
      vertex 20.078145529136325 -13.41578793160377 -4.5
      vertex 22.3096399804475 -9.240955451562403 -4.5
      vertex 22.74800404894141 -9.422531793989629 -2.999999999999999
    endloop
  endfacet
  facet normal 0 0 0
    outer loop
      vertex 20.078145529136325 -13.41578793160377 -4.5
      vertex 22.74800404894141 -9.422531793989629 -2.999999999999999
      vertex 20.47266276785819 -13.679395922808627 -2.999999999999999
    endloop
  endfacet
  facet normal 0 0 0
    outer loop
      vertex 22.3096399804475 -9.240955451562403 -4.5
      vertex 23.683787478700324 -4.710998235904995 -4.5
      vertex 24.149152291651465 -4.8035650525442986 -2.999999999999999
    endloop
  endfacet
  facet normal 0 0 0
    outer loop
      vertex 22.3096399804475 -9.240955451562403 -4.5
      vertex 24.149152291651465 -4.8035650525442986 -2.999999999999999
      vertex 22.74800404894141 -9.422531793989629 -2.999999999999999
    endloop
  endfacet
  facet normal 0 0 0
    outer loop
      vertex 23.683787478700324 -4.710998235904995 -4.5
      vertex 24.147780306167736 0 -4.5
      vertex 24.622262154793987 0 -2.999999999999999
    endloop
  endfacet
  facet normal 0 0 0
    outer loop
      vertex 23.683787478700324 -4.710998235904995 -4.5
      vertex 24.622262154793987 0 -2.999999999999999
      vertex 24.149152291651465 -4.8035650525442986 -2.999999999999999
    endloop
  endfacet
  facet normal 0 0 0
    outer loop
      vertex 24.622262154793987 0 -2.999999999999999
      vertex 24.14915229165147 4.803565052544287 -2.999999999999999
      vertex 24.427155311605727 4.858863291382082 -1.5000000000000007
    endloop
  endfacet
  facet normal 0 0 0
    outer loop
      vertex 24.622262154793987 0 -2.999999999999999
      vertex 24.427155311605727 4.858863291382082 -1.5000000000000007
      vertex 24.905711575894557 0 -1.5000000000000007
    endloop
  endfacet
  facet normal 0 0 0
    outer loop
      vertex 24.14915229165147 4.803565052544287 -2.999999999999999
      vertex 22.748004048941414 9.422531793989615 -2.999999999999999
      vertex 23.009877167598408 9.531003191358279 -1.5000000000000007
    endloop
  endfacet
  facet normal 0 0 0
    outer loop
      vertex 24.14915229165147 4.803565052544287 -2.999999999999999
      vertex 23.009877167598408 9.531003191358279 -1.5000000000000007
      vertex 24.427155311605727 4.858863291382082 -1.5000000000000007
    endloop
  endfacet
  facet normal 0 0 0
    outer loop
      vertex 22.748004048941414 9.422531793989615 -2.999999999999999
      vertex 20.47266276785819 13.679395922808627 -2.999999999999999
      vertex 20.70834234812806 13.836871983738742 -1.5000000000000007
    endloop
  endfacet
  facet normal 0 0 0
    outer loop
      vertex 22.748004048941414 9.422531793989615 -2.999999999999999
      vertex 20.70834234812806 13.836871983738742 -1.5000000000000007
      vertex 23.009877167598408 9.531003191358279 -1.5000000000000007
    endloop
  endfacet
  facet normal 0 0 0
    outer loop
      vertex 20.47266276785819 13.679395922808627 -2.999999999999999
      vertex 17.410568537807723 17.41056853780772 -2.999999999999999
      vertex 17.61099754559134 17.610997545591335 -1.5000000000000007
    endloop
  endfacet
  facet normal 0 0 0
    outer loop
      vertex 20.47266276785819 13.679395922808627 -2.999999999999999
      vertex 17.61099754559134 17.610997545591335 -1.5000000000000007
      vertex 20.70834234812806 13.836871983738742 -1.5000000000000007
    endloop
  endfacet
  facet normal 0 0 0
    outer loop
      vertex 17.410568537807723 17.41056853780772 -2.999999999999999
      vertex 13.679395922808629 20.47266276785819 -2.999999999999999
      vertex 13.836871983738746 20.70834234812806 -1.5000000000000007
    endloop
  endfacet
  facet normal 0 0 0
    outer loop
      vertex 17.410568537807723 17.41056853780772 -2.999999999999999
      vertex 13.836871983738746 20.70834234812806 -1.5000000000000007
      vertex 17.61099754559134 17.610997545591335 -1.5000000000000007
    endloop
  endfacet
  facet normal 0 0 0
    outer loop
      vertex 13.679395922808629 20.47266276785819 -2.999999999999999
      vertex 9.422531793989616 22.748004048941414 -2.999999999999999
      vertex 9.53100319135828 23.009877167598408 -1.5000000000000007
    endloop
  endfacet
  facet normal 0 0 0
    outer loop
      vertex 13.679395922808629 20.47266276785819 -2.999999999999999
      vertex 9.53100319135828 23.009877167598408 -1.5000000000000007
      vertex 13.836871983738746 20.70834234812806 -1.5000000000000007
    endloop
  endfacet
  facet normal 0 0 0
    outer loop
      vertex 9.422531793989616 22.748004048941414 -2.999999999999999
      vertex 4.803565052544289 24.14915229165147 -2.999999999999999
      vertex 4.858863291382084 24.427155311605727 -1.5000000000000007
    endloop
  endfacet
  facet normal 0 0 0
    outer loop
      vertex 9.422531793989616 22.748004048941414 -2.999999999999999
      vertex 4.858863291382084 24.427155311605727 -1.5000000000000007
      vertex 9.53100319135828 23.009877167598408 -1.5000000000000007
    endloop
  endfacet
  facet normal 0 0 0
    outer loop
      vertex 4.803565052544289 24.14915229165147 -2.999999999999999
      vertex 1.5076787267817734e-15 24.622262154793987 -2.999999999999999
      vertex 1.5250349980953225e-15 24.905711575894557 -1.5000000000000007
    endloop
  endfacet
  facet normal 0 0 0
    outer loop
      vertex 4.803565052544289 24.14915229165147 -2.999999999999999
      vertex 1.5250349980953225e-15 24.905711575894557 -1.5000000000000007
      vertex 4.858863291382084 24.427155311605727 -1.5000000000000007
    endloop
  endfacet
  facet normal 0 0 0
    outer loop
      vertex 1.5076787267817734e-15 24.622262154793987 -2.999999999999999
      vertex -4.803565052544285 24.14915229165147 -2.999999999999999
      vertex -4.858863291382081 24.427155311605727 -1.5000000000000007
    endloop
  endfacet
  facet normal 0 0 0
    outer loop
      vertex 1.5076787267817734e-15 24.622262154793987 -2.999999999999999
      vertex -4.858863291382081 24.427155311605727 -1.5000000000000007
      vertex 1.5250349980953225e-15 24.905711575894557 -1.5000000000000007
    endloop
  endfacet
  facet normal 0 0 0
    outer loop
      vertex -4.803565052544285 24.14915229165147 -2.999999999999999
      vertex -9.422531793989613 22.748004048941414 -2.999999999999999
      vertex -9.531003191358277 23.009877167598408 -1.5000000000000007
    endloop
  endfacet
  facet normal 0 0 0
    outer loop
      vertex -4.803565052544285 24.14915229165147 -2.999999999999999
      vertex -9.531003191358277 23.009877167598408 -1.5000000000000007
      vertex -4.858863291382081 24.427155311605727 -1.5000000000000007
    endloop
  endfacet
  facet normal 0 0 0
    outer loop
      vertex -9.422531793989613 22.748004048941414 -2.999999999999999
      vertex -13.679395922808622 20.47266276785819 -2.999999999999999
      vertex -13.836871983738737 20.708342348128063 -1.5000000000000007
    endloop
  endfacet
  facet normal 0 0 0
    outer loop
      vertex -9.422531793989613 22.748004048941414 -2.999999999999999
      vertex -13.836871983738737 20.708342348128063 -1.5000000000000007
      vertex -9.531003191358277 23.009877167598408 -1.5000000000000007
    endloop
  endfacet
  facet normal 0 0 0
    outer loop
      vertex -13.679395922808622 20.47266276785819 -2.999999999999999
      vertex -17.41056853780772 17.410568537807723 -2.999999999999999
      vertex -17.610997545591335 17.61099754559134 -1.5000000000000007
    endloop
  endfacet
  facet normal 0 0 0
    outer loop
      vertex -13.679395922808622 20.47266276785819 -2.999999999999999
      vertex -17.610997545591335 17.61099754559134 -1.5000000000000007
      vertex -13.836871983738737 20.708342348128063 -1.5000000000000007
    endloop
  endfacet
  facet normal 0 0 0
    outer loop
      vertex -17.41056853780772 17.410568537807723 -2.999999999999999
      vertex -20.47266276785819 13.679395922808627 -2.999999999999999
      vertex -20.708342348128063 13.836871983738742 -1.5000000000000007
    endloop
  endfacet
  facet normal 0 0 0
    outer loop
      vertex -17.41056853780772 17.410568537807723 -2.999999999999999
      vertex -20.708342348128063 13.836871983738742 -1.5000000000000007
      vertex -17.610997545591335 17.61099754559134 -1.5000000000000007
    endloop
  endfacet
  facet normal 0 0 0
    outer loop
      vertex -20.47266276785819 13.679395922808627 -2.999999999999999
      vertex -22.748004048941414 9.422531793989616 -2.999999999999999
      vertex -23.009877167598408 9.53100319135828 -1.5000000000000007
    endloop
  endfacet
  facet normal 0 0 0
    outer loop
      vertex -20.47266276785819 13.679395922808627 -2.999999999999999
      vertex -23.009877167598408 9.53100319135828 -1.5000000000000007
      vertex -20.708342348128063 13.836871983738742 -1.5000000000000007
    endloop
  endfacet
  facet normal 0 0 0
    outer loop
      vertex -22.748004048941414 9.422531793989616 -2.999999999999999
      vertex -24.14915229165147 4.803565052544296 -2.999999999999999
      vertex -24.427155311605727 4.858863291382091 -1.5000000000000007
    endloop
  endfacet
  facet normal 0 0 0
    outer loop
      vertex -22.748004048941414 9.422531793989616 -2.999999999999999
      vertex -24.427155311605727 4.858863291382091 -1.5000000000000007
      vertex -23.009877167598408 9.53100319135828 -1.5000000000000007
    endloop
  endfacet
  facet normal 0 0 0
    outer loop
      vertex -24.14915229165147 4.803565052544296 -2.999999999999999
      vertex -24.622262154793987 3.015357453563547e-15 -2.999999999999999
      vertex -24.905711575894557 3.050069996190645e-15 -1.5000000000000007
    endloop
  endfacet
  facet normal 0 0 0
    outer loop
      vertex -24.14915229165147 4.803565052544296 -2.999999999999999
      vertex -24.905711575894557 3.050069996190645e-15 -1.5000000000000007
      vertex -24.427155311605727 4.858863291382091 -1.5000000000000007
    endloop
  endfacet
  facet normal 0 0 0
    outer loop
      vertex -24.622262154793987 3.015357453563547e-15 -2.999999999999999
      vertex -24.14915229165147 -4.80356505254429 -2.999999999999999
      vertex -24.427155311605727 -4.858863291382085 -1.5000000000000007
    endloop
  endfacet
  facet normal 0 0 0
    outer loop
      vertex -24.622262154793987 3.015357453563547e-15 -2.999999999999999
      vertex -24.427155311605727 -4.858863291382085 -1.5000000000000007
      vertex -24.905711575894557 3.050069996190645e-15 -1.5000000000000007
    endloop
  endfacet
  facet normal 0 0 0
    outer loop
      vertex -24.14915229165147 -4.80356505254429 -2.999999999999999
      vertex -22.748004048941418 -9.42253179398961 -2.999999999999999
      vertex -23.009877167598408 -9.531003191358275 -1.5000000000000007
    endloop
  endfacet
  facet normal 0 0 0
    outer loop
      vertex -24.14915229165147 -4.80356505254429 -2.999999999999999
      vertex -23.009877167598408 -9.531003191358275 -1.5000000000000007
      vertex -24.427155311605727 -4.858863291382085 -1.5000000000000007
    endloop
  endfacet
  facet normal 0 0 0
    outer loop
      vertex -22.748004048941418 -9.42253179398961 -2.999999999999999
      vertex -20.472662767858193 -13.679395922808622 -2.999999999999999
      vertex -20.708342348128067 -13.836871983738737 -1.5000000000000007
    endloop
  endfacet
  facet normal 0 0 0
    outer loop
      vertex -22.748004048941418 -9.42253179398961 -2.999999999999999
      vertex -20.708342348128067 -13.836871983738737 -1.5000000000000007
      vertex -23.009877167598408 -9.531003191358275 -1.5000000000000007
    endloop
  endfacet
  facet normal 0 0 0
    outer loop
      vertex -20.472662767858193 -13.679395922808622 -2.999999999999999
      vertex -17.410568537807727 -17.41056853780772 -2.999999999999999
      vertex -17.61099754559134 -17.610997545591335 -1.5000000000000007
    endloop
  endfacet
  facet normal 0 0 0
    outer loop
      vertex -20.472662767858193 -13.679395922808622 -2.999999999999999
      vertex -17.61099754559134 -17.610997545591335 -1.5000000000000007
      vertex -20.708342348128067 -13.836871983738737 -1.5000000000000007
    endloop
  endfacet
  facet normal 0 0 0
    outer loop
      vertex -17.410568537807727 -17.41056853780772 -2.999999999999999
      vertex -13.679395922808627 -20.47266276785819 -2.999999999999999
      vertex -13.836871983738742 -20.70834234812806 -1.5000000000000007
    endloop
  endfacet
  facet normal 0 0 0
    outer loop
      vertex -17.410568537807727 -17.41056853780772 -2.999999999999999
      vertex -13.836871983738742 -20.70834234812806 -1.5000000000000007
      vertex -17.61099754559134 -17.610997545591335 -1.5000000000000007
    endloop
  endfacet
  facet normal 0 0 0
    outer loop
      vertex -13.679395922808627 -20.47266276785819 -2.999999999999999
      vertex -9.422531793989627 -22.74800404894141 -2.999999999999999
      vertex -9.531003191358293 -23.0098771675984 -1.5000000000000007
    endloop
  endfacet
  facet normal 0 0 0
    outer loop
      vertex -13.679395922808627 -20.47266276785819 -2.999999999999999
      vertex -9.531003191358293 -23.0098771675984 -1.5000000000000007
      vertex -13.836871983738742 -20.70834234812806 -1.5000000000000007
    endloop
  endfacet
  facet normal 0 0 0
    outer loop
      vertex -9.422531793989627 -22.74800404894141 -2.999999999999999
      vertex -4.803565052544297 -24.149152291651465 -2.999999999999999
      vertex -4.858863291382092 -24.427155311605723 -1.5000000000000007
    endloop
  endfacet
  facet normal 0 0 0
    outer loop
      vertex -9.422531793989627 -22.74800404894141 -2.999999999999999
      vertex -4.858863291382092 -24.427155311605723 -1.5000000000000007
      vertex -9.531003191358293 -23.0098771675984 -1.5000000000000007
    endloop
  endfacet
  facet normal 0 0 0
    outer loop
      vertex -4.803565052544297 -24.149152291651465 -2.999999999999999
      vertex -4.52303618034532e-15 -24.622262154793987 -2.999999999999999
      vertex -4.575104994285968e-15 -24.905711575894557 -1.5000000000000007
    endloop
  endfacet
  facet normal 0 0 0
    outer loop
      vertex -4.803565052544297 -24.149152291651465 -2.999999999999999
      vertex -4.575104994285968e-15 -24.905711575894557 -1.5000000000000007
      vertex -4.858863291382092 -24.427155311605723 -1.5000000000000007
    endloop
  endfacet
  facet normal 0 0 0
    outer loop
      vertex -4.52303618034532e-15 -24.622262154793987 -2.999999999999999
      vertex 4.803565052544288 -24.14915229165147 -2.999999999999999
      vertex 4.858863291382083 -24.427155311605727 -1.5000000000000007
    endloop
  endfacet
  facet normal 0 0 0
    outer loop
      vertex -4.52303618034532e-15 -24.622262154793987 -2.999999999999999
      vertex 4.858863291382083 -24.427155311605727 -1.5000000000000007
      vertex -4.575104994285968e-15 -24.905711575894557 -1.5000000000000007
    endloop
  endfacet
  facet normal 0 0 0
    outer loop
      vertex 4.803565052544288 -24.14915229165147 -2.999999999999999
      vertex 9.42253179398962 -22.748004048941414 -2.999999999999999
      vertex 9.531003191358284 -23.009877167598404 -1.5000000000000007
    endloop
  endfacet
  facet normal 0 0 0
    outer loop
      vertex 4.803565052544288 -24.14915229165147 -2.999999999999999
      vertex 9.531003191358284 -23.009877167598404 -1.5000000000000007
      vertex 4.858863291382083 -24.427155311605727 -1.5000000000000007
    endloop
  endfacet
  facet normal 0 0 0
    outer loop
      vertex 9.42253179398962 -22.748004048941414 -2.999999999999999
      vertex 13.679395922808618 -20.472662767858193 -2.999999999999999
      vertex 13.836871983738734 -20.708342348128067 -1.5000000000000007
    endloop
  endfacet
  facet normal 0 0 0
    outer loop
      vertex 9.42253179398962 -22.748004048941414 -2.999999999999999
      vertex 13.836871983738734 -20.708342348128067 -1.5000000000000007
      vertex 9.531003191358284 -23.009877167598404 -1.5000000000000007
    endloop
  endfacet
  facet normal 0 0 0
    outer loop
      vertex 13.679395922808618 -20.472662767858193 -2.999999999999999
      vertex 17.410568537807716 -17.410568537807727 -2.999999999999999
      vertex 17.61099754559133 -17.61099754559134 -1.5000000000000007
    endloop
  endfacet
  facet normal 0 0 0
    outer loop
      vertex 13.679395922808618 -20.472662767858193 -2.999999999999999
      vertex 17.61099754559133 -17.61099754559134 -1.5000000000000007
      vertex 13.836871983738734 -20.708342348128067 -1.5000000000000007
    endloop
  endfacet
  facet normal 0 0 0
    outer loop
      vertex 17.410568537807716 -17.410568537807727 -2.999999999999999
      vertex 20.47266276785819 -13.679395922808627 -2.999999999999999
      vertex 20.70834234812806 -13.836871983738742 -1.5000000000000007
    endloop
  endfacet
  facet normal 0 0 0
    outer loop
      vertex 17.410568537807716 -17.410568537807727 -2.999999999999999
      vertex 20.70834234812806 -13.836871983738742 -1.5000000000000007
      vertex 17.61099754559133 -17.61099754559134 -1.5000000000000007
    endloop
  endfacet
  facet normal 0 0 0
    outer loop
      vertex 20.47266276785819 -13.679395922808627 -2.999999999999999
      vertex 22.74800404894141 -9.422531793989629 -2.999999999999999
      vertex 23.0098771675984 -9.531003191358293 -1.5000000000000007
    endloop
  endfacet
  facet normal 0 0 0
    outer loop
      vertex 20.47266276785819 -13.679395922808627 -2.999999999999999
      vertex 23.0098771675984 -9.531003191358293 -1.5000000000000007
      vertex 20.70834234812806 -13.836871983738742 -1.5000000000000007
    endloop
  endfacet
  facet normal 0 0 0
    outer loop
      vertex 22.74800404894141 -9.422531793989629 -2.999999999999999
      vertex 24.149152291651465 -4.8035650525442986 -2.999999999999999
      vertex 24.427155311605723 -4.858863291382094 -1.5000000000000007
    endloop
  endfacet
  facet normal 0 0 0
    outer loop
      vertex 22.74800404894141 -9.422531793989629 -2.999999999999999
      vertex 24.427155311605723 -4.858863291382094 -1.5000000000000007
      vertex 23.0098771675984 -9.531003191358293 -1.5000000000000007
    endloop
  endfacet
  facet normal 0 0 0
    outer loop
      vertex 24.149152291651465 -4.8035650525442986 -2.999999999999999
      vertex 24.622262154793987 0 -2.999999999999999
      vertex 24.905711575894557 0 -1.5000000000000007
    endloop
  endfacet
  facet normal 0 0 0
    outer loop
      vertex 24.149152291651465 -4.8035650525442986 -2.999999999999999
      vertex 24.905711575894557 0 -1.5000000000000007
      vertex 24.427155311605723 -4.858863291382094 -1.5000000000000007
    endloop
  endfacet
  facet normal 0 0 0
    outer loop
      vertex 24.905711575894557 0 -1.5000000000000007
      vertex 24.427155311605727 4.858863291382082 -1.5000000000000007
      vertex 24.519632010080763 4.877258050403206 0
    endloop
  endfacet
  facet normal 0 0 0
    outer loop
      vertex 24.905711575894557 0 -1.5000000000000007
      vertex 24.519632010080763 4.877258050403206 0
      vertex 25 0 0
    endloop
  endfacet
  facet normal 0 0 0
    outer loop
      vertex 24.427155311605727 4.858863291382082 -1.5000000000000007
      vertex 23.009877167598408 9.531003191358279 -1.5000000000000007
      vertex 23.09698831278217 9.567085809127244 0
    endloop
  endfacet
  facet normal 0 0 0
    outer loop
      vertex 24.427155311605727 4.858863291382082 -1.5000000000000007
      vertex 23.09698831278217 9.567085809127244 0
      vertex 24.519632010080763 4.877258050403206 0
    endloop
  endfacet
  facet normal 0 0 0
    outer loop
      vertex 23.009877167598408 9.531003191358279 -1.5000000000000007
      vertex 20.70834234812806 13.836871983738742 -1.5000000000000007
      vertex 20.78674030756363 13.889255825490054 0
    endloop
  endfacet
  facet normal 0 0 0
    outer loop
      vertex 23.009877167598408 9.531003191358279 -1.5000000000000007
      vertex 20.78674030756363 13.889255825490054 0
      vertex 23.09698831278217 9.567085809127244 0
    endloop
  endfacet
  facet normal 0 0 0
    outer loop
      vertex 20.70834234812806 13.836871983738742 -1.5000000000000007
      vertex 17.61099754559134 17.610997545591335 -1.5000000000000007
      vertex 17.67766952966369 17.677669529663685 0
    endloop
  endfacet
  facet normal 0 0 0
    outer loop
      vertex 20.70834234812806 13.836871983738742 -1.5000000000000007
      vertex 17.67766952966369 17.677669529663685 0
      vertex 20.78674030756363 13.889255825490054 0
    endloop
  endfacet
  facet normal 0 0 0
    outer loop
      vertex 17.61099754559134 17.610997545591335 -1.5000000000000007
      vertex 13.836871983738746 20.70834234812806 -1.5000000000000007
      vertex 13.889255825490057 20.78674030756363 0
    endloop
  endfacet
  facet normal 0 0 0
    outer loop
      vertex 17.61099754559134 17.610997545591335 -1.5000000000000007
      vertex 13.889255825490057 20.78674030756363 0
      vertex 17.67766952966369 17.677669529663685 0
    endloop
  endfacet
  facet normal 0 0 0
    outer loop
      vertex 13.836871983738746 20.70834234812806 -1.5000000000000007
      vertex 9.53100319135828 23.009877167598408 -1.5000000000000007
      vertex 9.567085809127246 23.09698831278217 0
    endloop
  endfacet
  facet normal 0 0 0
    outer loop
      vertex 13.836871983738746 20.70834234812806 -1.5000000000000007
      vertex 9.567085809127246 23.09698831278217 0
      vertex 13.889255825490057 20.78674030756363 0
    endloop
  endfacet
  facet normal 0 0 0
    outer loop
      vertex 9.53100319135828 23.009877167598408 -1.5000000000000007
      vertex 4.858863291382084 24.427155311605727 -1.5000000000000007
      vertex 4.877258050403208 24.519632010080763 0
    endloop
  endfacet
  facet normal 0 0 0
    outer loop
      vertex 9.53100319135828 23.009877167598408 -1.5000000000000007
      vertex 4.877258050403208 24.519632010080763 0
      vertex 9.567085809127246 23.09698831278217 0
    endloop
  endfacet
  facet normal 0 0 0
    outer loop
      vertex 4.858863291382084 24.427155311605727 -1.5000000000000007
      vertex 1.5250349980953225e-15 24.905711575894557 -1.5000000000000007
      vertex 1.5308084989341915e-15 25 0
    endloop
  endfacet
  facet normal 0 0 0
    outer loop
      vertex 4.858863291382084 24.427155311605727 -1.5000000000000007
      vertex 1.5308084989341915e-15 25 0
      vertex 4.877258050403208 24.519632010080763 0
    endloop
  endfacet
  facet normal 0 0 0
    outer loop
      vertex 1.5250349980953225e-15 24.905711575894557 -1.5000000000000007
      vertex -4.858863291382081 24.427155311605727 -1.5000000000000007
      vertex -4.877258050403205 24.519632010080763 0
    endloop
  endfacet
  facet normal 0 0 0
    outer loop
      vertex 1.5250349980953225e-15 24.905711575894557 -1.5000000000000007
      vertex -4.877258050403205 24.519632010080763 0
      vertex 1.5308084989341915e-15 25 0
    endloop
  endfacet
  facet normal 0 0 0
    outer loop
      vertex -4.858863291382081 24.427155311605727 -1.5000000000000007
      vertex -9.531003191358277 23.009877167598408 -1.5000000000000007
      vertex -9.567085809127244 23.09698831278217 0
    endloop
  endfacet
  facet normal 0 0 0
    outer loop
      vertex -4.858863291382081 24.427155311605727 -1.5000000000000007
      vertex -9.567085809127244 23.09698831278217 0
      vertex -4.877258050403205 24.519632010080763 0
    endloop
  endfacet
  facet normal 0 0 0
    outer loop
      vertex -9.531003191358277 23.009877167598408 -1.5000000000000007
      vertex -13.836871983738737 20.708342348128063 -1.5000000000000007
      vertex -13.889255825490048 20.786740307563633 0
    endloop
  endfacet
  facet normal 0 0 0
    outer loop
      vertex -9.531003191358277 23.009877167598408 -1.5000000000000007
      vertex -13.889255825490048 20.786740307563633 0
      vertex -9.567085809127244 23.09698831278217 0
    endloop
  endfacet
  facet normal 0 0 0
    outer loop
      vertex -13.836871983738737 20.708342348128063 -1.5000000000000007
      vertex -17.610997545591335 17.61099754559134 -1.5000000000000007
      vertex -17.677669529663685 17.67766952966369 0
    endloop
  endfacet
  facet normal 0 0 0
    outer loop
      vertex -13.836871983738737 20.708342348128063 -1.5000000000000007
      vertex -17.677669529663685 17.67766952966369 0
      vertex -13.889255825490048 20.786740307563633 0
    endloop
  endfacet
  facet normal 0 0 0
    outer loop
      vertex -17.610997545591335 17.61099754559134 -1.5000000000000007
      vertex -20.708342348128063 13.836871983738742 -1.5000000000000007
      vertex -20.786740307563633 13.889255825490054 0
    endloop
  endfacet
  facet normal 0 0 0
    outer loop
      vertex -17.610997545591335 17.61099754559134 -1.5000000000000007
      vertex -20.786740307563633 13.889255825490054 0
      vertex -17.677669529663685 17.67766952966369 0
    endloop
  endfacet
  facet normal 0 0 0
    outer loop
      vertex -20.708342348128063 13.836871983738742 -1.5000000000000007
      vertex -23.009877167598408 9.53100319135828 -1.5000000000000007
      vertex -23.09698831278217 9.567085809127247 0
    endloop
  endfacet
  facet normal 0 0 0
    outer loop
      vertex -20.708342348128063 13.836871983738742 -1.5000000000000007
      vertex -23.09698831278217 9.567085809127247 0
      vertex -20.786740307563633 13.889255825490054 0
    endloop
  endfacet
  facet normal 0 0 0
    outer loop
      vertex -23.009877167598408 9.53100319135828 -1.5000000000000007
      vertex -24.427155311605727 4.858863291382091 -1.5000000000000007
      vertex -24.519632010080763 4.877258050403215 0
    endloop
  endfacet
  facet normal 0 0 0
    outer loop
      vertex -23.009877167598408 9.53100319135828 -1.5000000000000007
      vertex -24.519632010080763 4.877258050403215 0
      vertex -23.09698831278217 9.567085809127247 0
    endloop
  endfacet
  facet normal 0 0 0
    outer loop
      vertex -24.427155311605727 4.858863291382091 -1.5000000000000007
      vertex -24.905711575894557 3.050069996190645e-15 -1.5000000000000007
      vertex -25 3.061616997868383e-15 0
    endloop
  endfacet
  facet normal 0 0 0
    outer loop
      vertex -24.427155311605727 4.858863291382091 -1.5000000000000007
      vertex -25 3.061616997868383e-15 0
      vertex -24.519632010080763 4.877258050403215 0
    endloop
  endfacet
  facet normal 0 0 0
    outer loop
      vertex -24.905711575894557 3.050069996190645e-15 -1.5000000000000007
      vertex -24.427155311605727 -4.858863291382085 -1.5000000000000007
      vertex -24.519632010080763 -4.877258050403209 0
    endloop
  endfacet
  facet normal 0 0 0
    outer loop
      vertex -24.905711575894557 3.050069996190645e-15 -1.5000000000000007
      vertex -24.519632010080763 -4.877258050403209 0
      vertex -25 3.061616997868383e-15 0
    endloop
  endfacet
  facet normal 0 0 0
    outer loop
      vertex -24.427155311605727 -4.858863291382085 -1.5000000000000007
      vertex -23.009877167598408 -9.531003191358275 -1.5000000000000007
      vertex -23.09698831278217 -9.56708580912724 0
    endloop
  endfacet
  facet normal 0 0 0
    outer loop
      vertex -24.427155311605727 -4.858863291382085 -1.5000000000000007
      vertex -23.09698831278217 -9.56708580912724 0
      vertex -24.519632010080763 -4.877258050403209 0
    endloop
  endfacet
  facet normal 0 0 0
    outer loop
      vertex -23.009877167598408 -9.531003191358275 -1.5000000000000007
      vertex -20.708342348128067 -13.836871983738737 -1.5000000000000007
      vertex -20.786740307563637 -13.889255825490048 0
    endloop
  endfacet
  facet normal 0 0 0
    outer loop
      vertex -23.009877167598408 -9.531003191358275 -1.5000000000000007
      vertex -20.786740307563637 -13.889255825490048 0
      vertex -23.09698831278217 -9.56708580912724 0
    endloop
  endfacet
  facet normal 0 0 0
    outer loop
      vertex -20.708342348128067 -13.836871983738737 -1.5000000000000007
      vertex -17.61099754559134 -17.610997545591335 -1.5000000000000007
      vertex -17.677669529663692 -17.677669529663685 0
    endloop
  endfacet
  facet normal 0 0 0
    outer loop
      vertex -20.708342348128067 -13.836871983738737 -1.5000000000000007
      vertex -17.677669529663692 -17.677669529663685 0
      vertex -20.786740307563637 -13.889255825490048 0
    endloop
  endfacet
  facet normal 0 0 0
    outer loop
      vertex -17.61099754559134 -17.610997545591335 -1.5000000000000007
      vertex -13.836871983738742 -20.70834234812806 -1.5000000000000007
      vertex -13.889255825490054 -20.78674030756363 0
    endloop
  endfacet
  facet normal 0 0 0
    outer loop
      vertex -17.61099754559134 -17.610997545591335 -1.5000000000000007
      vertex -13.889255825490054 -20.78674030756363 0
      vertex -17.677669529663692 -17.677669529663685 0
    endloop
  endfacet
  facet normal 0 0 0
    outer loop
      vertex -13.836871983738742 -20.70834234812806 -1.5000000000000007
      vertex -9.531003191358293 -23.0098771675984 -1.5000000000000007
      vertex -9.567085809127258 -23.096988312782162 0
    endloop
  endfacet
  facet normal 0 0 0
    outer loop
      vertex -13.836871983738742 -20.70834234812806 -1.5000000000000007
      vertex -9.567085809127258 -23.096988312782162 0
      vertex -13.889255825490054 -20.78674030756363 0
    endloop
  endfacet
  facet normal 0 0 0
    outer loop
      vertex -9.531003191358293 -23.0098771675984 -1.5000000000000007
      vertex -4.858863291382092 -24.427155311605723 -1.5000000000000007
      vertex -4.877258050403217 -24.51963201008076 0
    endloop
  endfacet
  facet normal 0 0 0
    outer loop
      vertex -9.531003191358293 -23.0098771675984 -1.5000000000000007
      vertex -4.877258050403217 -24.51963201008076 0
      vertex -9.567085809127258 -23.096988312782162 0
    endloop
  endfacet
  facet normal 0 0 0
    outer loop
      vertex -4.858863291382092 -24.427155311605723 -1.5000000000000007
      vertex -4.575104994285968e-15 -24.905711575894557 -1.5000000000000007
      vertex -4.592425496802574e-15 -25 0
    endloop
  endfacet
  facet normal 0 0 0
    outer loop
      vertex -4.858863291382092 -24.427155311605723 -1.5000000000000007
      vertex -4.592425496802574e-15 -25 0
      vertex -4.877258050403217 -24.51963201008076 0
    endloop
  endfacet
  facet normal 0 0 0
    outer loop
      vertex -4.575104994285968e-15 -24.905711575894557 -1.5000000000000007
      vertex 4.858863291382083 -24.427155311605727 -1.5000000000000007
      vertex 4.877258050403207 -24.519632010080763 0
    endloop
  endfacet
  facet normal 0 0 0
    outer loop
      vertex -4.575104994285968e-15 -24.905711575894557 -1.5000000000000007
      vertex 4.877258050403207 -24.519632010080763 0
      vertex -4.592425496802574e-15 -25 0
    endloop
  endfacet
  facet normal 0 0 0
    outer loop
      vertex 4.858863291382083 -24.427155311605727 -1.5000000000000007
      vertex 9.531003191358284 -23.009877167598404 -1.5000000000000007
      vertex 9.56708580912725 -23.096988312782166 0
    endloop
  endfacet
  facet normal 0 0 0
    outer loop
      vertex 4.858863291382083 -24.427155311605727 -1.5000000000000007
      vertex 9.56708580912725 -23.096988312782166 0
      vertex 4.877258050403207 -24.519632010080763 0
    endloop
  endfacet
  facet normal 0 0 0
    outer loop
      vertex 9.531003191358284 -23.009877167598404 -1.5000000000000007
      vertex 13.836871983738734 -20.708342348128067 -1.5000000000000007
      vertex 13.889255825490046 -20.786740307563637 0
    endloop
  endfacet
  facet normal 0 0 0
    outer loop
      vertex 9.531003191358284 -23.009877167598404 -1.5000000000000007
      vertex 13.889255825490046 -20.786740307563637 0
      vertex 9.56708580912725 -23.096988312782166 0
    endloop
  endfacet
  facet normal 0 0 0
    outer loop
      vertex 13.836871983738734 -20.708342348128067 -1.5000000000000007
      vertex 17.61099754559133 -17.61099754559134 -1.5000000000000007
      vertex 17.677669529663685 -17.677669529663692 0
    endloop
  endfacet
  facet normal 0 0 0
    outer loop
      vertex 13.836871983738734 -20.708342348128067 -1.5000000000000007
      vertex 17.677669529663685 -17.677669529663692 0
      vertex 13.889255825490046 -20.786740307563637 0
    endloop
  endfacet
  facet normal 0 0 0
    outer loop
      vertex 17.61099754559133 -17.61099754559134 -1.5000000000000007
      vertex 20.70834234812806 -13.836871983738742 -1.5000000000000007
      vertex 20.78674030756363 -13.889255825490054 0
    endloop
  endfacet
  facet normal 0 0 0
    outer loop
      vertex 17.61099754559133 -17.61099754559134 -1.5000000000000007
      vertex 20.78674030756363 -13.889255825490054 0
      vertex 17.677669529663685 -17.677669529663692 0
    endloop
  endfacet
  facet normal 0 0 0
    outer loop
      vertex 20.70834234812806 -13.836871983738742 -1.5000000000000007
      vertex 23.0098771675984 -9.531003191358293 -1.5000000000000007
      vertex 23.096988312782162 -9.56708580912726 0
    endloop
  endfacet
  facet normal 0 0 0
    outer loop
      vertex 20.70834234812806 -13.836871983738742 -1.5000000000000007
      vertex 23.096988312782162 -9.56708580912726 0
      vertex 20.78674030756363 -13.889255825490054 0
    endloop
  endfacet
  facet normal 0 0 0
    outer loop
      vertex 23.0098771675984 -9.531003191358293 -1.5000000000000007
      vertex 24.427155311605723 -4.858863291382094 -1.5000000000000007
      vertex 24.51963201008076 -4.877258050403218 0
    endloop
  endfacet
  facet normal 0 0 0
    outer loop
      vertex 23.0098771675984 -9.531003191358293 -1.5000000000000007
      vertex 24.51963201008076 -4.877258050403218 0
      vertex 23.096988312782162 -9.56708580912726 0
    endloop
  endfacet
  facet normal 0 0 0
    outer loop
      vertex 24.427155311605723 -4.858863291382094 -1.5000000000000007
      vertex 24.905711575894557 0 -1.5000000000000007
      vertex 25 0 0
    endloop
  endfacet
  facet normal 0 0 0
    outer loop
      vertex 24.427155311605723 -4.858863291382094 -1.5000000000000007
      vertex 25 0 0
      vertex 24.51963201008076 -4.877258050403218 0
    endloop
  endfacet
  facet normal 0 0 0
    outer loop
      vertex 25 0 0
      vertex 24.519632010080763 4.877258050403206 0
      vertex 24.427155311605727 4.858863291382082 1.4999999999999987
    endloop
  endfacet
  facet normal 0 0 0
    outer loop
      vertex 25 0 0
      vertex 24.427155311605727 4.858863291382082 1.4999999999999987
      vertex 24.905711575894557 0 1.4999999999999987
    endloop
  endfacet
  facet normal 0 0 0
    outer loop
      vertex 24.519632010080763 4.877258050403206 0
      vertex 23.09698831278217 9.567085809127244 0
      vertex 23.009877167598408 9.531003191358279 1.4999999999999987
    endloop
  endfacet
  facet normal 0 0 0
    outer loop
      vertex 24.519632010080763 4.877258050403206 0
      vertex 23.009877167598408 9.531003191358279 1.4999999999999987
      vertex 24.427155311605727 4.858863291382082 1.4999999999999987
    endloop
  endfacet
  facet normal 0 0 0
    outer loop
      vertex 23.09698831278217 9.567085809127244 0
      vertex 20.78674030756363 13.889255825490054 0
      vertex 20.70834234812806 13.836871983738742 1.4999999999999987
    endloop
  endfacet
  facet normal 0 0 0
    outer loop
      vertex 23.09698831278217 9.567085809127244 0
      vertex 20.70834234812806 13.836871983738742 1.4999999999999987
      vertex 23.009877167598408 9.531003191358279 1.4999999999999987
    endloop
  endfacet
  facet normal 0 0 0
    outer loop
      vertex 20.78674030756363 13.889255825490054 0
      vertex 17.67766952966369 17.677669529663685 0
      vertex 17.61099754559134 17.610997545591335 1.4999999999999987
    endloop
  endfacet
  facet normal 0 0 0
    outer loop
      vertex 20.78674030756363 13.889255825490054 0
      vertex 17.61099754559134 17.610997545591335 1.4999999999999987
      vertex 20.70834234812806 13.836871983738742 1.4999999999999987
    endloop
  endfacet
  facet normal 0 0 0
    outer loop
      vertex 17.67766952966369 17.677669529663685 0
      vertex 13.889255825490057 20.78674030756363 0
      vertex 13.836871983738746 20.70834234812806 1.4999999999999987
    endloop
  endfacet
  facet normal 0 0 0
    outer loop
      vertex 17.67766952966369 17.677669529663685 0
      vertex 13.836871983738746 20.70834234812806 1.4999999999999987
      vertex 17.61099754559134 17.610997545591335 1.4999999999999987
    endloop
  endfacet
  facet normal 0 0 0
    outer loop
      vertex 13.889255825490057 20.78674030756363 0
      vertex 9.567085809127246 23.09698831278217 0
      vertex 9.53100319135828 23.009877167598408 1.4999999999999987
    endloop
  endfacet
  facet normal 0 0 0
    outer loop
      vertex 13.889255825490057 20.78674030756363 0
      vertex 9.53100319135828 23.009877167598408 1.4999999999999987
      vertex 13.836871983738746 20.70834234812806 1.4999999999999987
    endloop
  endfacet
  facet normal 0 0 0
    outer loop
      vertex 9.567085809127246 23.09698831278217 0
      vertex 4.877258050403208 24.519632010080763 0
      vertex 4.858863291382084 24.427155311605727 1.4999999999999987
    endloop
  endfacet
  facet normal 0 0 0
    outer loop
      vertex 9.567085809127246 23.09698831278217 0
      vertex 4.858863291382084 24.427155311605727 1.4999999999999987
      vertex 9.53100319135828 23.009877167598408 1.4999999999999987
    endloop
  endfacet
  facet normal 0 0 0
    outer loop
      vertex 4.877258050403208 24.519632010080763 0
      vertex 1.5308084989341915e-15 25 0
      vertex 1.5250349980953225e-15 24.905711575894557 1.4999999999999987
    endloop
  endfacet
  facet normal 0 0 0
    outer loop
      vertex 4.877258050403208 24.519632010080763 0
      vertex 1.5250349980953225e-15 24.905711575894557 1.4999999999999987
      vertex 4.858863291382084 24.427155311605727 1.4999999999999987
    endloop
  endfacet
  facet normal 0 0 0
    outer loop
      vertex 1.5308084989341915e-15 25 0
      vertex -4.877258050403205 24.519632010080763 0
      vertex -4.858863291382081 24.427155311605727 1.4999999999999987
    endloop
  endfacet
  facet normal 0 0 0
    outer loop
      vertex 1.5308084989341915e-15 25 0
      vertex -4.858863291382081 24.427155311605727 1.4999999999999987
      vertex 1.5250349980953225e-15 24.905711575894557 1.4999999999999987
    endloop
  endfacet
  facet normal 0 0 0
    outer loop
      vertex -4.877258050403205 24.519632010080763 0
      vertex -9.567085809127244 23.09698831278217 0
      vertex -9.531003191358277 23.009877167598408 1.4999999999999987
    endloop
  endfacet
  facet normal 0 0 0
    outer loop
      vertex -4.877258050403205 24.519632010080763 0
      vertex -9.531003191358277 23.009877167598408 1.4999999999999987
      vertex -4.858863291382081 24.427155311605727 1.4999999999999987
    endloop
  endfacet
  facet normal 0 0 0
    outer loop
      vertex -9.567085809127244 23.09698831278217 0
      vertex -13.889255825490048 20.786740307563633 0
      vertex -13.836871983738737 20.708342348128063 1.4999999999999987
    endloop
  endfacet
  facet normal 0 0 0
    outer loop
      vertex -9.567085809127244 23.09698831278217 0
      vertex -13.836871983738737 20.708342348128063 1.4999999999999987
      vertex -9.531003191358277 23.009877167598408 1.4999999999999987
    endloop
  endfacet
  facet normal 0 0 0
    outer loop
      vertex -13.889255825490048 20.786740307563633 0
      vertex -17.677669529663685 17.67766952966369 0
      vertex -17.610997545591335 17.61099754559134 1.4999999999999987
    endloop
  endfacet
  facet normal 0 0 0
    outer loop
      vertex -13.889255825490048 20.786740307563633 0
      vertex -17.610997545591335 17.61099754559134 1.4999999999999987
      vertex -13.836871983738737 20.708342348128063 1.4999999999999987
    endloop
  endfacet
  facet normal 0 0 0
    outer loop
      vertex -17.677669529663685 17.67766952966369 0
      vertex -20.786740307563633 13.889255825490054 0
      vertex -20.708342348128063 13.836871983738742 1.4999999999999987
    endloop
  endfacet
  facet normal 0 0 0
    outer loop
      vertex -17.677669529663685 17.67766952966369 0
      vertex -20.708342348128063 13.836871983738742 1.4999999999999987
      vertex -17.610997545591335 17.61099754559134 1.4999999999999987
    endloop
  endfacet
  facet normal 0 0 0
    outer loop
      vertex -20.786740307563633 13.889255825490054 0
      vertex -23.09698831278217 9.567085809127247 0
      vertex -23.009877167598408 9.53100319135828 1.4999999999999987
    endloop
  endfacet
  facet normal 0 0 0
    outer loop
      vertex -20.786740307563633 13.889255825490054 0
      vertex -23.009877167598408 9.53100319135828 1.4999999999999987
      vertex -20.708342348128063 13.836871983738742 1.4999999999999987
    endloop
  endfacet
  facet normal 0 0 0
    outer loop
      vertex -23.09698831278217 9.567085809127247 0
      vertex -24.519632010080763 4.877258050403215 0
      vertex -24.427155311605727 4.858863291382091 1.4999999999999987
    endloop
  endfacet
  facet normal 0 0 0
    outer loop
      vertex -23.09698831278217 9.567085809127247 0
      vertex -24.427155311605727 4.858863291382091 1.4999999999999987
      vertex -23.009877167598408 9.53100319135828 1.4999999999999987
    endloop
  endfacet
  facet normal 0 0 0
    outer loop
      vertex -24.519632010080763 4.877258050403215 0
      vertex -25 3.061616997868383e-15 0
      vertex -24.905711575894557 3.050069996190645e-15 1.4999999999999987
    endloop
  endfacet
  facet normal 0 0 0
    outer loop
      vertex -24.519632010080763 4.877258050403215 0
      vertex -24.905711575894557 3.050069996190645e-15 1.4999999999999987
      vertex -24.427155311605727 4.858863291382091 1.4999999999999987
    endloop
  endfacet
  facet normal 0 0 0
    outer loop
      vertex -25 3.061616997868383e-15 0
      vertex -24.519632010080763 -4.877258050403209 0
      vertex -24.427155311605727 -4.858863291382085 1.4999999999999987
    endloop
  endfacet
  facet normal 0 0 0
    outer loop
      vertex -25 3.061616997868383e-15 0
      vertex -24.427155311605727 -4.858863291382085 1.4999999999999987
      vertex -24.905711575894557 3.050069996190645e-15 1.4999999999999987
    endloop
  endfacet
  facet normal 0 0 0
    outer loop
      vertex -24.519632010080763 -4.877258050403209 0
      vertex -23.09698831278217 -9.56708580912724 0
      vertex -23.009877167598408 -9.531003191358275 1.4999999999999987
    endloop
  endfacet
  facet normal 0 0 0
    outer loop
      vertex -24.519632010080763 -4.877258050403209 0
      vertex -23.009877167598408 -9.531003191358275 1.4999999999999987
      vertex -24.427155311605727 -4.858863291382085 1.4999999999999987
    endloop
  endfacet
  facet normal 0 0 0
    outer loop
      vertex -23.09698831278217 -9.56708580912724 0
      vertex -20.786740307563637 -13.889255825490048 0
      vertex -20.708342348128067 -13.836871983738737 1.4999999999999987
    endloop
  endfacet
  facet normal 0 0 0
    outer loop
      vertex -23.09698831278217 -9.56708580912724 0
      vertex -20.708342348128067 -13.836871983738737 1.4999999999999987
      vertex -23.009877167598408 -9.531003191358275 1.4999999999999987
    endloop
  endfacet
  facet normal 0 0 0
    outer loop
      vertex -20.786740307563637 -13.889255825490048 0
      vertex -17.677669529663692 -17.677669529663685 0
      vertex -17.61099754559134 -17.610997545591335 1.4999999999999987
    endloop
  endfacet
  facet normal 0 0 0
    outer loop
      vertex -20.786740307563637 -13.889255825490048 0
      vertex -17.61099754559134 -17.610997545591335 1.4999999999999987
      vertex -20.708342348128067 -13.836871983738737 1.4999999999999987
    endloop
  endfacet
  facet normal 0 0 0
    outer loop
      vertex -17.677669529663692 -17.677669529663685 0
      vertex -13.889255825490054 -20.78674030756363 0
      vertex -13.836871983738742 -20.70834234812806 1.4999999999999987
    endloop
  endfacet
  facet normal 0 0 0
    outer loop
      vertex -17.677669529663692 -17.677669529663685 0
      vertex -13.836871983738742 -20.70834234812806 1.4999999999999987
      vertex -17.61099754559134 -17.610997545591335 1.4999999999999987
    endloop
  endfacet
  facet normal 0 0 0
    outer loop
      vertex -13.889255825490054 -20.78674030756363 0
      vertex -9.567085809127258 -23.096988312782162 0
      vertex -9.531003191358293 -23.0098771675984 1.4999999999999987
    endloop
  endfacet
  facet normal 0 0 0
    outer loop
      vertex -13.889255825490054 -20.78674030756363 0
      vertex -9.531003191358293 -23.0098771675984 1.4999999999999987
      vertex -13.836871983738742 -20.70834234812806 1.4999999999999987
    endloop
  endfacet
  facet normal 0 0 0
    outer loop
      vertex -9.567085809127258 -23.096988312782162 0
      vertex -4.877258050403217 -24.51963201008076 0
      vertex -4.858863291382092 -24.427155311605723 1.4999999999999987
    endloop
  endfacet
  facet normal 0 0 0
    outer loop
      vertex -9.567085809127258 -23.096988312782162 0
      vertex -4.858863291382092 -24.427155311605723 1.4999999999999987
      vertex -9.531003191358293 -23.0098771675984 1.4999999999999987
    endloop
  endfacet
  facet normal 0 0 0
    outer loop
      vertex -4.877258050403217 -24.51963201008076 0
      vertex -4.592425496802574e-15 -25 0
      vertex -4.575104994285968e-15 -24.905711575894557 1.4999999999999987
    endloop
  endfacet
  facet normal 0 0 0
    outer loop
      vertex -4.877258050403217 -24.51963201008076 0
      vertex -4.575104994285968e-15 -24.905711575894557 1.4999999999999987
      vertex -4.858863291382092 -24.427155311605723 1.4999999999999987
    endloop
  endfacet
  facet normal 0 0 0
    outer loop
      vertex -4.592425496802574e-15 -25 0
      vertex 4.877258050403207 -24.519632010080763 0
      vertex 4.858863291382083 -24.427155311605727 1.4999999999999987
    endloop
  endfacet
  facet normal 0 0 0
    outer loop
      vertex -4.592425496802574e-15 -25 0
      vertex 4.858863291382083 -24.427155311605727 1.4999999999999987
      vertex -4.575104994285968e-15 -24.905711575894557 1.4999999999999987
    endloop
  endfacet
  facet normal 0 0 0
    outer loop
      vertex 4.877258050403207 -24.519632010080763 0
      vertex 9.56708580912725 -23.096988312782166 0
      vertex 9.531003191358284 -23.009877167598404 1.4999999999999987
    endloop
  endfacet
  facet normal 0 0 0
    outer loop
      vertex 4.877258050403207 -24.519632010080763 0
      vertex 9.531003191358284 -23.009877167598404 1.4999999999999987
      vertex 4.858863291382083 -24.427155311605727 1.4999999999999987
    endloop
  endfacet
  facet normal 0 0 0
    outer loop
      vertex 9.56708580912725 -23.096988312782166 0
      vertex 13.889255825490046 -20.786740307563637 0
      vertex 13.836871983738734 -20.708342348128067 1.4999999999999987
    endloop
  endfacet
  facet normal 0 0 0
    outer loop
      vertex 9.56708580912725 -23.096988312782166 0
      vertex 13.836871983738734 -20.708342348128067 1.4999999999999987
      vertex 9.531003191358284 -23.009877167598404 1.4999999999999987
    endloop
  endfacet
  facet normal 0 0 0
    outer loop
      vertex 13.889255825490046 -20.786740307563637 0
      vertex 17.677669529663685 -17.677669529663692 0
      vertex 17.61099754559133 -17.61099754559134 1.4999999999999987
    endloop
  endfacet
  facet normal 0 0 0
    outer loop
      vertex 13.889255825490046 -20.786740307563637 0
      vertex 17.61099754559133 -17.61099754559134 1.4999999999999987
      vertex 13.836871983738734 -20.708342348128067 1.4999999999999987
    endloop
  endfacet
  facet normal 0 0 0
    outer loop
      vertex 17.677669529663685 -17.677669529663692 0
      vertex 20.78674030756363 -13.889255825490054 0
      vertex 20.70834234812806 -13.836871983738742 1.4999999999999987
    endloop
  endfacet
  facet normal 0 0 0
    outer loop
      vertex 17.677669529663685 -17.677669529663692 0
      vertex 20.70834234812806 -13.836871983738742 1.4999999999999987
      vertex 17.61099754559133 -17.61099754559134 1.4999999999999987
    endloop
  endfacet
  facet normal 0 0 0
    outer loop
      vertex 20.78674030756363 -13.889255825490054 0
      vertex 23.096988312782162 -9.56708580912726 0
      vertex 23.0098771675984 -9.531003191358293 1.4999999999999987
    endloop
  endfacet
  facet normal 0 0 0
    outer loop
      vertex 20.78674030756363 -13.889255825490054 0
      vertex 23.0098771675984 -9.531003191358293 1.4999999999999987
      vertex 20.70834234812806 -13.836871983738742 1.4999999999999987
    endloop
  endfacet
  facet normal 0 0 0
    outer loop
      vertex 23.096988312782162 -9.56708580912726 0
      vertex 24.51963201008076 -4.877258050403218 0
      vertex 24.427155311605723 -4.858863291382094 1.4999999999999987
    endloop
  endfacet
  facet normal 0 0 0
    outer loop
      vertex 23.096988312782162 -9.56708580912726 0
      vertex 24.427155311605723 -4.858863291382094 1.4999999999999987
      vertex 23.0098771675984 -9.531003191358293 1.4999999999999987
    endloop
  endfacet
  facet normal 0 0 0
    outer loop
      vertex 24.51963201008076 -4.877258050403218 0
      vertex 25 0 0
      vertex 24.905711575894557 0 1.4999999999999987
    endloop
  endfacet
  facet normal 0 0 0
    outer loop
      vertex 24.51963201008076 -4.877258050403218 0
      vertex 24.905711575894557 0 1.4999999999999987
      vertex 24.427155311605723 -4.858863291382094 1.4999999999999987
    endloop
  endfacet
  facet normal 0 0 0
    outer loop
      vertex 24.905711575894557 0 1.4999999999999987
      vertex 24.427155311605727 4.858863291382082 1.4999999999999987
      vertex 24.14915229165147 4.803565052544287 3.0000000000000013
    endloop
  endfacet
  facet normal 0 0 0
    outer loop
      vertex 24.905711575894557 0 1.4999999999999987
      vertex 24.14915229165147 4.803565052544287 3.0000000000000013
      vertex 24.622262154793987 0 3.0000000000000013
    endloop
  endfacet
  facet normal 0 0 0
    outer loop
      vertex 24.427155311605727 4.858863291382082 1.4999999999999987
      vertex 23.009877167598408 9.531003191358279 1.4999999999999987
      vertex 22.748004048941414 9.422531793989615 3.0000000000000013
    endloop
  endfacet
  facet normal 0 0 0
    outer loop
      vertex 24.427155311605727 4.858863291382082 1.4999999999999987
      vertex 22.748004048941414 9.422531793989615 3.0000000000000013
      vertex 24.14915229165147 4.803565052544287 3.0000000000000013
    endloop
  endfacet
  facet normal 0 0 0
    outer loop
      vertex 23.009877167598408 9.531003191358279 1.4999999999999987
      vertex 20.70834234812806 13.836871983738742 1.4999999999999987
      vertex 20.47266276785819 13.679395922808627 3.0000000000000013
    endloop
  endfacet
  facet normal 0 0 0
    outer loop
      vertex 23.009877167598408 9.531003191358279 1.4999999999999987
      vertex 20.47266276785819 13.679395922808627 3.0000000000000013
      vertex 22.748004048941414 9.422531793989615 3.0000000000000013
    endloop
  endfacet
  facet normal 0 0 0
    outer loop
      vertex 20.70834234812806 13.836871983738742 1.4999999999999987
      vertex 17.61099754559134 17.610997545591335 1.4999999999999987
      vertex 17.410568537807723 17.41056853780772 3.0000000000000013
    endloop
  endfacet
  facet normal 0 0 0
    outer loop
      vertex 20.70834234812806 13.836871983738742 1.4999999999999987
      vertex 17.410568537807723 17.41056853780772 3.0000000000000013
      vertex 20.47266276785819 13.679395922808627 3.0000000000000013
    endloop
  endfacet
  facet normal 0 0 0
    outer loop
      vertex 17.61099754559134 17.610997545591335 1.4999999999999987
      vertex 13.836871983738746 20.70834234812806 1.4999999999999987
      vertex 13.679395922808629 20.47266276785819 3.0000000000000013
    endloop
  endfacet
  facet normal 0 0 0
    outer loop
      vertex 17.61099754559134 17.610997545591335 1.4999999999999987
      vertex 13.679395922808629 20.47266276785819 3.0000000000000013
      vertex 17.410568537807723 17.41056853780772 3.0000000000000013
    endloop
  endfacet
  facet normal 0 0 0
    outer loop
      vertex 13.836871983738746 20.70834234812806 1.4999999999999987
      vertex 9.53100319135828 23.009877167598408 1.4999999999999987
      vertex 9.422531793989616 22.748004048941414 3.0000000000000013
    endloop
  endfacet
  facet normal 0 0 0
    outer loop
      vertex 13.836871983738746 20.70834234812806 1.4999999999999987
      vertex 9.422531793989616 22.748004048941414 3.0000000000000013
      vertex 13.679395922808629 20.47266276785819 3.0000000000000013
    endloop
  endfacet
  facet normal 0 0 0
    outer loop
      vertex 9.53100319135828 23.009877167598408 1.4999999999999987
      vertex 4.858863291382084 24.427155311605727 1.4999999999999987
      vertex 4.803565052544289 24.14915229165147 3.0000000000000013
    endloop
  endfacet
  facet normal 0 0 0
    outer loop
      vertex 9.53100319135828 23.009877167598408 1.4999999999999987
      vertex 4.803565052544289 24.14915229165147 3.0000000000000013
      vertex 9.422531793989616 22.748004048941414 3.0000000000000013
    endloop
  endfacet
  facet normal 0 0 0
    outer loop
      vertex 4.858863291382084 24.427155311605727 1.4999999999999987
      vertex 1.5250349980953225e-15 24.905711575894557 1.4999999999999987
      vertex 1.5076787267817734e-15 24.622262154793987 3.0000000000000013
    endloop
  endfacet
  facet normal 0 0 0
    outer loop
      vertex 4.858863291382084 24.427155311605727 1.4999999999999987
      vertex 1.5076787267817734e-15 24.622262154793987 3.0000000000000013
      vertex 4.803565052544289 24.14915229165147 3.0000000000000013
    endloop
  endfacet
  facet normal 0 0 0
    outer loop
      vertex 1.5250349980953225e-15 24.905711575894557 1.4999999999999987
      vertex -4.858863291382081 24.427155311605727 1.4999999999999987
      vertex -4.803565052544285 24.14915229165147 3.0000000000000013
    endloop
  endfacet
  facet normal 0 0 0
    outer loop
      vertex 1.5250349980953225e-15 24.905711575894557 1.4999999999999987
      vertex -4.803565052544285 24.14915229165147 3.0000000000000013
      vertex 1.5076787267817734e-15 24.622262154793987 3.0000000000000013
    endloop
  endfacet
  facet normal 0 0 0
    outer loop
      vertex -4.858863291382081 24.427155311605727 1.4999999999999987
      vertex -9.531003191358277 23.009877167598408 1.4999999999999987
      vertex -9.422531793989613 22.748004048941414 3.0000000000000013
    endloop
  endfacet
  facet normal 0 0 0
    outer loop
      vertex -4.858863291382081 24.427155311605727 1.4999999999999987
      vertex -9.422531793989613 22.748004048941414 3.0000000000000013
      vertex -4.803565052544285 24.14915229165147 3.0000000000000013
    endloop
  endfacet
  facet normal 0 0 0
    outer loop
      vertex -9.531003191358277 23.009877167598408 1.4999999999999987
      vertex -13.836871983738737 20.708342348128063 1.4999999999999987
      vertex -13.679395922808622 20.47266276785819 3.0000000000000013
    endloop
  endfacet
  facet normal 0 0 0
    outer loop
      vertex -9.531003191358277 23.009877167598408 1.4999999999999987
      vertex -13.679395922808622 20.47266276785819 3.0000000000000013
      vertex -9.422531793989613 22.748004048941414 3.0000000000000013
    endloop
  endfacet
  facet normal 0 0 0
    outer loop
      vertex -13.836871983738737 20.708342348128063 1.4999999999999987
      vertex -17.610997545591335 17.61099754559134 1.4999999999999987
      vertex -17.41056853780772 17.410568537807723 3.0000000000000013
    endloop
  endfacet
  facet normal 0 0 0
    outer loop
      vertex -13.836871983738737 20.708342348128063 1.4999999999999987
      vertex -17.41056853780772 17.410568537807723 3.0000000000000013
      vertex -13.679395922808622 20.47266276785819 3.0000000000000013
    endloop
  endfacet
  facet normal 0 0 0
    outer loop
      vertex -17.610997545591335 17.61099754559134 1.4999999999999987
      vertex -20.708342348128063 13.836871983738742 1.4999999999999987
      vertex -20.47266276785819 13.679395922808627 3.0000000000000013
    endloop
  endfacet
  facet normal 0 0 0
    outer loop
      vertex -17.610997545591335 17.61099754559134 1.4999999999999987
      vertex -20.47266276785819 13.679395922808627 3.0000000000000013
      vertex -17.41056853780772 17.410568537807723 3.0000000000000013
    endloop
  endfacet
  facet normal 0 0 0
    outer loop
      vertex -20.708342348128063 13.836871983738742 1.4999999999999987
      vertex -23.009877167598408 9.53100319135828 1.4999999999999987
      vertex -22.748004048941414 9.422531793989616 3.0000000000000013
    endloop
  endfacet
  facet normal 0 0 0
    outer loop
      vertex -20.708342348128063 13.836871983738742 1.4999999999999987
      vertex -22.748004048941414 9.422531793989616 3.0000000000000013
      vertex -20.47266276785819 13.679395922808627 3.0000000000000013
    endloop
  endfacet
  facet normal 0 0 0
    outer loop
      vertex -23.009877167598408 9.53100319135828 1.4999999999999987
      vertex -24.427155311605727 4.858863291382091 1.4999999999999987
      vertex -24.14915229165147 4.803565052544296 3.0000000000000013
    endloop
  endfacet
  facet normal 0 0 0
    outer loop
      vertex -23.009877167598408 9.53100319135828 1.4999999999999987
      vertex -24.14915229165147 4.803565052544296 3.0000000000000013
      vertex -22.748004048941414 9.422531793989616 3.0000000000000013
    endloop
  endfacet
  facet normal 0 0 0
    outer loop
      vertex -24.427155311605727 4.858863291382091 1.4999999999999987
      vertex -24.905711575894557 3.050069996190645e-15 1.4999999999999987
      vertex -24.622262154793987 3.015357453563547e-15 3.0000000000000013
    endloop
  endfacet
  facet normal 0 0 0
    outer loop
      vertex -24.427155311605727 4.858863291382091 1.4999999999999987
      vertex -24.622262154793987 3.015357453563547e-15 3.0000000000000013
      vertex -24.14915229165147 4.803565052544296 3.0000000000000013
    endloop
  endfacet
  facet normal 0 0 0
    outer loop
      vertex -24.905711575894557 3.050069996190645e-15 1.4999999999999987
      vertex -24.427155311605727 -4.858863291382085 1.4999999999999987
      vertex -24.14915229165147 -4.80356505254429 3.0000000000000013
    endloop
  endfacet
  facet normal 0 0 0
    outer loop
      vertex -24.905711575894557 3.050069996190645e-15 1.4999999999999987
      vertex -24.14915229165147 -4.80356505254429 3.0000000000000013
      vertex -24.622262154793987 3.015357453563547e-15 3.0000000000000013
    endloop
  endfacet
  facet normal 0 0 0
    outer loop
      vertex -24.427155311605727 -4.858863291382085 1.4999999999999987
      vertex -23.009877167598408 -9.531003191358275 1.4999999999999987
      vertex -22.748004048941418 -9.42253179398961 3.0000000000000013
    endloop
  endfacet
  facet normal 0 0 0
    outer loop
      vertex -24.427155311605727 -4.858863291382085 1.4999999999999987
      vertex -22.748004048941418 -9.42253179398961 3.0000000000000013
      vertex -24.14915229165147 -4.80356505254429 3.0000000000000013
    endloop
  endfacet
  facet normal 0 0 0
    outer loop
      vertex -23.009877167598408 -9.531003191358275 1.4999999999999987
      vertex -20.708342348128067 -13.836871983738737 1.4999999999999987
      vertex -20.472662767858193 -13.679395922808622 3.0000000000000013
    endloop
  endfacet
  facet normal 0 0 0
    outer loop
      vertex -23.009877167598408 -9.531003191358275 1.4999999999999987
      vertex -20.472662767858193 -13.679395922808622 3.0000000000000013
      vertex -22.748004048941418 -9.42253179398961 3.0000000000000013
    endloop
  endfacet
  facet normal 0 0 0
    outer loop
      vertex -20.708342348128067 -13.836871983738737 1.4999999999999987
      vertex -17.61099754559134 -17.610997545591335 1.4999999999999987
      vertex -17.410568537807727 -17.41056853780772 3.0000000000000013
    endloop
  endfacet
  facet normal 0 0 0
    outer loop
      vertex -20.708342348128067 -13.836871983738737 1.4999999999999987
      vertex -17.410568537807727 -17.41056853780772 3.0000000000000013
      vertex -20.472662767858193 -13.679395922808622 3.0000000000000013
    endloop
  endfacet
  facet normal 0 0 0
    outer loop
      vertex -17.61099754559134 -17.610997545591335 1.4999999999999987
      vertex -13.836871983738742 -20.70834234812806 1.4999999999999987
      vertex -13.679395922808627 -20.47266276785819 3.0000000000000013
    endloop
  endfacet
  facet normal 0 0 0
    outer loop
      vertex -17.61099754559134 -17.610997545591335 1.4999999999999987
      vertex -13.679395922808627 -20.47266276785819 3.0000000000000013
      vertex -17.410568537807727 -17.41056853780772 3.0000000000000013
    endloop
  endfacet
  facet normal 0 0 0
    outer loop
      vertex -13.836871983738742 -20.70834234812806 1.4999999999999987
      vertex -9.531003191358293 -23.0098771675984 1.4999999999999987
      vertex -9.422531793989627 -22.74800404894141 3.0000000000000013
    endloop
  endfacet
  facet normal 0 0 0
    outer loop
      vertex -13.836871983738742 -20.70834234812806 1.4999999999999987
      vertex -9.422531793989627 -22.74800404894141 3.0000000000000013
      vertex -13.679395922808627 -20.47266276785819 3.0000000000000013
    endloop
  endfacet
  facet normal 0 0 0
    outer loop
      vertex -9.531003191358293 -23.0098771675984 1.4999999999999987
      vertex -4.858863291382092 -24.427155311605723 1.4999999999999987
      vertex -4.803565052544297 -24.149152291651465 3.0000000000000013
    endloop
  endfacet
  facet normal 0 0 0
    outer loop
      vertex -9.531003191358293 -23.0098771675984 1.4999999999999987
      vertex -4.803565052544297 -24.149152291651465 3.0000000000000013
      vertex -9.422531793989627 -22.74800404894141 3.0000000000000013
    endloop
  endfacet
  facet normal 0 0 0
    outer loop
      vertex -4.858863291382092 -24.427155311605723 1.4999999999999987
      vertex -4.575104994285968e-15 -24.905711575894557 1.4999999999999987
      vertex -4.52303618034532e-15 -24.622262154793987 3.0000000000000013
    endloop
  endfacet
  facet normal 0 0 0
    outer loop
      vertex -4.858863291382092 -24.427155311605723 1.4999999999999987
      vertex -4.52303618034532e-15 -24.622262154793987 3.0000000000000013
      vertex -4.803565052544297 -24.149152291651465 3.0000000000000013
    endloop
  endfacet
  facet normal 0 0 0
    outer loop
      vertex -4.575104994285968e-15 -24.905711575894557 1.4999999999999987
      vertex 4.858863291382083 -24.427155311605727 1.4999999999999987
      vertex 4.803565052544288 -24.14915229165147 3.0000000000000013
    endloop
  endfacet
  facet normal 0 0 0
    outer loop
      vertex -4.575104994285968e-15 -24.905711575894557 1.4999999999999987
      vertex 4.803565052544288 -24.14915229165147 3.0000000000000013
      vertex -4.52303618034532e-15 -24.622262154793987 3.0000000000000013
    endloop
  endfacet
  facet normal 0 0 0
    outer loop
      vertex 4.858863291382083 -24.427155311605727 1.4999999999999987
      vertex 9.531003191358284 -23.009877167598404 1.4999999999999987
      vertex 9.42253179398962 -22.748004048941414 3.0000000000000013
    endloop
  endfacet
  facet normal 0 0 0
    outer loop
      vertex 4.858863291382083 -24.427155311605727 1.4999999999999987
      vertex 9.42253179398962 -22.748004048941414 3.0000000000000013
      vertex 4.803565052544288 -24.14915229165147 3.0000000000000013
    endloop
  endfacet
  facet normal 0 0 0
    outer loop
      vertex 9.531003191358284 -23.009877167598404 1.4999999999999987
      vertex 13.836871983738734 -20.708342348128067 1.4999999999999987
      vertex 13.679395922808618 -20.472662767858193 3.0000000000000013
    endloop
  endfacet
  facet normal 0 0 0
    outer loop
      vertex 9.531003191358284 -23.009877167598404 1.4999999999999987
      vertex 13.679395922808618 -20.472662767858193 3.0000000000000013
      vertex 9.42253179398962 -22.748004048941414 3.0000000000000013
    endloop
  endfacet
  facet normal 0 0 0
    outer loop
      vertex 13.836871983738734 -20.708342348128067 1.4999999999999987
      vertex 17.61099754559133 -17.61099754559134 1.4999999999999987
      vertex 17.410568537807716 -17.410568537807727 3.0000000000000013
    endloop
  endfacet
  facet normal 0 0 0
    outer loop
      vertex 13.836871983738734 -20.708342348128067 1.4999999999999987
      vertex 17.410568537807716 -17.410568537807727 3.0000000000000013
      vertex 13.679395922808618 -20.472662767858193 3.0000000000000013
    endloop
  endfacet
  facet normal 0 0 0
    outer loop
      vertex 17.61099754559133 -17.61099754559134 1.4999999999999987
      vertex 20.70834234812806 -13.836871983738742 1.4999999999999987
      vertex 20.47266276785819 -13.679395922808627 3.0000000000000013
    endloop
  endfacet
  facet normal 0 0 0
    outer loop
      vertex 17.61099754559133 -17.61099754559134 1.4999999999999987
      vertex 20.47266276785819 -13.679395922808627 3.0000000000000013
      vertex 17.410568537807716 -17.410568537807727 3.0000000000000013
    endloop
  endfacet
  facet normal 0 0 0
    outer loop
      vertex 20.70834234812806 -13.836871983738742 1.4999999999999987
      vertex 23.0098771675984 -9.531003191358293 1.4999999999999987
      vertex 22.74800404894141 -9.422531793989629 3.0000000000000013
    endloop
  endfacet
  facet normal 0 0 0
    outer loop
      vertex 20.70834234812806 -13.836871983738742 1.4999999999999987
      vertex 22.74800404894141 -9.422531793989629 3.0000000000000013
      vertex 20.47266276785819 -13.679395922808627 3.0000000000000013
    endloop
  endfacet
  facet normal 0 0 0
    outer loop
      vertex 23.0098771675984 -9.531003191358293 1.4999999999999987
      vertex 24.427155311605723 -4.858863291382094 1.4999999999999987
      vertex 24.149152291651465 -4.8035650525442986 3.0000000000000013
    endloop
  endfacet
  facet normal 0 0 0
    outer loop
      vertex 23.0098771675984 -9.531003191358293 1.4999999999999987
      vertex 24.149152291651465 -4.8035650525442986 3.0000000000000013
      vertex 22.74800404894141 -9.422531793989629 3.0000000000000013
    endloop
  endfacet
  facet normal 0 0 0
    outer loop
      vertex 24.427155311605723 -4.858863291382094 1.4999999999999987
      vertex 24.905711575894557 0 1.4999999999999987
      vertex 24.622262154793987 0 3.0000000000000013
    endloop
  endfacet
  facet normal 0 0 0
    outer loop
      vertex 24.427155311605723 -4.858863291382094 1.4999999999999987
      vertex 24.622262154793987 0 3.0000000000000013
      vertex 24.149152291651465 -4.8035650525442986 3.0000000000000013
    endloop
  endfacet
  facet normal 0 0 0
    outer loop
      vertex 24.622262154793987 0 3.0000000000000013
      vertex 24.14915229165147 4.803565052544287 3.0000000000000013
      vertex 23.683787478700328 4.710998235904984 4.5
    endloop
  endfacet
  facet normal 0 0 0
    outer loop
      vertex 24.622262154793987 0 3.0000000000000013
      vertex 23.683787478700328 4.710998235904984 4.5
      vertex 24.147780306167736 0 4.5
    endloop
  endfacet
  facet normal 0 0 0
    outer loop
      vertex 24.14915229165147 4.803565052544287 3.0000000000000013
      vertex 22.748004048941414 9.422531793989615 3.0000000000000013
      vertex 22.309639980447503 9.240955451562387 4.5
    endloop
  endfacet
  facet normal 0 0 0
    outer loop
      vertex 24.14915229165147 4.803565052544287 3.0000000000000013
      vertex 22.309639980447503 9.240955451562387 4.5
      vertex 23.683787478700328 4.710998235904984 4.5
    endloop
  endfacet
  facet normal 0 0 0
    outer loop
      vertex 22.748004048941414 9.422531793989615 3.0000000000000013
      vertex 20.47266276785819 13.679395922808627 3.0000000000000013
      vertex 20.078145529136325 13.41578793160377 4.5
    endloop
  endfacet
  facet normal 0 0 0
    outer loop
      vertex 22.748004048941414 9.422531793989615 3.0000000000000013
      vertex 20.078145529136325 13.41578793160377 4.5
      vertex 22.309639980447503 9.240955451562387 4.5
    endloop
  endfacet
  facet normal 0 0 0
    outer loop
      vertex 20.47266276785819 13.679395922808627 3.0000000000000013
      vertex 17.410568537807723 17.41056853780772 3.0000000000000013
      vertex 17.07505920509417 17.07505920509417 4.5
    endloop
  endfacet
  facet normal 0 0 0
    outer loop
      vertex 20.47266276785819 13.679395922808627 3.0000000000000013
      vertex 17.07505920509417 17.07505920509417 4.5
      vertex 20.078145529136325 13.41578793160377 4.5
    endloop
  endfacet
  facet normal 0 0 0
    outer loop
      vertex 17.410568537807723 17.41056853780772 3.0000000000000013
      vertex 13.679395922808629 20.47266276785819 3.0000000000000013
      vertex 13.415787931603772 20.078145529136325 4.5
    endloop
  endfacet
  facet normal 0 0 0
    outer loop
      vertex 17.410568537807723 17.41056853780772 3.0000000000000013
      vertex 13.415787931603772 20.078145529136325 4.5
      vertex 17.07505920509417 17.07505920509417 4.5
    endloop
  endfacet
  facet normal 0 0 0
    outer loop
      vertex 13.679395922808629 20.47266276785819 3.0000000000000013
      vertex 9.422531793989616 22.748004048941414 3.0000000000000013
      vertex 9.240955451562389 22.309639980447503 4.5
    endloop
  endfacet
  facet normal 0 0 0
    outer loop
      vertex 13.679395922808629 20.47266276785819 3.0000000000000013
      vertex 9.240955451562389 22.309639980447503 4.5
      vertex 13.415787931603772 20.078145529136325 4.5
    endloop
  endfacet
  facet normal 0 0 0
    outer loop
      vertex 9.422531793989616 22.748004048941414 3.0000000000000013
      vertex 4.803565052544289 24.14915229165147 3.0000000000000013
      vertex 4.710998235904985 23.683787478700328 4.5
    endloop
  endfacet
  facet normal 0 0 0
    outer loop
      vertex 9.422531793989616 22.748004048941414 3.0000000000000013
      vertex 4.710998235904985 23.683787478700328 4.5
      vertex 9.240955451562389 22.309639980447503 4.5
    endloop
  endfacet
  facet normal 0 0 0
    outer loop
      vertex 4.803565052544289 24.14915229165147 3.0000000000000013
      vertex 1.5076787267817734e-15 24.622262154793987 3.0000000000000013
      vertex 1.4786250929230906e-15 24.147780306167736 4.5
    endloop
  endfacet
  facet normal 0 0 0
    outer loop
      vertex 4.803565052544289 24.14915229165147 3.0000000000000013
      vertex 1.4786250929230906e-15 24.147780306167736 4.5
      vertex 4.710998235904985 23.683787478700328 4.5
    endloop
  endfacet
  facet normal 0 0 0
    outer loop
      vertex 1.5076787267817734e-15 24.622262154793987 3.0000000000000013
      vertex -4.803565052544285 24.14915229165147 3.0000000000000013
      vertex -4.710998235904982 23.683787478700328 4.5
    endloop
  endfacet
  facet normal 0 0 0
    outer loop
      vertex 1.5076787267817734e-15 24.622262154793987 3.0000000000000013
      vertex -4.710998235904982 23.683787478700328 4.5
      vertex 1.4786250929230906e-15 24.147780306167736 4.5
    endloop
  endfacet
  facet normal 0 0 0
    outer loop
      vertex -4.803565052544285 24.14915229165147 3.0000000000000013
      vertex -9.422531793989613 22.748004048941414 3.0000000000000013
      vertex -9.240955451562387 22.309639980447503 4.5
    endloop
  endfacet
  facet normal 0 0 0
    outer loop
      vertex -4.803565052544285 24.14915229165147 3.0000000000000013
      vertex -9.240955451562387 22.309639980447503 4.5
      vertex -4.710998235904982 23.683787478700328 4.5
    endloop
  endfacet
  facet normal 0 0 0
    outer loop
      vertex -9.422531793989613 22.748004048941414 3.0000000000000013
      vertex -13.679395922808622 20.47266276785819 3.0000000000000013
      vertex -13.415787931603765 20.07814552913633 4.5
    endloop
  endfacet
  facet normal 0 0 0
    outer loop
      vertex -9.422531793989613 22.748004048941414 3.0000000000000013
      vertex -13.415787931603765 20.07814552913633 4.5
      vertex -9.240955451562387 22.309639980447503 4.5
    endloop
  endfacet
  facet normal 0 0 0
    outer loop
      vertex -13.679395922808622 20.47266276785819 3.0000000000000013
      vertex -17.41056853780772 17.410568537807723 3.0000000000000013
      vertex -17.07505920509417 17.07505920509417 4.5
    endloop
  endfacet
  facet normal 0 0 0
    outer loop
      vertex -13.679395922808622 20.47266276785819 3.0000000000000013
      vertex -17.07505920509417 17.07505920509417 4.5
      vertex -13.415787931603765 20.07814552913633 4.5
    endloop
  endfacet
  facet normal 0 0 0
    outer loop
      vertex -17.41056853780772 17.410568537807723 3.0000000000000013
      vertex -20.47266276785819 13.679395922808627 3.0000000000000013
      vertex -20.07814552913633 13.41578793160377 4.5
    endloop
  endfacet
  facet normal 0 0 0
    outer loop
      vertex -17.41056853780772 17.410568537807723 3.0000000000000013
      vertex -20.07814552913633 13.41578793160377 4.5
      vertex -17.07505920509417 17.07505920509417 4.5
    endloop
  endfacet
  facet normal 0 0 0
    outer loop
      vertex -20.47266276785819 13.679395922808627 3.0000000000000013
      vertex -22.748004048941414 9.422531793989616 3.0000000000000013
      vertex -22.309639980447503 9.24095545156239 4.5
    endloop
  endfacet
  facet normal 0 0 0
    outer loop
      vertex -20.47266276785819 13.679395922808627 3.0000000000000013
      vertex -22.309639980447503 9.24095545156239 4.5
      vertex -20.07814552913633 13.41578793160377 4.5
    endloop
  endfacet
  facet normal 0 0 0
    outer loop
      vertex -22.748004048941414 9.422531793989616 3.0000000000000013
      vertex -24.14915229165147 4.803565052544296 3.0000000000000013
      vertex -23.683787478700328 4.7109982359049924 4.5
    endloop
  endfacet
  facet normal 0 0 0
    outer loop
      vertex -22.748004048941414 9.422531793989616 3.0000000000000013
      vertex -23.683787478700328 4.7109982359049924 4.5
      vertex -22.309639980447503 9.24095545156239 4.5
    endloop
  endfacet
  facet normal 0 0 0
    outer loop
      vertex -24.14915229165147 4.803565052544296 3.0000000000000013
      vertex -24.622262154793987 3.015357453563547e-15 3.0000000000000013
      vertex -24.147780306167736 2.957250185846181e-15 4.5
    endloop
  endfacet
  facet normal 0 0 0
    outer loop
      vertex -24.14915229165147 4.803565052544296 3.0000000000000013
      vertex -24.147780306167736 2.957250185846181e-15 4.5
      vertex -23.683787478700328 4.7109982359049924 4.5
    endloop
  endfacet
  facet normal 0 0 0
    outer loop
      vertex -24.622262154793987 3.015357453563547e-15 3.0000000000000013
      vertex -24.14915229165147 -4.80356505254429 3.0000000000000013
      vertex -23.683787478700328 -4.710998235904986 4.5
    endloop
  endfacet
  facet normal 0 0 0
    outer loop
      vertex -24.622262154793987 3.015357453563547e-15 3.0000000000000013
      vertex -23.683787478700328 -4.710998235904986 4.5
      vertex -24.147780306167736 2.957250185846181e-15 4.5
    endloop
  endfacet
  facet normal 0 0 0
    outer loop
      vertex -24.14915229165147 -4.80356505254429 3.0000000000000013
      vertex -22.748004048941418 -9.42253179398961 3.0000000000000013
      vertex -22.309639980447507 -9.240955451562384 4.5
    endloop
  endfacet
  facet normal 0 0 0
    outer loop
      vertex -24.14915229165147 -4.80356505254429 3.0000000000000013
      vertex -22.309639980447507 -9.240955451562384 4.5
      vertex -23.683787478700328 -4.710998235904986 4.5
    endloop
  endfacet
  facet normal 0 0 0
    outer loop
      vertex -22.748004048941418 -9.42253179398961 3.0000000000000013
      vertex -20.472662767858193 -13.679395922808622 3.0000000000000013
      vertex -20.07814552913633 -13.415787931603765 4.5
    endloop
  endfacet
  facet normal 0 0 0
    outer loop
      vertex -22.748004048941418 -9.42253179398961 3.0000000000000013
      vertex -20.07814552913633 -13.415787931603765 4.5
      vertex -22.309639980447507 -9.240955451562384 4.5
    endloop
  endfacet
  facet normal 0 0 0
    outer loop
      vertex -20.472662767858193 -13.679395922808622 3.0000000000000013
      vertex -17.410568537807727 -17.41056853780772 3.0000000000000013
      vertex -17.075059205094174 -17.07505920509417 4.5
    endloop
  endfacet
  facet normal 0 0 0
    outer loop
      vertex -20.472662767858193 -13.679395922808622 3.0000000000000013
      vertex -17.075059205094174 -17.07505920509417 4.5
      vertex -20.07814552913633 -13.415787931603765 4.5
    endloop
  endfacet
  facet normal 0 0 0
    outer loop
      vertex -17.410568537807727 -17.41056853780772 3.0000000000000013
      vertex -13.679395922808627 -20.47266276785819 3.0000000000000013
      vertex -13.41578793160377 -20.078145529136325 4.5
    endloop
  endfacet
  facet normal 0 0 0
    outer loop
      vertex -17.410568537807727 -17.41056853780772 3.0000000000000013
      vertex -13.41578793160377 -20.078145529136325 4.5
      vertex -17.075059205094174 -17.07505920509417 4.5
    endloop
  endfacet
  facet normal 0 0 0
    outer loop
      vertex -13.679395922808627 -20.47266276785819 3.0000000000000013
      vertex -9.422531793989627 -22.74800404894141 3.0000000000000013
      vertex -9.240955451562401 -22.3096399804475 4.5
    endloop
  endfacet
  facet normal 0 0 0
    outer loop
      vertex -13.679395922808627 -20.47266276785819 3.0000000000000013
      vertex -9.240955451562401 -22.3096399804475 4.5
      vertex -13.41578793160377 -20.078145529136325 4.5
    endloop
  endfacet
  facet normal 0 0 0
    outer loop
      vertex -9.422531793989627 -22.74800404894141 3.0000000000000013
      vertex -4.803565052544297 -24.149152291651465 3.0000000000000013
      vertex -4.710998235904993 -23.683787478700324 4.5
    endloop
  endfacet
  facet normal 0 0 0
    outer loop
      vertex -9.422531793989627 -22.74800404894141 3.0000000000000013
      vertex -4.710998235904993 -23.683787478700324 4.5
      vertex -9.240955451562401 -22.3096399804475 4.5
    endloop
  endfacet
  facet normal 0 0 0
    outer loop
      vertex -4.803565052544297 -24.149152291651465 3.0000000000000013
      vertex -4.52303618034532e-15 -24.622262154793987 3.0000000000000013
      vertex -4.435875278769271e-15 -24.147780306167736 4.5
    endloop
  endfacet
  facet normal 0 0 0
    outer loop
      vertex -4.803565052544297 -24.149152291651465 3.0000000000000013
      vertex -4.435875278769271e-15 -24.147780306167736 4.5
      vertex -4.710998235904993 -23.683787478700324 4.5
    endloop
  endfacet
  facet normal 0 0 0
    outer loop
      vertex -4.52303618034532e-15 -24.622262154793987 3.0000000000000013
      vertex 4.803565052544288 -24.14915229165147 3.0000000000000013
      vertex 4.7109982359049845 -23.683787478700328 4.5
    endloop
  endfacet
  facet normal 0 0 0
    outer loop
      vertex -4.52303618034532e-15 -24.622262154793987 3.0000000000000013
      vertex 4.7109982359049845 -23.683787478700328 4.5
      vertex -4.435875278769271e-15 -24.147780306167736 4.5
    endloop
  endfacet
  facet normal 0 0 0
    outer loop
      vertex 4.803565052544288 -24.14915229165147 3.0000000000000013
      vertex 9.42253179398962 -22.748004048941414 3.0000000000000013
      vertex 9.240955451562392 -22.3096399804475 4.5
    endloop
  endfacet
  facet normal 0 0 0
    outer loop
      vertex 4.803565052544288 -24.14915229165147 3.0000000000000013
      vertex 9.240955451562392 -22.3096399804475 4.5
      vertex 4.7109982359049845 -23.683787478700328 4.5
    endloop
  endfacet
  facet normal 0 0 0
    outer loop
      vertex 9.42253179398962 -22.748004048941414 3.0000000000000013
      vertex 13.679395922808618 -20.472662767858193 3.0000000000000013
      vertex 13.415787931603761 -20.07814552913633 4.5
    endloop
  endfacet
  facet normal 0 0 0
    outer loop
      vertex 9.42253179398962 -22.748004048941414 3.0000000000000013
      vertex 13.415787931603761 -20.07814552913633 4.5
      vertex 9.240955451562392 -22.3096399804475 4.5
    endloop
  endfacet
  facet normal 0 0 0
    outer loop
      vertex 13.679395922808618 -20.472662767858193 3.0000000000000013
      vertex 17.410568537807716 -17.410568537807727 3.0000000000000013
      vertex 17.075059205094167 -17.075059205094174 4.5
    endloop
  endfacet
  facet normal 0 0 0
    outer loop
      vertex 13.679395922808618 -20.472662767858193 3.0000000000000013
      vertex 17.075059205094167 -17.075059205094174 4.5
      vertex 13.415787931603761 -20.07814552913633 4.5
    endloop
  endfacet
  facet normal 0 0 0
    outer loop
      vertex 17.410568537807716 -17.410568537807727 3.0000000000000013
      vertex 20.47266276785819 -13.679395922808627 3.0000000000000013
      vertex 20.078145529136325 -13.41578793160377 4.5
    endloop
  endfacet
  facet normal 0 0 0
    outer loop
      vertex 17.410568537807716 -17.410568537807727 3.0000000000000013
      vertex 20.078145529136325 -13.41578793160377 4.5
      vertex 17.075059205094167 -17.075059205094174 4.5
    endloop
  endfacet
  facet normal 0 0 0
    outer loop
      vertex 20.47266276785819 -13.679395922808627 3.0000000000000013
      vertex 22.74800404894141 -9.422531793989629 3.0000000000000013
      vertex 22.3096399804475 -9.240955451562403 4.5
    endloop
  endfacet
  facet normal 0 0 0
    outer loop
      vertex 20.47266276785819 -13.679395922808627 3.0000000000000013
      vertex 22.3096399804475 -9.240955451562403 4.5
      vertex 20.078145529136325 -13.41578793160377 4.5
    endloop
  endfacet
  facet normal 0 0 0
    outer loop
      vertex 22.74800404894141 -9.422531793989629 3.0000000000000013
      vertex 24.149152291651465 -4.8035650525442986 3.0000000000000013
      vertex 23.683787478700324 -4.710998235904995 4.5
    endloop
  endfacet
  facet normal 0 0 0
    outer loop
      vertex 22.74800404894141 -9.422531793989629 3.0000000000000013
      vertex 23.683787478700324 -4.710998235904995 4.5
      vertex 22.3096399804475 -9.240955451562403 4.5
    endloop
  endfacet
  facet normal 0 0 0
    outer loop
      vertex 24.149152291651465 -4.8035650525442986 3.0000000000000013
      vertex 24.622262154793987 0 3.0000000000000013
      vertex 24.147780306167736 0 4.5
    endloop
  endfacet
  facet normal 0 0 0
    outer loop
      vertex 24.149152291651465 -4.8035650525442986 3.0000000000000013
      vertex 24.147780306167736 0 4.5
      vertex 23.683787478700324 -4.710998235904995 4.5
    endloop
  endfacet
  facet normal 0 0 0
    outer loop
      vertex 24.147780306167736 0 4.5
      vertex 23.683787478700328 4.710998235904984 4.5
      vertex 23.02758123674187 4.580470698827718 5.999999999999998
    endloop
  endfacet
  facet normal 0 0 0
    outer loop
      vertex 24.147780306167736 0 4.5
      vertex 23.02758123674187 4.580470698827718 5.999999999999998
      vertex 23.478718223905783 0 5.999999999999998
    endloop
  endfacet
  facet normal 0 0 0
    outer loop
      vertex 23.683787478700328 4.710998235904984 4.5
      vertex 22.309639980447503 9.240955451562387 4.5
      vertex 21.691507216666302 8.98491647745705 5.999999999999998
    endloop
  endfacet
  facet normal 0 0 0
    outer loop
      vertex 23.683787478700328 4.710998235904984 4.5
      vertex 21.691507216666302 8.98491647745705 5.999999999999998
      vertex 23.02758123674187 4.580470698827718 5.999999999999998
    endloop
  endfacet
  facet normal 0 0 0
    outer loop
      vertex 22.309639980447503 9.240955451562387 4.5
      vertex 20.078145529136325 13.41578793160377 4.5
      vertex 19.521840738991646 13.044076954656916 5.999999999999998
    endloop
  endfacet
  facet normal 0 0 0
    outer loop
      vertex 22.309639980447503 9.240955451562387 4.5
      vertex 19.521840738991646 13.044076954656916 5.999999999999998
      vertex 21.691507216666302 8.98491647745705 5.999999999999998
    endloop
  endfacet
  facet normal 0 0 0
    outer loop
      vertex 20.078145529136325 13.41578793160377 4.5
      vertex 17.07505920509417 17.07505920509417 4.5
      vertex 16.601960869691954 16.60196086969195 5.999999999999998
    endloop
  endfacet
  facet normal 0 0 0
    outer loop
      vertex 20.078145529136325 13.41578793160377 4.5
      vertex 16.601960869691954 16.60196086969195 5.999999999999998
      vertex 19.521840738991646 13.044076954656916 5.999999999999998
    endloop
  endfacet
  facet normal 0 0 0
    outer loop
      vertex 17.07505920509417 17.07505920509417 4.5
      vertex 13.415787931603772 20.078145529136325 4.5
      vertex 13.04407695465692 19.521840738991646 5.999999999999998
    endloop
  endfacet
  facet normal 0 0 0
    outer loop
      vertex 17.07505920509417 17.07505920509417 4.5
      vertex 13.04407695465692 19.521840738991646 5.999999999999998
      vertex 16.601960869691954 16.60196086969195 5.999999999999998
    endloop
  endfacet
  facet normal 0 0 0
    outer loop
      vertex 13.415787931603772 20.078145529136325 4.5
      vertex 9.240955451562389 22.309639980447503 4.5
      vertex 8.984916477457052 21.691507216666302 5.999999999999998
    endloop
  endfacet
  facet normal 0 0 0
    outer loop
      vertex 13.415787931603772 20.078145529136325 4.5
      vertex 8.984916477457052 21.691507216666302 5.999999999999998
      vertex 13.04407695465692 19.521840738991646 5.999999999999998
    endloop
  endfacet
  facet normal 0 0 0
    outer loop
      vertex 9.240955451562389 22.309639980447503 4.5
      vertex 4.710998235904985 23.683787478700328 4.5
      vertex 4.58047069882772 23.02758123674187 5.999999999999998
    endloop
  endfacet
  facet normal 0 0 0
    outer loop
      vertex 9.240955451562389 22.309639980447503 4.5
      vertex 4.58047069882772 23.02758123674187 5.999999999999998
      vertex 8.984916477457052 21.691507216666302 5.999999999999998
    endloop
  endfacet
  facet normal 0 0 0
    outer loop
      vertex 4.710998235904985 23.683787478700328 4.5
      vertex 1.4786250929230906e-15 24.147780306167736 4.5
      vertex 1.4376568560494423e-15 23.478718223905783 5.999999999999998
    endloop
  endfacet
  facet normal 0 0 0
    outer loop
      vertex 4.710998235904985 23.683787478700328 4.5
      vertex 1.4376568560494423e-15 23.478718223905783 5.999999999999998
      vertex 4.58047069882772 23.02758123674187 5.999999999999998
    endloop
  endfacet
  facet normal 0 0 0
    outer loop
      vertex 1.4786250929230906e-15 24.147780306167736 4.5
      vertex -4.710998235904982 23.683787478700328 4.5
      vertex -4.580470698827717 23.02758123674187 5.999999999999998
    endloop
  endfacet
  facet normal 0 0 0
    outer loop
      vertex 1.4786250929230906e-15 24.147780306167736 4.5
      vertex -4.580470698827717 23.02758123674187 5.999999999999998
      vertex 1.4376568560494423e-15 23.478718223905783 5.999999999999998
    endloop
  endfacet
  facet normal 0 0 0
    outer loop
      vertex -4.710998235904982 23.683787478700328 4.5
      vertex -9.240955451562387 22.309639980447503 4.5
      vertex -8.984916477457048 21.691507216666302 5.999999999999998
    endloop
  endfacet
  facet normal 0 0 0
    outer loop
      vertex -4.710998235904982 23.683787478700328 4.5
      vertex -8.984916477457048 21.691507216666302 5.999999999999998
      vertex -4.580470698827717 23.02758123674187 5.999999999999998
    endloop
  endfacet
  facet normal 0 0 0
    outer loop
      vertex -9.240955451562387 22.309639980447503 4.5
      vertex -13.415787931603765 20.07814552913633 4.5
      vertex -13.04407695465691 19.52184073899165 5.999999999999998
    endloop
  endfacet
  facet normal 0 0 0
    outer loop
      vertex -9.240955451562387 22.309639980447503 4.5
      vertex -13.04407695465691 19.52184073899165 5.999999999999998
      vertex -8.984916477457048 21.691507216666302 5.999999999999998
    endloop
  endfacet
  facet normal 0 0 0
    outer loop
      vertex -13.415787931603765 20.07814552913633 4.5
      vertex -17.07505920509417 17.07505920509417 4.5
      vertex -16.60196086969195 16.601960869691954 5.999999999999998
    endloop
  endfacet
  facet normal 0 0 0
    outer loop
      vertex -13.415787931603765 20.07814552913633 4.5
      vertex -16.60196086969195 16.601960869691954 5.999999999999998
      vertex -13.04407695465691 19.52184073899165 5.999999999999998
    endloop
  endfacet
  facet normal 0 0 0
    outer loop
      vertex -17.07505920509417 17.07505920509417 4.5
      vertex -20.07814552913633 13.41578793160377 4.5
      vertex -19.52184073899165 13.044076954656916 5.999999999999998
    endloop
  endfacet
  facet normal 0 0 0
    outer loop
      vertex -17.07505920509417 17.07505920509417 4.5
      vertex -19.52184073899165 13.044076954656916 5.999999999999998
      vertex -16.60196086969195 16.601960869691954 5.999999999999998
    endloop
  endfacet
  facet normal 0 0 0
    outer loop
      vertex -20.07814552913633 13.41578793160377 4.5
      vertex -22.309639980447503 9.24095545156239 4.5
      vertex -21.691507216666302 8.984916477457052 5.999999999999998
    endloop
  endfacet
  facet normal 0 0 0
    outer loop
      vertex -20.07814552913633 13.41578793160377 4.5
      vertex -21.691507216666302 8.984916477457052 5.999999999999998
      vertex -19.52184073899165 13.044076954656916 5.999999999999998
    endloop
  endfacet
  facet normal 0 0 0
    outer loop
      vertex -22.309639980447503 9.24095545156239 4.5
      vertex -23.683787478700328 4.7109982359049924 4.5
      vertex -23.02758123674187 4.580470698827726 5.999999999999998
    endloop
  endfacet
  facet normal 0 0 0
    outer loop
      vertex -22.309639980447503 9.24095545156239 4.5
      vertex -23.02758123674187 4.580470698827726 5.999999999999998
      vertex -21.691507216666302 8.984916477457052 5.999999999999998
    endloop
  endfacet
  facet normal 0 0 0
    outer loop
      vertex -23.683787478700328 4.7109982359049924 4.5
      vertex -24.147780306167736 2.957250185846181e-15 4.5
      vertex -23.478718223905783 2.8753137120988846e-15 5.999999999999998
    endloop
  endfacet
  facet normal 0 0 0
    outer loop
      vertex -23.683787478700328 4.7109982359049924 4.5
      vertex -23.478718223905783 2.8753137120988846e-15 5.999999999999998
      vertex -23.02758123674187 4.580470698827726 5.999999999999998
    endloop
  endfacet
  facet normal 0 0 0
    outer loop
      vertex -24.147780306167736 2.957250185846181e-15 4.5
      vertex -23.683787478700328 -4.710998235904986 4.5
      vertex -23.02758123674187 -4.58047069882772 5.999999999999998
    endloop
  endfacet
  facet normal 0 0 0
    outer loop
      vertex -24.147780306167736 2.957250185846181e-15 4.5
      vertex -23.02758123674187 -4.58047069882772 5.999999999999998
      vertex -23.478718223905783 2.8753137120988846e-15 5.999999999999998
    endloop
  endfacet
  facet normal 0 0 0
    outer loop
      vertex -23.683787478700328 -4.710998235904986 4.5
      vertex -22.309639980447507 -9.240955451562384 4.5
      vertex -21.691507216666306 -8.984916477457046 5.999999999999998
    endloop
  endfacet
  facet normal 0 0 0
    outer loop
      vertex -23.683787478700328 -4.710998235904986 4.5
      vertex -21.691507216666306 -8.984916477457046 5.999999999999998
      vertex -23.02758123674187 -4.58047069882772 5.999999999999998
    endloop
  endfacet
  facet normal 0 0 0
    outer loop
      vertex -22.309639980447507 -9.240955451562384 4.5
      vertex -20.07814552913633 -13.415787931603765 4.5
      vertex -19.52184073899165 -13.04407695465691 5.999999999999998
    endloop
  endfacet
  facet normal 0 0 0
    outer loop
      vertex -22.309639980447507 -9.240955451562384 4.5
      vertex -19.52184073899165 -13.04407695465691 5.999999999999998
      vertex -21.691507216666306 -8.984916477457046 5.999999999999998
    endloop
  endfacet
  facet normal 0 0 0
    outer loop
      vertex -20.07814552913633 -13.415787931603765 4.5
      vertex -17.075059205094174 -17.07505920509417 4.5
      vertex -16.601960869691958 -16.60196086969195 5.999999999999998
    endloop
  endfacet
  facet normal 0 0 0
    outer loop
      vertex -20.07814552913633 -13.415787931603765 4.5
      vertex -16.601960869691958 -16.60196086969195 5.999999999999998
      vertex -19.52184073899165 -13.04407695465691 5.999999999999998
    endloop
  endfacet
  facet normal 0 0 0
    outer loop
      vertex -17.075059205094174 -17.07505920509417 4.5
      vertex -13.41578793160377 -20.078145529136325 4.5
      vertex -13.044076954656916 -19.521840738991646 5.999999999999998
    endloop
  endfacet
  facet normal 0 0 0
    outer loop
      vertex -17.075059205094174 -17.07505920509417 4.5
      vertex -13.044076954656916 -19.521840738991646 5.999999999999998
      vertex -16.601960869691958 -16.60196086969195 5.999999999999998
    endloop
  endfacet
  facet normal 0 0 0
    outer loop
      vertex -13.41578793160377 -20.078145529136325 4.5
      vertex -9.240955451562401 -22.3096399804475 4.5
      vertex -8.984916477457062 -21.6915072166663 5.999999999999998
    endloop
  endfacet
  facet normal 0 0 0
    outer loop
      vertex -13.41578793160377 -20.078145529136325 4.5
      vertex -8.984916477457062 -21.6915072166663 5.999999999999998
      vertex -13.044076954656916 -19.521840738991646 5.999999999999998
    endloop
  endfacet
  facet normal 0 0 0
    outer loop
      vertex -9.240955451562401 -22.3096399804475 4.5
      vertex -4.710998235904993 -23.683787478700324 4.5
      vertex -4.580470698827728 -23.027581236741867 5.999999999999998
    endloop
  endfacet
  facet normal 0 0 0
    outer loop
      vertex -9.240955451562401 -22.3096399804475 4.5
      vertex -4.580470698827728 -23.027581236741867 5.999999999999998
      vertex -8.984916477457062 -21.6915072166663 5.999999999999998
    endloop
  endfacet
  facet normal 0 0 0
    outer loop
      vertex -4.710998235904993 -23.683787478700324 4.5
      vertex -4.435875278769271e-15 -24.147780306167736 4.5
      vertex -4.312970568148327e-15 -23.478718223905783 5.999999999999998
    endloop
  endfacet
  facet normal 0 0 0
    outer loop
      vertex -4.710998235904993 -23.683787478700324 4.5
      vertex -4.312970568148327e-15 -23.478718223905783 5.999999999999998
      vertex -4.580470698827728 -23.027581236741867 5.999999999999998
    endloop
  endfacet
  facet normal 0 0 0
    outer loop
      vertex -4.435875278769271e-15 -24.147780306167736 4.5
      vertex 4.7109982359049845 -23.683787478700328 4.5
      vertex 4.580470698827719 -23.02758123674187 5.999999999999998
    endloop
  endfacet
  facet normal 0 0 0
    outer loop
      vertex -4.435875278769271e-15 -24.147780306167736 4.5
      vertex 4.580470698827719 -23.02758123674187 5.999999999999998
      vertex -4.312970568148327e-15 -23.478718223905783 5.999999999999998
    endloop
  endfacet
  facet normal 0 0 0
    outer loop
      vertex 4.7109982359049845 -23.683787478700328 4.5
      vertex 9.240955451562392 -22.3096399804475 4.5
      vertex 8.984916477457055 -21.691507216666302 5.999999999999998
    endloop
  endfacet
  facet normal 0 0 0
    outer loop
      vertex 4.7109982359049845 -23.683787478700328 4.5
      vertex 8.984916477457055 -21.691507216666302 5.999999999999998
      vertex 4.580470698827719 -23.02758123674187 5.999999999999998
    endloop
  endfacet
  facet normal 0 0 0
    outer loop
      vertex 9.240955451562392 -22.3096399804475 4.5
      vertex 13.415787931603761 -20.07814552913633 4.5
      vertex 13.044076954656909 -19.52184073899165 5.999999999999998
    endloop
  endfacet
  facet normal 0 0 0
    outer loop
      vertex 9.240955451562392 -22.3096399804475 4.5
      vertex 13.044076954656909 -19.52184073899165 5.999999999999998
      vertex 8.984916477457055 -21.691507216666302 5.999999999999998
    endloop
  endfacet
  facet normal 0 0 0
    outer loop
      vertex 13.415787931603761 -20.07814552913633 4.5
      vertex 17.075059205094167 -17.075059205094174 4.5
      vertex 16.601960869691947 -16.601960869691958 5.999999999999998
    endloop
  endfacet
  facet normal 0 0 0
    outer loop
      vertex 13.415787931603761 -20.07814552913633 4.5
      vertex 16.601960869691947 -16.601960869691958 5.999999999999998
      vertex 13.044076954656909 -19.52184073899165 5.999999999999998
    endloop
  endfacet
  facet normal 0 0 0
    outer loop
      vertex 17.075059205094167 -17.075059205094174 4.5
      vertex 20.078145529136325 -13.41578793160377 4.5
      vertex 19.521840738991646 -13.044076954656916 5.999999999999998
    endloop
  endfacet
  facet normal 0 0 0
    outer loop
      vertex 17.075059205094167 -17.075059205094174 4.5
      vertex 19.521840738991646 -13.044076954656916 5.999999999999998
      vertex 16.601960869691947 -16.601960869691958 5.999999999999998
    endloop
  endfacet
  facet normal 0 0 0
    outer loop
      vertex 20.078145529136325 -13.41578793160377 4.5
      vertex 22.3096399804475 -9.240955451562403 4.5
      vertex 21.6915072166663 -8.984916477457064 5.999999999999998
    endloop
  endfacet
  facet normal 0 0 0
    outer loop
      vertex 20.078145529136325 -13.41578793160377 4.5
      vertex 21.6915072166663 -8.984916477457064 5.999999999999998
      vertex 19.521840738991646 -13.044076954656916 5.999999999999998
    endloop
  endfacet
  facet normal 0 0 0
    outer loop
      vertex 22.3096399804475 -9.240955451562403 4.5
      vertex 23.683787478700324 -4.710998235904995 4.5
      vertex 23.027581236741867 -4.580470698827729 5.999999999999998
    endloop
  endfacet
  facet normal 0 0 0
    outer loop
      vertex 22.3096399804475 -9.240955451562403 4.5
      vertex 23.027581236741867 -4.580470698827729 5.999999999999998
      vertex 21.6915072166663 -8.984916477457064 5.999999999999998
    endloop
  endfacet
  facet normal 0 0 0
    outer loop
      vertex 23.683787478700324 -4.710998235904995 4.5
      vertex 24.147780306167736 0 4.5
      vertex 23.478718223905783 0 5.999999999999998
    endloop
  endfacet
  facet normal 0 0 0
    outer loop
      vertex 23.683787478700324 -4.710998235904995 4.5
      vertex 23.478718223905783 0 5.999999999999998
      vertex 23.027581236741867 -4.580470698827729 5.999999999999998
    endloop
  endfacet
  facet normal 0 0 0
    outer loop
      vertex 23.478718223905783 0 5.999999999999998
      vertex 23.02758123674187 4.580470698827718 5.999999999999998
      vertex 22.174652437552638 4.410812612174699 7.500000000000002
    endloop
  endfacet
  facet normal 0 0 0
    outer loop
      vertex 23.478718223905783 0 5.999999999999998
      vertex 22.174652437552638 4.410812612174699 7.500000000000002
      vertex 22.609079561671205 0 7.500000000000002
    endloop
  endfacet
  facet normal 0 0 0
    outer loop
      vertex 23.02758123674187 4.580470698827718 5.999999999999998
      vertex 21.691507216666302 8.98491647745705 5.999999999999998
      vertex 20.888065855947282 8.652120169275737 7.500000000000002
    endloop
  endfacet
  facet normal 0 0 0
    outer loop
      vertex 23.02758123674187 4.580470698827718 5.999999999999998
      vertex 20.888065855947282 8.652120169275737 7.500000000000002
      vertex 22.174652437552638 4.410812612174699 7.500000000000002
    endloop
  endfacet
  facet normal 0 0 0
    outer loop
      vertex 21.691507216666302 8.98491647745705 5.999999999999998
      vertex 19.521840738991646 13.044076954656916 5.999999999999998
      vertex 18.798762617660156 12.560931600436396 7.500000000000002
    endloop
  endfacet
  facet normal 0 0 0
    outer loop
      vertex 21.691507216666302 8.98491647745705 5.999999999999998
      vertex 18.798762617660156 12.560931600436396 7.500000000000002
      vertex 20.888065855947282 8.652120169275737 7.500000000000002
    endloop
  endfacet
  facet normal 0 0 0
    outer loop
      vertex 19.521840738991646 13.044076954656916 5.999999999999998
      vertex 16.601960869691954 16.60196086969195 5.999999999999998
      vertex 15.987033474443885 15.987033474443884 7.500000000000002
    endloop
  endfacet
  facet normal 0 0 0
    outer loop
      vertex 19.521840738991646 13.044076954656916 5.999999999999998
      vertex 15.987033474443885 15.987033474443884 7.500000000000002
      vertex 18.798762617660156 12.560931600436396 7.500000000000002
    endloop
  endfacet
  facet normal 0 0 0
    outer loop
      vertex 16.601960869691954 16.60196086969195 5.999999999999998
      vertex 13.04407695465692 19.521840738991646 5.999999999999998
      vertex 12.5609316004364 18.798762617660156 7.500000000000002
    endloop
  endfacet
  facet normal 0 0 0
    outer loop
      vertex 16.601960869691954 16.60196086969195 5.999999999999998
      vertex 12.5609316004364 18.798762617660156 7.500000000000002
      vertex 15.987033474443885 15.987033474443884 7.500000000000002
    endloop
  endfacet
  facet normal 0 0 0
    outer loop
      vertex 13.04407695465692 19.521840738991646 5.999999999999998
      vertex 8.984916477457052 21.691507216666302 5.999999999999998
      vertex 8.652120169275738 20.888065855947282 7.500000000000002
    endloop
  endfacet
  facet normal 0 0 0
    outer loop
      vertex 13.04407695465692 19.521840738991646 5.999999999999998
      vertex 8.652120169275738 20.888065855947282 7.500000000000002
      vertex 12.5609316004364 18.798762617660156 7.500000000000002
    endloop
  endfacet
  facet normal 0 0 0
    outer loop
      vertex 8.984916477457052 21.691507216666302 5.999999999999998
      vertex 4.58047069882772 23.02758123674187 5.999999999999998
      vertex 4.410812612174701 22.174652437552638 7.500000000000002
    endloop
  endfacet
  facet normal 0 0 0
    outer loop
      vertex 8.984916477457052 21.691507216666302 5.999999999999998
      vertex 4.410812612174701 22.174652437552638 7.500000000000002
      vertex 8.652120169275738 20.888065855947282 7.500000000000002
    endloop
  endfacet
  facet normal 0 0 0
    outer loop
      vertex 4.58047069882772 23.02758123674187 5.999999999999998
      vertex 1.4376568560494423e-15 23.478718223905783 5.999999999999998
      vertex 1.3844068458434242e-15 22.609079561671205 7.500000000000002
    endloop
  endfacet
  facet normal 0 0 0
    outer loop
      vertex 4.58047069882772 23.02758123674187 5.999999999999998
      vertex 1.3844068458434242e-15 22.609079561671205 7.500000000000002
      vertex 4.410812612174701 22.174652437552638 7.500000000000002
    endloop
  endfacet
  facet normal 0 0 0
    outer loop
      vertex 1.4376568560494423e-15 23.478718223905783 5.999999999999998
      vertex -4.580470698827717 23.02758123674187 5.999999999999998
      vertex -4.4108126121746976 22.174652437552638 7.500000000000002
    endloop
  endfacet
  facet normal 0 0 0
    outer loop
      vertex 1.4376568560494423e-15 23.478718223905783 5.999999999999998
      vertex -4.4108126121746976 22.174652437552638 7.500000000000002
      vertex 1.3844068458434242e-15 22.609079561671205 7.500000000000002
    endloop
  endfacet
  facet normal 0 0 0
    outer loop
      vertex -4.580470698827717 23.02758123674187 5.999999999999998
      vertex -8.984916477457048 21.691507216666302 5.999999999999998
      vertex -8.652120169275735 20.888065855947282 7.500000000000002
    endloop
  endfacet
  facet normal 0 0 0
    outer loop
      vertex -4.580470698827717 23.02758123674187 5.999999999999998
      vertex -8.652120169275735 20.888065855947282 7.500000000000002
      vertex -4.4108126121746976 22.174652437552638 7.500000000000002
    endloop
  endfacet
  facet normal 0 0 0
    outer loop
      vertex -8.984916477457048 21.691507216666302 5.999999999999998
      vertex -13.04407695465691 19.52184073899165 5.999999999999998
      vertex -12.560931600436392 18.79876261766016 7.500000000000002
    endloop
  endfacet
  facet normal 0 0 0
    outer loop
      vertex -8.984916477457048 21.691507216666302 5.999999999999998
      vertex -12.560931600436392 18.79876261766016 7.500000000000002
      vertex -8.652120169275735 20.888065855947282 7.500000000000002
    endloop
  endfacet
  facet normal 0 0 0
    outer loop
      vertex -13.04407695465691 19.52184073899165 5.999999999999998
      vertex -16.60196086969195 16.601960869691954 5.999999999999998
      vertex -15.987033474443884 15.987033474443885 7.500000000000002
    endloop
  endfacet
  facet normal 0 0 0
    outer loop
      vertex -13.04407695465691 19.52184073899165 5.999999999999998
      vertex -15.987033474443884 15.987033474443885 7.500000000000002
      vertex -12.560931600436392 18.79876261766016 7.500000000000002
    endloop
  endfacet
  facet normal 0 0 0
    outer loop
      vertex -16.60196086969195 16.601960869691954 5.999999999999998
      vertex -19.52184073899165 13.044076954656916 5.999999999999998
      vertex -18.79876261766016 12.560931600436396 7.500000000000002
    endloop
  endfacet
  facet normal 0 0 0
    outer loop
      vertex -16.60196086969195 16.601960869691954 5.999999999999998
      vertex -18.79876261766016 12.560931600436396 7.500000000000002
      vertex -15.987033474443884 15.987033474443885 7.500000000000002
    endloop
  endfacet
  facet normal 0 0 0
    outer loop
      vertex -19.52184073899165 13.044076954656916 5.999999999999998
      vertex -21.691507216666302 8.984916477457052 5.999999999999998
      vertex -20.888065855947282 8.652120169275738 7.500000000000002
    endloop
  endfacet
  facet normal 0 0 0
    outer loop
      vertex -19.52184073899165 13.044076954656916 5.999999999999998
      vertex -20.888065855947282 8.652120169275738 7.500000000000002
      vertex -18.79876261766016 12.560931600436396 7.500000000000002
    endloop
  endfacet
  facet normal 0 0 0
    outer loop
      vertex -21.691507216666302 8.984916477457052 5.999999999999998
      vertex -23.02758123674187 4.580470698827726 5.999999999999998
      vertex -22.174652437552638 4.410812612174707 7.500000000000002
    endloop
  endfacet
  facet normal 0 0 0
    outer loop
      vertex -21.691507216666302 8.984916477457052 5.999999999999998
      vertex -22.174652437552638 4.410812612174707 7.500000000000002
      vertex -20.888065855947282 8.652120169275738 7.500000000000002
    endloop
  endfacet
  facet normal 0 0 0
    outer loop
      vertex -23.02758123674187 4.580470698827726 5.999999999999998
      vertex -23.478718223905783 2.8753137120988846e-15 5.999999999999998
      vertex -22.609079561671205 2.7688136916868483e-15 7.500000000000002
    endloop
  endfacet
  facet normal 0 0 0
    outer loop
      vertex -23.02758123674187 4.580470698827726 5.999999999999998
      vertex -22.609079561671205 2.7688136916868483e-15 7.500000000000002
      vertex -22.174652437552638 4.410812612174707 7.500000000000002
    endloop
  endfacet
  facet normal 0 0 0
    outer loop
      vertex -23.478718223905783 2.8753137120988846e-15 5.999999999999998
      vertex -23.02758123674187 -4.58047069882772 5.999999999999998
      vertex -22.174652437552638 -4.410812612174702 7.500000000000002
    endloop
  endfacet
  facet normal 0 0 0
    outer loop
      vertex -23.478718223905783 2.8753137120988846e-15 5.999999999999998
      vertex -22.174652437552638 -4.410812612174702 7.500000000000002
      vertex -22.609079561671205 2.7688136916868483e-15 7.500000000000002
    endloop
  endfacet
  facet normal 0 0 0
    outer loop
      vertex -23.02758123674187 -4.58047069882772 5.999999999999998
      vertex -21.691507216666306 -8.984916477457046 5.999999999999998
      vertex -20.888065855947282 -8.652120169275733 7.500000000000002
    endloop
  endfacet
  facet normal 0 0 0
    outer loop
      vertex -23.02758123674187 -4.58047069882772 5.999999999999998
      vertex -20.888065855947282 -8.652120169275733 7.500000000000002
      vertex -22.174652437552638 -4.410812612174702 7.500000000000002
    endloop
  endfacet
  facet normal 0 0 0
    outer loop
      vertex -21.691507216666306 -8.984916477457046 5.999999999999998
      vertex -19.52184073899165 -13.04407695465691 5.999999999999998
      vertex -18.798762617660163 -12.560931600436392 7.500000000000002
    endloop
  endfacet
  facet normal 0 0 0
    outer loop
      vertex -21.691507216666306 -8.984916477457046 5.999999999999998
      vertex -18.798762617660163 -12.560931600436392 7.500000000000002
      vertex -20.888065855947282 -8.652120169275733 7.500000000000002
    endloop
  endfacet
  facet normal 0 0 0
    outer loop
      vertex -19.52184073899165 -13.04407695465691 5.999999999999998
      vertex -16.601960869691958 -16.60196086969195 5.999999999999998
      vertex -15.987033474443889 -15.987033474443884 7.500000000000002
    endloop
  endfacet
  facet normal 0 0 0
    outer loop
      vertex -19.52184073899165 -13.04407695465691 5.999999999999998
      vertex -15.987033474443889 -15.987033474443884 7.500000000000002
      vertex -18.798762617660163 -12.560931600436392 7.500000000000002
    endloop
  endfacet
  facet normal 0 0 0
    outer loop
      vertex -16.601960869691958 -16.60196086969195 5.999999999999998
      vertex -13.044076954656916 -19.521840738991646 5.999999999999998
      vertex -12.560931600436396 -18.798762617660156 7.500000000000002
    endloop
  endfacet
  facet normal 0 0 0
    outer loop
      vertex -16.601960869691958 -16.60196086969195 5.999999999999998
      vertex -12.560931600436396 -18.798762617660156 7.500000000000002
      vertex -15.987033474443889 -15.987033474443884 7.500000000000002
    endloop
  endfacet
  facet normal 0 0 0
    outer loop
      vertex -13.044076954656916 -19.521840738991646 5.999999999999998
      vertex -8.984916477457062 -21.6915072166663 5.999999999999998
      vertex -8.652120169275749 -20.888065855947275 7.500000000000002
    endloop
  endfacet
  facet normal 0 0 0
    outer loop
      vertex -13.044076954656916 -19.521840738991646 5.999999999999998
      vertex -8.652120169275749 -20.888065855947275 7.500000000000002
      vertex -12.560931600436396 -18.798762617660156 7.500000000000002
    endloop
  endfacet
  facet normal 0 0 0
    outer loop
      vertex -8.984916477457062 -21.6915072166663 5.999999999999998
      vertex -4.580470698827728 -23.027581236741867 5.999999999999998
      vertex -4.410812612174708 -22.174652437552638 7.500000000000002
    endloop
  endfacet
  facet normal 0 0 0
    outer loop
      vertex -8.984916477457062 -21.6915072166663 5.999999999999998
      vertex -4.410812612174708 -22.174652437552638 7.500000000000002
      vertex -8.652120169275749 -20.888065855947275 7.500000000000002
    endloop
  endfacet
  facet normal 0 0 0
    outer loop
      vertex -4.580470698827728 -23.027581236741867 5.999999999999998
      vertex -4.312970568148327e-15 -23.478718223905783 5.999999999999998
      vertex -4.153220537530272e-15 -22.609079561671205 7.500000000000002
    endloop
  endfacet
  facet normal 0 0 0
    outer loop
      vertex -4.580470698827728 -23.027581236741867 5.999999999999998
      vertex -4.153220537530272e-15 -22.609079561671205 7.500000000000002
      vertex -4.410812612174708 -22.174652437552638 7.500000000000002
    endloop
  endfacet
  facet normal 0 0 0
    outer loop
      vertex -4.312970568148327e-15 -23.478718223905783 5.999999999999998
      vertex 4.580470698827719 -23.02758123674187 5.999999999999998
      vertex 4.4108126121747 -22.174652437552638 7.500000000000002
    endloop
  endfacet
  facet normal 0 0 0
    outer loop
      vertex -4.312970568148327e-15 -23.478718223905783 5.999999999999998
      vertex 4.4108126121747 -22.174652437552638 7.500000000000002
      vertex -4.153220537530272e-15 -22.609079561671205 7.500000000000002
    endloop
  endfacet
  facet normal 0 0 0
    outer loop
      vertex 4.580470698827719 -23.02758123674187 5.999999999999998
      vertex 8.984916477457055 -21.691507216666302 5.999999999999998
      vertex 8.652120169275742 -20.88806585594728 7.500000000000002
    endloop
  endfacet
  facet normal 0 0 0
    outer loop
      vertex 4.580470698827719 -23.02758123674187 5.999999999999998
      vertex 8.652120169275742 -20.88806585594728 7.500000000000002
      vertex 4.4108126121747 -22.174652437552638 7.500000000000002
    endloop
  endfacet
  facet normal 0 0 0
    outer loop
      vertex 8.984916477457055 -21.691507216666302 5.999999999999998
      vertex 13.044076954656909 -19.52184073899165 5.999999999999998
      vertex 12.560931600436389 -18.798762617660163 7.500000000000002
    endloop
  endfacet
  facet normal 0 0 0
    outer loop
      vertex 8.984916477457055 -21.691507216666302 5.999999999999998
      vertex 12.560931600436389 -18.798762617660163 7.500000000000002
      vertex 8.652120169275742 -20.88806585594728 7.500000000000002
    endloop
  endfacet
  facet normal 0 0 0
    outer loop
      vertex 13.044076954656909 -19.52184073899165 5.999999999999998
      vertex 16.601960869691947 -16.601960869691958 5.999999999999998
      vertex 15.98703347444388 -15.987033474443889 7.500000000000002
    endloop
  endfacet
  facet normal 0 0 0
    outer loop
      vertex 13.044076954656909 -19.52184073899165 5.999999999999998
      vertex 15.98703347444388 -15.987033474443889 7.500000000000002
      vertex 12.560931600436389 -18.798762617660163 7.500000000000002
    endloop
  endfacet
  facet normal 0 0 0
    outer loop
      vertex 16.601960869691947 -16.601960869691958 5.999999999999998
      vertex 19.521840738991646 -13.044076954656916 5.999999999999998
      vertex 18.798762617660156 -12.560931600436396 7.500000000000002
    endloop
  endfacet
  facet normal 0 0 0
    outer loop
      vertex 16.601960869691947 -16.601960869691958 5.999999999999998
      vertex 18.798762617660156 -12.560931600436396 7.500000000000002
      vertex 15.98703347444388 -15.987033474443889 7.500000000000002
    endloop
  endfacet
  facet normal 0 0 0
    outer loop
      vertex 19.521840738991646 -13.044076954656916 5.999999999999998
      vertex 21.6915072166663 -8.984916477457064 5.999999999999998
      vertex 20.888065855947275 -8.65212016927575 7.500000000000002
    endloop
  endfacet
  facet normal 0 0 0
    outer loop
      vertex 19.521840738991646 -13.044076954656916 5.999999999999998
      vertex 20.888065855947275 -8.65212016927575 7.500000000000002
      vertex 18.798762617660156 -12.560931600436396 7.500000000000002
    endloop
  endfacet
  facet normal 0 0 0
    outer loop
      vertex 21.6915072166663 -8.984916477457064 5.999999999999998
      vertex 23.027581236741867 -4.580470698827729 5.999999999999998
      vertex 22.174652437552638 -4.41081261217471 7.500000000000002
    endloop
  endfacet
  facet normal 0 0 0
    outer loop
      vertex 21.6915072166663 -8.984916477457064 5.999999999999998
      vertex 22.174652437552638 -4.41081261217471 7.500000000000002
      vertex 20.888065855947275 -8.65212016927575 7.500000000000002
    endloop
  endfacet
  facet normal 0 0 0
    outer loop
      vertex 23.027581236741867 -4.580470698827729 5.999999999999998
      vertex 23.478718223905783 0 5.999999999999998
      vertex 22.609079561671205 0 7.500000000000002
    endloop
  endfacet
  facet normal 0 0 0
    outer loop
      vertex 23.027581236741867 -4.580470698827729 5.999999999999998
      vertex 22.609079561671205 0 7.500000000000002
      vertex 22.174652437552638 -4.41081261217471 7.500000000000002
    endloop
  endfacet
  facet normal 0 0 0
    outer loop
      vertex 22.609079561671205 0 7.500000000000002
      vertex 22.174652437552638 4.410812612174699 7.500000000000002
      vertex 21.115332542620504 4.2001007840613775 9
    endloop
  endfacet
  facet normal 0 0 0
    outer loop
      vertex 22.609079561671205 0 7.500000000000002
      vertex 21.115332542620504 4.2001007840613775 9
      vertex 21.529006363084235 0 9
    endloop
  endfacet
  facet normal 0 0 0
    outer loop
      vertex 22.174652437552638 4.410812612174699 7.500000000000002
      vertex 20.888065855947282 8.652120169275737 7.500000000000002
      vertex 19.890208334158782 8.238794050434933 9
    endloop
  endfacet
  facet normal 0 0 0
    outer loop
      vertex 22.174652437552638 4.410812612174699 7.500000000000002
      vertex 19.890208334158782 8.238794050434933 9
      vertex 21.115332542620504 4.2001007840613775 9
    endloop
  endfacet
  facet normal 0 0 0
    outer loop
      vertex 20.888065855947282 8.652120169275737 7.500000000000002
      vertex 18.798762617660156 12.560931600436396 7.500000000000002
      vertex 17.900714573972678 11.960875081819207 9
    endloop
  endfacet
  facet normal 0 0 0
    outer loop
      vertex 20.888065855947282 8.652120169275737 7.500000000000002
      vertex 17.900714573972678 11.960875081819207 9
      vertex 19.890208334158782 8.238794050434933 9
    endloop
  endfacet
  facet normal 0 0 0
    outer loop
      vertex 18.798762617660156 12.560931600436396 7.500000000000002
      vertex 15.987033474443885 15.987033474443884 7.500000000000002
      vertex 15.223306391545195 15.223306391545192 9
    endloop
  endfacet
  facet normal 0 0 0
    outer loop
      vertex 18.798762617660156 12.560931600436396 7.500000000000002
      vertex 15.223306391545195 15.223306391545192 9
      vertex 17.900714573972678 11.960875081819207 9
    endloop
  endfacet
  facet normal 0 0 0
    outer loop
      vertex 15.987033474443885 15.987033474443884 7.500000000000002
      vertex 12.5609316004364 18.798762617660156 7.500000000000002
      vertex 11.960875081819209 17.900714573972678 9
    endloop
  endfacet
  facet normal 0 0 0
    outer loop
      vertex 15.987033474443885 15.987033474443884 7.500000000000002
      vertex 11.960875081819209 17.900714573972678 9
      vertex 15.223306391545195 15.223306391545192 9
    endloop
  endfacet
  facet normal 0 0 0
    outer loop
      vertex 12.5609316004364 18.798762617660156 7.500000000000002
      vertex 8.652120169275738 20.888065855947282 7.500000000000002
      vertex 8.238794050434935 19.890208334158782 9
    endloop
  endfacet
  facet normal 0 0 0
    outer loop
      vertex 12.5609316004364 18.798762617660156 7.500000000000002
      vertex 8.238794050434935 19.890208334158782 9
      vertex 11.960875081819209 17.900714573972678 9
    endloop
  endfacet
  facet normal 0 0 0
    outer loop
      vertex 8.652120169275738 20.888065855947282 7.500000000000002
      vertex 4.410812612174701 22.174652437552638 7.500000000000002
      vertex 4.200100784061379 21.115332542620504 9
    endloop
  endfacet
  facet normal 0 0 0
    outer loop
      vertex 8.652120169275738 20.888065855947282 7.500000000000002
      vertex 4.200100784061379 21.115332542620504 9
      vertex 8.238794050434935 19.890208334158782 9
    endloop
  endfacet
  facet normal 0 0 0
    outer loop
      vertex 4.410812612174701 22.174652437552638 7.500000000000002
      vertex 1.3844068458434242e-15 22.609079561671205 7.500000000000002
      vertex 1.3182714365687055e-15 21.529006363084235 9
    endloop
  endfacet
  facet normal 0 0 0
    outer loop
      vertex 4.410812612174701 22.174652437552638 7.500000000000002
      vertex 1.3182714365687055e-15 21.529006363084235 9
      vertex 4.200100784061379 21.115332542620504 9
    endloop
  endfacet
  facet normal 0 0 0
    outer loop
      vertex 1.3844068458434242e-15 22.609079561671205 7.500000000000002
      vertex -4.4108126121746976 22.174652437552638 7.500000000000002
      vertex -4.200100784061377 21.115332542620504 9
    endloop
  endfacet
  facet normal 0 0 0
    outer loop
      vertex 1.3844068458434242e-15 22.609079561671205 7.500000000000002
      vertex -4.200100784061377 21.115332542620504 9
      vertex 1.3182714365687055e-15 21.529006363084235 9
    endloop
  endfacet
  facet normal 0 0 0
    outer loop
      vertex -4.4108126121746976 22.174652437552638 7.500000000000002
      vertex -8.652120169275735 20.888065855947282 7.500000000000002
      vertex -8.238794050434933 19.890208334158782 9
    endloop
  endfacet
  facet normal 0 0 0
    outer loop
      vertex -4.4108126121746976 22.174652437552638 7.500000000000002
      vertex -8.238794050434933 19.890208334158782 9
      vertex -4.200100784061377 21.115332542620504 9
    endloop
  endfacet
  facet normal 0 0 0
    outer loop
      vertex -8.652120169275735 20.888065855947282 7.500000000000002
      vertex -12.560931600436392 18.79876261766016 7.500000000000002
      vertex -11.960875081819202 17.90071457397268 9
    endloop
  endfacet
  facet normal 0 0 0
    outer loop
      vertex -8.652120169275735 20.888065855947282 7.500000000000002
      vertex -11.960875081819202 17.90071457397268 9
      vertex -8.238794050434933 19.890208334158782 9
    endloop
  endfacet
  facet normal 0 0 0
    outer loop
      vertex -12.560931600436392 18.79876261766016 7.500000000000002
      vertex -15.987033474443884 15.987033474443885 7.500000000000002
      vertex -15.223306391545192 15.223306391545195 9
    endloop
  endfacet
  facet normal 0 0 0
    outer loop
      vertex -12.560931600436392 18.79876261766016 7.500000000000002
      vertex -15.223306391545192 15.223306391545195 9
      vertex -11.960875081819202 17.90071457397268 9
    endloop
  endfacet
  facet normal 0 0 0
    outer loop
      vertex -15.987033474443884 15.987033474443885 7.500000000000002
      vertex -18.79876261766016 12.560931600436396 7.500000000000002
      vertex -17.90071457397268 11.960875081819207 9
    endloop
  endfacet
  facet normal 0 0 0
    outer loop
      vertex -15.987033474443884 15.987033474443885 7.500000000000002
      vertex -17.90071457397268 11.960875081819207 9
      vertex -15.223306391545192 15.223306391545195 9
    endloop
  endfacet
  facet normal 0 0 0
    outer loop
      vertex -18.79876261766016 12.560931600436396 7.500000000000002
      vertex -20.888065855947282 8.652120169275738 7.500000000000002
      vertex -19.890208334158782 8.238794050434937 9
    endloop
  endfacet
  facet normal 0 0 0
    outer loop
      vertex -18.79876261766016 12.560931600436396 7.500000000000002
      vertex -19.890208334158782 8.238794050434937 9
      vertex -17.90071457397268 11.960875081819207 9
    endloop
  endfacet
  facet normal 0 0 0
    outer loop
      vertex -20.888065855947282 8.652120169275738 7.500000000000002
      vertex -22.174652437552638 4.410812612174707 7.500000000000002
      vertex -21.115332542620504 4.2001007840613855 9
    endloop
  endfacet
  facet normal 0 0 0
    outer loop
      vertex -20.888065855947282 8.652120169275738 7.500000000000002
      vertex -21.115332542620504 4.2001007840613855 9
      vertex -19.890208334158782 8.238794050434937 9
    endloop
  endfacet
  facet normal 0 0 0
    outer loop
      vertex -22.174652437552638 4.410812612174707 7.500000000000002
      vertex -22.609079561671205 2.7688136916868483e-15 7.500000000000002
      vertex -21.529006363084235 2.636542873137411e-15 9
    endloop
  endfacet
  facet normal 0 0 0
    outer loop
      vertex -22.174652437552638 4.410812612174707 7.500000000000002
      vertex -21.529006363084235 2.636542873137411e-15 9
      vertex -21.115332542620504 4.2001007840613855 9
    endloop
  endfacet
  facet normal 0 0 0
    outer loop
      vertex -22.609079561671205 2.7688136916868483e-15 7.500000000000002
      vertex -22.174652437552638 -4.410812612174702 7.500000000000002
      vertex -21.115332542620504 -4.20010078406138 9
    endloop
  endfacet
  facet normal 0 0 0
    outer loop
      vertex -22.609079561671205 2.7688136916868483e-15 7.500000000000002
      vertex -21.115332542620504 -4.20010078406138 9
      vertex -21.529006363084235 2.636542873137411e-15 9
    endloop
  endfacet
  facet normal 0 0 0
    outer loop
      vertex -22.174652437552638 -4.410812612174702 7.500000000000002
      vertex -20.888065855947282 -8.652120169275733 7.500000000000002
      vertex -19.890208334158782 -8.23879405043493 9
    endloop
  endfacet
  facet normal 0 0 0
    outer loop
      vertex -22.174652437552638 -4.410812612174702 7.500000000000002
      vertex -19.890208334158782 -8.23879405043493 9
      vertex -21.115332542620504 -4.20010078406138 9
    endloop
  endfacet
  facet normal 0 0 0
    outer loop
      vertex -20.888065855947282 -8.652120169275733 7.500000000000002
      vertex -18.798762617660163 -12.560931600436392 7.500000000000002
      vertex -17.900714573972685 -11.960875081819202 9
    endloop
  endfacet
  facet normal 0 0 0
    outer loop
      vertex -20.888065855947282 -8.652120169275733 7.500000000000002
      vertex -17.900714573972685 -11.960875081819202 9
      vertex -19.890208334158782 -8.23879405043493 9
    endloop
  endfacet
  facet normal 0 0 0
    outer loop
      vertex -18.798762617660163 -12.560931600436392 7.500000000000002
      vertex -15.987033474443889 -15.987033474443884 7.500000000000002
      vertex -15.223306391545197 -15.223306391545192 9
    endloop
  endfacet
  facet normal 0 0 0
    outer loop
      vertex -18.798762617660163 -12.560931600436392 7.500000000000002
      vertex -15.223306391545197 -15.223306391545192 9
      vertex -17.900714573972685 -11.960875081819202 9
    endloop
  endfacet
  facet normal 0 0 0
    outer loop
      vertex -15.987033474443889 -15.987033474443884 7.500000000000002
      vertex -12.560931600436396 -18.798762617660156 7.500000000000002
      vertex -11.960875081819207 -17.900714573972678 9
    endloop
  endfacet
  facet normal 0 0 0
    outer loop
      vertex -15.987033474443889 -15.987033474443884 7.500000000000002
      vertex -11.960875081819207 -17.900714573972678 9
      vertex -15.223306391545197 -15.223306391545192 9
    endloop
  endfacet
  facet normal 0 0 0
    outer loop
      vertex -12.560931600436396 -18.798762617660156 7.500000000000002
      vertex -8.652120169275749 -20.888065855947275 7.500000000000002
      vertex -8.238794050434946 -19.890208334158775 9
    endloop
  endfacet
  facet normal 0 0 0
    outer loop
      vertex -12.560931600436396 -18.798762617660156 7.500000000000002
      vertex -8.238794050434946 -19.890208334158775 9
      vertex -11.960875081819207 -17.900714573972678 9
    endloop
  endfacet
  facet normal 0 0 0
    outer loop
      vertex -8.652120169275749 -20.888065855947275 7.500000000000002
      vertex -4.410812612174708 -22.174652437552638 7.500000000000002
      vertex -4.200100784061386 -21.1153325426205 9
    endloop
  endfacet
  facet normal 0 0 0
    outer loop
      vertex -8.652120169275749 -20.888065855947275 7.500000000000002
      vertex -4.200100784061386 -21.1153325426205 9
      vertex -8.238794050434946 -19.890208334158775 9
    endloop
  endfacet
  facet normal 0 0 0
    outer loop
      vertex -4.410812612174708 -22.174652437552638 7.500000000000002
      vertex -4.153220537530272e-15 -22.609079561671205 7.500000000000002
      vertex -3.954814309706116e-15 -21.529006363084235 9
    endloop
  endfacet
  facet normal 0 0 0
    outer loop
      vertex -4.410812612174708 -22.174652437552638 7.500000000000002
      vertex -3.954814309706116e-15 -21.529006363084235 9
      vertex -4.200100784061386 -21.1153325426205 9
    endloop
  endfacet
  facet normal 0 0 0
    outer loop
      vertex -4.153220537530272e-15 -22.609079561671205 7.500000000000002
      vertex 4.4108126121747 -22.174652437552638 7.500000000000002
      vertex 4.200100784061378 -21.115332542620504 9
    endloop
  endfacet
  facet normal 0 0 0
    outer loop
      vertex -4.153220537530272e-15 -22.609079561671205 7.500000000000002
      vertex 4.200100784061378 -21.115332542620504 9
      vertex -3.954814309706116e-15 -21.529006363084235 9
    endloop
  endfacet
  facet normal 0 0 0
    outer loop
      vertex 4.4108126121747 -22.174652437552638 7.500000000000002
      vertex 8.652120169275742 -20.88806585594728 7.500000000000002
      vertex 8.238794050434938 -19.89020833415878 9
    endloop
  endfacet
  facet normal 0 0 0
    outer loop
      vertex 4.4108126121747 -22.174652437552638 7.500000000000002
      vertex 8.238794050434938 -19.89020833415878 9
      vertex 4.200100784061378 -21.115332542620504 9
    endloop
  endfacet
  facet normal 0 0 0
    outer loop
      vertex 8.652120169275742 -20.88806585594728 7.500000000000002
      vertex 12.560931600436389 -18.798762617660163 7.500000000000002
      vertex 11.9608750818192 -17.900714573972685 9
    endloop
  endfacet
  facet normal 0 0 0
    outer loop
      vertex 8.652120169275742 -20.88806585594728 7.500000000000002
      vertex 11.9608750818192 -17.900714573972685 9
      vertex 8.238794050434938 -19.89020833415878 9
    endloop
  endfacet
  facet normal 0 0 0
    outer loop
      vertex 12.560931600436389 -18.798762617660163 7.500000000000002
      vertex 15.98703347444388 -15.987033474443889 7.500000000000002
      vertex 15.22330639154519 -15.223306391545197 9
    endloop
  endfacet
  facet normal 0 0 0
    outer loop
      vertex 12.560931600436389 -18.798762617660163 7.500000000000002
      vertex 15.22330639154519 -15.223306391545197 9
      vertex 11.9608750818192 -17.900714573972685 9
    endloop
  endfacet
  facet normal 0 0 0
    outer loop
      vertex 15.98703347444388 -15.987033474443889 7.500000000000002
      vertex 18.798762617660156 -12.560931600436396 7.500000000000002
      vertex 17.900714573972678 -11.960875081819207 9
    endloop
  endfacet
  facet normal 0 0 0
    outer loop
      vertex 15.98703347444388 -15.987033474443889 7.500000000000002
      vertex 17.900714573972678 -11.960875081819207 9
      vertex 15.22330639154519 -15.223306391545197 9
    endloop
  endfacet
  facet normal 0 0 0
    outer loop
      vertex 18.798762617660156 -12.560931600436396 7.500000000000002
      vertex 20.888065855947275 -8.65212016927575 7.500000000000002
      vertex 19.890208334158775 -8.238794050434947 9
    endloop
  endfacet
  facet normal 0 0 0
    outer loop
      vertex 18.798762617660156 -12.560931600436396 7.500000000000002
      vertex 19.890208334158775 -8.238794050434947 9
      vertex 17.900714573972678 -11.960875081819207 9
    endloop
  endfacet
  facet normal 0 0 0
    outer loop
      vertex 20.888065855947275 -8.65212016927575 7.500000000000002
      vertex 22.174652437552638 -4.41081261217471 7.500000000000002
      vertex 21.1153325426205 -4.200100784061387 9
    endloop
  endfacet
  facet normal 0 0 0
    outer loop
      vertex 20.888065855947275 -8.65212016927575 7.500000000000002
      vertex 21.1153325426205 -4.200100784061387 9
      vertex 19.890208334158775 -8.238794050434947 9
    endloop
  endfacet
  facet normal 0 0 0
    outer loop
      vertex 22.174652437552638 -4.41081261217471 7.500000000000002
      vertex 22.609079561671205 0 7.500000000000002
      vertex 21.529006363084235 0 9
    endloop
  endfacet
  facet normal 0 0 0
    outer loop
      vertex 22.174652437552638 -4.41081261217471 7.500000000000002
      vertex 21.529006363084235 0 9
      vertex 21.1153325426205 -4.200100784061387 9
    endloop
  endfacet
  facet normal 0 0 0
    outer loop
      vertex 21.529006363084235 0 9
      vertex 21.115332542620504 4.2001007840613775 9
      vertex 19.833584266017944 3.9451451999775657 10.499999999999998
    endloop
  endfacet
  facet normal 0 0 0
    outer loop
      vertex 21.529006363084235 0 9
      vertex 19.833584266017944 3.9451451999775657 10.499999999999998
      vertex 20.222147153211516 0 10.499999999999998
    endloop
  endfacet
  facet normal 0 0 0
    outer loop
      vertex 21.115332542620504 4.2001007840613775 9
      vertex 19.890208334158782 8.238794050434933 9
      vertex 18.682827858283503 7.738680682382912 10.499999999999998
    endloop
  endfacet
  facet normal 0 0 0
    outer loop
      vertex 21.115332542620504 4.2001007840613775 9
      vertex 18.682827858283503 7.738680682382912 10.499999999999998
      vertex 19.833584266017944 3.9451451999775657 10.499999999999998
    endloop
  endfacet
  facet normal 0 0 0
    outer loop
      vertex 19.890208334158782 8.238794050434933 9
      vertex 17.900714573972678 11.960875081819207 9
      vertex 16.814100853405797 11.234823006066406 10.499999999999998
    endloop
  endfacet
  facet normal 0 0 0
    outer loop
      vertex 19.890208334158782 8.238794050434933 9
      vertex 16.814100853405797 11.234823006066406 10.499999999999998
      vertex 18.682827858283503 7.738680682382912 10.499999999999998
    endloop
  endfacet
  facet normal 0 0 0
    outer loop
      vertex 17.900714573972678 11.960875081819207 9
      vertex 15.223306391545195 15.223306391545192 9
      vertex 14.299217382188102 14.299217382188099 10.499999999999998
    endloop
  endfacet
  facet normal 0 0 0
    outer loop
      vertex 17.900714573972678 11.960875081819207 9
      vertex 14.299217382188102 14.299217382188099 10.499999999999998
      vertex 16.814100853405797 11.234823006066406 10.499999999999998
    endloop
  endfacet
  facet normal 0 0 0
    outer loop
      vertex 15.223306391545195 15.223306391545192 9
      vertex 11.960875081819209 17.900714573972678 9
      vertex 11.234823006066408 16.814100853405797 10.499999999999998
    endloop
  endfacet
  facet normal 0 0 0
    outer loop
      vertex 15.223306391545195 15.223306391545192 9
      vertex 11.234823006066408 16.814100853405797 10.499999999999998
      vertex 14.299217382188102 14.299217382188099 10.499999999999998
    endloop
  endfacet
  facet normal 0 0 0
    outer loop
      vertex 11.960875081819209 17.900714573972678 9
      vertex 8.238794050434935 19.890208334158782 9
      vertex 7.738680682382913 18.682827858283503 10.499999999999998
    endloop
  endfacet
  facet normal 0 0 0
    outer loop
      vertex 11.960875081819209 17.900714573972678 9
      vertex 7.738680682382913 18.682827858283503 10.499999999999998
      vertex 11.234823006066408 16.814100853405797 10.499999999999998
    endloop
  endfacet
  facet normal 0 0 0
    outer loop
      vertex 8.238794050434935 19.890208334158782 9
      vertex 4.200100784061379 21.115332542620504 9
      vertex 3.9451451999775675 19.833584266017944 10.499999999999998
    endloop
  endfacet
  facet normal 0 0 0
    outer loop
      vertex 8.238794050434935 19.890208334158782 9
      vertex 3.9451451999775675 19.833584266017944 10.499999999999998
      vertex 7.738680682382913 18.682827858283503 10.499999999999998
    endloop
  endfacet
  facet normal 0 0 0
    outer loop
      vertex 4.200100784061379 21.115332542620504 9
      vertex 1.3182714365687055e-15 21.529006363084235 9
      vertex 1.2382493891533622e-15 20.222147153211516 10.499999999999998
    endloop
  endfacet
  facet normal 0 0 0
    outer loop
      vertex 4.200100784061379 21.115332542620504 9
      vertex 1.2382493891533622e-15 20.222147153211516 10.499999999999998
      vertex 3.9451451999775675 19.833584266017944 10.499999999999998
    endloop
  endfacet
  facet normal 0 0 0
    outer loop
      vertex 1.3182714365687055e-15 21.529006363084235 9
      vertex -4.200100784061377 21.115332542620504 9
      vertex -3.945145199977565 19.833584266017944 10.499999999999998
    endloop
  endfacet
  facet normal 0 0 0
    outer loop
      vertex 1.3182714365687055e-15 21.529006363084235 9
      vertex -3.945145199977565 19.833584266017944 10.499999999999998
      vertex 1.2382493891533622e-15 20.222147153211516 10.499999999999998
    endloop
  endfacet
  facet normal 0 0 0
    outer loop
      vertex -4.200100784061377 21.115332542620504 9
      vertex -8.238794050434933 19.890208334158782 9
      vertex -7.738680682382911 18.682827858283503 10.499999999999998
    endloop
  endfacet
  facet normal 0 0 0
    outer loop
      vertex -4.200100784061377 21.115332542620504 9
      vertex -7.738680682382911 18.682827858283503 10.499999999999998
      vertex -3.945145199977565 19.833584266017944 10.499999999999998
    endloop
  endfacet
  facet normal 0 0 0
    outer loop
      vertex -8.238794050434933 19.890208334158782 9
      vertex -11.960875081819202 17.90071457397268 9
      vertex -11.234823006066403 16.8141008534058 10.499999999999998
    endloop
  endfacet
  facet normal 0 0 0
    outer loop
      vertex -8.238794050434933 19.890208334158782 9
      vertex -11.234823006066403 16.8141008534058 10.499999999999998
      vertex -7.738680682382911 18.682827858283503 10.499999999999998
    endloop
  endfacet
  facet normal 0 0 0
    outer loop
      vertex -11.960875081819202 17.90071457397268 9
      vertex -15.223306391545192 15.223306391545195 9
      vertex -14.299217382188099 14.299217382188102 10.499999999999998
    endloop
  endfacet
  facet normal 0 0 0
    outer loop
      vertex -11.960875081819202 17.90071457397268 9
      vertex -14.299217382188099 14.299217382188102 10.499999999999998
      vertex -11.234823006066403 16.8141008534058 10.499999999999998
    endloop
  endfacet
  facet normal 0 0 0
    outer loop
      vertex -15.223306391545192 15.223306391545195 9
      vertex -17.90071457397268 11.960875081819207 9
      vertex -16.8141008534058 11.234823006066406 10.499999999999998
    endloop
  endfacet
  facet normal 0 0 0
    outer loop
      vertex -15.223306391545192 15.223306391545195 9
      vertex -16.8141008534058 11.234823006066406 10.499999999999998
      vertex -14.299217382188099 14.299217382188102 10.499999999999998
    endloop
  endfacet
  facet normal 0 0 0
    outer loop
      vertex -17.90071457397268 11.960875081819207 9
      vertex -19.890208334158782 8.238794050434937 9
      vertex -18.682827858283503 7.738680682382914 10.499999999999998
    endloop
  endfacet
  facet normal 0 0 0
    outer loop
      vertex -17.90071457397268 11.960875081819207 9
      vertex -18.682827858283503 7.738680682382914 10.499999999999998
      vertex -16.8141008534058 11.234823006066406 10.499999999999998
    endloop
  endfacet
  facet normal 0 0 0
    outer loop
      vertex -19.890208334158782 8.238794050434937 9
      vertex -21.115332542620504 4.2001007840613855 9
      vertex -19.833584266017944 3.9451451999775733 10.499999999999998
    endloop
  endfacet
  facet normal 0 0 0
    outer loop
      vertex -19.890208334158782 8.238794050434937 9
      vertex -19.833584266017944 3.9451451999775733 10.499999999999998
      vertex -18.682827858283503 7.738680682382914 10.499999999999998
    endloop
  endfacet
  facet normal 0 0 0
    outer loop
      vertex -21.115332542620504 4.2001007840613855 9
      vertex -21.529006363084235 2.636542873137411e-15 9
      vertex -20.222147153211516 2.4764987783067244e-15 10.499999999999998
    endloop
  endfacet
  facet normal 0 0 0
    outer loop
      vertex -21.115332542620504 4.2001007840613855 9
      vertex -20.222147153211516 2.4764987783067244e-15 10.499999999999998
      vertex -19.833584266017944 3.9451451999775733 10.499999999999998
    endloop
  endfacet
  facet normal 0 0 0
    outer loop
      vertex -21.529006363084235 2.636542873137411e-15 9
      vertex -21.115332542620504 -4.20010078406138 9
      vertex -19.833584266017944 -3.945145199977568 10.499999999999998
    endloop
  endfacet
  facet normal 0 0 0
    outer loop
      vertex -21.529006363084235 2.636542873137411e-15 9
      vertex -19.833584266017944 -3.945145199977568 10.499999999999998
      vertex -20.222147153211516 2.4764987783067244e-15 10.499999999999998
    endloop
  endfacet
  facet normal 0 0 0
    outer loop
      vertex -21.115332542620504 -4.20010078406138 9
      vertex -19.890208334158782 -8.23879405043493 9
      vertex -18.682827858283506 -7.738680682382909 10.499999999999998
    endloop
  endfacet
  facet normal 0 0 0
    outer loop
      vertex -21.115332542620504 -4.20010078406138 9
      vertex -18.682827858283506 -7.738680682382909 10.499999999999998
      vertex -19.833584266017944 -3.945145199977568 10.499999999999998
    endloop
  endfacet
  facet normal 0 0 0
    outer loop
      vertex -19.890208334158782 -8.23879405043493 9
      vertex -17.900714573972685 -11.960875081819202 9
      vertex -16.8141008534058 -11.234823006066403 10.499999999999998
    endloop
  endfacet
  facet normal 0 0 0
    outer loop
      vertex -19.890208334158782 -8.23879405043493 9
      vertex -16.8141008534058 -11.234823006066403 10.499999999999998
      vertex -18.682827858283506 -7.738680682382909 10.499999999999998
    endloop
  endfacet
  facet normal 0 0 0
    outer loop
      vertex -17.900714573972685 -11.960875081819202 9
      vertex -15.223306391545197 -15.223306391545192 9
      vertex -14.299217382188104 -14.299217382188099 10.499999999999998
    endloop
  endfacet
  facet normal 0 0 0
    outer loop
      vertex -17.900714573972685 -11.960875081819202 9
      vertex -14.299217382188104 -14.299217382188099 10.499999999999998
      vertex -16.8141008534058 -11.234823006066403 10.499999999999998
    endloop
  endfacet
  facet normal 0 0 0
    outer loop
      vertex -15.223306391545197 -15.223306391545192 9
      vertex -11.960875081819207 -17.900714573972678 9
      vertex -11.234823006066406 -16.814100853405797 10.499999999999998
    endloop
  endfacet
  facet normal 0 0 0
    outer loop
      vertex -15.223306391545197 -15.223306391545192 9
      vertex -11.234823006066406 -16.814100853405797 10.499999999999998
      vertex -14.299217382188104 -14.299217382188099 10.499999999999998
    endloop
  endfacet
  facet normal 0 0 0
    outer loop
      vertex -11.960875081819207 -17.900714573972678 9
      vertex -8.238794050434946 -19.890208334158775 9
      vertex -7.738680682382923 -18.6828278582835 10.499999999999998
    endloop
  endfacet
  facet normal 0 0 0
    outer loop
      vertex -11.960875081819207 -17.900714573972678 9
      vertex -7.738680682382923 -18.6828278582835 10.499999999999998
      vertex -11.234823006066406 -16.814100853405797 10.499999999999998
    endloop
  endfacet
  facet normal 0 0 0
    outer loop
      vertex -8.238794050434946 -19.890208334158775 9
      vertex -4.200100784061386 -21.1153325426205 9
      vertex -3.945145199977574 -19.833584266017944 10.499999999999998
    endloop
  endfacet
  facet normal 0 0 0
    outer loop
      vertex -8.238794050434946 -19.890208334158775 9
      vertex -3.945145199977574 -19.833584266017944 10.499999999999998
      vertex -7.738680682382923 -18.6828278582835 10.499999999999998
    endloop
  endfacet
  facet normal 0 0 0
    outer loop
      vertex -4.200100784061386 -21.1153325426205 9
      vertex -3.954814309706116e-15 -21.529006363084235 9
      vertex -3.7147481674600866e-15 -20.222147153211516 10.499999999999998
    endloop
  endfacet
  facet normal 0 0 0
    outer loop
      vertex -4.200100784061386 -21.1153325426205 9
      vertex -3.7147481674600866e-15 -20.222147153211516 10.499999999999998
      vertex -3.945145199977574 -19.833584266017944 10.499999999999998
    endloop
  endfacet
  facet normal 0 0 0
    outer loop
      vertex -3.954814309706116e-15 -21.529006363084235 9
      vertex 4.200100784061378 -21.115332542620504 9
      vertex 3.945145199977567 -19.833584266017944 10.499999999999998
    endloop
  endfacet
  facet normal 0 0 0
    outer loop
      vertex -3.954814309706116e-15 -21.529006363084235 9
      vertex 3.945145199977567 -19.833584266017944 10.499999999999998
      vertex -3.7147481674600866e-15 -20.222147153211516 10.499999999999998
    endloop
  endfacet
  facet normal 0 0 0
    outer loop
      vertex 4.200100784061378 -21.115332542620504 9
      vertex 8.238794050434938 -19.89020833415878 9
      vertex 7.738680682382917 -18.682827858283503 10.499999999999998
    endloop
  endfacet
  facet normal 0 0 0
    outer loop
      vertex 4.200100784061378 -21.115332542620504 9
      vertex 7.738680682382917 -18.682827858283503 10.499999999999998
      vertex 3.945145199977567 -19.833584266017944 10.499999999999998
    endloop
  endfacet
  facet normal 0 0 0
    outer loop
      vertex 8.238794050434938 -19.89020833415878 9
      vertex 11.9608750818192 -17.900714573972685 9
      vertex 11.2348230060664 -16.8141008534058 10.499999999999998
    endloop
  endfacet
  facet normal 0 0 0
    outer loop
      vertex 8.238794050434938 -19.89020833415878 9
      vertex 11.2348230060664 -16.8141008534058 10.499999999999998
      vertex 7.738680682382917 -18.682827858283503 10.499999999999998
    endloop
  endfacet
  facet normal 0 0 0
    outer loop
      vertex 11.9608750818192 -17.900714573972685 9
      vertex 15.22330639154519 -15.223306391545197 9
      vertex 14.299217382188097 -14.299217382188104 10.499999999999998
    endloop
  endfacet
  facet normal 0 0 0
    outer loop
      vertex 11.9608750818192 -17.900714573972685 9
      vertex 14.299217382188097 -14.299217382188104 10.499999999999998
      vertex 11.2348230060664 -16.8141008534058 10.499999999999998
    endloop
  endfacet
  facet normal 0 0 0
    outer loop
      vertex 15.22330639154519 -15.223306391545197 9
      vertex 17.900714573972678 -11.960875081819207 9
      vertex 16.814100853405797 -11.234823006066406 10.499999999999998
    endloop
  endfacet
  facet normal 0 0 0
    outer loop
      vertex 15.22330639154519 -15.223306391545197 9
      vertex 16.814100853405797 -11.234823006066406 10.499999999999998
      vertex 14.299217382188097 -14.299217382188104 10.499999999999998
    endloop
  endfacet
  facet normal 0 0 0
    outer loop
      vertex 17.900714573972678 -11.960875081819207 9
      vertex 19.890208334158775 -8.238794050434947 9
      vertex 18.6828278582835 -7.738680682382925 10.499999999999998
    endloop
  endfacet
  facet normal 0 0 0
    outer loop
      vertex 17.900714573972678 -11.960875081819207 9
      vertex 18.6828278582835 -7.738680682382925 10.499999999999998
      vertex 16.814100853405797 -11.234823006066406 10.499999999999998
    endloop
  endfacet
  facet normal 0 0 0
    outer loop
      vertex 19.890208334158775 -8.238794050434947 9
      vertex 21.1153325426205 -4.200100784061387 9
      vertex 19.833584266017944 -3.9451451999775755 10.499999999999998
    endloop
  endfacet
  facet normal 0 0 0
    outer loop
      vertex 19.890208334158775 -8.238794050434947 9
      vertex 19.833584266017944 -3.9451451999775755 10.499999999999998
      vertex 18.6828278582835 -7.738680682382925 10.499999999999998
    endloop
  endfacet
  facet normal 0 0 0
    outer loop
      vertex 21.1153325426205 -4.200100784061387 9
      vertex 21.529006363084235 0 9
      vertex 20.222147153211516 0 10.499999999999998
    endloop
  endfacet
  facet normal 0 0 0
    outer loop
      vertex 21.1153325426205 -4.200100784061387 9
      vertex 20.222147153211516 0 10.499999999999998
      vertex 19.833584266017944 -3.9451451999775755 10.499999999999998
    endloop
  endfacet
  facet normal 0 0 0
    outer loop
      vertex 20.222147153211516 0 10.499999999999998
      vertex 19.833584266017944 3.9451451999775657 10.499999999999998
      vertex 18.301848164645758 3.6404639458527366 12.000000000000002
    endloop
  endfacet
  facet normal 0 0 0
    outer loop
      vertex 20.222147153211516 0 10.499999999999998
      vertex 18.301848164645758 3.6404639458527366 12.000000000000002
      vertex 18.660402567543954 0 12.000000000000002
    endloop
  endfacet
  facet normal 0 0 0
    outer loop
      vertex 19.833584266017944 3.9451451999775657 10.499999999999998
      vertex 18.682827858283503 7.738680682382912 10.499999999999998
      vertex 17.239964000574922 7.141026903862055 12.000000000000002
    endloop
  endfacet
  facet normal 0 0 0
    outer loop
      vertex 19.833584266017944 3.9451451999775657 10.499999999999998
      vertex 17.239964000574922 7.141026903862055 12.000000000000002
      vertex 18.301848164645758 3.6404639458527366 12.000000000000002
    endloop
  endfacet
  facet normal 0 0 0
    outer loop
      vertex 18.682827858283503 7.738680682382912 10.499999999999998
      vertex 16.814100853405797 11.234823006066406 10.499999999999998
      vertex 15.515557688245192 10.367164202689978 12.000000000000002
    endloop
  endfacet
  facet normal 0 0 0
    outer loop
      vertex 18.682827858283503 7.738680682382912 10.499999999999998
      vertex 15.515557688245192 10.367164202689978 12.000000000000002
      vertex 17.239964000574922 7.141026903862055 12.000000000000002
    endloop
  endfacet
  facet normal 0 0 0
    outer loop
      vertex 16.814100853405797 11.234823006066406 10.499999999999998
      vertex 14.299217382188102 14.299217382188099 10.499999999999998
      vertex 13.194897195181193 13.194897195181191 12.000000000000002
    endloop
  endfacet
  facet normal 0 0 0
    outer loop
      vertex 16.814100853405797 11.234823006066406 10.499999999999998
      vertex 13.194897195181193 13.194897195181191 12.000000000000002
      vertex 15.515557688245192 10.367164202689978 12.000000000000002
    endloop
  endfacet
  facet normal 0 0 0
    outer loop
      vertex 14.299217382188102 14.299217382188099 10.499999999999998
      vertex 11.234823006066408 16.814100853405797 10.499999999999998
      vertex 10.36716420268998 15.515557688245192 12.000000000000002
    endloop
  endfacet
  facet normal 0 0 0
    outer loop
      vertex 14.299217382188102 14.299217382188099 10.499999999999998
      vertex 10.36716420268998 15.515557688245192 12.000000000000002
      vertex 13.194897195181193 13.194897195181191 12.000000000000002
    endloop
  endfacet
  facet normal 0 0 0
    outer loop
      vertex 11.234823006066408 16.814100853405797 10.499999999999998
      vertex 7.738680682382913 18.682827858283503 10.499999999999998
      vertex 7.1410269038620555 17.239964000574922 12.000000000000002
    endloop
  endfacet
  facet normal 0 0 0
    outer loop
      vertex 11.234823006066408 16.814100853405797 10.499999999999998
      vertex 7.1410269038620555 17.239964000574922 12.000000000000002
      vertex 10.36716420268998 15.515557688245192 12.000000000000002
    endloop
  endfacet
  facet normal 0 0 0
    outer loop
      vertex 7.738680682382913 18.682827858283503 10.499999999999998
      vertex 3.9451451999775675 19.833584266017944 10.499999999999998
      vertex 3.640463945852738 18.301848164645758 12.000000000000002
    endloop
  endfacet
  facet normal 0 0 0
    outer loop
      vertex 7.738680682382913 18.682827858283503 10.499999999999998
      vertex 3.640463945852738 18.301848164645758 12.000000000000002
      vertex 7.1410269038620555 17.239964000574922 12.000000000000002
    endloop
  endfacet
  facet normal 0 0 0
    outer loop
      vertex 3.9451451999775675 19.833584266017944 10.499999999999998
      vertex 1.2382493891533622e-15 20.222147153211516 10.499999999999998
      vertex 1.1426201137571877e-15 18.660402567543954 12.000000000000002
    endloop
  endfacet
  facet normal 0 0 0
    outer loop
      vertex 3.9451451999775675 19.833584266017944 10.499999999999998
      vertex 1.1426201137571877e-15 18.660402567543954 12.000000000000002
      vertex 3.640463945852738 18.301848164645758 12.000000000000002
    endloop
  endfacet
  facet normal 0 0 0
    outer loop
      vertex 1.2382493891533622e-15 20.222147153211516 10.499999999999998
      vertex -3.945145199977565 19.833584266017944 10.499999999999998
      vertex -3.6404639458527353 18.301848164645758 12.000000000000002
    endloop
  endfacet
  facet normal 0 0 0
    outer loop
      vertex 1.2382493891533622e-15 20.222147153211516 10.499999999999998
      vertex -3.6404639458527353 18.301848164645758 12.000000000000002
      vertex 1.1426201137571877e-15 18.660402567543954 12.000000000000002
    endloop
  endfacet
  facet normal 0 0 0
    outer loop
      vertex -3.945145199977565 19.833584266017944 10.499999999999998
      vertex -7.738680682382911 18.682827858283503 10.499999999999998
      vertex -7.141026903862054 17.239964000574922 12.000000000000002
    endloop
  endfacet
  facet normal 0 0 0
    outer loop
      vertex -3.945145199977565 19.833584266017944 10.499999999999998
      vertex -7.141026903862054 17.239964000574922 12.000000000000002
      vertex -3.6404639458527353 18.301848164645758 12.000000000000002
    endloop
  endfacet
  facet normal 0 0 0
    outer loop
      vertex -7.738680682382911 18.682827858283503 10.499999999999998
      vertex -11.234823006066403 16.8141008534058 10.499999999999998
      vertex -10.367164202689974 15.515557688245194 12.000000000000002
    endloop
  endfacet
  facet normal 0 0 0
    outer loop
      vertex -7.738680682382911 18.682827858283503 10.499999999999998
      vertex -10.367164202689974 15.515557688245194 12.000000000000002
      vertex -7.141026903862054 17.239964000574922 12.000000000000002
    endloop
  endfacet
  facet normal 0 0 0
    outer loop
      vertex -11.234823006066403 16.8141008534058 10.499999999999998
      vertex -14.299217382188099 14.299217382188102 10.499999999999998
      vertex -13.194897195181191 13.194897195181193 12.000000000000002
    endloop
  endfacet
  facet normal 0 0 0
    outer loop
      vertex -11.234823006066403 16.8141008534058 10.499999999999998
      vertex -13.194897195181191 13.194897195181193 12.000000000000002
      vertex -10.367164202689974 15.515557688245194 12.000000000000002
    endloop
  endfacet
  facet normal 0 0 0
    outer loop
      vertex -14.299217382188099 14.299217382188102 10.499999999999998
      vertex -16.8141008534058 11.234823006066406 10.499999999999998
      vertex -15.515557688245194 10.367164202689978 12.000000000000002
    endloop
  endfacet
  facet normal 0 0 0
    outer loop
      vertex -14.299217382188099 14.299217382188102 10.499999999999998
      vertex -15.515557688245194 10.367164202689978 12.000000000000002
      vertex -13.194897195181191 13.194897195181193 12.000000000000002
    endloop
  endfacet
  facet normal 0 0 0
    outer loop
      vertex -16.8141008534058 11.234823006066406 10.499999999999998
      vertex -18.682827858283503 7.738680682382914 10.499999999999998
      vertex -17.239964000574922 7.141026903862056 12.000000000000002
    endloop
  endfacet
  facet normal 0 0 0
    outer loop
      vertex -16.8141008534058 11.234823006066406 10.499999999999998
      vertex -17.239964000574922 7.141026903862056 12.000000000000002
      vertex -15.515557688245194 10.367164202689978 12.000000000000002
    endloop
  endfacet
  facet normal 0 0 0
    outer loop
      vertex -18.682827858283503 7.738680682382914 10.499999999999998
      vertex -19.833584266017944 3.9451451999775733 10.499999999999998
      vertex -18.301848164645758 3.6404639458527432 12.000000000000002
    endloop
  endfacet
  facet normal 0 0 0
    outer loop
      vertex -18.682827858283503 7.738680682382914 10.499999999999998
      vertex -18.301848164645758 3.6404639458527432 12.000000000000002
      vertex -17.239964000574922 7.141026903862056 12.000000000000002
    endloop
  endfacet
  facet normal 0 0 0
    outer loop
      vertex -19.833584266017944 3.9451451999775733 10.499999999999998
      vertex -20.222147153211516 2.4764987783067244e-15 10.499999999999998
      vertex -18.660402567543954 2.2852402275143754e-15 12.000000000000002
    endloop
  endfacet
  facet normal 0 0 0
    outer loop
      vertex -19.833584266017944 3.9451451999775733 10.499999999999998
      vertex -18.660402567543954 2.2852402275143754e-15 12.000000000000002
      vertex -18.301848164645758 3.6404639458527432 12.000000000000002
    endloop
  endfacet
  facet normal 0 0 0
    outer loop
      vertex -20.222147153211516 2.4764987783067244e-15 10.499999999999998
      vertex -19.833584266017944 -3.945145199977568 10.499999999999998
      vertex -18.301848164645758 -3.6404639458527384 12.000000000000002
    endloop
  endfacet
  facet normal 0 0 0
    outer loop
      vertex -20.222147153211516 2.4764987783067244e-15 10.499999999999998
      vertex -18.301848164645758 -3.6404639458527384 12.000000000000002
      vertex -18.660402567543954 2.2852402275143754e-15 12.000000000000002
    endloop
  endfacet
  facet normal 0 0 0
    outer loop
      vertex -19.833584266017944 -3.945145199977568 10.499999999999998
      vertex -18.682827858283506 -7.738680682382909 10.499999999999998
      vertex -17.239964000574926 -7.141026903862051 12.000000000000002
    endloop
  endfacet
  facet normal 0 0 0
    outer loop
      vertex -19.833584266017944 -3.945145199977568 10.499999999999998
      vertex -17.239964000574926 -7.141026903862051 12.000000000000002
      vertex -18.301848164645758 -3.6404639458527384 12.000000000000002
    endloop
  endfacet
  facet normal 0 0 0
    outer loop
      vertex -18.682827858283506 -7.738680682382909 10.499999999999998
      vertex -16.8141008534058 -11.234823006066403 10.499999999999998
      vertex -15.515557688245195 -10.367164202689974 12.000000000000002
    endloop
  endfacet
  facet normal 0 0 0
    outer loop
      vertex -18.682827858283506 -7.738680682382909 10.499999999999998
      vertex -15.515557688245195 -10.367164202689974 12.000000000000002
      vertex -17.239964000574926 -7.141026903862051 12.000000000000002
    endloop
  endfacet
  facet normal 0 0 0
    outer loop
      vertex -16.8141008534058 -11.234823006066403 10.499999999999998
      vertex -14.299217382188104 -14.299217382188099 10.499999999999998
      vertex -13.194897195181195 -13.194897195181191 12.000000000000002
    endloop
  endfacet
  facet normal 0 0 0
    outer loop
      vertex -16.8141008534058 -11.234823006066403 10.499999999999998
      vertex -13.194897195181195 -13.194897195181191 12.000000000000002
      vertex -15.515557688245195 -10.367164202689974 12.000000000000002
    endloop
  endfacet
  facet normal 0 0 0
    outer loop
      vertex -14.299217382188104 -14.299217382188099 10.499999999999998
      vertex -11.234823006066406 -16.814100853405797 10.499999999999998
      vertex -10.367164202689978 -15.515557688245192 12.000000000000002
    endloop
  endfacet
  facet normal 0 0 0
    outer loop
      vertex -14.299217382188104 -14.299217382188099 10.499999999999998
      vertex -10.367164202689978 -15.515557688245192 12.000000000000002
      vertex -13.194897195181195 -13.194897195181191 12.000000000000002
    endloop
  endfacet
  facet normal 0 0 0
    outer loop
      vertex -11.234823006066406 -16.814100853405797 10.499999999999998
      vertex -7.738680682382923 -18.6828278582835 10.499999999999998
      vertex -7.141026903862065 -17.23996400057492 12.000000000000002
    endloop
  endfacet
  facet normal 0 0 0
    outer loop
      vertex -11.234823006066406 -16.814100853405797 10.499999999999998
      vertex -7.141026903862065 -17.23996400057492 12.000000000000002
      vertex -10.367164202689978 -15.515557688245192 12.000000000000002
    endloop
  endfacet
  facet normal 0 0 0
    outer loop
      vertex -7.738680682382923 -18.6828278582835 10.499999999999998
      vertex -3.945145199977574 -19.833584266017944 10.499999999999998
      vertex -3.640463945852744 -18.301848164645758 12.000000000000002
    endloop
  endfacet
  facet normal 0 0 0
    outer loop
      vertex -7.738680682382923 -18.6828278582835 10.499999999999998
      vertex -3.640463945852744 -18.301848164645758 12.000000000000002
      vertex -7.141026903862065 -17.23996400057492 12.000000000000002
    endloop
  endfacet
  facet normal 0 0 0
    outer loop
      vertex -3.945145199977574 -19.833584266017944 10.499999999999998
      vertex -3.7147481674600866e-15 -20.222147153211516 10.499999999999998
      vertex -3.427860341271563e-15 -18.660402567543954 12.000000000000002
    endloop
  endfacet
  facet normal 0 0 0
    outer loop
      vertex -3.945145199977574 -19.833584266017944 10.499999999999998
      vertex -3.427860341271563e-15 -18.660402567543954 12.000000000000002
      vertex -3.640463945852744 -18.301848164645758 12.000000000000002
    endloop
  endfacet
  facet normal 0 0 0
    outer loop
      vertex -3.7147481674600866e-15 -20.222147153211516 10.499999999999998
      vertex 3.945145199977567 -19.833584266017944 10.499999999999998
      vertex 3.6404639458527375 -18.301848164645758 12.000000000000002
    endloop
  endfacet
  facet normal 0 0 0
    outer loop
      vertex -3.7147481674600866e-15 -20.222147153211516 10.499999999999998
      vertex 3.6404639458527375 -18.301848164645758 12.000000000000002
      vertex -3.427860341271563e-15 -18.660402567543954 12.000000000000002
    endloop
  endfacet
  facet normal 0 0 0
    outer loop
      vertex 3.945145199977567 -19.833584266017944 10.499999999999998
      vertex 7.738680682382917 -18.682827858283503 10.499999999999998
      vertex 7.141026903862059 -17.239964000574922 12.000000000000002
    endloop
  endfacet
  facet normal 0 0 0
    outer loop
      vertex 3.945145199977567 -19.833584266017944 10.499999999999998
      vertex 7.141026903862059 -17.239964000574922 12.000000000000002
      vertex 3.6404639458527375 -18.301848164645758 12.000000000000002
    endloop
  endfacet
  facet normal 0 0 0
    outer loop
      vertex 7.738680682382917 -18.682827858283503 10.499999999999998
      vertex 11.2348230060664 -16.8141008534058 10.499999999999998
      vertex 10.367164202689972 -15.515557688245195 12.000000000000002
    endloop
  endfacet
  facet normal 0 0 0
    outer loop
      vertex 7.738680682382917 -18.682827858283503 10.499999999999998
      vertex 10.367164202689972 -15.515557688245195 12.000000000000002
      vertex 7.141026903862059 -17.239964000574922 12.000000000000002
    endloop
  endfacet
  facet normal 0 0 0
    outer loop
      vertex 11.2348230060664 -16.8141008534058 10.499999999999998
      vertex 14.299217382188097 -14.299217382188104 10.499999999999998
      vertex 13.19489719518119 -13.194897195181195 12.000000000000002
    endloop
  endfacet
  facet normal 0 0 0
    outer loop
      vertex 11.2348230060664 -16.8141008534058 10.499999999999998
      vertex 13.19489719518119 -13.194897195181195 12.000000000000002
      vertex 10.367164202689972 -15.515557688245195 12.000000000000002
    endloop
  endfacet
  facet normal 0 0 0
    outer loop
      vertex 14.299217382188097 -14.299217382188104 10.499999999999998
      vertex 16.814100853405797 -11.234823006066406 10.499999999999998
      vertex 15.515557688245192 -10.367164202689978 12.000000000000002
    endloop
  endfacet
  facet normal 0 0 0
    outer loop
      vertex 14.299217382188097 -14.299217382188104 10.499999999999998
      vertex 15.515557688245192 -10.367164202689978 12.000000000000002
      vertex 13.19489719518119 -13.194897195181195 12.000000000000002
    endloop
  endfacet
  facet normal 0 0 0
    outer loop
      vertex 16.814100853405797 -11.234823006066406 10.499999999999998
      vertex 18.6828278582835 -7.738680682382925 10.499999999999998
      vertex 17.23996400057492 -7.141026903862066 12.000000000000002
    endloop
  endfacet
  facet normal 0 0 0
    outer loop
      vertex 16.814100853405797 -11.234823006066406 10.499999999999998
      vertex 17.23996400057492 -7.141026903862066 12.000000000000002
      vertex 15.515557688245192 -10.367164202689978 12.000000000000002
    endloop
  endfacet
  facet normal 0 0 0
    outer loop
      vertex 18.6828278582835 -7.738680682382925 10.499999999999998
      vertex 19.833584266017944 -3.9451451999775755 10.499999999999998
      vertex 18.301848164645758 -3.640463945852745 12.000000000000002
    endloop
  endfacet
  facet normal 0 0 0
    outer loop
      vertex 18.6828278582835 -7.738680682382925 10.499999999999998
      vertex 18.301848164645758 -3.640463945852745 12.000000000000002
      vertex 17.23996400057492 -7.141026903862066 12.000000000000002
    endloop
  endfacet
  facet normal 0 0 0
    outer loop
      vertex 19.833584266017944 -3.9451451999775755 10.499999999999998
      vertex 20.222147153211516 0 10.499999999999998
      vertex 18.660402567543954 0 12.000000000000002
    endloop
  endfacet
  facet normal 0 0 0
    outer loop
      vertex 19.833584266017944 -3.9451451999775755 10.499999999999998
      vertex 18.660402567543954 0 12.000000000000002
      vertex 18.301848164645758 -3.640463945852745 12.000000000000002
    endloop
  endfacet
  facet normal 0 0 0
    outer loop
      vertex 18.660402567543954 0 12.000000000000002
      vertex 18.301848164645758 3.6404639458527366 12.000000000000002
      vertex 16.469461964134354 3.275979668755196 13.5
    endloop
  endfacet
  facet normal 0 0 0
    outer loop
      vertex 18.660402567543954 0 12.000000000000002
      vertex 16.469461964134354 3.275979668755196 13.5
      vertex 16.79211779907959 0 13.5
    endloop
  endfacet
  facet normal 0 0 0
    outer loop
      vertex 18.301848164645758 3.6404639458527366 12.000000000000002
      vertex 17.239964000574922 7.141026903862055 12.000000000000002
      vertex 15.51389394208811 6.426065276030695 13.5
    endloop
  endfacet
  facet normal 0 0 0
    outer loop
      vertex 18.301848164645758 3.6404639458527366 12.000000000000002
      vertex 15.51389394208811 6.426065276030695 13.5
      vertex 16.469461964134354 3.275979668755196 13.5
    endloop
  endfacet
  facet normal 0 0 0
    outer loop
      vertex 17.239964000574922 7.141026903862055 12.000000000000002
      vertex 15.515557688245192 10.367164202689978 12.000000000000002
      vertex 13.962135676139377 9.329200798527257 13.5
    endloop
  endfacet
  facet normal 0 0 0
    outer loop
      vertex 17.239964000574922 7.141026903862055 12.000000000000002
      vertex 13.962135676139377 9.329200798527257 13.5
      vertex 15.51389394208811 6.426065276030695 13.5
    endloop
  endfacet
  facet normal 0 0 0
    outer loop
      vertex 15.515557688245192 10.367164202689978 12.000000000000002
      vertex 13.194897195181193 13.194897195181191 12.000000000000002
      vertex 11.873820366212504 11.8738203662125 13.5
    endloop
  endfacet
  facet normal 0 0 0
    outer loop
      vertex 15.515557688245192 10.367164202689978 12.000000000000002
      vertex 11.873820366212504 11.8738203662125 13.5
      vertex 13.962135676139377 9.329200798527257 13.5
    endloop
  endfacet
  facet normal 0 0 0
    outer loop
      vertex 13.194897195181193 13.194897195181191 12.000000000000002
      vertex 10.36716420268998 15.515557688245192 12.000000000000002
      vertex 9.329200798527259 13.962135676139377 13.5
    endloop
  endfacet
  facet normal 0 0 0
    outer loop
      vertex 13.194897195181193 13.194897195181191 12.000000000000002
      vertex 9.329200798527259 13.962135676139377 13.5
      vertex 11.873820366212504 11.8738203662125 13.5
    endloop
  endfacet
  facet normal 0 0 0
    outer loop
      vertex 10.36716420268998 15.515557688245192 12.000000000000002
      vertex 7.1410269038620555 17.239964000574922 12.000000000000002
      vertex 6.4260652760306955 15.51389394208811 13.5
    endloop
  endfacet
  facet normal 0 0 0
    outer loop
      vertex 10.36716420268998 15.515557688245192 12.000000000000002
      vertex 6.4260652760306955 15.51389394208811 13.5
      vertex 9.329200798527259 13.962135676139377 13.5
    endloop
  endfacet
  facet normal 0 0 0
    outer loop
      vertex 7.1410269038620555 17.239964000574922 12.000000000000002
      vertex 3.640463945852738 18.301848164645758 12.000000000000002
      vertex 3.2759796687551974 16.469461964134354 13.5
    endloop
  endfacet
  facet normal 0 0 0
    outer loop
      vertex 7.1410269038620555 17.239964000574922 12.000000000000002
      vertex 3.2759796687551974 16.469461964134354 13.5
      vertex 6.4260652760306955 15.51389394208811 13.5
    endloop
  endfacet
  facet normal 0 0 0
    outer loop
      vertex 3.640463945852738 18.301848164645758 12.000000000000002
      vertex 1.1426201137571877e-15 18.660402567543954 12.000000000000002
      vertex 1.028220665677406e-15 16.79211779907959 13.5
    endloop
  endfacet
  facet normal 0 0 0
    outer loop
      vertex 3.640463945852738 18.301848164645758 12.000000000000002
      vertex 1.028220665677406e-15 16.79211779907959 13.5
      vertex 3.2759796687551974 16.469461964134354 13.5
    endloop
  endfacet
  facet normal 0 0 0
    outer loop
      vertex 1.1426201137571877e-15 18.660402567543954 12.000000000000002
      vertex -3.6404639458527353 18.301848164645758 12.000000000000002
      vertex -3.275979668755195 16.469461964134354 13.5
    endloop
  endfacet
  facet normal 0 0 0
    outer loop
      vertex 1.1426201137571877e-15 18.660402567543954 12.000000000000002
      vertex -3.275979668755195 16.469461964134354 13.5
      vertex 1.028220665677406e-15 16.79211779907959 13.5
    endloop
  endfacet
  facet normal 0 0 0
    outer loop
      vertex -3.6404639458527353 18.301848164645758 12.000000000000002
      vertex -7.141026903862054 17.239964000574922 12.000000000000002
      vertex -6.426065276030694 15.51389394208811 13.5
    endloop
  endfacet
  facet normal 0 0 0
    outer loop
      vertex -3.6404639458527353 18.301848164645758 12.000000000000002
      vertex -6.426065276030694 15.51389394208811 13.5
      vertex -3.275979668755195 16.469461964134354 13.5
    endloop
  endfacet
  facet normal 0 0 0
    outer loop
      vertex -7.141026903862054 17.239964000574922 12.000000000000002
      vertex -10.367164202689974 15.515557688245194 12.000000000000002
      vertex -9.329200798527253 13.96213567613938 13.5
    endloop
  endfacet
  facet normal 0 0 0
    outer loop
      vertex -7.141026903862054 17.239964000574922 12.000000000000002
      vertex -9.329200798527253 13.96213567613938 13.5
      vertex -6.426065276030694 15.51389394208811 13.5
    endloop
  endfacet
  facet normal 0 0 0
    outer loop
      vertex -10.367164202689974 15.515557688245194 12.000000000000002
      vertex -13.194897195181191 13.194897195181193 12.000000000000002
      vertex -11.8738203662125 11.873820366212504 13.5
    endloop
  endfacet
  facet normal 0 0 0
    outer loop
      vertex -10.367164202689974 15.515557688245194 12.000000000000002
      vertex -11.8738203662125 11.873820366212504 13.5
      vertex -9.329200798527253 13.96213567613938 13.5
    endloop
  endfacet
  facet normal 0 0 0
    outer loop
      vertex -13.194897195181191 13.194897195181193 12.000000000000002
      vertex -15.515557688245194 10.367164202689978 12.000000000000002
      vertex -13.96213567613938 9.329200798527257 13.5
    endloop
  endfacet
  facet normal 0 0 0
    outer loop
      vertex -13.194897195181191 13.194897195181193 12.000000000000002
      vertex -13.96213567613938 9.329200798527257 13.5
      vertex -11.8738203662125 11.873820366212504 13.5
    endloop
  endfacet
  facet normal 0 0 0
    outer loop
      vertex -15.515557688245194 10.367164202689978 12.000000000000002
      vertex -17.239964000574922 7.141026903862056 12.000000000000002
      vertex -15.51389394208811 6.426065276030696 13.5
    endloop
  endfacet
  facet normal 0 0 0
    outer loop
      vertex -15.515557688245194 10.367164202689978 12.000000000000002
      vertex -15.51389394208811 6.426065276030696 13.5
      vertex -13.96213567613938 9.329200798527257 13.5
    endloop
  endfacet
  facet normal 0 0 0
    outer loop
      vertex -17.239964000574922 7.141026903862056 12.000000000000002
      vertex -18.301848164645758 3.6404639458527432 12.000000000000002
      vertex -16.469461964134354 3.2759796687552023 13.5
    endloop
  endfacet
  facet normal 0 0 0
    outer loop
      vertex -17.239964000574922 7.141026903862056 12.000000000000002
      vertex -16.469461964134354 3.2759796687552023 13.5
      vertex -15.51389394208811 6.426065276030696 13.5
    endloop
  endfacet
  facet normal 0 0 0
    outer loop
      vertex -18.301848164645758 3.6404639458527432 12.000000000000002
      vertex -18.660402567543954 2.2852402275143754e-15 12.000000000000002
      vertex -16.79211779907959 2.056441331354812e-15 13.5
    endloop
  endfacet
  facet normal 0 0 0
    outer loop
      vertex -18.301848164645758 3.6404639458527432 12.000000000000002
      vertex -16.79211779907959 2.056441331354812e-15 13.5
      vertex -16.469461964134354 3.2759796687552023 13.5
    endloop
  endfacet
  facet normal 0 0 0
    outer loop
      vertex -18.660402567543954 2.2852402275143754e-15 12.000000000000002
      vertex -18.301848164645758 -3.6404639458527384 12.000000000000002
      vertex -16.469461964134354 -3.275979668755198 13.5
    endloop
  endfacet
  facet normal 0 0 0
    outer loop
      vertex -18.660402567543954 2.2852402275143754e-15 12.000000000000002
      vertex -16.469461964134354 -3.275979668755198 13.5
      vertex -16.79211779907959 2.056441331354812e-15 13.5
    endloop
  endfacet
  facet normal 0 0 0
    outer loop
      vertex -18.301848164645758 -3.6404639458527384 12.000000000000002
      vertex -17.239964000574926 -7.141026903862051 12.000000000000002
      vertex -15.513893942088112 -6.426065276030692 13.5
    endloop
  endfacet
  facet normal 0 0 0
    outer loop
      vertex -18.301848164645758 -3.6404639458527384 12.000000000000002
      vertex -15.513893942088112 -6.426065276030692 13.5
      vertex -16.469461964134354 -3.275979668755198 13.5
    endloop
  endfacet
  facet normal 0 0 0
    outer loop
      vertex -17.239964000574926 -7.141026903862051 12.000000000000002
      vertex -15.515557688245195 -10.367164202689974 12.000000000000002
      vertex -13.962135676139381 -9.329200798527253 13.5
    endloop
  endfacet
  facet normal 0 0 0
    outer loop
      vertex -17.239964000574926 -7.141026903862051 12.000000000000002
      vertex -13.962135676139381 -9.329200798527253 13.5
      vertex -15.513893942088112 -6.426065276030692 13.5
    endloop
  endfacet
  facet normal 0 0 0
    outer loop
      vertex -15.515557688245195 -10.367164202689974 12.000000000000002
      vertex -13.194897195181195 -13.194897195181191 12.000000000000002
      vertex -11.873820366212506 -11.8738203662125 13.5
    endloop
  endfacet
  facet normal 0 0 0
    outer loop
      vertex -15.515557688245195 -10.367164202689974 12.000000000000002
      vertex -11.873820366212506 -11.8738203662125 13.5
      vertex -13.962135676139381 -9.329200798527253 13.5
    endloop
  endfacet
  facet normal 0 0 0
    outer loop
      vertex -13.194897195181195 -13.194897195181191 12.000000000000002
      vertex -10.367164202689978 -15.515557688245192 12.000000000000002
      vertex -9.329200798527257 -13.962135676139377 13.5
    endloop
  endfacet
  facet normal 0 0 0
    outer loop
      vertex -13.194897195181195 -13.194897195181191 12.000000000000002
      vertex -9.329200798527257 -13.962135676139377 13.5
      vertex -11.873820366212506 -11.8738203662125 13.5
    endloop
  endfacet
  facet normal 0 0 0
    outer loop
      vertex -10.367164202689978 -15.515557688245192 12.000000000000002
      vertex -7.141026903862065 -17.23996400057492 12.000000000000002
      vertex -6.426065276030704 -15.513893942088107 13.5
    endloop
  endfacet
  facet normal 0 0 0
    outer loop
      vertex -10.367164202689978 -15.515557688245192 12.000000000000002
      vertex -6.426065276030704 -15.513893942088107 13.5
      vertex -9.329200798527257 -13.962135676139377 13.5
    endloop
  endfacet
  facet normal 0 0 0
    outer loop
      vertex -7.141026903862065 -17.23996400057492 12.000000000000002
      vertex -3.640463945852744 -18.301848164645758 12.000000000000002
      vertex -3.275979668755203 -16.46946196413435 13.5
    endloop
  endfacet
  facet normal 0 0 0
    outer loop
      vertex -7.141026903862065 -17.23996400057492 12.000000000000002
      vertex -3.275979668755203 -16.46946196413435 13.5
      vertex -6.426065276030704 -15.513893942088107 13.5
    endloop
  endfacet
  facet normal 0 0 0
    outer loop
      vertex -3.640463945852744 -18.301848164645758 12.000000000000002
      vertex -3.427860341271563e-15 -18.660402567543954 12.000000000000002
      vertex -3.0846619970322177e-15 -16.79211779907959 13.5
    endloop
  endfacet
  facet normal 0 0 0
    outer loop
      vertex -3.640463945852744 -18.301848164645758 12.000000000000002
      vertex -3.0846619970322177e-15 -16.79211779907959 13.5
      vertex -3.275979668755203 -16.46946196413435 13.5
    endloop
  endfacet
  facet normal 0 0 0
    outer loop
      vertex -3.427860341271563e-15 -18.660402567543954 12.000000000000002
      vertex 3.6404639458527375 -18.301848164645758 12.000000000000002
      vertex 3.275979668755197 -16.469461964134354 13.5
    endloop
  endfacet
  facet normal 0 0 0
    outer loop
      vertex -3.427860341271563e-15 -18.660402567543954 12.000000000000002
      vertex 3.275979668755197 -16.469461964134354 13.5
      vertex -3.0846619970322177e-15 -16.79211779907959 13.5
    endloop
  endfacet
  facet normal 0 0 0
    outer loop
      vertex 3.6404639458527375 -18.301848164645758 12.000000000000002
      vertex 7.141026903862059 -17.239964000574922 12.000000000000002
      vertex 6.426065276030699 -15.513893942088108 13.5
    endloop
  endfacet
  facet normal 0 0 0
    outer loop
      vertex 3.6404639458527375 -18.301848164645758 12.000000000000002
      vertex 6.426065276030699 -15.513893942088108 13.5
      vertex 3.275979668755197 -16.469461964134354 13.5
    endloop
  endfacet
  facet normal 0 0 0
    outer loop
      vertex 7.141026903862059 -17.239964000574922 12.000000000000002
      vertex 10.367164202689972 -15.515557688245195 12.000000000000002
      vertex 9.329200798527252 -13.962135676139381 13.5
    endloop
  endfacet
  facet normal 0 0 0
    outer loop
      vertex 7.141026903862059 -17.239964000574922 12.000000000000002
      vertex 9.329200798527252 -13.962135676139381 13.5
      vertex 6.426065276030699 -15.513893942088108 13.5
    endloop
  endfacet
  facet normal 0 0 0
    outer loop
      vertex 10.367164202689972 -15.515557688245195 12.000000000000002
      vertex 13.19489719518119 -13.194897195181195 12.000000000000002
      vertex 11.873820366212499 -11.873820366212506 13.5
    endloop
  endfacet
  facet normal 0 0 0
    outer loop
      vertex 10.367164202689972 -15.515557688245195 12.000000000000002
      vertex 11.873820366212499 -11.873820366212506 13.5
      vertex 9.329200798527252 -13.962135676139381 13.5
    endloop
  endfacet
  facet normal 0 0 0
    outer loop
      vertex 13.19489719518119 -13.194897195181195 12.000000000000002
      vertex 15.515557688245192 -10.367164202689978 12.000000000000002
      vertex 13.962135676139377 -9.329200798527257 13.5
    endloop
  endfacet
  facet normal 0 0 0
    outer loop
      vertex 13.19489719518119 -13.194897195181195 12.000000000000002
      vertex 13.962135676139377 -9.329200798527257 13.5
      vertex 11.873820366212499 -11.873820366212506 13.5
    endloop
  endfacet
  facet normal 0 0 0
    outer loop
      vertex 15.515557688245192 -10.367164202689978 12.000000000000002
      vertex 17.23996400057492 -7.141026903862066 12.000000000000002
      vertex 15.513893942088107 -6.426065276030705 13.5
    endloop
  endfacet
  facet normal 0 0 0
    outer loop
      vertex 15.515557688245192 -10.367164202689978 12.000000000000002
      vertex 15.513893942088107 -6.426065276030705 13.5
      vertex 13.962135676139377 -9.329200798527257 13.5
    endloop
  endfacet
  facet normal 0 0 0
    outer loop
      vertex 17.23996400057492 -7.141026903862066 12.000000000000002
      vertex 18.301848164645758 -3.640463945852745 12.000000000000002
      vertex 16.46946196413435 -3.275979668755204 13.5
    endloop
  endfacet
  facet normal 0 0 0
    outer loop
      vertex 17.23996400057492 -7.141026903862066 12.000000000000002
      vertex 16.46946196413435 -3.275979668755204 13.5
      vertex 15.513893942088107 -6.426065276030705 13.5
    endloop
  endfacet
  facet normal 0 0 0
    outer loop
      vertex 18.301848164645758 -3.640463945852745 12.000000000000002
      vertex 18.660402567543954 0 12.000000000000002
      vertex 16.79211779907959 0 13.5
    endloop
  endfacet
  facet normal 0 0 0
    outer loop
      vertex 18.301848164645758 -3.640463945852745 12.000000000000002
      vertex 16.79211779907959 0 13.5
      vertex 16.46946196413435 -3.275979668755204 13.5
    endloop
  endfacet
  facet normal 0 0 0
    outer loop
      vertex 16.79211779907959 0 13.5
      vertex 16.469461964134354 3.275979668755196 13.5
      vertex 14.231138698039018 2.830749488935205 14.999999999999998
    endloop
  endfacet
  facet normal 0 0 0
    outer loop
      vertex 16.79211779907959 0 13.5
      vertex 14.231138698039018 2.830749488935205 14.999999999999998
      vertex 14.509943187756823 0 14.999999999999998
    endloop
  endfacet
  facet normal 0 0 0
    outer loop
      vertex 16.469461964134354 3.275979668755196 13.5
      vertex 15.51389394208811 6.426065276030695 13.5
      vertex 13.405439529070103 5.552714862513233 14.999999999999998
    endloop
  endfacet
  facet normal 0 0 0
    outer loop
      vertex 16.469461964134354 3.275979668755196 13.5
      vertex 13.405439529070103 5.552714862513233 14.999999999999998
      vertex 14.231138698039018 2.830749488935205 14.999999999999998
    endloop
  endfacet
  facet normal 0 0 0
    outer loop
      vertex 15.51389394208811 6.426065276030695 13.5
      vertex 13.962135676139377 9.329200798527257 13.5
      vertex 12.064576836856123 8.061292517923247 14.999999999999998
    endloop
  endfacet
  facet normal 0 0 0
    outer loop
      vertex 15.51389394208811 6.426065276030695 13.5
      vertex 12.064576836856123 8.061292517923247 14.999999999999998
      vertex 13.405439529070103 5.552714862513233 14.999999999999998
    endloop
  endfacet
  facet normal 0 0 0
    outer loop
      vertex 13.962135676139377 9.329200798527257 13.5
      vertex 11.873820366212504 11.8738203662125 13.5
      vertex 10.2600792226944 10.260079222694399 14.999999999999998
    endloop
  endfacet
  facet normal 0 0 0
    outer loop
      vertex 13.962135676139377 9.329200798527257 13.5
      vertex 10.2600792226944 10.260079222694399 14.999999999999998
      vertex 12.064576836856123 8.061292517923247 14.999999999999998
    endloop
  endfacet
  facet normal 0 0 0
    outer loop
      vertex 11.873820366212504 11.8738203662125 13.5
      vertex 9.329200798527259 13.962135676139377 13.5
      vertex 8.061292517923249 12.064576836856123 14.999999999999998
    endloop
  endfacet
  facet normal 0 0 0
    outer loop
      vertex 11.873820366212504 11.8738203662125 13.5
      vertex 8.061292517923249 12.064576836856123 14.999999999999998
      vertex 10.2600792226944 10.260079222694399 14.999999999999998
    endloop
  endfacet
  facet normal 0 0 0
    outer loop
      vertex 9.329200798527259 13.962135676139377 13.5
      vertex 6.4260652760306955 15.51389394208811 13.5
      vertex 5.552714862513234 13.405439529070103 14.999999999999998
    endloop
  endfacet
  facet normal 0 0 0
    outer loop
      vertex 9.329200798527259 13.962135676139377 13.5
      vertex 5.552714862513234 13.405439529070103 14.999999999999998
      vertex 8.061292517923249 12.064576836856123 14.999999999999998
    endloop
  endfacet
  facet normal 0 0 0
    outer loop
      vertex 6.4260652760306955 15.51389394208811 13.5
      vertex 3.2759796687551974 16.469461964134354 13.5
      vertex 2.830749488935206 14.231138698039018 14.999999999999998
    endloop
  endfacet
  facet normal 0 0 0
    outer loop
      vertex 6.4260652760306955 15.51389394208811 13.5
      vertex 2.830749488935206 14.231138698039018 14.999999999999998
      vertex 5.552714862513234 13.405439529070103 14.999999999999998
    endloop
  endfacet
  facet normal 0 0 0
    outer loop
      vertex 3.2759796687551974 16.469461964134354 13.5
      vertex 1.028220665677406e-15 16.79211779907959 13.5
      vertex 8.884777740348168e-16 14.509943187756823 14.999999999999998
    endloop
  endfacet
  facet normal 0 0 0
    outer loop
      vertex 3.2759796687551974 16.469461964134354 13.5
      vertex 8.884777740348168e-16 14.509943187756823 14.999999999999998
      vertex 2.830749488935206 14.231138698039018 14.999999999999998
    endloop
  endfacet
  facet normal 0 0 0
    outer loop
      vertex 1.028220665677406e-15 16.79211779907959 13.5
      vertex -3.275979668755195 16.469461964134354 13.5
      vertex -2.8307494889352043 14.231138698039018 14.999999999999998
    endloop
  endfacet
  facet normal 0 0 0
    outer loop
      vertex 1.028220665677406e-15 16.79211779907959 13.5
      vertex -2.8307494889352043 14.231138698039018 14.999999999999998
      vertex 8.884777740348168e-16 14.509943187756823 14.999999999999998
    endloop
  endfacet
  facet normal 0 0 0
    outer loop
      vertex -3.275979668755195 16.469461964134354 13.5
      vertex -6.426065276030694 15.51389394208811 13.5
      vertex -5.552714862513232 13.405439529070103 14.999999999999998
    endloop
  endfacet
  facet normal 0 0 0
    outer loop
      vertex -3.275979668755195 16.469461964134354 13.5
      vertex -5.552714862513232 13.405439529070103 14.999999999999998
      vertex -2.8307494889352043 14.231138698039018 14.999999999999998
    endloop
  endfacet
  facet normal 0 0 0
    outer loop
      vertex -6.426065276030694 15.51389394208811 13.5
      vertex -9.329200798527253 13.96213567613938 13.5
      vertex -8.061292517923244 12.064576836856125 14.999999999999998
    endloop
  endfacet
  facet normal 0 0 0
    outer loop
      vertex -6.426065276030694 15.51389394208811 13.5
      vertex -8.061292517923244 12.064576836856125 14.999999999999998
      vertex -5.552714862513232 13.405439529070103 14.999999999999998
    endloop
  endfacet
  facet normal 0 0 0
    outer loop
      vertex -9.329200798527253 13.96213567613938 13.5
      vertex -11.8738203662125 11.873820366212504 13.5
      vertex -10.260079222694399 10.2600792226944 14.999999999999998
    endloop
  endfacet
  facet normal 0 0 0
    outer loop
      vertex -9.329200798527253 13.96213567613938 13.5
      vertex -10.260079222694399 10.2600792226944 14.999999999999998
      vertex -8.061292517923244 12.064576836856125 14.999999999999998
    endloop
  endfacet
  facet normal 0 0 0
    outer loop
      vertex -11.8738203662125 11.873820366212504 13.5
      vertex -13.96213567613938 9.329200798527257 13.5
      vertex -12.064576836856125 8.061292517923247 14.999999999999998
    endloop
  endfacet
  facet normal 0 0 0
    outer loop
      vertex -11.8738203662125 11.873820366212504 13.5
      vertex -12.064576836856125 8.061292517923247 14.999999999999998
      vertex -10.260079222694399 10.2600792226944 14.999999999999998
    endloop
  endfacet
  facet normal 0 0 0
    outer loop
      vertex -13.96213567613938 9.329200798527257 13.5
      vertex -15.51389394208811 6.426065276030696 13.5
      vertex -13.405439529070103 5.552714862513235 14.999999999999998
    endloop
  endfacet
  facet normal 0 0 0
    outer loop
      vertex -13.96213567613938 9.329200798527257 13.5
      vertex -13.405439529070103 5.552714862513235 14.999999999999998
      vertex -12.064576836856125 8.061292517923247 14.999999999999998
    endloop
  endfacet
  facet normal 0 0 0
    outer loop
      vertex -15.51389394208811 6.426065276030696 13.5
      vertex -16.469461964134354 3.2759796687552023 13.5
      vertex -14.231138698039018 2.8307494889352105 14.999999999999998
    endloop
  endfacet
  facet normal 0 0 0
    outer loop
      vertex -15.51389394208811 6.426065276030696 13.5
      vertex -14.231138698039018 2.8307494889352105 14.999999999999998
      vertex -13.405439529070103 5.552714862513235 14.999999999999998
    endloop
  endfacet
  facet normal 0 0 0
    outer loop
      vertex -16.469461964134354 3.2759796687552023 13.5
      vertex -16.79211779907959 2.056441331354812e-15 13.5
      vertex -14.509943187756823 1.7769555480696337e-15 14.999999999999998
    endloop
  endfacet
  facet normal 0 0 0
    outer loop
      vertex -16.469461964134354 3.2759796687552023 13.5
      vertex -14.509943187756823 1.7769555480696337e-15 14.999999999999998
      vertex -14.231138698039018 2.8307494889352105 14.999999999999998
    endloop
  endfacet
  facet normal 0 0 0
    outer loop
      vertex -16.79211779907959 2.056441331354812e-15 13.5
      vertex -16.469461964134354 -3.275979668755198 13.5
      vertex -14.231138698039018 -2.8307494889352065 14.999999999999998
    endloop
  endfacet
  facet normal 0 0 0
    outer loop
      vertex -16.79211779907959 2.056441331354812e-15 13.5
      vertex -14.231138698039018 -2.8307494889352065 14.999999999999998
      vertex -14.509943187756823 1.7769555480696337e-15 14.999999999999998
    endloop
  endfacet
  facet normal 0 0 0
    outer loop
      vertex -16.469461964134354 -3.275979668755198 13.5
      vertex -15.513893942088112 -6.426065276030692 13.5
      vertex -13.405439529070104 -5.552714862513231 14.999999999999998
    endloop
  endfacet
  facet normal 0 0 0
    outer loop
      vertex -16.469461964134354 -3.275979668755198 13.5
      vertex -13.405439529070104 -5.552714862513231 14.999999999999998
      vertex -14.231138698039018 -2.8307494889352065 14.999999999999998
    endloop
  endfacet
  facet normal 0 0 0
    outer loop
      vertex -15.513893942088112 -6.426065276030692 13.5
      vertex -13.962135676139381 -9.329200798527253 13.5
      vertex -12.064576836856126 -8.061292517923244 14.999999999999998
    endloop
  endfacet
  facet normal 0 0 0
    outer loop
      vertex -15.513893942088112 -6.426065276030692 13.5
      vertex -12.064576836856126 -8.061292517923244 14.999999999999998
      vertex -13.405439529070104 -5.552714862513231 14.999999999999998
    endloop
  endfacet
  facet normal 0 0 0
    outer loop
      vertex -13.962135676139381 -9.329200798527253 13.5
      vertex -11.873820366212506 -11.8738203662125 13.5
      vertex -10.260079222694403 -10.260079222694399 14.999999999999998
    endloop
  endfacet
  facet normal 0 0 0
    outer loop
      vertex -13.962135676139381 -9.329200798527253 13.5
      vertex -10.260079222694403 -10.260079222694399 14.999999999999998
      vertex -12.064576836856126 -8.061292517923244 14.999999999999998
    endloop
  endfacet
  facet normal 0 0 0
    outer loop
      vertex -11.873820366212506 -11.8738203662125 13.5
      vertex -9.329200798527257 -13.962135676139377 13.5
      vertex -8.061292517923247 -12.064576836856123 14.999999999999998
    endloop
  endfacet
  facet normal 0 0 0
    outer loop
      vertex -11.873820366212506 -11.8738203662125 13.5
      vertex -8.061292517923247 -12.064576836856123 14.999999999999998
      vertex -10.260079222694403 -10.260079222694399 14.999999999999998
    endloop
  endfacet
  facet normal 0 0 0
    outer loop
      vertex -9.329200798527257 -13.962135676139377 13.5
      vertex -6.426065276030704 -15.513893942088107 13.5
      vertex -5.552714862513241 -13.405439529070101 14.999999999999998
    endloop
  endfacet
  facet normal 0 0 0
    outer loop
      vertex -9.329200798527257 -13.962135676139377 13.5
      vertex -5.552714862513241 -13.405439529070101 14.999999999999998
      vertex -8.061292517923247 -12.064576836856123 14.999999999999998
    endloop
  endfacet
  facet normal 0 0 0
    outer loop
      vertex -6.426065276030704 -15.513893942088107 13.5
      vertex -3.275979668755203 -16.46946196413435 13.5
      vertex -2.830749488935211 -14.231138698039018 14.999999999999998
    endloop
  endfacet
  facet normal 0 0 0
    outer loop
      vertex -6.426065276030704 -15.513893942088107 13.5
      vertex -2.830749488935211 -14.231138698039018 14.999999999999998
      vertex -5.552714862513241 -13.405439529070101 14.999999999999998
    endloop
  endfacet
  facet normal 0 0 0
    outer loop
      vertex -3.275979668755203 -16.46946196413435 13.5
      vertex -3.0846619970322177e-15 -16.79211779907959 13.5
      vertex -2.6654333221044503e-15 -14.509943187756823 14.999999999999998
    endloop
  endfacet
  facet normal 0 0 0
    outer loop
      vertex -3.275979668755203 -16.46946196413435 13.5
      vertex -2.6654333221044503e-15 -14.509943187756823 14.999999999999998
      vertex -2.830749488935211 -14.231138698039018 14.999999999999998
    endloop
  endfacet
  facet normal 0 0 0
    outer loop
      vertex -3.0846619970322177e-15 -16.79211779907959 13.5
      vertex 3.275979668755197 -16.469461964134354 13.5
      vertex 2.830749488935206 -14.231138698039018 14.999999999999998
    endloop
  endfacet
  facet normal 0 0 0
    outer loop
      vertex -3.0846619970322177e-15 -16.79211779907959 13.5
      vertex 2.830749488935206 -14.231138698039018 14.999999999999998
      vertex -2.6654333221044503e-15 -14.509943187756823 14.999999999999998
    endloop
  endfacet
  facet normal 0 0 0
    outer loop
      vertex 3.275979668755197 -16.469461964134354 13.5
      vertex 6.426065276030699 -15.513893942088108 13.5
      vertex 5.552714862513237 -13.405439529070103 14.999999999999998
    endloop
  endfacet
  facet normal 0 0 0
    outer loop
      vertex 3.275979668755197 -16.469461964134354 13.5
      vertex 5.552714862513237 -13.405439529070103 14.999999999999998
      vertex 2.830749488935206 -14.231138698039018 14.999999999999998
    endloop
  endfacet
  facet normal 0 0 0
    outer loop
      vertex 6.426065276030699 -15.513893942088108 13.5
      vertex 9.329200798527252 -13.962135676139381 13.5
      vertex 8.061292517923242 -12.064576836856126 14.999999999999998
    endloop
  endfacet
  facet normal 0 0 0
    outer loop
      vertex 6.426065276030699 -15.513893942088108 13.5
      vertex 8.061292517923242 -12.064576836856126 14.999999999999998
      vertex 5.552714862513237 -13.405439529070103 14.999999999999998
    endloop
  endfacet
  facet normal 0 0 0
    outer loop
      vertex 9.329200798527252 -13.962135676139381 13.5
      vertex 11.873820366212499 -11.873820366212506 13.5
      vertex 10.260079222694397 -10.260079222694403 14.999999999999998
    endloop
  endfacet
  facet normal 0 0 0
    outer loop
      vertex 9.329200798527252 -13.962135676139381 13.5
      vertex 10.260079222694397 -10.260079222694403 14.999999999999998
      vertex 8.061292517923242 -12.064576836856126 14.999999999999998
    endloop
  endfacet
  facet normal 0 0 0
    outer loop
      vertex 11.873820366212499 -11.873820366212506 13.5
      vertex 13.962135676139377 -9.329200798527257 13.5
      vertex 12.064576836856123 -8.061292517923247 14.999999999999998
    endloop
  endfacet
  facet normal 0 0 0
    outer loop
      vertex 11.873820366212499 -11.873820366212506 13.5
      vertex 12.064576836856123 -8.061292517923247 14.999999999999998
      vertex 10.260079222694397 -10.260079222694403 14.999999999999998
    endloop
  endfacet
  facet normal 0 0 0
    outer loop
      vertex 13.962135676139377 -9.329200798527257 13.5
      vertex 15.513893942088107 -6.426065276030705 13.5
      vertex 13.405439529070101 -5.552714862513242 14.999999999999998
    endloop
  endfacet
  facet normal 0 0 0
    outer loop
      vertex 13.962135676139377 -9.329200798527257 13.5
      vertex 13.405439529070101 -5.552714862513242 14.999999999999998
      vertex 12.064576836856123 -8.061292517923247 14.999999999999998
    endloop
  endfacet
  facet normal 0 0 0
    outer loop
      vertex 15.513893942088107 -6.426065276030705 13.5
      vertex 16.46946196413435 -3.275979668755204 13.5
      vertex 14.231138698039018 -2.830749488935212 14.999999999999998
    endloop
  endfacet
  facet normal 0 0 0
    outer loop
      vertex 15.513893942088107 -6.426065276030705 13.5
      vertex 14.231138698039018 -2.830749488935212 14.999999999999998
      vertex 13.405439529070101 -5.552714862513242 14.999999999999998
    endloop
  endfacet
  facet normal 0 0 0
    outer loop
      vertex 16.46946196413435 -3.275979668755204 13.5
      vertex 16.79211779907959 0 13.5
      vertex 14.509943187756823 0 14.999999999999998
    endloop
  endfacet
  facet normal 0 0 0
    outer loop
      vertex 16.46946196413435 -3.275979668755204 13.5
      vertex 14.509943187756823 0 14.999999999999998
      vertex 14.231138698039018 -2.830749488935212 14.999999999999998
    endloop
  endfacet
  facet normal 0 0 0
    outer loop
      vertex 14.509943187756823 0 14.999999999999998
      vertex 14.231138698039018 2.830749488935205 14.999999999999998
      vertex 11.304776445021576 2.248659845377036 16.5
    endloop
  endfacet
  facet normal 0 0 0
    outer loop
      vertex 14.509943187756823 0 14.999999999999998
      vertex 11.304776445021576 2.248659845377036 16.5
      vertex 11.526250108865664 0 16.5
    endloop
  endfacet
  facet normal 0 0 0
    outer loop
      vertex 14.231138698039018 2.830749488935205 14.999999999999998
      vertex 13.405439529070103 5.552714862513233 14.999999999999998
      vertex 10.648866562186978 4.410904953959202 16.5
    endloop
  endfacet
  facet normal 0 0 0
    outer loop
      vertex 14.231138698039018 2.830749488935205 14.999999999999998
      vertex 10.648866562186978 4.410904953959202 16.5
      vertex 11.304776445021576 2.248659845377036 16.5
    endloop
  endfacet
  facet normal 0 0 0
    outer loop
      vertex 13.405439529070103 5.552714862513233 14.999999999999998
      vertex 12.064576836856123 8.061292517923247 14.999999999999998
      vertex 9.583726709320704 6.403641458824712 16.5
    endloop
  endfacet
  facet normal 0 0 0
    outer loop
      vertex 13.405439529070103 5.552714862513233 14.999999999999998
      vertex 9.583726709320704 6.403641458824712 16.5
      vertex 10.648866562186978 4.410904953959202 16.5
    endloop
  endfacet
  facet normal 0 0 0
    outer loop
      vertex 12.064576836856123 8.061292517923247 14.999999999999998
      vertex 10.2600792226944 10.260079222694399 14.999999999999998
      vertex 8.150289613631093 8.150289613631092 16.5
    endloop
  endfacet
  facet normal 0 0 0
    outer loop
      vertex 12.064576836856123 8.061292517923247 14.999999999999998
      vertex 8.150289613631093 8.150289613631092 16.5
      vertex 9.583726709320704 6.403641458824712 16.5
    endloop
  endfacet
  facet normal 0 0 0
    outer loop
      vertex 10.2600792226944 10.260079222694399 14.999999999999998
      vertex 8.061292517923249 12.064576836856123 14.999999999999998
      vertex 6.403641458824714 9.583726709320704 16.5
    endloop
  endfacet
  facet normal 0 0 0
    outer loop
      vertex 10.2600792226944 10.260079222694399 14.999999999999998
      vertex 6.403641458824714 9.583726709320704 16.5
      vertex 8.150289613631093 8.150289613631092 16.5
    endloop
  endfacet
  facet normal 0 0 0
    outer loop
      vertex 8.061292517923249 12.064576836856123 14.999999999999998
      vertex 5.552714862513234 13.405439529070103 14.999999999999998
      vertex 4.410904953959203 10.648866562186978 16.5
    endloop
  endfacet
  facet normal 0 0 0
    outer loop
      vertex 8.061292517923249 12.064576836856123 14.999999999999998
      vertex 4.410904953959203 10.648866562186978 16.5
      vertex 6.403641458824714 9.583726709320704 16.5
    endloop
  endfacet
  facet normal 0 0 0
    outer loop
      vertex 5.552714862513234 13.405439529070103 14.999999999999998
      vertex 2.830749488935206 14.231138698039018 14.999999999999998
      vertex 2.248659845377037 11.304776445021576 16.5
    endloop
  endfacet
  facet normal 0 0 0
    outer loop
      vertex 5.552714862513234 13.405439529070103 14.999999999999998
      vertex 2.248659845377037 11.304776445021576 16.5
      vertex 4.410904953959203 10.648866562186978 16.5
    endloop
  endfacet
  facet normal 0 0 0
    outer loop
      vertex 2.830749488935206 14.231138698039018 14.999999999999998
      vertex 8.884777740348168e-16 14.509943187756823 14.999999999999998
      vertex 7.057792650997083e-16 11.526250108865664 16.5
    endloop
  endfacet
  facet normal 0 0 0
    outer loop
      vertex 2.830749488935206 14.231138698039018 14.999999999999998
      vertex 7.057792650997083e-16 11.526250108865664 16.5
      vertex 2.248659845377037 11.304776445021576 16.5
    endloop
  endfacet
  facet normal 0 0 0
    outer loop
      vertex 8.884777740348168e-16 14.509943187756823 14.999999999999998
      vertex -2.8307494889352043 14.231138698039018 14.999999999999998
      vertex -2.248659845377035 11.304776445021576 16.5
    endloop
  endfacet
  facet normal 0 0 0
    outer loop
      vertex 8.884777740348168e-16 14.509943187756823 14.999999999999998
      vertex -2.248659845377035 11.304776445021576 16.5
      vertex 7.057792650997083e-16 11.526250108865664 16.5
    endloop
  endfacet
  facet normal 0 0 0
    outer loop
      vertex -2.8307494889352043 14.231138698039018 14.999999999999998
      vertex -5.552714862513232 13.405439529070103 14.999999999999998
      vertex -4.410904953959202 10.648866562186978 16.5
    endloop
  endfacet
  facet normal 0 0 0
    outer loop
      vertex -2.8307494889352043 14.231138698039018 14.999999999999998
      vertex -4.410904953959202 10.648866562186978 16.5
      vertex -2.248659845377035 11.304776445021576 16.5
    endloop
  endfacet
  facet normal 0 0 0
    outer loop
      vertex -5.552714862513232 13.405439529070103 14.999999999999998
      vertex -8.061292517923244 12.064576836856125 14.999999999999998
      vertex -6.403641458824709 9.583726709320706 16.5
    endloop
  endfacet
  facet normal 0 0 0
    outer loop
      vertex -5.552714862513232 13.405439529070103 14.999999999999998
      vertex -6.403641458824709 9.583726709320706 16.5
      vertex -4.410904953959202 10.648866562186978 16.5
    endloop
  endfacet
  facet normal 0 0 0
    outer loop
      vertex -8.061292517923244 12.064576836856125 14.999999999999998
      vertex -10.260079222694399 10.2600792226944 14.999999999999998
      vertex -8.150289613631092 8.150289613631093 16.5
    endloop
  endfacet
  facet normal 0 0 0
    outer loop
      vertex -8.061292517923244 12.064576836856125 14.999999999999998
      vertex -8.150289613631092 8.150289613631093 16.5
      vertex -6.403641458824709 9.583726709320706 16.5
    endloop
  endfacet
  facet normal 0 0 0
    outer loop
      vertex -10.260079222694399 10.2600792226944 14.999999999999998
      vertex -12.064576836856125 8.061292517923247 14.999999999999998
      vertex -9.583726709320706 6.403641458824712 16.5
    endloop
  endfacet
  facet normal 0 0 0
    outer loop
      vertex -10.260079222694399 10.2600792226944 14.999999999999998
      vertex -9.583726709320706 6.403641458824712 16.5
      vertex -8.150289613631092 8.150289613631093 16.5
    endloop
  endfacet
  facet normal 0 0 0
    outer loop
      vertex -12.064576836856125 8.061292517923247 14.999999999999998
      vertex -13.405439529070103 5.552714862513235 14.999999999999998
      vertex -10.648866562186978 4.410904953959204 16.5
    endloop
  endfacet
  facet normal 0 0 0
    outer loop
      vertex -12.064576836856125 8.061292517923247 14.999999999999998
      vertex -10.648866562186978 4.410904953959204 16.5
      vertex -9.583726709320706 6.403641458824712 16.5
    endloop
  endfacet
  facet normal 0 0 0
    outer loop
      vertex -13.405439529070103 5.552714862513235 14.999999999999998
      vertex -14.231138698039018 2.8307494889352105 14.999999999999998
      vertex -11.304776445021576 2.24865984537704 16.5
    endloop
  endfacet
  facet normal 0 0 0
    outer loop
      vertex -13.405439529070103 5.552714862513235 14.999999999999998
      vertex -11.304776445021576 2.24865984537704 16.5
      vertex -10.648866562186978 4.410904953959204 16.5
    endloop
  endfacet
  facet normal 0 0 0
    outer loop
      vertex -14.231138698039018 2.8307494889352105 14.999999999999998
      vertex -14.509943187756823 1.7769555480696337e-15 14.999999999999998
      vertex -11.526250108865664 1.4115585301994166e-15 16.5
    endloop
  endfacet
  facet normal 0 0 0
    outer loop
      vertex -14.231138698039018 2.8307494889352105 14.999999999999998
      vertex -11.526250108865664 1.4115585301994166e-15 16.5
      vertex -11.304776445021576 2.24865984537704 16.5
    endloop
  endfacet
  facet normal 0 0 0
    outer loop
      vertex -14.509943187756823 1.7769555480696337e-15 14.999999999999998
      vertex -14.231138698039018 -2.8307494889352065 14.999999999999998
      vertex -11.304776445021576 -2.248659845377037 16.5
    endloop
  endfacet
  facet normal 0 0 0
    outer loop
      vertex -14.509943187756823 1.7769555480696337e-15 14.999999999999998
      vertex -11.304776445021576 -2.248659845377037 16.5
      vertex -11.526250108865664 1.4115585301994166e-15 16.5
    endloop
  endfacet
  facet normal 0 0 0
    outer loop
      vertex -14.231138698039018 -2.8307494889352065 14.999999999999998
      vertex -13.405439529070104 -5.552714862513231 14.999999999999998
      vertex -10.64886656218698 -4.4109049539592 16.5
    endloop
  endfacet
  facet normal 0 0 0
    outer loop
      vertex -14.231138698039018 -2.8307494889352065 14.999999999999998
      vertex -10.64886656218698 -4.4109049539592 16.5
      vertex -11.304776445021576 -2.248659845377037 16.5
    endloop
  endfacet
  facet normal 0 0 0
    outer loop
      vertex -13.405439529070104 -5.552714862513231 14.999999999999998
      vertex -12.064576836856126 -8.061292517923244 14.999999999999998
      vertex -9.583726709320706 -6.403641458824709 16.5
    endloop
  endfacet
  facet normal 0 0 0
    outer loop
      vertex -13.405439529070104 -5.552714862513231 14.999999999999998
      vertex -9.583726709320706 -6.403641458824709 16.5
      vertex -10.64886656218698 -4.4109049539592 16.5
    endloop
  endfacet
  facet normal 0 0 0
    outer loop
      vertex -12.064576836856126 -8.061292517923244 14.999999999999998
      vertex -10.260079222694403 -10.260079222694399 14.999999999999998
      vertex -8.150289613631095 -8.150289613631092 16.5
    endloop
  endfacet
  facet normal 0 0 0
    outer loop
      vertex -12.064576836856126 -8.061292517923244 14.999999999999998
      vertex -8.150289613631095 -8.150289613631092 16.5
      vertex -9.583726709320706 -6.403641458824709 16.5
    endloop
  endfacet
  facet normal 0 0 0
    outer loop
      vertex -10.260079222694403 -10.260079222694399 14.999999999999998
      vertex -8.061292517923247 -12.064576836856123 14.999999999999998
      vertex -6.403641458824712 -9.583726709320704 16.5
    endloop
  endfacet
  facet normal 0 0 0
    outer loop
      vertex -10.260079222694403 -10.260079222694399 14.999999999999998
      vertex -6.403641458824712 -9.583726709320704 16.5
      vertex -8.150289613631095 -8.150289613631092 16.5
    endloop
  endfacet
  facet normal 0 0 0
    outer loop
      vertex -8.061292517923247 -12.064576836856123 14.999999999999998
      vertex -5.552714862513241 -13.405439529070101 14.999999999999998
      vertex -4.410904953959209 -10.648866562186974 16.5
    endloop
  endfacet
  facet normal 0 0 0
    outer loop
      vertex -8.061292517923247 -12.064576836856123 14.999999999999998
      vertex -4.410904953959209 -10.648866562186974 16.5
      vertex -6.403641458824712 -9.583726709320704 16.5
    endloop
  endfacet
  facet normal 0 0 0
    outer loop
      vertex -5.552714862513241 -13.405439529070101 14.999999999999998
      vertex -2.830749488935211 -14.231138698039018 14.999999999999998
      vertex -2.2486598453770403 -11.304776445021574 16.5
    endloop
  endfacet
  facet normal 0 0 0
    outer loop
      vertex -5.552714862513241 -13.405439529070101 14.999999999999998
      vertex -2.2486598453770403 -11.304776445021574 16.5
      vertex -4.410904953959209 -10.648866562186974 16.5
    endloop
  endfacet
  facet normal 0 0 0
    outer loop
      vertex -2.830749488935211 -14.231138698039018 14.999999999999998
      vertex -2.6654333221044503e-15 -14.509943187756823 14.999999999999998
      vertex -2.117337795299125e-15 -11.526250108865664 16.5
    endloop
  endfacet
  facet normal 0 0 0
    outer loop
      vertex -2.830749488935211 -14.231138698039018 14.999999999999998
      vertex -2.117337795299125e-15 -11.526250108865664 16.5
      vertex -2.2486598453770403 -11.304776445021574 16.5
    endloop
  endfacet
  facet normal 0 0 0
    outer loop
      vertex -2.6654333221044503e-15 -14.509943187756823 14.999999999999998
      vertex 2.830749488935206 -14.231138698039018 14.999999999999998
      vertex 2.2486598453770363 -11.304776445021576 16.5
    endloop
  endfacet
  facet normal 0 0 0
    outer loop
      vertex -2.6654333221044503e-15 -14.509943187756823 14.999999999999998
      vertex 2.2486598453770363 -11.304776445021576 16.5
      vertex -2.117337795299125e-15 -11.526250108865664 16.5
    endloop
  endfacet
  facet normal 0 0 0
    outer loop
      vertex 2.830749488935206 -14.231138698039018 14.999999999999998
      vertex 5.552714862513237 -13.405439529070103 14.999999999999998
      vertex 4.4109049539592045 -10.648866562186976 16.5
    endloop
  endfacet
  facet normal 0 0 0
    outer loop
      vertex 2.830749488935206 -14.231138698039018 14.999999999999998
      vertex 4.4109049539592045 -10.648866562186976 16.5
      vertex 2.2486598453770363 -11.304776445021576 16.5
    endloop
  endfacet
  facet normal 0 0 0
    outer loop
      vertex 5.552714862513237 -13.405439529070103 14.999999999999998
      vertex 8.061292517923242 -12.064576836856126 14.999999999999998
      vertex 6.403641458824708 -9.583726709320706 16.5
    endloop
  endfacet
  facet normal 0 0 0
    outer loop
      vertex 5.552714862513237 -13.405439529070103 14.999999999999998
      vertex 6.403641458824708 -9.583726709320706 16.5
      vertex 4.4109049539592045 -10.648866562186976 16.5
    endloop
  endfacet
  facet normal 0 0 0
    outer loop
      vertex 8.061292517923242 -12.064576836856126 14.999999999999998
      vertex 10.260079222694397 -10.260079222694403 14.999999999999998
      vertex 8.150289613631092 -8.150289613631095 16.5
    endloop
  endfacet
  facet normal 0 0 0
    outer loop
      vertex 8.061292517923242 -12.064576836856126 14.999999999999998
      vertex 8.150289613631092 -8.150289613631095 16.5
      vertex 6.403641458824708 -9.583726709320706 16.5
    endloop
  endfacet
  facet normal 0 0 0
    outer loop
      vertex 10.260079222694397 -10.260079222694403 14.999999999999998
      vertex 12.064576836856123 -8.061292517923247 14.999999999999998
      vertex 9.583726709320704 -6.403641458824712 16.5
    endloop
  endfacet
  facet normal 0 0 0
    outer loop
      vertex 10.260079222694397 -10.260079222694403 14.999999999999998
      vertex 9.583726709320704 -6.403641458824712 16.5
      vertex 8.150289613631092 -8.150289613631095 16.5
    endloop
  endfacet
  facet normal 0 0 0
    outer loop
      vertex 12.064576836856123 -8.061292517923247 14.999999999999998
      vertex 13.405439529070101 -5.552714862513242 14.999999999999998
      vertex 10.648866562186974 -4.410904953959209 16.5
    endloop
  endfacet
  facet normal 0 0 0
    outer loop
      vertex 12.064576836856123 -8.061292517923247 14.999999999999998
      vertex 10.648866562186974 -4.410904953959209 16.5
      vertex 9.583726709320704 -6.403641458824712 16.5
    endloop
  endfacet
  facet normal 0 0 0
    outer loop
      vertex 13.405439529070101 -5.552714862513242 14.999999999999998
      vertex 14.231138698039018 -2.830749488935212 14.999999999999998
      vertex 11.304776445021574 -2.248659845377041 16.5
    endloop
  endfacet
  facet normal 0 0 0
    outer loop
      vertex 13.405439529070101 -5.552714862513242 14.999999999999998
      vertex 11.304776445021574 -2.248659845377041 16.5
      vertex 10.648866562186974 -4.410904953959209 16.5
    endloop
  endfacet
  facet normal 0 0 0
    outer loop
      vertex 14.231138698039018 -2.830749488935212 14.999999999999998
      vertex 14.509943187756823 0 14.999999999999998
      vertex 11.526250108865664 0 16.5
    endloop
  endfacet
  facet normal 0 0 0
    outer loop
      vertex 14.231138698039018 -2.830749488935212 14.999999999999998
      vertex 11.526250108865664 0 16.5
      vertex 11.304776445021574 -2.248659845377041 16.5
    endloop
  endfacet
  facet normal 0 0 0
    outer loop
      vertex 11.526250108865664 0 16.5
      vertex 11.304776445021576 2.248659845377036 16.5
      vertex 4.90392643677056 0.975451616993723 18
    endloop
  endfacet
  facet normal 0 0 0
    outer loop
      vertex 11.526250108865664 0 16.5
      vertex 4.90392643677056 0.975451616993723 18
      vertex 5.000000035435288 0 18
    endloop
  endfacet
  facet normal 0 0 0
    outer loop
      vertex 11.304776445021576 2.248659845377036 16.5
      vertex 10.648866562186978 4.410904953959202 16.5
      vertex 4.619397695294371 1.9134171753859464 18
    endloop
  endfacet
  facet normal 0 0 0
    outer loop
      vertex 11.304776445021576 2.248659845377036 16.5
      vertex 4.619397695294371 1.9134171753859464 18
      vertex 4.90392643677056 0.975451616993723 18
    endloop
  endfacet
  facet normal 0 0 0
    outer loop
      vertex 10.648866562186978 4.410904953959202 16.5
      vertex 9.583726709320704 6.403641458824712 16.5
      vertex 4.157348090976091 2.7778511847848018 18
    endloop
  endfacet
  facet normal 0 0 0
    outer loop
      vertex 10.648866562186978 4.410904953959202 16.5
      vertex 4.157348090976091 2.7778511847848018 18
      vertex 4.619397695294371 1.9134171753859464 18
    endloop
  endfacet
  facet normal 0 0 0
    outer loop
      vertex 9.583726709320704 6.403641458824712 16.5
      vertex 8.150289613631093 8.150289613631092 16.5
      vertex 3.53553393098927 3.5355339309892693 18
    endloop
  endfacet
  facet normal 0 0 0
    outer loop
      vertex 9.583726709320704 6.403641458824712 16.5
      vertex 3.53553393098927 3.5355339309892693 18
      vertex 4.157348090976091 2.7778511847848018 18
    endloop
  endfacet
  facet normal 0 0 0
    outer loop
      vertex 8.150289613631093 8.150289613631092 16.5
      vertex 6.403641458824714 9.583726709320704 16.5
      vertex 2.7778511847848026 4.157348090976091 18
    endloop
  endfacet
  facet normal 0 0 0
    outer loop
      vertex 8.150289613631093 8.150289613631092 16.5
      vertex 2.7778511847848026 4.157348090976091 18
      vertex 3.53553393098927 3.5355339309892693 18
    endloop
  endfacet
  facet normal 0 0 0
    outer loop
      vertex 6.403641458824714 9.583726709320704 16.5
      vertex 4.410904953959203 10.648866562186978 16.5
      vertex 1.9134171753859466 4.619397695294371 18
    endloop
  endfacet
  facet normal 0 0 0
    outer loop
      vertex 6.403641458824714 9.583726709320704 16.5
      vertex 1.9134171753859466 4.619397695294371 18
      vertex 2.7778511847848026 4.157348090976091 18
    endloop
  endfacet
  facet normal 0 0 0
    outer loop
      vertex 4.410904953959203 10.648866562186978 16.5
      vertex 2.248659845377037 11.304776445021576 16.5
      vertex 0.9754516169937233 4.90392643677056 18
    endloop
  endfacet
  facet normal 0 0 0
    outer loop
      vertex 4.410904953959203 10.648866562186978 16.5
      vertex 0.9754516169937233 4.90392643677056 18
      vertex 1.9134171753859466 4.619397695294371 18
    endloop
  endfacet
  facet normal 0 0 0
    outer loop
      vertex 2.248659845377037 11.304776445021576 16.5
      vertex 7.057792650997083e-16 11.526250108865664 16.5
      vertex 3.061617019566239e-16 5.000000035435288 18
    endloop
  endfacet
  facet normal 0 0 0
    outer loop
      vertex 2.248659845377037 11.304776445021576 16.5
      vertex 3.061617019566239e-16 5.000000035435288 18
      vertex 0.9754516169937233 4.90392643677056 18
    endloop
  endfacet
  facet normal 0 0 0
    outer loop
      vertex 7.057792650997083e-16 11.526250108865664 16.5
      vertex -2.248659845377035 11.304776445021576 16.5
      vertex -0.9754516169937226 4.90392643677056 18
    endloop
  endfacet
  facet normal 0 0 0
    outer loop
      vertex 7.057792650997083e-16 11.526250108865664 16.5
      vertex -0.9754516169937226 4.90392643677056 18
      vertex 3.061617019566239e-16 5.000000035435288 18
    endloop
  endfacet
  facet normal 0 0 0
    outer loop
      vertex -2.248659845377035 11.304776445021576 16.5
      vertex -4.410904953959202 10.648866562186978 16.5
      vertex -1.9134171753859461 4.619397695294371 18
    endloop
  endfacet
  facet normal 0 0 0
    outer loop
      vertex -2.248659845377035 11.304776445021576 16.5
      vertex -1.9134171753859461 4.619397695294371 18
      vertex -0.9754516169937226 4.90392643677056 18
    endloop
  endfacet
  facet normal 0 0 0
    outer loop
      vertex -4.410904953959202 10.648866562186978 16.5
      vertex -6.403641458824709 9.583726709320706 16.5
      vertex -2.777851184784801 4.157348090976091 18
    endloop
  endfacet
  facet normal 0 0 0
    outer loop
      vertex -4.410904953959202 10.648866562186978 16.5
      vertex -2.777851184784801 4.157348090976091 18
      vertex -1.9134171753859461 4.619397695294371 18
    endloop
  endfacet
  facet normal 0 0 0
    outer loop
      vertex -6.403641458824709 9.583726709320706 16.5
      vertex -8.150289613631092 8.150289613631093 16.5
      vertex -3.5355339309892693 3.53553393098927 18
    endloop
  endfacet
  facet normal 0 0 0
    outer loop
      vertex -6.403641458824709 9.583726709320706 16.5
      vertex -3.5355339309892693 3.53553393098927 18
      vertex -2.777851184784801 4.157348090976091 18
    endloop
  endfacet
  facet normal 0 0 0
    outer loop
      vertex -8.150289613631092 8.150289613631093 16.5
      vertex -9.583726709320706 6.403641458824712 16.5
      vertex -4.157348090976091 2.7778511847848018 18
    endloop
  endfacet
  facet normal 0 0 0
    outer loop
      vertex -8.150289613631092 8.150289613631093 16.5
      vertex -4.157348090976091 2.7778511847848018 18
      vertex -3.5355339309892693 3.53553393098927 18
    endloop
  endfacet
  facet normal 0 0 0
    outer loop
      vertex -9.583726709320706 6.403641458824712 16.5
      vertex -10.648866562186978 4.410904953959204 16.5
      vertex -4.619397695294371 1.913417175385947 18
    endloop
  endfacet
  facet normal 0 0 0
    outer loop
      vertex -9.583726709320706 6.403641458824712 16.5
      vertex -4.619397695294371 1.913417175385947 18
      vertex -4.157348090976091 2.7778511847848018 18
    endloop
  endfacet
  facet normal 0 0 0
    outer loop
      vertex -10.648866562186978 4.410904953959204 16.5
      vertex -11.304776445021576 2.24865984537704 16.5
      vertex -4.90392643677056 0.9754516169937247 18
    endloop
  endfacet
  facet normal 0 0 0
    outer loop
      vertex -10.648866562186978 4.410904953959204 16.5
      vertex -4.90392643677056 0.9754516169937247 18
      vertex -4.619397695294371 1.913417175385947 18
    endloop
  endfacet
  facet normal 0 0 0
    outer loop
      vertex -11.304776445021576 2.24865984537704 16.5
      vertex -11.526250108865664 1.4115585301994166e-15 16.5
      vertex -5.000000035435288 6.123234039132478e-16 18
    endloop
  endfacet
  facet normal 0 0 0
    outer loop
      vertex -11.304776445021576 2.24865984537704 16.5
      vertex -5.000000035435288 6.123234039132478e-16 18
      vertex -4.90392643677056 0.9754516169937247 18
    endloop
  endfacet
  facet normal 0 0 0
    outer loop
      vertex -11.526250108865664 1.4115585301994166e-15 16.5
      vertex -11.304776445021576 -2.248659845377037 16.5
      vertex -4.90392643677056 -0.9754516169937235 18
    endloop
  endfacet
  facet normal 0 0 0
    outer loop
      vertex -11.526250108865664 1.4115585301994166e-15 16.5
      vertex -4.90392643677056 -0.9754516169937235 18
      vertex -5.000000035435288 6.123234039132478e-16 18
    endloop
  endfacet
  facet normal 0 0 0
    outer loop
      vertex -11.304776445021576 -2.248659845377037 16.5
      vertex -10.64886656218698 -4.4109049539592 16.5
      vertex -4.619397695294372 -1.9134171753859455 18
    endloop
  endfacet
  facet normal 0 0 0
    outer loop
      vertex -11.304776445021576 -2.248659845377037 16.5
      vertex -4.619397695294372 -1.9134171753859455 18
      vertex -4.90392643677056 -0.9754516169937235 18
    endloop
  endfacet
  facet normal 0 0 0
    outer loop
      vertex -10.64886656218698 -4.4109049539592 16.5
      vertex -9.583726709320706 -6.403641458824709 16.5
      vertex -4.157348090976092 -2.777851184784801 18
    endloop
  endfacet
  facet normal 0 0 0
    outer loop
      vertex -10.64886656218698 -4.4109049539592 16.5
      vertex -4.157348090976092 -2.777851184784801 18
      vertex -4.619397695294372 -1.9134171753859455 18
    endloop
  endfacet
  facet normal 0 0 0
    outer loop
      vertex -9.583726709320706 -6.403641458824709 16.5
      vertex -8.150289613631095 -8.150289613631092 16.5
      vertex -3.5355339309892706 -3.5355339309892693 18
    endloop
  endfacet
  facet normal 0 0 0
    outer loop
      vertex -9.583726709320706 -6.403641458824709 16.5
      vertex -3.5355339309892706 -3.5355339309892693 18
      vertex -4.157348090976092 -2.777851184784801 18
    endloop
  endfacet
  facet normal 0 0 0
    outer loop
      vertex -8.150289613631095 -8.150289613631092 16.5
      vertex -6.403641458824712 -9.583726709320704 16.5
      vertex -2.7778511847848018 -4.157348090976091 18
    endloop
  endfacet
  facet normal 0 0 0
    outer loop
      vertex -8.150289613631095 -8.150289613631092 16.5
      vertex -2.7778511847848018 -4.157348090976091 18
      vertex -3.5355339309892706 -3.5355339309892693 18
    endloop
  endfacet
  facet normal 0 0 0
    outer loop
      vertex -6.403641458824712 -9.583726709320704 16.5
      vertex -4.410904953959209 -10.648866562186974 16.5
      vertex -1.9134171753859492 -4.61939769529437 18
    endloop
  endfacet
  facet normal 0 0 0
    outer loop
      vertex -6.403641458824712 -9.583726709320704 16.5
      vertex -1.9134171753859492 -4.61939769529437 18
      vertex -2.7778511847848018 -4.157348090976091 18
    endloop
  endfacet
  facet normal 0 0 0
    outer loop
      vertex -4.410904953959209 -10.648866562186974 16.5
      vertex -2.2486598453770403 -11.304776445021574 16.5
      vertex -0.975451616993725 -4.90392643677056 18
    endloop
  endfacet
  facet normal 0 0 0
    outer loop
      vertex -4.410904953959209 -10.648866562186974 16.5
      vertex -0.975451616993725 -4.90392643677056 18
      vertex -1.9134171753859492 -4.61939769529437 18
    endloop
  endfacet
  facet normal 0 0 0
    outer loop
      vertex -2.2486598453770403 -11.304776445021574 16.5
      vertex -2.117337795299125e-15 -11.526250108865664 16.5
      vertex -9.184851058698716e-16 -5.000000035435288 18
    endloop
  endfacet
  facet normal 0 0 0
    outer loop
      vertex -2.2486598453770403 -11.304776445021574 16.5
      vertex -9.184851058698716e-16 -5.000000035435288 18
      vertex -0.975451616993725 -4.90392643677056 18
    endloop
  endfacet
  facet normal 0 0 0
    outer loop
      vertex -2.117337795299125e-15 -11.526250108865664 16.5
      vertex 2.2486598453770363 -11.304776445021576 16.5
      vertex 0.9754516169937232 -4.90392643677056 18
    endloop
  endfacet
  facet normal 0 0 0
    outer loop
      vertex -2.117337795299125e-15 -11.526250108865664 16.5
      vertex 0.9754516169937232 -4.90392643677056 18
      vertex -9.184851058698716e-16 -5.000000035435288 18
    endloop
  endfacet
  facet normal 0 0 0
    outer loop
      vertex 2.2486598453770363 -11.304776445021576 16.5
      vertex 4.4109049539592045 -10.648866562186976 16.5
      vertex 1.9134171753859475 -4.61939769529437 18
    endloop
  endfacet
  facet normal 0 0 0
    outer loop
      vertex 2.2486598453770363 -11.304776445021576 16.5
      vertex 1.9134171753859475 -4.61939769529437 18
      vertex 0.9754516169937232 -4.90392643677056 18
    endloop
  endfacet
  facet normal 0 0 0
    outer loop
      vertex 4.4109049539592045 -10.648866562186976 16.5
      vertex 6.403641458824708 -9.583726709320706 16.5
      vertex 2.7778511847848004 -4.157348090976092 18
    endloop
  endfacet
  facet normal 0 0 0
    outer loop
      vertex 4.4109049539592045 -10.648866562186976 16.5
      vertex 2.7778511847848004 -4.157348090976092 18
      vertex 1.9134171753859475 -4.61939769529437 18
    endloop
  endfacet
  facet normal 0 0 0
    outer loop
      vertex 6.403641458824708 -9.583726709320706 16.5
      vertex 8.150289613631092 -8.150289613631095 16.5
      vertex 3.535533930989269 -3.5355339309892706 18
    endloop
  endfacet
  facet normal 0 0 0
    outer loop
      vertex 6.403641458824708 -9.583726709320706 16.5
      vertex 3.535533930989269 -3.5355339309892706 18
      vertex 2.7778511847848004 -4.157348090976092 18
    endloop
  endfacet
  facet normal 0 0 0
    outer loop
      vertex 8.150289613631092 -8.150289613631095 16.5
      vertex 9.583726709320704 -6.403641458824712 16.5
      vertex 4.157348090976091 -2.7778511847848018 18
    endloop
  endfacet
  facet normal 0 0 0
    outer loop
      vertex 8.150289613631092 -8.150289613631095 16.5
      vertex 4.157348090976091 -2.7778511847848018 18
      vertex 3.535533930989269 -3.5355339309892706 18
    endloop
  endfacet
  facet normal 0 0 0
    outer loop
      vertex 9.583726709320704 -6.403641458824712 16.5
      vertex 10.648866562186974 -4.410904953959209 16.5
      vertex 4.61939769529437 -1.9134171753859495 18
    endloop
  endfacet
  facet normal 0 0 0
    outer loop
      vertex 9.583726709320704 -6.403641458824712 16.5
      vertex 4.61939769529437 -1.9134171753859495 18
      vertex 4.157348090976091 -2.7778511847848018 18
    endloop
  endfacet
  facet normal 0 0 0
    outer loop
      vertex 10.648866562186974 -4.410904953959209 16.5
      vertex 11.304776445021574 -2.248659845377041 16.5
      vertex 4.90392643677056 -0.9754516169937253 18
    endloop
  endfacet
  facet normal 0 0 0
    outer loop
      vertex 10.648866562186974 -4.410904953959209 16.5
      vertex 4.90392643677056 -0.9754516169937253 18
      vertex 4.61939769529437 -1.9134171753859495 18
    endloop
  endfacet
  facet normal 0 0 0
    outer loop
      vertex 11.304776445021574 -2.248659845377041 16.5
      vertex 11.526250108865664 0 16.5
      vertex 5.000000035435288 0 18
    endloop
  endfacet
  facet normal 0 0 0
    outer loop
      vertex 11.304776445021574 -2.248659845377041 16.5
      vertex 5.000000035435288 0 18
      vertex 4.90392643677056 -0.9754516169937253 18
    endloop
  endfacet
  facet normal 0 0 0
    outer loop
      vertex 0 0 -18
      vertex 4.903926402016152 0.9754516100806412 -18
      vertex 5 0 -18
    endloop
  endfacet
  facet normal 0 0 0
    outer loop
      vertex 0 0 18
      vertex 5.000000035435288 0 18
      vertex 4.90392643677056 0.975451616993723 18
    endloop
  endfacet
  facet normal 0 0 0
    outer loop
      vertex 0 0 -18
      vertex 4.619397662556434 1.913417161825449 -18
      vertex 4.903926402016152 0.9754516100806412 -18
    endloop
  endfacet
  facet normal 0 0 0
    outer loop
      vertex 0 0 18
      vertex 4.90392643677056 0.975451616993723 18
      vertex 4.619397695294371 1.9134171753859464 18
    endloop
  endfacet
  facet normal 0 0 0
    outer loop
      vertex 0 0 -18
      vertex 4.157348061512726 2.777851165098011 -18
      vertex 4.619397662556434 1.913417161825449 -18
    endloop
  endfacet
  facet normal 0 0 0
    outer loop
      vertex 0 0 18
      vertex 4.619397695294371 1.9134171753859464 18
      vertex 4.157348090976091 2.7778511847848018 18
    endloop
  endfacet
  facet normal 0 0 0
    outer loop
      vertex 0 0 -18
      vertex 3.5355339059327378 3.5355339059327373 -18
      vertex 4.157348061512726 2.777851165098011 -18
    endloop
  endfacet
  facet normal 0 0 0
    outer loop
      vertex 0 0 18
      vertex 4.157348090976091 2.7778511847848018 18
      vertex 3.53553393098927 3.5355339309892693 18
    endloop
  endfacet
  facet normal 0 0 0
    outer loop
      vertex 0 0 -18
      vertex 2.7778511650980113 4.157348061512726 -18
      vertex 3.5355339059327378 3.5355339059327373 -18
    endloop
  endfacet
  facet normal 0 0 0
    outer loop
      vertex 0 0 18
      vertex 3.53553393098927 3.5355339309892693 18
      vertex 2.7778511847848026 4.157348090976091 18
    endloop
  endfacet
  facet normal 0 0 0
    outer loop
      vertex 0 0 -18
      vertex 1.9134171618254492 4.619397662556434 -18
      vertex 2.7778511650980113 4.157348061512726 -18
    endloop
  endfacet
  facet normal 0 0 0
    outer loop
      vertex 0 0 18
      vertex 2.7778511847848026 4.157348090976091 18
      vertex 1.9134171753859466 4.619397695294371 18
    endloop
  endfacet
  facet normal 0 0 0
    outer loop
      vertex 0 0 -18
      vertex 0.9754516100806416 4.903926402016152 -18
      vertex 1.9134171618254492 4.619397662556434 -18
    endloop
  endfacet
  facet normal 0 0 0
    outer loop
      vertex 0 0 18
      vertex 1.9134171753859466 4.619397695294371 18
      vertex 0.9754516169937233 4.90392643677056 18
    endloop
  endfacet
  facet normal 0 0 0
    outer loop
      vertex 0 0 -18
      vertex 3.061616997868383e-16 5 -18
      vertex 0.9754516100806416 4.903926402016152 -18
    endloop
  endfacet
  facet normal 0 0 0
    outer loop
      vertex 0 0 18
      vertex 0.9754516169937233 4.90392643677056 18
      vertex 3.061617019566239e-16 5.000000035435288 18
    endloop
  endfacet
  facet normal 0 0 0
    outer loop
      vertex 0 0 -18
      vertex -0.975451610080641 4.903926402016152 -18
      vertex 3.061616997868383e-16 5 -18
    endloop
  endfacet
  facet normal 0 0 0
    outer loop
      vertex 0 0 18
      vertex 3.061617019566239e-16 5.000000035435288 18
      vertex -0.9754516169937226 4.90392643677056 18
    endloop
  endfacet
  facet normal 0 0 0
    outer loop
      vertex 0 0 -18
      vertex -1.9134171618254485 4.619397662556434 -18
      vertex -0.975451610080641 4.903926402016152 -18
    endloop
  endfacet
  facet normal 0 0 0
    outer loop
      vertex 0 0 18
      vertex -0.9754516169937226 4.90392643677056 18
      vertex -1.9134171753859461 4.619397695294371 18
    endloop
  endfacet
  facet normal 0 0 0
    outer loop
      vertex 0 0 -18
      vertex -2.77785116509801 4.157348061512726 -18
      vertex -1.9134171618254485 4.619397662556434 -18
    endloop
  endfacet
  facet normal 0 0 0
    outer loop
      vertex 0 0 18
      vertex -1.9134171753859461 4.619397695294371 18
      vertex -2.777851184784801 4.157348090976091 18
    endloop
  endfacet
  facet normal 0 0 0
    outer loop
      vertex 0 0 -18
      vertex -3.5355339059327373 3.5355339059327378 -18
      vertex -2.77785116509801 4.157348061512726 -18
    endloop
  endfacet
  facet normal 0 0 0
    outer loop
      vertex 0 0 18
      vertex -2.777851184784801 4.157348090976091 18
      vertex -3.5355339309892693 3.53553393098927 18
    endloop
  endfacet
  facet normal 0 0 0
    outer loop
      vertex 0 0 -18
      vertex -4.157348061512726 2.777851165098011 -18
      vertex -3.5355339059327373 3.5355339059327378 -18
    endloop
  endfacet
  facet normal 0 0 0
    outer loop
      vertex 0 0 18
      vertex -3.5355339309892693 3.53553393098927 18
      vertex -4.157348090976091 2.7778511847848018 18
    endloop
  endfacet
  facet normal 0 0 0
    outer loop
      vertex 0 0 -18
      vertex -4.619397662556434 1.9134171618254494 -18
      vertex -4.157348061512726 2.777851165098011 -18
    endloop
  endfacet
  facet normal 0 0 0
    outer loop
      vertex 0 0 18
      vertex -4.157348090976091 2.7778511847848018 18
      vertex -4.619397695294371 1.913417175385947 18
    endloop
  endfacet
  facet normal 0 0 0
    outer loop
      vertex 0 0 -18
      vertex -4.903926402016152 0.9754516100806431 -18
      vertex -4.619397662556434 1.9134171618254494 -18
    endloop
  endfacet
  facet normal 0 0 0
    outer loop
      vertex 0 0 18
      vertex -4.619397695294371 1.913417175385947 18
      vertex -4.90392643677056 0.9754516169937247 18
    endloop
  endfacet
  facet normal 0 0 0
    outer loop
      vertex 0 0 -18
      vertex -5 6.123233995736766e-16 -18
      vertex -4.903926402016152 0.9754516100806431 -18
    endloop
  endfacet
  facet normal 0 0 0
    outer loop
      vertex 0 0 18
      vertex -4.90392643677056 0.9754516169937247 18
      vertex -5.000000035435288 6.123234039132478e-16 18
    endloop
  endfacet
  facet normal 0 0 0
    outer loop
      vertex 0 0 -18
      vertex -4.903926402016152 -0.9754516100806419 -18
      vertex -5 6.123233995736766e-16 -18
    endloop
  endfacet
  facet normal 0 0 0
    outer loop
      vertex 0 0 18
      vertex -5.000000035435288 6.123234039132478e-16 18
      vertex -4.90392643677056 -0.9754516169937235 18
    endloop
  endfacet
  facet normal 0 0 0
    outer loop
      vertex 0 0 -18
      vertex -4.619397662556434 -1.913417161825448 -18
      vertex -4.903926402016152 -0.9754516100806419 -18
    endloop
  endfacet
  facet normal 0 0 0
    outer loop
      vertex 0 0 18
      vertex -4.90392643677056 -0.9754516169937235 18
      vertex -4.619397695294372 -1.9134171753859455 18
    endloop
  endfacet
  facet normal 0 0 0
    outer loop
      vertex 0 0 -18
      vertex -4.157348061512727 -2.77785116509801 -18
      vertex -4.619397662556434 -1.913417161825448 -18
    endloop
  endfacet
  facet normal 0 0 0
    outer loop
      vertex 0 0 18
      vertex -4.619397695294372 -1.9134171753859455 18
      vertex -4.157348090976092 -2.777851184784801 18
    endloop
  endfacet
  facet normal 0 0 0
    outer loop
      vertex 0 0 -18
      vertex -3.5355339059327386 -3.5355339059327373 -18
      vertex -4.157348061512727 -2.77785116509801 -18
    endloop
  endfacet
  facet normal 0 0 0
    outer loop
      vertex 0 0 18
      vertex -4.157348090976092 -2.777851184784801 18
      vertex -3.5355339309892706 -3.5355339309892693 18
    endloop
  endfacet
  facet normal 0 0 0
    outer loop
      vertex 0 0 -18
      vertex -2.777851165098011 -4.157348061512726 -18
      vertex -3.5355339059327386 -3.5355339059327373 -18
    endloop
  endfacet
  facet normal 0 0 0
    outer loop
      vertex 0 0 18
      vertex -3.5355339309892706 -3.5355339309892693 18
      vertex -2.7778511847848018 -4.157348090976091 18
    endloop
  endfacet
  facet normal 0 0 0
    outer loop
      vertex 0 0 -18
      vertex -1.9134171618254516 -4.619397662556432 -18
      vertex -2.777851165098011 -4.157348061512726 -18
    endloop
  endfacet
  facet normal 0 0 0
    outer loop
      vertex 0 0 18
      vertex -2.7778511847848018 -4.157348090976091 18
      vertex -1.9134171753859492 -4.61939769529437 18
    endloop
  endfacet
  facet normal 0 0 0
    outer loop
      vertex 0 0 -18
      vertex -0.9754516100806433 -4.903926402016151 -18
      vertex -1.9134171618254516 -4.619397662556432 -18
    endloop
  endfacet
  facet normal 0 0 0
    outer loop
      vertex 0 0 18
      vertex -1.9134171753859492 -4.61939769529437 18
      vertex -0.975451616993725 -4.90392643677056 18
    endloop
  endfacet
  facet normal 0 0 0
    outer loop
      vertex 0 0 -18
      vertex -9.184850993605148e-16 -5 -18
      vertex -0.9754516100806433 -4.903926402016151 -18
    endloop
  endfacet
  facet normal 0 0 0
    outer loop
      vertex 0 0 18
      vertex -0.975451616993725 -4.90392643677056 18
      vertex -9.184851058698716e-16 -5.000000035435288 18
    endloop
  endfacet
  facet normal 0 0 0
    outer loop
      vertex 0 0 -18
      vertex 0.9754516100806415 -4.903926402016152 -18
      vertex -9.184850993605148e-16 -5 -18
    endloop
  endfacet
  facet normal 0 0 0
    outer loop
      vertex 0 0 18
      vertex -9.184851058698716e-16 -5.000000035435288 18
      vertex 0.9754516169937232 -4.90392643677056 18
    endloop
  endfacet
  facet normal 0 0 0
    outer loop
      vertex 0 0 -18
      vertex 1.91341716182545 -4.619397662556433 -18
      vertex 0.9754516100806415 -4.903926402016152 -18
    endloop
  endfacet
  facet normal 0 0 0
    outer loop
      vertex 0 0 18
      vertex 0.9754516169937232 -4.90392643677056 18
      vertex 1.9134171753859475 -4.61939769529437 18
    endloop
  endfacet
  facet normal 0 0 0
    outer loop
      vertex 0 0 -18
      vertex 2.777851165098009 -4.157348061512727 -18
      vertex 1.91341716182545 -4.619397662556433 -18
    endloop
  endfacet
  facet normal 0 0 0
    outer loop
      vertex 0 0 18
      vertex 1.9134171753859475 -4.61939769529437 18
      vertex 2.7778511847848004 -4.157348090976092 18
    endloop
  endfacet
  facet normal 0 0 0
    outer loop
      vertex 0 0 -18
      vertex 3.535533905932737 -3.5355339059327386 -18
      vertex 2.777851165098009 -4.157348061512727 -18
    endloop
  endfacet
  facet normal 0 0 0
    outer loop
      vertex 0 0 18
      vertex 2.7778511847848004 -4.157348090976092 18
      vertex 3.535533930989269 -3.5355339309892706 18
    endloop
  endfacet
  facet normal 0 0 0
    outer loop
      vertex 0 0 -18
      vertex 4.157348061512726 -2.777851165098011 -18
      vertex 3.535533905932737 -3.5355339059327386 -18
    endloop
  endfacet
  facet normal 0 0 0
    outer loop
      vertex 0 0 18
      vertex 3.535533930989269 -3.5355339309892706 18
      vertex 4.157348090976091 -2.7778511847848018 18
    endloop
  endfacet
  facet normal 0 0 0
    outer loop
      vertex 0 0 -18
      vertex 4.619397662556432 -1.913417161825452 -18
      vertex 4.157348061512726 -2.777851165098011 -18
    endloop
  endfacet
  facet normal 0 0 0
    outer loop
      vertex 0 0 18
      vertex 4.157348090976091 -2.7778511847848018 18
      vertex 4.61939769529437 -1.9134171753859495 18
    endloop
  endfacet
  facet normal 0 0 0
    outer loop
      vertex 0 0 -18
      vertex 4.903926402016151 -0.9754516100806436 -18
      vertex 4.619397662556432 -1.913417161825452 -18
    endloop
  endfacet
  facet normal 0 0 0
    outer loop
      vertex 0 0 18
      vertex 4.61939769529437 -1.9134171753859495 18
      vertex 4.90392643677056 -0.9754516169937253 18
    endloop
  endfacet
  facet normal 0 0 0
    outer loop
      vertex 0 0 -18
      vertex 5 0 -18
      vertex 4.903926402016151 -0.9754516100806436 -18
    endloop
  endfacet
  facet normal 0 0 0
    outer loop
      vertex 0 0 18
      vertex 4.90392643677056 -0.9754516169937253 18
      vertex 5.000000035435288 0 18
    endloop
  endfacet
endsolid wide_outer_ring
